[
    {
        "spec": {
            "Dostupnost:": "ihned",
            "Proveden\u00ed": "Vyberte B\u00edl\u00e1 \u010cern\u00e1 \u0160ed\u00e1",
            "V\u00fdrobce:": "Kef",
            "na\u0161e cena bez DPH:": "52\u00a0884\u00a0K\u010d (1\u00a0959\u00a0Eur)",
            "na\u0161e cena s DPH (21\u00a0%):": "63\u00a0990\u00a0K\u010d (2\u00a0370\u00a0Eur)",
            "\u010c\u00edslo produktu:": "SP3903AA"
        },
        "url": "aaaelektronika.cz//22658734"
    },
    {
        "spec": {
            "Dostupnost:": "ihned",
            "Proveden\u00ed": "Vyberte B\u00edl\u00e1 \u010cern\u00e1 \u0160ed\u00e1",
            "V\u00fdrobce:": "Kef",
            "na\u0161e cena bez DPH:": "52\u00a0884\u00a0K\u010d (1\u00a0959\u00a0Eur)",
            "na\u0161e cena s DPH (21\u00a0%):": "63\u00a0990\u00a0K\u010d (2\u00a0370\u00a0Eur)",
            "\u010c\u00edslo produktu:": "SP3903AA"
        },
        "url": "aaaelektronika.cz//18077956"
    },
    {
        "spec": {
            "Dostupnost:": "ihned",
            "Proveden\u00ed": "Vyberte B\u00edl\u00e1 \u010cern\u00e1 \u0160ed\u00e1",
            "V\u00fdrobce:": "Kef",
            "na\u0161e cena bez DPH:": "52\u00a0884\u00a0K\u010d (1\u00a0959\u00a0Eur)",
            "na\u0161e cena s DPH (21\u00a0%):": "63\u00a0990\u00a0K\u010d (2\u00a0370\u00a0Eur)",
            "\u010c\u00edslo produktu:": "SP3903AA"
        },
        "url": "aaaelektronika.cz//22028696"
    }
]