[
    {
        "spec": {
            "Brand": "Parker",
            "Colour": "Blue",
            "Ink/ Lead Colour": "Blue",
            "MPN": "S0881280",
            "Material": "Stainless Steel",
            "Refill Point": "Medium Point"
        },
        "url": "abnfinest.co.uk//3836300"
    },
    {
        "spec": {
            "Brand": "Parker",
            "Colour": "Red + Blue + Black",
            "Ink/ Lead Colour": "Blue",
            "MPN": "S0881121 + S0881151 + S0881181",
            "Material": "Stainless Steel",
            "Refill Point": "Medium Point"
        },
        "url": "abnfinest.co.uk//15977156"
    },
    {
        "spec": {
            "Brand": "Parker",
            "Colour": "Black",
            "Ink/ Lead Colour": "Black",
            "MPN": "S0881260",
            "Material": "Stainless Steel",
            "Refill Point": "Medium Point"
        },
        "url": "abnfinest.co.uk//4318236"
    }
]