{
    "ENTITY#14": [
        "http:///cammarkt.com/255",
        "http:///cammarkt.com/300",
        "http:///cammarkt.com/92"
    ],
    "ENTITY#16": [
        "http:///cammarkt.com/434"
    ],
    "ENTITY#18": [
        "http:///cammarkt.com/29",
        "http:///cammarkt.com/50",
        "http:///cammarkt.com/78"
    ],
    "ENTITY#19": [
        "http:///cammarkt.com/81"
    ],
    "ENTITY#20": [
        "http:///cammarkt.com/110"
    ],
    "ENTITY#21": [
        "http:///cammarkt.com/186",
        "http:///cammarkt.com/325",
        "http:///cammarkt.com/51"
    ],
    "ENTITY#22": [
        "http:///cammarkt.com/204",
        "http:///cammarkt.com/287"
    ],
    "ENTITY#23": [
        "http:///cammarkt.com/310"
    ],
    "ENTITY#24": [
        "http:///cammarkt.com/351"
    ],
    "ENTITY#25": [
        "http:///cammarkt.com/266",
        "http:///cammarkt.com/35",
        "http:///cammarkt.com/413"
    ],
    "ENTITY#36": [
        "http:///cammarkt.com/324",
        "http:///cammarkt.com/392",
        "http:///cammarkt.com/73",
        "http:///cammarkt.com/83"
    ],
    "ENTITY#37": [
        "http:///cammarkt.com/232"
    ],
    "ENTITY#44": [
        "http:///cammarkt.com/501",
        "http:///cammarkt.com/77"
    ],
    "ENTITY#51": [
        "http:///cammarkt.com/344",
        "http:///cammarkt.com/4",
        "http:///cammarkt.com/76"
    ],
    "ENTITY#57": [
        "http:///cammarkt.com/484"
    ],
    "ENTITY#6": [
        "http:///cammarkt.com/32",
        "http:///cammarkt.com/99"
    ],
    "ENTITY#76": [
        "http:///cammarkt.com/6",
        "http:///cammarkt.com/61"
    ],
    "ENTITY#8": [
        "http:///cammarkt.com/103"
    ],
    "ENTITY#94": [
        "http:///cammarkt.com/203"
    ]
}