{
    "39": [
        "http:///cammarkt.com/48"
    ],
    "41": [
        "http:///cammarkt.com/501",
        "http:///cammarkt.com/77"
    ],
    "43": [
        "http:///cammarkt.com/29",
        "http:///cammarkt.com/50",
        "http:///cammarkt.com/78"
    ],
    "48": [
        "http:///cammarkt.com/110"
    ],
    "49": [
        "http:///cammarkt.com/32",
        "http:///cammarkt.com/99"
    ],
    "50": [
        "http:///cammarkt.com/309",
        "http:///cammarkt.com/328",
        "http:///cammarkt.com/38"
    ],
    "51": [
        "http:///cammarkt.com/152",
        "http:///cammarkt.com/224"
    ],
    "57": [
        "http:///cammarkt.com/16",
        "http:///cammarkt.com/241",
        "http:///cammarkt.com/292",
        "http:///cammarkt.com/352",
        "http:///cammarkt.com/408",
        "http:///cammarkt.com/439",
        "http:///cammarkt.com/91",
        "http:///cammarkt.com/95"
    ],
    "61": [
        "http:///cammarkt.com/6",
        "http:///cammarkt.com/61"
    ],
    "64": [
        "http:///cammarkt.com/17",
        "http:///cammarkt.com/19",
        "http:///cammarkt.com/494",
        "http:///cammarkt.com/52"
    ],
    "66": [
        "http:///cammarkt.com/0",
        "http:///cammarkt.com/261",
        "http:///cammarkt.com/324",
        "http:///cammarkt.com/392",
        "http:///cammarkt.com/73",
        "http:///cammarkt.com/83"
    ],
    "71": [
        "http:///cammarkt.com/204",
        "http:///cammarkt.com/287"
    ],
    "85": [
        "http:///cammarkt.com/350"
    ],
    "99": [
        "http:///cammarkt.com/11",
        "http:///cammarkt.com/385"
    ],
    "103": [
        "http:///cammarkt.com/219",
        "http:///cammarkt.com/262",
        "http:///cammarkt.com/460",
        "http:///cammarkt.com/504"
    ],
    "106": [
        "http:///cammarkt.com/81"
    ],
    "112": [
        "http:///cammarkt.com/203"
    ],
    "116": [
        "http:///cammarkt.com/159",
        "http:///cammarkt.com/374"
    ],
    "117": [
        "http:///cammarkt.com/104",
        "http:///cammarkt.com/145",
        "http:///cammarkt.com/146",
        "http:///cammarkt.com/226",
        "http:///cammarkt.com/267",
        "http:///cammarkt.com/491"
    ],
    "119": [
        "http:///cammarkt.com/207",
        "http:///cammarkt.com/251",
        "http:///cammarkt.com/320"
    ],
    "121": [
        "http:///cammarkt.com/103"
    ],
    "122": [
        "http:///cammarkt.com/310",
        "http:///cammarkt.com/414",
        "http:///cammarkt.com/513"
    ],
    "133": [
        "http:///cammarkt.com/434"
    ],
    "136": [
        "http:///cammarkt.com/255",
        "http:///cammarkt.com/300",
        "http:///cammarkt.com/92"
    ],
    "141": [
        "http:///cammarkt.com/49"
    ],
    "142": [
        "http:///cammarkt.com/344",
        "http:///cammarkt.com/4",
        "http:///cammarkt.com/76"
    ],
    "143": [
        "http:///cammarkt.com/189",
        "http:///cammarkt.com/212",
        "http:///cammarkt.com/58"
    ],
    "148": [
        "http:///cammarkt.com/488"
    ],
    "149": [
        "http:///cammarkt.com/2",
        "http:///cammarkt.com/216"
    ],
    "156": [
        "http:///cammarkt.com/186",
        "http:///cammarkt.com/325",
        "http:///cammarkt.com/51"
    ],
    "161": [
        "http:///cammarkt.com/93"
    ],
    "198": [
        "http:///cammarkt.com/288"
    ],
    "201": [
        "http:///cammarkt.com/111",
        "http:///cammarkt.com/30"
    ],
    "203": [
        "http:///cammarkt.com/129",
        "http:///cammarkt.com/172",
        "http:///cammarkt.com/185",
        "http:///cammarkt.com/196",
        "http:///cammarkt.com/245",
        "http:///cammarkt.com/302",
        "http:///cammarkt.com/341",
        "http:///cammarkt.com/351",
        "http:///cammarkt.com/361",
        "http:///cammarkt.com/362",
        "http:///cammarkt.com/410",
        "http:///cammarkt.com/441",
        "http:///cammarkt.com/450",
        "http:///cammarkt.com/474",
        "http:///cammarkt.com/475",
        "http:///cammarkt.com/477"
    ],
    "208": [
        "http:///cammarkt.com/269"
    ],
    "209": [
        "http:///cammarkt.com/373"
    ],
    "211": [
        "http:///cammarkt.com/483"
    ],
    "212": [
        "http:///cammarkt.com/56",
        "http:///cammarkt.com/60"
    ],
    "218": [
        "http:///cammarkt.com/240"
    ],
    "235": [
        "http:///cammarkt.com/484"
    ],
    "266": [
        "http:///cammarkt.com/390"
    ],
    "275": [
        "http:///cammarkt.com/108",
        "http:///cammarkt.com/84"
    ],
    "330": [
        "http:///cammarkt.com/271"
    ],
    "331": [
        "http:///cammarkt.com/106",
        "http:///cammarkt.com/208",
        "http:///cammarkt.com/27",
        "http:///cammarkt.com/419",
        "http:///cammarkt.com/490",
        "http:///cammarkt.com/59",
        "http:///cammarkt.com/70"
    ],
    "335": [
        "http:///cammarkt.com/67"
    ],
    "355": [
        "http:///cammarkt.com/242"
    ],
    "383": [
        "http:///cammarkt.com/263"
    ],
    "391": [
        "http:///cammarkt.com/40"
    ],
    "420": [
        "http:///cammarkt.com/135",
        "http:///cammarkt.com/34"
    ],
    "421": [
        "http:///cammarkt.com/503"
    ],
    "430": [
        "http:///cammarkt.com/165",
        "http:///cammarkt.com/195",
        "http:///cammarkt.com/327",
        "http:///cammarkt.com/334",
        "http:///cammarkt.com/370"
    ],
    "441": [
        "http:///cammarkt.com/199",
        "http:///cammarkt.com/200",
        "http:///cammarkt.com/319",
        "http:///cammarkt.com/457",
        "http:///cammarkt.com/55"
    ],
    "444": [
        "http:///cammarkt.com/354"
    ],
    "448": [
        "http:///cammarkt.com/37"
    ],
    "564": [
        "http:///cammarkt.com/169"
    ],
    "621": [
        "http:///cammarkt.com/382"
    ],
    "623": [
        "http:///cammarkt.com/232"
    ],
    "624": [
        "http:///cammarkt.com/248",
        "http:///cammarkt.com/74"
    ],
    "628": [
        "http:///cammarkt.com/179",
        "http:///cammarkt.com/393",
        "http:///cammarkt.com/75"
    ],
    "646": [
        "http:///cammarkt.com/266",
        "http:///cammarkt.com/35",
        "http:///cammarkt.com/413"
    ],
    "649": [
        "http:///cammarkt.com/176"
    ],
    "650": [
        "http:///cammarkt.com/225",
        "http:///cammarkt.com/246",
        "http:///cammarkt.com/283",
        "http:///cammarkt.com/307"
    ],
    "679": [
        "http:///cammarkt.com/356",
        "http:///cammarkt.com/464",
        "http:///cammarkt.com/53",
        "http:///cammarkt.com/64"
    ],
    "680": [
        "http:///cammarkt.com/139"
    ],
    "696": [
        "http:///cammarkt.com/149",
        "http:///cammarkt.com/273"
    ],
    "698": [
        "http:///cammarkt.com/18"
    ],
    "734": [
        "http:///cammarkt.com/102"
    ],
    "798": [
        "http:///cammarkt.com/63"
    ],
    "897": [
        "http:///cammarkt.com/229"
    ]
}