{
    "ENTITY#022": [
        "www.jrlinton.co.uk//410"
    ],
    "ENTITY#025": [
        "www.jrlinton.co.uk//1540"
    ],
    "ENTITY#026": [
        "www.jrlinton.co.uk//429"
    ],
    "ENTITY#027": [
        "www.jrlinton.co.uk//772"
    ],
    "ENTITY#028": [
        "www.jrlinton.co.uk//940",
        "www.jrlinton.co.uk//1028"
    ],
    "ENTITY#032": [
        "www.jrlinton.co.uk//981",
        "www.jrlinton.co.uk//585"
    ],
    "ENTITY#033": [
        "www.jrlinton.co.uk//619"
    ],
    "ENTITY#034": [
        "www.jrlinton.co.uk//1882"
    ],
    "ENTITY#035": [
        "www.jrlinton.co.uk//1074"
    ],
    "ENTITY#036": [
        "www.jrlinton.co.uk//1072"
    ],
    "ENTITY#037": [
        "www.jrlinton.co.uk//1623",
        "www.jrlinton.co.uk//959"
    ],
    "ENTITY#038": [
        "www.jrlinton.co.uk//1855"
    ],
    "ENTITY#039": [
        "www.jrlinton.co.uk//876",
        "www.jrlinton.co.uk//1899"
    ],
    "ENTITY#040": [
        "www.jrlinton.co.uk//1856"
    ],
    "ENTITY#041": [
        "www.jrlinton.co.uk//701"
    ],
    "ENTITY#042": [
        "www.jrlinton.co.uk//1025",
        "www.jrlinton.co.uk//461",
        "www.jrlinton.co.uk//1050",
        "www.jrlinton.co.uk//650"
    ],
    "ENTITY#044": [
        "www.jrlinton.co.uk//1876"
    ],
    "ENTITY#045": [
        "www.jrlinton.co.uk//395"
    ],
    "ENTITY#046": [
        "www.jrlinton.co.uk//823"
    ],
    "ENTITY#050": [
        "www.jrlinton.co.uk//1716"
    ],
    "ENTITY#062": [
        "www.jrlinton.co.uk//600"
    ],
    "ENTITY#083": [
        "www.jrlinton.co.uk//1057",
        "www.jrlinton.co.uk//916"
    ],
    "ENTITY#087": [
        "www.jrlinton.co.uk//682",
        "www.jrlinton.co.uk//663"
    ],
    "ENTITY#088": [
        "www.jrlinton.co.uk//1710"
    ],
    "ENTITY#089": [
        "www.jrlinton.co.uk//599"
    ],
    "ENTITY#090": [
        "www.jrlinton.co.uk//843"
    ],
    "ENTITY#091": [
        "www.jrlinton.co.uk//1531"
    ],
    "ENTITY#099": [
        "www.jrlinton.co.uk//589"
    ],
    "ENTITY#102": [
        "www.jrlinton.co.uk//1649"
    ],
    "ENTITY#103": [
        "www.jrlinton.co.uk//1801"
    ],
    "ENTITY#116": [
        "www.jrlinton.co.uk//902"
    ],
    "ENTITY#117": [
        "www.jrlinton.co.uk//1008"
    ],
    "ENTITY#128": [
        "www.jrlinton.co.uk//927"
    ],
    "ENTITY#129": [
        "www.jrlinton.co.uk//638",
        "www.jrlinton.co.uk//942"
    ],
    "ENTITY#130": [
        "www.jrlinton.co.uk//493"
    ],
    "ENTITY#131": [
        "www.jrlinton.co.uk//554"
    ],
    "ENTITY#132": [
        "www.jrlinton.co.uk//829"
    ],
    "ENTITY#133": [
        "www.jrlinton.co.uk//1059",
        "www.jrlinton.co.uk//384"
    ],
    "ENTITY#134": [
        "www.jrlinton.co.uk//546"
    ],
    "ENTITY#158": [
        "www.jrlinton.co.uk//412"
    ],
    "ENTITY#164": [
        "www.jrlinton.co.uk//1577",
        "www.jrlinton.co.uk//1670"
    ],
    "ENTITY#168": [
        "www.jrlinton.co.uk//646"
    ],
    "ENTITY#171": [
        "www.jrlinton.co.uk//891"
    ],
    "ENTITY#172": [
        "www.jrlinton.co.uk//963"
    ],
    "ENTITY#173": [
        "www.jrlinton.co.uk//892"
    ],
    "ENTITY#174": [
        "www.jrlinton.co.uk//613"
    ],
    "ENTITY#175": [
        "www.jrlinton.co.uk//1027",
        "www.jrlinton.co.uk//690"
    ],
    "ENTITY#176": [
        "www.jrlinton.co.uk//561"
    ],
    "ENTITY#177": [
        "www.jrlinton.co.uk//711"
    ],
    "ENTITY#186": [
        "www.jrlinton.co.uk//905"
    ],
    "ENTITY#187": [
        "www.jrlinton.co.uk//1001"
    ],
    "ENTITY#188": [
        "www.jrlinton.co.uk//1020"
    ],
    "ENTITY#189": [
        "www.jrlinton.co.uk//687"
    ],
    "ENTITY#190": [
        "www.jrlinton.co.uk//870"
    ],
    "ENTITY#193": [
        "www.jrlinton.co.uk//643",
        "www.jrlinton.co.uk//405"
    ],
    "ENTITY#207": [
        "www.jrlinton.co.uk//1881"
    ],
    "ENTITY#236": [
        "www.jrlinton.co.uk//1546"
    ]
}