{
    "ENTITY#068": [
        "www.odsi.co.uk//114",
        "www.odsi.co.uk//194"
    ],
    "ENTITY#082": [
        "www.odsi.co.uk//134"
    ],
    "ENTITY#084": [
        "www.odsi.co.uk//80"
    ],
    "ENTITY#092": [
        "www.odsi.co.uk//64"
    ],
    "ENTITY#095": [
        "www.odsi.co.uk//136"
    ],
    "ENTITY#111": [
        "www.odsi.co.uk//117"
    ],
    "ENTITY#114": [
        "www.odsi.co.uk//211"
    ],
    "ENTITY#127": [
        "www.odsi.co.uk//72"
    ],
    "ENTITY#160": [
        "www.odsi.co.uk//94",
        "www.odsi.co.uk//128"
    ],
    "ENTITY#164": [
        "www.odsi.co.uk//62"
    ],
    "ENTITY#177": [
        "www.odsi.co.uk//102"
    ],
    "ENTITY#187": [
        "www.odsi.co.uk//125"
    ],
    "ENTITY#189": [
        "www.odsi.co.uk//156"
    ],
    "ENTITY#192": [
        "www.odsi.co.uk//123"
    ],
    "ENTITY#225": [
        "www.odsi.co.uk//70"
    ],
    "ENTITY#230": [
        "www.odsi.co.uk//151"
    ],
    "ENTITY#231": [
        "www.odsi.co.uk//9"
    ],
    "ENTITY#232": [
        "www.odsi.co.uk//214"
    ],
    "ENTITY#233": [
        "www.odsi.co.uk//61"
    ],
    "ENTITY#235": [
        "www.odsi.co.uk//47"
    ]
}