{
    "12367032": [
        "12v-led-lights.co.uk//13808338"
    ],
    "13313964": [
        "12v-led-lights.co.uk//328356"
    ],
    "14568821": [
        "12v-led-lights.co.uk//9913929"
    ],
    "14570742": [
        "12v-led-lights.co.uk//14548271"
    ],
    "15924224": [
        "12v-led-lights.co.uk//6688659"
    ],
    "15984557": [
        "12v-led-lights.co.uk//14196454"
    ],
    "3639621": [
        "12v-led-lights.co.uk//2581387"
    ],
    "4209517": [
        "12v-led-lights.co.uk//10384830"
    ],
    "8604892": [
        "12v-led-lights.co.uk//16896095"
    ],
    "8787494": [
        "12v-led-lights.co.uk//6088663"
    ],
    "8820370": [
        "12v-led-lights.co.uk//360886"
    ]
}