{
    "ENTITY#18": [
        "http:///www.walmart.com/685",
        "http:///www.walmart.com/725",
        "http:///www.walmart.com/731"
    ],
    "ENTITY#20": [
        "http:///www.walmart.com/695"
    ],
    "ENTITY#22": [
        "http:///www.walmart.com/153",
        "http:///www.walmart.com/697"
    ],
    "ENTITY#29": [
        "http:///www.walmart.com/163"
    ],
    "ENTITY#30": [
        "http:///www.walmart.com/739",
        "http:///www.walmart.com/807"
    ],
    "ENTITY#34": [
        "http:///www.walmart.com/810"
    ],
    "ENTITY#36": [
        "http:///www.walmart.com/602",
        "http:///www.walmart.com/786"
    ],
    "ENTITY#4": [
        "http:///www.walmart.com/613",
        "http:///www.walmart.com/714",
        "http:///www.walmart.com/797"
    ],
    "ENTITY#44": [
        "http:///www.walmart.com/633",
        "http:///www.walmart.com/644",
        "http:///www.walmart.com/762",
        "http:///www.walmart.com/776"
    ],
    "ENTITY#48": [
        "http:///www.walmart.com/610"
    ],
    "ENTITY#55": [
        "http:///www.walmart.com/675"
    ],
    "ENTITY#59": [
        "http:///www.walmart.com/635",
        "http:///www.walmart.com/636"
    ],
    "ENTITY#6": [
        "http:///www.walmart.com/650",
        "http:///www.walmart.com/654",
        "http:///www.walmart.com/694"
    ],
    "ENTITY#64": [
        "http:///www.walmart.com/632",
        "http:///www.walmart.com/763"
    ],
    "ENTITY#7": [
        "http:///www.walmart.com/154",
        "http:///www.walmart.com/617",
        "http:///www.walmart.com/718"
    ],
    "ENTITY#72": [
        "http:///www.walmart.com/615"
    ],
    "ENTITY#73": [
        "http:///www.walmart.com/730"
    ],
    "ENTITY#76": [
        "http:///www.walmart.com/631",
        "http:///www.walmart.com/758"
    ],
    "ENTITY#77": [
        "http:///www.walmart.com/707"
    ],
    "ENTITY#83": [
        "http:///www.walmart.com/744"
    ],
    "ENTITY#86": [
        "http:///www.walmart.com/688"
    ],
    "ENTITY#87": [
        "http:///www.walmart.com/671",
        "http:///www.walmart.com/788"
    ],
    "ENTITY#92": [
        "http:///www.walmart.com/659",
        "http:///www.walmart.com/674",
        "http:///www.walmart.com/690",
        "http:///www.walmart.com/692"
    ],
    "ENTITY#93": [
        "http:///www.walmart.com/667"
    ]
}