{
    "1": [
        "http:///www.walmart.com/681",
        "http:///www.walmart.com/689",
        "http:///www.walmart.com/696",
        "http:///www.walmart.com/710",
        "http:///www.walmart.com/798"
    ],
    "4": [
        "http:///www.walmart.com/659",
        "http:///www.walmart.com/674",
        "http:///www.walmart.com/690",
        "http:///www.walmart.com/692"
    ],
    "6": [
        "http:///www.walmart.com/800"
    ],
    "10": [
        "http:///www.walmart.com/646",
        "http:///www.walmart.com/751"
    ],
    "14": [
        "http:///www.walmart.com/616",
        "http:///www.walmart.com/649",
        "http:///www.walmart.com/777",
        "http:///www.walmart.com/811"
    ],
    "16": [
        "http:///www.walmart.com/688"
    ],
    "19": [
        "http:///www.walmart.com/673"
    ],
    "21": [
        "http:///www.walmart.com/613",
        "http:///www.walmart.com/714",
        "http:///www.walmart.com/797"
    ],
    "23": [
        "http:///www.walmart.com/640",
        "http:///www.walmart.com/780"
    ],
    "24": [
        "http:///www.walmart.com/627"
    ],
    "32": [
        "http:///www.walmart.com/628"
    ],
    "33": [
        "http:///www.walmart.com/764",
        "http:///www.walmart.com/765"
    ],
    "34": [
        "http:///www.walmart.com/739",
        "http:///www.walmart.com/807"
    ],
    "39": [
        "http:///www.walmart.com/702",
        "http:///www.walmart.com/789",
        "http:///www.walmart.com/808"
    ],
    "40": [
        "http:///www.walmart.com/671",
        "http:///www.walmart.com/788"
    ],
    "41": [
        "http:///www.walmart.com/633",
        "http:///www.walmart.com/644",
        "http:///www.walmart.com/762",
        "http:///www.walmart.com/776"
    ],
    "42": [
        "http:///www.walmart.com/744"
    ],
    "43": [
        "http:///www.walmart.com/685",
        "http:///www.walmart.com/725",
        "http:///www.walmart.com/731"
    ],
    "44": [
        "http:///www.walmart.com/705",
        "http:///www.walmart.com/741"
    ],
    "45": [
        "http:///www.walmart.com/684",
        "http:///www.walmart.com/703",
        "http:///www.walmart.com/769"
    ],
    "46": [
        "http:///www.walmart.com/700"
    ],
    "47": [
        "http:///www.walmart.com/699",
        "http:///www.walmart.com/794"
    ],
    "48": [
        "http:///www.walmart.com/695"
    ],
    "49": [
        "http:///www.walmart.com/650",
        "http:///www.walmart.com/654",
        "http:///www.walmart.com/694",
        "http:///www.walmart.com/712"
    ],
    "50": [
        "http:///www.walmart.com/665",
        "http:///www.walmart.com/666",
        "http:///www.walmart.com/693",
        "http:///www.walmart.com/755"
    ],
    "51": [
        "http:///www.walmart.com/623",
        "http:///www.walmart.com/687",
        "http:///www.walmart.com/721"
    ],
    "52": [
        "http:///www.walmart.com/686"
    ],
    "53": [
        "http:///www.walmart.com/667"
    ],
    "54": [
        "http:///www.walmart.com/643",
        "http:///www.walmart.com/657",
        "http:///www.walmart.com/726"
    ],
    "55": [
        "http:///www.walmart.com/653",
        "http:///www.walmart.com/656"
    ],
    "56": [
        "http:///www.walmart.com/651",
        "http:///www.walmart.com/672"
    ],
    "57": [
        "http:///www.walmart.com/625",
        "http:///www.walmart.com/642",
        "http:///www.walmart.com/747"
    ],
    "58": [
        "http:///www.walmart.com/638"
    ],
    "59": [
        "http:///www.walmart.com/637",
        "http:///www.walmart.com/660"
    ],
    "60": [
        "http:///www.walmart.com/635",
        "http:///www.walmart.com/636"
    ],
    "61": [
        "http:///www.walmart.com/631",
        "http:///www.walmart.com/758"
    ],
    "62": [
        "http:///www.walmart.com/621",
        "http:///www.walmart.com/796"
    ],
    "63": [
        "http:///www.walmart.com/607",
        "http:///www.walmart.com/757"
    ],
    "64": [
        "http:///www.walmart.com/158",
        "http:///www.walmart.com/605",
        "http:///www.walmart.com/809"
    ],
    "65": [
        "http:///www.walmart.com/604"
    ],
    "66": [
        "http:///www.walmart.com/602",
        "http:///www.walmart.com/786"
    ],
    "67": [
        "http:///www.walmart.com/157",
        "http:///www.walmart.com/738"
    ],
    "68": [
        "http:///www.walmart.com/156",
        "http:///www.walmart.com/160"
    ],
    "69": [
        "http:///www.walmart.com/155",
        "http:///www.walmart.com/159"
    ],
    "70": [
        "http:///www.walmart.com/154",
        "http:///www.walmart.com/617"
    ],
    "71": [
        "http:///www.walmart.com/153",
        "http:///www.walmart.com/697"
    ],
    "75": [
        "http:///www.walmart.com/730"
    ],
    "77": [
        "http:///www.walmart.com/610"
    ],
    "99": [
        "http:///www.walmart.com/619"
    ],
    "100": [
        "http:///www.walmart.com/750"
    ],
    "102": [
        "http:///www.walmart.com/767"
    ],
    "103": [
        "http:///www.walmart.com/161"
    ],
    "107": [
        "http:///www.walmart.com/810"
    ],
    "108": [
        "http:///www.walmart.com/675"
    ],
    "111": [
        "http:///www.walmart.com/768"
    ],
    "114": [
        "http:///www.walmart.com/615"
    ],
    "117": [
        "http:///www.walmart.com/740"
    ],
    "120": [
        "http:///www.walmart.com/163"
    ],
    "122": [
        "http:///www.walmart.com/787"
    ],
    "129": [
        "http:///www.walmart.com/771"
    ],
    "139": [
        "http:///www.walmart.com/629"
    ],
    "140": [
        "http:///www.walmart.com/680"
    ],
    "152": [
        "http:///www.walmart.com/718"
    ],
    "174": [
        "http:///www.walmart.com/676"
    ],
    "201": [
        "http:///www.walmart.com/658"
    ],
    "256": [
        "http:///www.walmart.com/707"
    ],
    "331": [
        "http:///www.walmart.com/719"
    ]
}