[
    {
        "spec": {
            "Engine": "4.2l V8 SFI Dohc 4.2l",
            "Exterior Color": "Silver",
            "Fuel": "Gas",
            "Interior Color": "Black",
            "Mileage": "134608",
            "Stock #": "010167",
            "Transmission": "Auto"
        },
        "url": "5starautotampa.com//15428246"
    },
    {
        "spec": {
            "Engine": "4.2l V8 SFI Dohc 4.2l",
            "Exterior Color": "Silver",
            "Fuel": "Gas",
            "Interior Color": "Black",
            "Mileage": "134608",
            "Stock #": "010167",
            "Transmission": "Auto"
        },
        "url": "5starautotampa.com//4847930"
    },
    {
        "spec": {
            "Engine": "4.2l V8 SFI Dohc 4.2l",
            "Exterior Color": "Silver",
            "Fuel": "Gas",
            "Interior Color": "Black",
            "Mileage": "134608",
            "Stock #": "010167",
            "Transmission": "Auto"
        },
        "url": "5starautotampa.com//16848590"
    },
    {
        "spec": {
            "Engine": "2.4l I-4 MPI Dohc 2.4l",
            "Exterior Color": "Grey",
            "Fuel": "Gas",
            "Interior Color": "Grey",
            "Mileage": "79428",
            "Stock #": "012828",
            "Transmission": "Auto"
        },
        "url": "5starautotampa.com//13286239"
    },
    {
        "spec": {
            "Engine": "4.2l V8 SFI Dohc 4.2l",
            "Exterior Color": "Silver",
            "Fuel": "Gas",
            "Interior Color": "Black",
            "Mileage": "134608",
            "Stock #": "010167",
            "Transmission": "Auto"
        },
        "url": "5starautotampa.com//189227"
    },
    {
        "spec": {
            "Engine": "4.7l V8 Smpi Sohc Flex 4.",
            "Exterior Color": "Black",
            "Fuel": "Flex",
            "Interior Color": "Black",
            "Mileage": "104587",
            "Stock #": "302552",
            "Transmission": "Auto"
        },
        "url": "5starautotampa.com//13904224"
    },
    {
        "spec": {
            "Engine": "4.2l V8 SFI Dohc 4.2l",
            "Exterior Color": "Silver",
            "Fuel": "Gas",
            "Interior Color": "Black",
            "Mileage": "134608",
            "Stock #": "010167",
            "Transmission": "Auto"
        },
        "url": "5starautotampa.com//17440452"
    },
    {
        "spec": {
            "Engine": "4.2l V8 SFI Dohc 4.2l",
            "Exterior Color": "Silver",
            "Fuel": "Gas",
            "Interior Color": "Black",
            "Mileage": "134608",
            "Stock #": "010167",
            "Transmission": "Auto"
        },
        "url": "5starautotampa.com//14533297"
    },
    {
        "spec": {
            "Engine": "4.2l V8 SFI Dohc 4.2l",
            "Exterior Color": "Silver",
            "Fuel": "Gas",
            "Interior Color": "Black",
            "Mileage": "134608",
            "Stock #": "010167",
            "Transmission": "Auto"
        },
        "url": "5starautotampa.com//1746714"
    },
    {
        "spec": {
            "Engine": "4.2l V8 SFI Dohc 4.2l",
            "Exterior Color": "Silver",
            "Fuel": "Gas",
            "Interior Color": "Black",
            "Mileage": "134608",
            "Stock #": "010167",
            "Transmission": "Auto"
        },
        "url": "5starautotampa.com//1536002"
    },
    {
        "spec": {
            "Engine": "4.2l V8 SFI Dohc 4.2l",
            "Exterior Color": "Silver",
            "Fuel": "Gas",
            "Interior Color": "Black",
            "Mileage": "134608",
            "Stock #": "010167",
            "Transmission": "Auto"
        },
        "url": "5starautotampa.com//231023"
    },
    {
        "spec": {
            "Engine": "3.6l V6 MPI Dohc VVT Flex",
            "Exterior Color": "Blue",
            "Fuel": "Flex",
            "Interior Color": "Brown",
            "Mileage": "79018",
            "Stock #": "547611",
            "Transmission": "Auto"
        },
        "url": "5starautotampa.com//13230535"
    },
    {
        "spec": {
            "Engine": "3.6l V6 MPI Dohc VVT Flex",
            "Exterior Color": "Blue",
            "Fuel": "Flex",
            "Interior Color": "Brown",
            "Mileage": "79018",
            "Stock #": "547611",
            "Transmission": "Auto"
        },
        "url": "5starautotampa.com//6729972"
    },
    {
        "spec": {
            "Engine": "3.8l V6 SFI 3.8l",
            "Exterior Color": "White",
            "Fuel": "Gas",
            "Interior Color": "Black",
            "Mileage": "91820",
            "Stock #": "530057",
            "Transmission": "Auto"
        },
        "url": "5starautotampa.com//14098797"
    },
    {
        "spec": {
            "Engine": "2.0l I-4 MPI Dohc T/C 2.0",
            "Exterior Color": "Red",
            "Fuel": "Gas",
            "Interior Color": "Black",
            "Mileage": "33848",
            "Stock #": "015482",
            "Transmission": "Manual"
        },
        "url": "5starautotampa.com//12644787"
    },
    {
        "spec": {
            "Engine": "3.8l V6 SFI 3.8l",
            "Exterior Color": "White",
            "Fuel": "Gas",
            "Interior Color": "Black",
            "Mileage": "91820",
            "Stock #": "530057",
            "Transmission": "Auto"
        },
        "url": "5starautotampa.com//15687705"
    },
    {
        "spec": {
            "Engine": "3.8l V6 SFI 3.8l",
            "Exterior Color": "White",
            "Fuel": "Gas",
            "Interior Color": "Black",
            "Mileage": "91820",
            "Stock #": "530057",
            "Transmission": "Auto"
        },
        "url": "5starautotampa.com//13683801"
    },
    {
        "spec": {
            "Engine": "3.8l V6 SFI 3.8l",
            "Exterior Color": "White",
            "Fuel": "Gas",
            "Interior Color": "Black",
            "Mileage": "91820",
            "Stock #": "530057",
            "Transmission": "Auto"
        },
        "url": "5starautotampa.com//2782866"
    },
    {
        "spec": {
            "Engine": "3.8l V6 SFI 3.8l",
            "Exterior Color": "White",
            "Fuel": "Gas",
            "Interior Color": "Black",
            "Mileage": "91820",
            "Stock #": "530057",
            "Transmission": "Auto"
        },
        "url": "5starautotampa.com//12601896"
    },
    {
        "spec": {
            "Engine": "3.8l V6 SFI 3.8l",
            "Exterior Color": "White",
            "Fuel": "Gas",
            "Interior Color": "Black",
            "Mileage": "91820",
            "Stock #": "530057",
            "Transmission": "Auto"
        },
        "url": "5starautotampa.com//1315911"
    },
    {
        "spec": {
            "Engine": "3.8l V6 SFI 3.8l",
            "Exterior Color": "White",
            "Fuel": "Gas",
            "Interior Color": "Black",
            "Mileage": "91820",
            "Stock #": "530057",
            "Transmission": "Auto"
        },
        "url": "5starautotampa.com//14173356"
    },
    {
        "spec": {
            "Engine": "3.3l V6 DI Dohc 3.3l",
            "Exterior Color": "Black",
            "Fuel": "Gas",
            "Interior Color": "Black",
            "Mileage": "60917",
            "Stock #": "128567",
            "Transmission": "Auto"
        },
        "url": "5starautotampa.com//4270841"
    },
    {
        "spec": {
            "Engine": "5.4l V8 Smpi Dohc Flex 5.",
            "Exterior Color": "White",
            "Fuel": "Flex",
            "Interior Color": "Grey",
            "Mileage": "122948",
            "Stock #": "J02251",
            "Transmission": "Auto"
        },
        "url": "5starautotampa.com//6053581"
    },
    {
        "spec": {
            "Engine": "5.4l V8 Smpi Dohc Flex 5.",
            "Exterior Color": "White",
            "Fuel": "Flex",
            "Interior Color": "Grey",
            "Mileage": "122948",
            "Stock #": "J02251",
            "Transmission": "Auto"
        },
        "url": "5starautotampa.com//13765874"
    },
    {
        "spec": {
            "Engine": "3.3l V6 DI Dohc 3.3l",
            "Exterior Color": "Black",
            "Fuel": "Gas",
            "Interior Color": "Black",
            "Mileage": "60917",
            "Stock #": "128567",
            "Transmission": "Auto"
        },
        "url": "5starautotampa.com//3883443"
    }
]