{
    "11152130": [
        "5starautotampa.com//12601896"
    ],
    "11251203": [
        "5starautotampa.com//1315911"
    ],
    "11270318": [
        "5starautotampa.com//14098797"
    ],
    "11345090": [
        "5starautotampa.com//2782866"
    ],
    "11396288": [
        "5starautotampa.com//15428246"
    ],
    "11815027": [
        "5starautotampa.com//4847930",
        "5starautotampa.com//6729972"
    ],
    "12615740": [
        "5starautotampa.com//13230535"
    ],
    "13597733": [
        "5starautotampa.com//12644787"
    ],
    "14340013": [
        "5starautotampa.com//4270841"
    ],
    "14888168": [
        "5starautotampa.com//13683801"
    ],
    "15400632": [
        "5starautotampa.com//13765874"
    ],
    "15438907": [
        "5starautotampa.com//13904224"
    ],
    "15537532": [
        "5starautotampa.com//17440452"
    ],
    "15579206": [
        "5starautotampa.com//15687705"
    ],
    "15975351": [
        "5starautotampa.com//189227"
    ],
    "16208212": [
        "5starautotampa.com//13286239"
    ],
    "3136546": [
        "5starautotampa.com//16848590"
    ],
    "3313112": [
        "5starautotampa.com//6053581"
    ],
    "3449239": [
        "5starautotampa.com//14173356"
    ],
    "5221514": [
        "5starautotampa.com//14533297"
    ],
    "5221619": [
        "5starautotampa.com//231023"
    ],
    "5446566": [
        "5starautotampa.com//1746714"
    ],
    "8519123": [
        "5starautotampa.com//3883443"
    ],
    "8916284": [
        "5starautotampa.com//1536002"
    ]
}