{
    "ENTITY#031": [
        "www.pc-canada.com//12"
    ],
    "ENTITY#036": [
        "www.pc-canada.com//384"
    ],
    "ENTITY#062": [
        "www.pc-canada.com//347"
    ],
    "ENTITY#076": [
        "www.pc-canada.com//353"
    ],
    "ENTITY#081": [
        "www.pc-canada.com//324"
    ],
    "ENTITY#083": [
        "www.pc-canada.com//286"
    ],
    "ENTITY#099": [
        "www.pc-canada.com//285"
    ],
    "ENTITY#100": [
        "www.pc-canada.com//4"
    ],
    "ENTITY#111": [
        "www.pc-canada.com//369"
    ],
    "ENTITY#112": [
        "www.pc-canada.com//309"
    ],
    "ENTITY#113": [
        "www.pc-canada.com//374"
    ],
    "ENTITY#116": [
        "www.pc-canada.com//283"
    ],
    "ENTITY#123": [
        "www.pc-canada.com//343"
    ],
    "ENTITY#128": [
        "www.pc-canada.com//314"
    ],
    "ENTITY#132": [
        "www.pc-canada.com//282"
    ],
    "ENTITY#134": [
        "www.pc-canada.com//363"
    ],
    "ENTITY#136": [
        "www.pc-canada.com//373"
    ],
    "ENTITY#160": [
        "www.pc-canada.com//11"
    ],
    "ENTITY#162": [
        "www.pc-canada.com//299"
    ],
    "ENTITY#165": [
        "www.pc-canada.com//328"
    ],
    "ENTITY#166": [
        "www.pc-canada.com//310"
    ],
    "ENTITY#173": [
        "www.pc-canada.com//307"
    ]
}