[
    {
        "spec": {
            "Dimension": "12.4\u201d\u00d79.1\u201d\u00d71.8\u201d(315 \u00d7 230 \u00d7 45mm)",
            "Power Consumption": "\u2264 10 W (without hard disk)",
            "Power supply": "48V DC",
            "Weight": "\u2264 2.2lb(1 Kg )( without hard disk)",
            "Working humidity": "10% ~ 90%",
            "Working temperature": "14\u00b0F~131\u00b0F(-10 \u00b0C ~ +55 \u00b0C)"
        },
        "url": "a1securitycameras.com//14453642"
    },
    {
        "spec": {
            "Dimension": "17.5\u201d\u00d711.4\u201d\u00d71.8\u201d(445 \u00d7 290 \u00d7 45mm)",
            "Power Consumption": "\u2264 10 W (without hard disk)",
            "Power supply": "100~240V AC",
            "Weight": "\u2264 2.2lb(1 Kg )( without hard disk)",
            "Working humidity": "10% ~ 90%",
            "Working temperature": "14\u00b0F~131\u00b0F(-10 \u00b0C ~ +55 \u00b0C)"
        },
        "url": "a1securitycameras.com//16401816"
    },
    {
        "spec": {
            "Dimension": "17.5\u201d\u00d711.4\u201d\u00d71.8\u201d(445 \u00d7 290 \u00d7 45mm)",
            "Power Consumption": "\u2264 10 W (without hard disk)",
            "Power supply": "100~240V AC",
            "Weight": "\u2264 2.2lb(1 Kg )( without hard disk)",
            "Working humidity": "10% ~ 90%",
            "Working temperature": "14\u00b0F~131\u00b0F(-10 \u00b0C ~ +55 \u00b0C)"
        },
        "url": "a1securitycameras.com//4802860"
    },
    {
        "spec": {
            "Dimension": "12.4\u201d\u00d79.1\u201d\u00d71.8\u201d(315 \u00d7 230 \u00d7 45mm)",
            "Power Consumption": "\u2264 10 W (without hard disk)",
            "Power supply": "48V DC",
            "Weight": "\u2264 2.2lb(1 Kg )( without hard disk)",
            "Working humidity": "10% ~ 90%",
            "Working temperature": "14\u00b0F~131\u00b0F(-10 \u00b0C ~ +55 \u00b0C)"
        },
        "url": "a1securitycameras.com//3431900"
    }
]