{
    "125110": [
        "1a.ee//26352018"
    ],
    "1277358": [
        "1a.ee//21286463"
    ],
    "137914": [
        "1a.ee//22532793"
    ],
    "1528096": [
        "1a.ee//23109976"
    ],
    "1581102": [
        "1a.ee//22286861"
    ],
    "213097": [
        "1a.ee//26773223"
    ],
    "21953": [
        "1a.ee//26723192"
    ],
    "236906": [
        "1a.ee//21322584"
    ],
    "23718": [
        "1a.ee//23320097"
    ],
    "246164": [
        "1a.ee//23366771"
    ],
    "246322": [
        "1a.ee//22800554"
    ],
    "305235": [
        "1a.ee//22777443"
    ],
    "317574": [
        "1a.ee//27390714"
    ],
    "337078": [
        "1a.ee//19229782"
    ],
    "339888": [
        "1a.ee//26147777"
    ],
    "384181": [
        "1a.ee//25746438"
    ],
    "390079": [
        "1a.ee//25219883"
    ],
    "40475": [
        "1a.ee//22376541"
    ],
    "424120": [
        "1a.ee//21391694"
    ],
    "455141": [
        "1a.ee//25285746"
    ],
    "482538": [
        "1a.ee//20051537"
    ],
    "514654": [
        "1a.ee//23091218"
    ],
    "544028": [
        "1a.ee//25729430"
    ],
    "606199": [
        "1a.ee//20395560"
    ],
    "650074": [
        "1a.ee//18005791"
    ],
    "77636": [
        "1a.ee//24800755"
    ],
    "82722": [
        "1a.ee//24441284"
    ]
}