[
    {
        "spec": {
            "Erim\u00e4rkused": "LED indik\u0101tors / Plug n Play / RoHS / SP Widget",
            "Korpuse materjal": "Plastmass Metall",
            "Tootja": "Silicon Power",
            "T\u00fc\u00fcp": "Eemaldatava tipuga"
        },
        "url": "1a.ee//21391694"
    },
    {
        "spec": {
            "Erim\u00e4rkused": "Tehnoloogia Roaming Assist",
            "Tootja": "Asus",
            "T\u00fc\u00fcp": "Ethernet + WiFi"
        },
        "url": "1a.ee//23320097"
    },
    {
        "spec": {
            "Erim\u00e4rkused": "Soojuse eraldaja Non-ECC unbuffered Dual-Channel Kit",
            "Komplekt": "2 mooduliga komplekt",
            "Nimetus": "G.SKILL Trident Z RGB 16GB 4000MHz CL18 DDR4 KIT OF 2",
            "Standardpinge": "1.2 V",
            "Tootja": "G.SKILL"
        },
        "url": "1a.ee//25729430"
    },
    {
        "spec": {
            "Erim\u00e4rkused": "TRIM tugi Garbage Collection tehnoloogia S.M.A.R.T. tugi 3D V-NAND Data Security: 256-bit AES TCG / Opal V2.0 Encrypted Drive (IEEE1667)",
            "IOPS (kirjutamine)": "Kuni 90 000",
            "IOPS (lugemine)": "Kuni 98 000",
            "MTBF Garanteeritud t\u00f6\u00f6aeg ilma t\u00f5rgeteta.": "1 500 000 tundi",
            "Nimetus": "Samsung SSD 850 EVO 1TB SATA III",
            "Tootja": "Samsung"
        },
        "url": "1a.ee//27390714"
    },
    {
        "spec": {
            "Erim\u00e4rkused": "Grezns un stil\u012bgs dizains / Ievelkams USB savienot\u0101js / LED indik\u0101tors nor\u0101da izmanto\u0161anas statusu / SP Widget",
            "Korpuse materjal": "Plastmass",
            "Tootja": "Silicon Power",
            "T\u00fc\u00fcp": "V\u00e4ljat\u00f5mmatava USB-pesaga"
        },
        "url": "1a.ee//21322584"
    },
    {
        "spec": {
            "Erim\u00e4rkused": "Halogen-free design S.M.A.R.T.",
            "Keskmine otsimis kestvus": "Puudub informatsioon",
            "Nimetus": "Toshiba DT01ACA050 500GB 7200RPM SATA3 32MB",
            "Tootja": "Toshiba",
            "T\u00fc\u00fcp": "HDD"
        },
        "url": "1a.ee//25219883"
    },
    {
        "spec": {
            "Erim\u00e4rkused": "(MLC) tehnoloogia Toetab TRIM Toetab S.M.A.R.T Paksus vaid 7 mm 3.5 \"adapter",
            "IOPS (kirjutamine)": "Puudub informatsioon",
            "IOPS (lugemine)": "Puudub informatsioon",
            "MTBF Garanteeritud t\u00f6\u00f6aeg ilma t\u00f5rgeteta.": "1 000 000 tundi",
            "Nimetus": "Transcend SSD370 32GB SATA III",
            "Tootja": "Transcend"
        },
        "url": "1a.ee//24800755"
    },
    {
        "spec": {
            "Erim\u00e4rkused": "10-11-10 512Mx64",
            "Komplekt": "2 mooduliga komplekt",
            "Nimetus": "Kingston 8GB DDR3 PC14900 CL10 DIMM HyperX Fury White",
            "Standardpinge": "1.35 V",
            "Tootja": "Kingston"
        },
        "url": "1a.ee//22286861"
    },
    {
        "spec": {
            "Erim\u00e4rkused": "Non-ECC Unbuffered Heat spreader",
            "Komplekt": "2 mooduliga komplekt",
            "Nimetus": "Kingston 8GB DDR3 PC14900 CL10 DIMM HyperX Fury Black Series KIT OF 2",
            "Standardpinge": "1.5 V",
            "Tootja": "Kingston"
        },
        "url": "1a.ee//20051537"
    },
    {
        "spec": {
            "Erim\u00e4rkused": "Toetab TRIM Toetab S.M.A.R.T Error Correction Code tehnoloogia",
            "IOPS (kirjutamine)": "Puudub informatsioon",
            "IOPS (lugemine)": "Puudub informatsioon",
            "MTBF Garanteeritud t\u00f6\u00f6aeg ilma t\u00f5rgeteta.": "1 000 000 tundi",
            "Nimetus": "Transcend SSD 64GB SATAII",
            "Tootja": "Transcend"
        },
        "url": "1a.ee//22532793"
    },
    {
        "spec": {
            "Erim\u00e4rkused": "Non-ECC Unbuffered",
            "Komplekt": "1 moodul",
            "Nimetus": "Corsair 8GB DDR3 CL11 SO-DIMM",
            "Standardpinge": "1.5 V",
            "Tootja": "Corsair"
        },
        "url": "1a.ee//23366771"
    },
    {
        "spec": {
            "Erim\u00e4rkused": "Toetab TRIM Error Correction Code tehnoloogia",
            "IOPS (kirjutamine)": "Puudub informatsioon",
            "IOPS (lugemine)": "Puudub informatsioon",
            "MTBF Garanteeritud t\u00f6\u00f6aeg ilma t\u00f5rgeteta.": "Puudub informatsioon",
            "Nimetus": "Transcend SSD330 64GB IDE",
            "Tootja": "Transcend"
        },
        "url": "1a.ee//22777443"
    },
    {
        "spec": {
            "Erim\u00e4rkused": "(MLC) tehnoloogia Toetab TRIM Toetab S.M.A.R.T Paksus vaid 7 mm 3.5 \"adapter",
            "IOPS (kirjutamine)": "Puudub informatsioon",
            "IOPS (lugemine)": "Puudub informatsioon",
            "MTBF Garanteeritud t\u00f6\u00f6aeg ilma t\u00f5rgeteta.": "1 000 000 tundi",
            "Nimetus": "Transcend SSD370 512GB SATA III",
            "Tootja": "Transcend"
        },
        "url": "1a.ee//19229782"
    },
    {
        "spec": {
            "Erim\u00e4rkused": "ODT non-ECC unbuffered asymmetrical heatspreader",
            "Komplekt": "1 moodul",
            "Nimetus": "Kingston 4GB PC12800 DDR3 CL9 HyperX Savage",
            "Standardpinge": "1.5 V",
            "Tootja": "Kingston"
        },
        "url": "1a.ee//20395560"
    },
    {
        "spec": {
            "Erim\u00e4rkused": "AES 256 bit kr\u00fcpteering",
            "IOPS (kirjutamine)": "Kuni 22 000",
            "IOPS (lugemine)": "Kuni 270 000",
            "MTBF Garanteeritud t\u00f6\u00f6aeg ilma t\u00f5rgeteta.": "1 600 000 tundi",
            "Nimetus": "Intel DC P3100 Series 128GB PCIE M.2",
            "Tootja": "Intel"
        },
        "url": "1a.ee//26352018"
    },
    {
        "spec": {
            "Erim\u00e4rkused": "Puudub informatsioon",
            "Komplekt": "1 moodul",
            "Nimetus": "Corsair 8GB DDR3 CL10 SO-DIMM CMSX8GX3M1A1600C10",
            "Standardpinge": "1.5 V",
            "Tootja": "Corsair"
        },
        "url": "1a.ee//25746438"
    },
    {
        "spec": {
            "Erim\u00e4rkused": "Non-ECC Unbuffered",
            "Komplekt": "2 mooduliga komplekt",
            "Nimetus": "Corsair Vengeance 16GB DDR3 CL10 SO-DIMM",
            "Standardpinge": "1.5 V",
            "Tootja": "Corsair"
        },
        "url": "1a.ee//22376541"
    },
    {
        "spec": {
            "Erim\u00e4rkused": "24\u00d77 profile Always on RoHS",
            "Keskmine otsimis kestvus": "5.1 ms",
            "Nimetus": "Seagate Pipeline 1TB 5900RPM 64 MB",
            "Tootja": "Seagate",
            "T\u00fc\u00fcp": "HDD"
        },
        "url": "1a.ee//26773223"
    },
    {
        "spec": {
            "Erim\u00e4rkused": "M.O.D. termilised andurid Kuumusejaotur Micron kvaliteet",
            "Komplekt": "1 moodul",
            "Nimetus": "Crucial Ballstix Elite 8GB DDR4 PC21300 CL16",
            "Standardpinge": "1.2 V",
            "Tootja": "Crucial"
        },
        "url": "1a.ee//23109976"
    },
    {
        "spec": {
            "Erim\u00e4rkused": "WD Discovery WD Backup\u2122 WD Security\u2122 WD Drive Utilities\u2122",
            "Korpuse materjal": "Metall",
            "Tootja": "Western Digital"
        },
        "url": "1a.ee//21280655"
    },
    {
        "spec": {
            "Erim\u00e4rkused": "Tagab t\u00f6\u00f6kindluse 24 x 7",
            "Keskmine otsimis kestvus": "-",
            "Nimetus": "Seagate Video 3.5 3TB 5900RPM SATA3 64MB",
            "Tootja": "Seagate",
            "T\u00fc\u00fcp": "HDD"
        },
        "url": "1a.ee//21286463"
    },
    {
        "spec": {
            "Erim\u00e4rkused": "Non-ECC Unbuffered Dual channel Vengeance Pro Gold Heatspreader",
            "Komplekt": "2 mooduliga komplekt",
            "Nimetus": "Corsair 16GB DDR3 CL11 KIT OF 2",
            "Standardpinge": "1.65 V",
            "Tootja": "Corsair"
        },
        "url": "1a.ee//18005791"
    },
    {
        "spec": {
            "Erim\u00e4rkused": "TRIM - tugi Garbage Collection tehnoloogia S.M.A.R.T. tugi 3D V-NAND Andmete turvamine: 256-bit AES TCG / Opal V2.0 Encrypted Drive (IEEE1667)",
            "IOPS (kirjutamine)": "Kuni 90 000",
            "IOPS (lugemine)": "Kuni 98 000",
            "MTBF Garanteeritud t\u00f6\u00f6aeg ilma t\u00f5rgeteta.": "1 500 000 tundi",
            "Nimetus": "Samsung SSD 850 EVO 500GB SATA III",
            "Tootja": "Samsung"
        },
        "url": "1a.ee//24441284"
    },
    {
        "spec": {
            "Erim\u00e4rkused": "240-pin DIMM Heat spreader Non-ECC Unbuffered",
            "Komplekt": "2 mooduliga komplekt",
            "Nimetus": "Kingston 16GB DDR3 PC314900 CL10 HyperX Fury White",
            "Standardpinge": "1.5 V",
            "Tootja": "Kingston"
        },
        "url": "1a.ee//25285746"
    },
    {
        "spec": {
            "Erim\u00e4rkused": "Heat spreader Unbuffered",
            "Komplekt": "2 mooduliga komplekt",
            "Nimetus": "Kingston 8GB DDR3 PC12800 CL10 DIMM HyperX Fury Black",
            "Standardpinge": "1.5 V",
            "Tootja": "Kingston"
        },
        "url": "1a.ee//26723192"
    },
    {
        "spec": {
            "Erim\u00e4rkused": "Toetab XMP 2.0 Heat Spreader",
            "Komplekt": "4 mooduliga komplekt",
            "Nimetus": "Corsair Vengeance LPX 16GB 2133MHz DDR4 CL13 KIT OF 4",
            "Standardpinge": "1.2 V",
            "Tootja": "Corsair"
        },
        "url": "1a.ee//26147777"
    },
    {
        "spec": {
            "Erim\u00e4rkused": "ODT Non-ECC Unbuffered Asymmetrical Heatspreader",
            "Komplekt": "2 mooduliga komplekt",
            "Nimetus": "Kingston 8GB DDR3 PC14900 CL9 HyperX Savage KIT OF 2",
            "Standardpinge": "1.5 V",
            "Tootja": "Kingston"
        },
        "url": "1a.ee//23091218"
    },
    {
        "spec": {
            "Erim\u00e4rkused": "3D V-NAND tehnoloogia TurboWrite tehnoloogia Rapid Mode Toetab TRIM Toetab S.M.A.R.T",
            "IOPS (kirjutamine)": "Kuni 88 000",
            "IOPS (lugemine)": "Kuni 97 000",
            "MTBF Garanteeritud t\u00f6\u00f6aeg ilma t\u00f5rgeteta.": "1 500 000 tundi",
            "Nimetus": "Samsung SSD 850 EVO 500GB mSATA",
            "Tootja": "Samsung"
        },
        "url": "1a.ee//22800554"
    }
]