[
    {
        "spec": {
            "Beam\u00a0Angle:": "360 degree",
            "Certifications:": "CE RoHS and TUV approved",
            "Color:": "Warm\u00a0White \u00a0Natural White \u00a0Cool White",
            "Color\u00a0Temperature:": "2800-3500K \u00a04000K-4500K \u00a05500K-6500K",
            "Dimensions:": "OD 93 * L265 mm",
            "IP Rating:": "IP64 (Waterproof and dustproof)",
            "LED Emitter Life:": "70,000 Hours",
            "LED Luminous Efficiency:": "> 110Lm/W",
            "LED\u00a0Quantity:": "162pcs SAMSUNG LEDs (LM561B)",
            "Luminous\u00a0Flux:": "6500Lm \u00b1 140Lm",
            "Model\u00a0Number:": "HSL-54WC",
            "Operating Temperature:": "-25~50 \u2103",
            "Place\u00a0of\u00a0Origin:": "Shenzhen Guangdong",
            "Power Factor:": "> 0.95",
            "Power:": "54W \u00b1 1W",
            "Replacement:": "Traditional high power 240W HPS",
            "Socket Type:": "E40 \u00a0E39 \u00a0E27 \u00a0E26",
            "Voltage:": "100~277VAC \u00a050-60Hz",
            "Warranty:": "5 Years"
        },
        "url": "1ledlight.com//12857303"
    },
    {
        "spec": {
            "Beam\u00a0Angle:": "360 degree",
            "Certifications:": "CE RoHS and TUV approved",
            "Color:": "Warm\u00a0White \u00a0Natural White \u00a0Cool White",
            "Color\u00a0Temperature:": "2800-3500K \u00a04000K-4500K \u00a05500K-6500K",
            "Dimensions:": "OD 105 * L240 mm",
            "IP Rating:": "IP64 (Waterproof and dustproof)",
            "LED Emitter Life:": "50,000 Hours",
            "LED Luminous Efficiency:": "> 110Lm/W",
            "LED\u00a0Quantity:": "99pcs SAMSUNG 5630 LEDs",
            "Luminous\u00a0Flux:": "3300Lm \u00b1 100Lm",
            "Material:": "PBT + Aluminum + Cooling Fin",
            "Model\u00a0Number:": "HSL-30WD",
            "Operating Temperature:": "-25~50 \u2103",
            "Place\u00a0of\u00a0Origin:": "Shenzhen Guangdong",
            "Power:": "30W \u00b1 1W",
            "Replacement:": "Traditional high power 150W HID",
            "Socket Type:": "E40 \u00a0E39 \u00a0E27 \u00a0E26",
            "Voltage:": "100~277VAC \u00a050-60Hz",
            "Warranty:": "5 Years"
        },
        "url": "1ledlight.com//4527051"
    },
    {
        "spec": {
            "Beam\u00a0Angle:": "360 degree",
            "Certifications:": "CE RoHS and TUV approved",
            "Color:": "Warm\u00a0White \u00a0Natural White \u00a0Cool White",
            "Color\u00a0Temperature:": "2800-3500K \u00a04000K-4500K \u00a05500K-6500K",
            "Dimensions:": "OD 105 * L260 mm",
            "IP Rating:": "IP64 (Waterproof and dustproof)",
            "LED Emitter Life:": "50,000 Hours",
            "LED Luminous Efficiency:": "> 110Lm/W",
            "LED\u00a0Quantity:": "121pcs SAMSUNG 5630 LEDs",
            "Luminous\u00a0Flux:": "4400Lm \u00b1 100Lm",
            "Material:": "PBT + Aluminum + Cooling Fin",
            "Model\u00a0Number:": "HSL-40WD",
            "Operating Temperature:": "-25~50 \u2103",
            "Place\u00a0of\u00a0Origin:": "Shenzhen Guangdong",
            "Power:": "40W \u00b1 1W",
            "Replacement:": "Traditional high power 200W HID",
            "Socket Type:": "E40 \u00a0E39 \u00a0E27 \u00a0E26",
            "Voltage:": "100~277VAC \u00a050-60Hz",
            "Warranty:": "5 Years"
        },
        "url": "1ledlight.com//15622635"
    },
    {
        "spec": {
            "Beam\u00a0Angle:": "60\u00b0 \u00a090\u00b0 \u00a0120\u00b0",
            "Certifications:": "CE RoHS approved",
            "Color:": "Warm\u00a0White \u00a0Natural White \u00a0Cool White",
            "Color\u00a0Temperature:": "2800-3500K \u00a04000K-4500K \u00a05500K-6500K",
            "Dimensions:": "OD 225 * L130 mm",
            "Hole Size:": "200 mm",
            "LED Emitter Life:": "50,000 Hours",
            "LED Luminous Efficiency:": "> 100Lm/W",
            "LED\u00a0Quantity:": "1 *100W high quality Cree COB LED",
            "Luminous\u00a0Flux:": "9500Lm \u00b1 200Lm",
            "Material:": "Aluminum + PC",
            "Model\u00a0Number:": "HDL-100WB",
            "Operating Temperature:": "-20~60 \u2103",
            "Place\u00a0of\u00a0Origin:": "Shenzhen Guangdong",
            "Power Factor(PF):": "0.95",
            "Power:": "100W \u00b1 5W",
            "Replacement:": "Traditional high power 250W downlight",
            "Voltage:": "100~277VAC 50-60Hz \u00a012V/24VDC",
            "Warranty:": "3 Years"
        },
        "url": "1ledlight.com//16064568"
    },
    {
        "spec": {
            "Beam\u00a0Angle:": "360 degree",
            "Certifications:": "CE RoHS and TUV approved",
            "Color:": "Warm\u00a0White \u00a0Natural White \u00a0Cool White",
            "Color\u00a0Temperature:": "2800-3500K \u00a04000K-4500K \u00a05500K-6500K",
            "Dimensions:": "OD 93 * L205 mm",
            "IP Rating:": "IP64 (Waterproof and dustproof)",
            "LED Emitter Life:": "70,000 Hours",
            "LED Luminous Efficiency:": "> 110Lm/W",
            "LED\u00a0Quantity:": "81pcs SAMSUNG LEDs (LM561B)",
            "Luminous\u00a0Flux:": "3240Lm \u00b1 140Lm",
            "Model\u00a0Number:": "HSL-27WC",
            "Operating Temperature:": "-25~50 \u2103",
            "Place\u00a0of\u00a0Origin:": "Shenzhen Guangdong",
            "Power Factor:": "> 0.95",
            "Power:": "27W \u00b1 1W",
            "Replacement:": "Traditional high power 100W CFL",
            "Socket Type:": "E40 \u00a0E39 \u00a0E27 \u00a0E26",
            "Voltage:": "100~277VAC \u00a050-60Hz",
            "Warranty:": "5 Years"
        },
        "url": "1ledlight.com//5525717"
    },
    {
        "spec": {
            "Beam\u00a0Angle:": "60\u00b0 \u00a090\u00b0 \u00a0120\u00b0",
            "Certifications:": "CE RoHS approved",
            "Color:": "Warm\u00a0White \u00a0Natural White \u00a0Cool White",
            "Color\u00a0Temperature:": "2800-3500K \u00a04000K-4500K \u00a05500K-6500K",
            "Dimensions:": "OD 200 * L120 mm",
            "Hole Size:": "170 mm",
            "LED Emitter Life:": "50,000 Hours",
            "LED Luminous Efficiency:": "> 100Lm/W",
            "LED\u00a0Quantity:": "1 *50W high quality Cree COB LED",
            "Luminous\u00a0Flux:": "5700Lm \u00b1 100Lm",
            "Material:": "Aluminum + PC",
            "Model\u00a0Number:": "HDL-60WB",
            "Operating Temperature:": "-20~60 \u2103",
            "Place\u00a0of\u00a0Origin:": "Shenzhen Guangdong",
            "Power Factor(PF):": "0.95",
            "Power:": "60W \u00b1 1W",
            "Replacement:": "Traditional high power 120W down light",
            "Voltage:": "100~277VAC 50-60Hz \u00a012V/24VDC",
            "Warranty:": "3 Years"
        },
        "url": "1ledlight.com//7959818"
    },
    {
        "spec": {
            "Beam\u00a0Angle:": "60\u00b0 \u00a090\u00b0 \u00a0120\u00b0",
            "Certifications:": "CE RoHS approved",
            "Color:": "Warm\u00a0White \u00a0Natural White \u00a0Cool White",
            "Color\u00a0Temperature:": "2800-3500K \u00a04000K-4500K \u00a05500K-6500K",
            "Dimensions:": "OD 200 * L120 mm",
            "Hole Size:": "170 mm",
            "LED Emitter Life:": "50,000 Hours",
            "LED Luminous Efficiency:": "> 100Lm/W",
            "LED\u00a0Quantity:": "1 *50W high quality Cree COB LED",
            "Luminous\u00a0Flux:": "4800Lm \u00b1 100Lm",
            "Material:": "Aluminum + PC",
            "Model\u00a0Number:": "HDL-50WB",
            "Operating Temperature:": "-20~60 \u2103",
            "Place\u00a0of\u00a0Origin:": "Shenzhen Guangdong",
            "Power Factor(PF):": "0.95",
            "Power:": "50W \u00b1 1W",
            "Replacement:": "Traditional high power 100W down light",
            "Voltage:": "100~277VAC 50-60Hz \u00a012V/24VDC",
            "Warranty:": "3 Years"
        },
        "url": "1ledlight.com//11149956"
    },
    {
        "spec": {
            "Beam\u00a0Angle:": "60\u00b0 \u00a090\u00b0 \u00a0120\u00b0",
            "Certifications:": "CE RoHS approved",
            "Color:": "Warm\u00a0White \u00a0Natural White \u00a0Cool White",
            "Color\u00a0Temperature:": "2800-3500K \u00a04000K-4500K \u00a05500K-6500K",
            "Dimensions:": "OD 225 * L130 mm",
            "Hole Size:": "200 mm",
            "LED Emitter Life:": "50,000 Hours",
            "LED Luminous Efficiency:": "> 100Lm/W",
            "LED\u00a0Quantity:": "1 *120W high quality Cree COB LED",
            "Luminous\u00a0Flux:": "11400Lm \u00b1 300Lm",
            "Material:": "Aluminum + PC",
            "Model\u00a0Number:": "HDL-120WA",
            "Operating Temperature:": "-20~60 \u2103",
            "Place\u00a0of\u00a0Origin:": "Shenzhen Guangdong",
            "Power Factor(PF):": "0.95",
            "Power:": "120W \u00b1 5W",
            "Replacement:": "Traditional high power 300W downlight",
            "Voltage:": "100~277VAC 50-60Hz \u00a012V/24VDC",
            "Warranty:": "3 Years"
        },
        "url": "1ledlight.com//10055463"
    },
    {
        "spec": {
            "Beam\u00a0Angle:": "90\u00b0 \u00a0120\u00b0",
            "Certifications:": "CE RoHS approved",
            "Color:": "Warm\u00a0White \u00a0Natural White \u00a0Cool White",
            "Color\u00a0Temperature:": "2800-3500K \u00a04000K-4500K \u00a05500K-6500K",
            "Dimensions:": "OD 165 * L230 mm",
            "LED Emitter Life:": "50,000 Hours",
            "LED Luminous Efficiency:": "> 100Lm/W",
            "LED\u00a0Quantity:": "1 * 80W high quality CREE COB LEDs",
            "Luminous\u00a0Flux:": "7600Lm \u00b1 200Lm",
            "Material:": "Aluminum + PC + Fan",
            "Model\u00a0Number:": "HIL-80WD",
            "Operating Temperature:": "-20~60 \u2103",
            "Place\u00a0of\u00a0Origin:": "Shenzhen Guangdong",
            "Power Factor(PF):": "0.95",
            "Power:": "80W \u00b1 1W",
            "Replacement:": "Traditional high power 320W HPS",
            "Socket Type:": "E40 \u00a0E39 \u00a0E27 \u00a0E26",
            "Voltage:": "100~277VAC \u00a050-60Hz",
            "Warranty:": "5 Years"
        },
        "url": "1ledlight.com//1922636"
    },
    {
        "spec": {
            "Beam\u00a0Angle:": "120\u00b0",
            "Certifications:": "CE RoHS approved",
            "Color:": "Warm\u00a0White \u00a0Natural White \u00a0Cool White",
            "Color\u00a0Temperature:": "2800-3500K \u00a04000K-4500K \u00a05500K-6500K",
            "Dimensions:": "OD 165 * L240 mm",
            "LED Emitter Life:": "50,000 Hours",
            "LED Luminous Efficiency:": "> 100Lm/W",
            "LED\u00a0Quantity:": "3 * 50W high quality CREE COB LEDs",
            "Luminous\u00a0Flux:": "14200Lm \u00b1 500Lm",
            "Material:": "Aluminum + PC + Fan",
            "Model\u00a0Number:": "HIL-150WD",
            "Operating Temperature:": "-20~60 \u2103",
            "Place\u00a0of\u00a0Origin:": "Shenzhen Guangdong",
            "Power Factor(PF):": "0.95",
            "Power:": "150W \u00b1 5W",
            "Replacement:": "Traditional high power 300W HPS",
            "Socket Type:": "E40 \u00a0E39 \u00a0E27 \u00a0E26",
            "Voltage:": "100~277VAC \u00a050-60Hz",
            "Warranty:": "5 Years"
        },
        "url": "1ledlight.com//8785132"
    },
    {
        "spec": {
            "Beam\u00a0Angle:": "360 degree",
            "Certifications:": "CE RoHS and TUV approved",
            "Color:": "Warm\u00a0White \u00a0Natural White \u00a0Cool White",
            "Color\u00a0Temperature:": "2800-3500K \u00a04000K-4500K \u00a05500K-6500K",
            "Dimensions:": "OD 65 * L157 mm",
            "IP Rating:": "IP64 (Waterproof and dustproof)",
            "LED Emitter Life:": "50,000 Hours",
            "LED Luminous Efficiency:": "> 110Lm/W",
            "LED\u00a0Quantity:": "72pcs 2835 LEDs",
            "Luminous\u00a0Flux:": "1150Lm \u00b1 50Lm",
            "Material:": "PBT + Aluminum + PC",
            "Model\u00a0Number:": "HSL-10WD",
            "Operating Temperature:": "-25~50 \u2103",
            "Place\u00a0of\u00a0Origin:": "Shenzhen Guangdong",
            "Power:": "10W \u00b1 1W",
            "Replacement:": "Traditional high power 40W CFL",
            "Socket Type:": "E40 \u00a0E39 \u00a0E27 \u00a0E26",
            "Voltage:": "100~240VAC \u00a050-60Hz",
            "Warranty:": "5 Years"
        },
        "url": "1ledlight.com//8666525"
    },
    {
        "spec": {
            "Beam\u00a0Angle:": "360 degree",
            "Certifications:": "CE RoHS and TUV approved",
            "Color:": "Warm\u00a0White \u00a0Natural White \u00a0Cool White",
            "Color\u00a0Temperature:": "2800-3500K \u00a04000K-4500K \u00a05500K-6500K",
            "Dimensions:": "OD 93 * L235 mm",
            "IP Rating:": "IP64 (Waterproof and dustproof)",
            "LED Emitter Life:": "70,000 Hours",
            "LED Luminous Efficiency:": "> 110Lm/W",
            "LED\u00a0Quantity:": "108pcs SAMSUNG LEDs (LM561B)",
            "Luminous\u00a0Flux:": "4320Lm \u00b1 140Lm",
            "Model\u00a0Number:": "HSL-36WC",
            "Operating Temperature:": "-25~50 \u2103",
            "Place\u00a0of\u00a0Origin:": "Shenzhen Guangdong",
            "Power Factor:": "> 0.95",
            "Power:": "36W \u00b1 1W",
            "Replacement:": "Traditional high power 130W CFL",
            "Socket Type:": "E40 \u00a0E39 \u00a0E27 \u00a0E26",
            "Voltage:": "100~277VAC \u00a050-60Hz",
            "Warranty:": "5 Years"
        },
        "url": "1ledlight.com//7113163"
    },
    {
        "spec": {
            "Beam\u00a0Angle:": "90\u00b0 \u00a0120\u00b0",
            "Certifications:": "CE RoHS approved",
            "Color:": "Warm\u00a0White \u00a0Natural White \u00a0Cool White",
            "Color\u00a0Temperature:": "2800-3500K \u00a04000K-4500K \u00a05500K-6500K",
            "Dimensions:": "OD 165 * L230 mm",
            "LED Emitter Life:": "50,000 Hours",
            "LED Luminous Efficiency:": "> 100Lm/W",
            "LED\u00a0Quantity:": "1 * 100W high quality CREE COB LEDs",
            "Luminous\u00a0Flux:": "9500Lm \u00b1 500Lm",
            "Material:": "Aluminum + PC + Fan",
            "Model\u00a0Number:": "HIL-100WD",
            "Operating Temperature:": "-20~60 \u2103",
            "Place\u00a0of\u00a0Origin:": "Shenzhen Guangdong",
            "Power Factor(PF):": "0.95",
            "Power:": "100W \u00b1 5W",
            "Replacement:": "Traditional high power 400W HPS",
            "Socket Type:": "E40 \u00a0E39 \u00a0E27 \u00a0E26",
            "Voltage:": "100~277VAC \u00a050-60Hz",
            "Warranty:": "5 Years"
        },
        "url": "1ledlight.com//6467323"
    },
    {
        "spec": {
            "Beam\u00a0Angle:": "120\u00b0",
            "Certifications:": "CE RoHS approved",
            "Color:": "Warm\u00a0White \u00a0Natural White \u00a0Cool White",
            "Color\u00a0Temperature:": "2800-3500K \u00a04000K-4500K \u00a05500K-6500K",
            "Dimensions:": "OD 187 * L298 mm",
            "LED Emitter Life:": "50,000 Hours",
            "LED Luminous Efficiency:": "> 100Lm/W",
            "LED\u00a0Quantity:": "4 * 80W high quality CREE COB LEDs",
            "Luminous\u00a0Flux:": "23750Lm \u00b1 1000Lm",
            "Material:": "Aluminum + PC + Fan",
            "Model\u00a0Number:": "HIL-250WD",
            "Operating Temperature:": "-20~60 \u2103",
            "Place\u00a0of\u00a0Origin:": "Shenzhen Guangdong",
            "Power Factor(PF):": "0.95",
            "Power:": "250W \u00b1 5W",
            "Replacement:": "Traditional high power 500W HPS",
            "Socket Type:": "E40 \u00a0E39",
            "Voltage:": "100~277VAC \u00a050-60Hz",
            "Warranty:": "5 Years"
        },
        "url": "1ledlight.com//15600874"
    },
    {
        "spec": {
            "Beam\u00a0Angle:": "360 degree",
            "Certifications:": "CE RoHS and TUV approved",
            "Color:": "Warm\u00a0White \u00a0Natural White \u00a0Cool White",
            "Color\u00a0Temperature:": "2800-3500K \u00a04000K-4500K \u00a05500K-6500K",
            "Dimensions:": "OD 65 * L207 mm",
            "IP Rating:": "IP64 (Waterproof and dustproof)",
            "LED Emitter Life:": "50,000 Hours",
            "LED Luminous Efficiency:": "> 110Lm/W",
            "LED\u00a0Quantity:": "165pcs 2835 LEDs",
            "Luminous\u00a0Flux:": "2800Lm \u00b1 100Lm",
            "Material:": "PBT + Aluminum + PC",
            "Model\u00a0Number:": "HSL-25WD",
            "Operating Temperature:": "-25~50 \u2103",
            "Place\u00a0of\u00a0Origin:": "Shenzhen Guangdong",
            "Power:": "25W \u00b1 1W",
            "Replacement:": "Traditional high power 100W CFL",
            "Socket Type:": "E40 \u00a0E39 \u00a0E27 \u00a0E26",
            "Voltage:": "100~240VAC \u00a050-60Hz",
            "Warranty:": "5 Years"
        },
        "url": "1ledlight.com//1782301"
    },
    {
        "spec": {
            "Beam\u00a0Angle:": "360 degree",
            "Certifications:": "CE RoHS and TUV approved",
            "Color:": "Warm\u00a0White \u00a0Natural White \u00a0Cool White",
            "Color\u00a0Temperature:": "2800-3500K \u00a04000K-4500K \u00a05500K-6500K",
            "Dimensions:": "OD 93 * L265 mm",
            "IP Rating:": "IP64 (Waterproof and dustproof)",
            "LED Emitter Life:": "70,000 Hours",
            "LED Luminous Efficiency:": "> 110Lm/W",
            "LED\u00a0Quantity:": "135pcs SAMSUNG LEDs (LM561B)",
            "Luminous\u00a0Flux:": "54000Lm \u00b1 140Lm",
            "Model\u00a0Number:": "HSL-45WC",
            "Operating Temperature:": "-25~50 \u2103",
            "Place\u00a0of\u00a0Origin:": "Shenzhen Guangdong",
            "Power Factor:": "> 0.95",
            "Power:": "45W \u00b1 1W",
            "Replacement:": "Traditional high power 180W HPS",
            "Socket Type:": "E40 \u00a0E39 \u00a0E27 \u00a0E26",
            "Voltage:": "100~277VAC \u00a050-60Hz",
            "Warranty:": "5 Years"
        },
        "url": "1ledlight.com//5183443"
    },
    {
        "spec": {
            "Beam\u00a0Angle:": "90\u00b0 \u00a0120\u00b0",
            "Certifications:": "CE RoHS approved",
            "Color:": "Warm\u00a0White \u00a0Natural White \u00a0Cool White",
            "Color\u00a0Temperature:": "2800-3500K \u00a04000K-4500K \u00a05500K-6500K",
            "Dimensions:": "OD 125 * L220 mm",
            "LED Emitter Life:": "50,000 Hours",
            "LED Luminous Efficiency:": "> 100Lm/W",
            "LED\u00a0Quantity:": "1 * 30W high quality CREE COB LEDs",
            "Luminous\u00a0Flux:": "3100Lm \u00b1 100Lm",
            "Material:": "Aluminum + PC",
            "Model\u00a0Number:": "HIL-30WD",
            "Operating Temperature:": "-20~60 \u2103",
            "Place\u00a0of\u00a0Origin:": "Shenzhen Guangdong",
            "Power Factor(PF):": "0.95",
            "Power:": "30W \u00b1 1W",
            "Replacement:": "Traditional high power 120W HPS",
            "Socket Type:": "E40 \u00a0E39 \u00a0E27 \u00a0E26",
            "Voltage:": "100~277VAC \u00a050-60Hz",
            "Warranty:": "5 Years"
        },
        "url": "1ledlight.com//8945123"
    },
    {
        "spec": {
            "Beam\u00a0Angle:": "360 degree",
            "Certifications:": "CE RoHS and TUV approved",
            "Color:": "Warm\u00a0White \u00a0Natural White \u00a0Cool White",
            "Color\u00a0Temperature:": "2800-3500K \u00a04000K-4500K \u00a05500K-6500K",
            "Dimensions:": "OD 65 * L167 mm",
            "IP Rating:": "IP64 (Waterproof and dustproof)",
            "LED Emitter Life:": "50,000 Hours",
            "LED Luminous Efficiency:": "> 110Lm/W",
            "LED\u00a0Quantity:": "88pcs 2835 LEDs",
            "Luminous\u00a0Flux:": "1700Lm \u00b1 50Lm",
            "Material:": "PBT + Aluminum + PC",
            "Model\u00a0Number:": "HSL-15WD",
            "Operating Temperature:": "-25~50 \u2103",
            "Place\u00a0of\u00a0Origin:": "Shenzhen Guangdong",
            "Power:": "15W \u00b1 1W",
            "Replacement:": "Traditional high power 60W CFL",
            "Socket Type:": "E40 \u00a0E39 \u00a0E27 \u00a0E26",
            "Voltage:": "100~240VAC \u00a050-60Hz",
            "Warranty:": "5 Years"
        },
        "url": "1ledlight.com//13691105"
    },
    {
        "spec": {
            "Beam\u00a0Angle:": "60\u00b0 \u00a090\u00b0 \u00a0120\u00b0",
            "Certifications:": "CE RoHS approved",
            "Color:": "Warm\u00a0White \u00a0Natural White \u00a0Cool White",
            "Color\u00a0Temperature:": "2800-3500K \u00a04000K-4500K \u00a05500K-6500K",
            "Dimensions:": "OD 225 * L130 mm",
            "Hole Size:": "200 mm",
            "LED Emitter Life:": "50,000 Hours",
            "LED Luminous Efficiency:": "> 100Lm/W",
            "LED\u00a0Quantity:": "1 *120W high quality Cree COB LED",
            "Luminous\u00a0Flux:": "11400Lm \u00b1 300Lm",
            "Material:": "Aluminum + PC",
            "Model\u00a0Number:": "HDL-120WB",
            "Operating Temperature:": "-20~60 \u2103",
            "Place\u00a0of\u00a0Origin:": "Shenzhen Guangdong",
            "Power Factor(PF):": "0.95",
            "Power:": "120W \u00b1 5W",
            "Replacement:": "Traditional high power 300W downlight",
            "Voltage:": "100~277VAC 50-60Hz \u00a012V/24VDC",
            "Warranty:": "3 Years"
        },
        "url": "1ledlight.com//8593456"
    },
    {
        "spec": {
            "Beam\u00a0Angle:": "60\u00b0 \u00a090\u00b0 \u00a0120\u00b0",
            "Certifications:": "CE RoHS approved",
            "Color:": "Warm\u00a0White \u00a0Natural White \u00a0Cool White",
            "Color\u00a0Temperature:": "2800-3500K \u00a04000K-4500K \u00a05500K-6500K",
            "Dimensions:": "OD 200 * L120 mm",
            "Hole Size:": "170 mm",
            "LED Emitter Life:": "50,000 Hours",
            "LED Luminous Efficiency:": "> 100Lm/W",
            "LED\u00a0Quantity:": "1 *50W high quality Cree COB LED",
            "Luminous\u00a0Flux:": "5700Lm \u00b1 100Lm",
            "Material:": "Aluminum + PC",
            "Model\u00a0Number:": "HDL-60WA",
            "Operating Temperature:": "-20~60 \u2103",
            "Place\u00a0of\u00a0Origin:": "Shenzhen Guangdong",
            "Power Factor(PF):": "0.95",
            "Power:": "60W \u00b1 1W",
            "Replacement:": "Traditional high power 120W down light",
            "Voltage:": "100~277VAC 50-60Hz \u00a012V/24VDC",
            "Warranty:": "3 Years"
        },
        "url": "1ledlight.com//1447320"
    },
    {
        "spec": {
            "Beam\u00a0Angle:": "360 degree",
            "Certifications:": "CE RoHS and TUV approved",
            "Color:": "Warm\u00a0White \u00a0Natural White \u00a0Cool White",
            "Color\u00a0Temperature:": "2800-3500K \u00a04000K-4500K \u00a05500K-6500K",
            "Dimensions:": "OD 105 * L320 mm",
            "IP Rating:": "IP64 (Waterproof and dustproof)",
            "LED Emitter Life:": "50,000 Hours",
            "LED Luminous Efficiency:": "> 110Lm/W",
            "LED\u00a0Quantity:": "198pcs SAMSUNG 5630 LEDs",
            "Luminous\u00a0Flux:": "6600Lm \u00b1 100Lm",
            "Material:": "PBT + Aluminum + Cooling Fin",
            "Model\u00a0Number:": "HSL-60WD",
            "Operating Temperature:": "-25~50 \u2103",
            "Place\u00a0of\u00a0Origin:": "Shenzhen Guangdong",
            "Power:": "60W \u00b1 1W",
            "Replacement:": "Traditional high power 250W HID",
            "Socket Type:": "E40 \u00a0E39 \u00a0E27 \u00a0E26",
            "Voltage:": "100~277VAC \u00a050-60Hz",
            "Warranty:": "5 Years"
        },
        "url": "1ledlight.com//7427031"
    },
    {
        "spec": {
            "Beam\u00a0Angle:": "90\u00b0 \u00a0120\u00b0",
            "Certifications:": "CE RoHS approved",
            "Color:": "Warm\u00a0White \u00a0Natural White \u00a0Cool White",
            "Color\u00a0Temperature:": "2800-3500K \u00a04000K-4500K \u00a05500K-6500K",
            "Dimensions:": "OD 125 * L220 mm",
            "LED Emitter Life:": "50,000 Hours",
            "LED Luminous Efficiency:": "> 100Lm/W",
            "LED\u00a0Quantity:": "1 * 50W high quality CREE COB LEDs",
            "Luminous\u00a0Flux:": "5000Lm \u00b1 200Lm",
            "Material:": "Aluminum + PC",
            "Model\u00a0Number:": "HIL-50WD",
            "Operating Temperature:": "-20~60 \u2103",
            "Place\u00a0of\u00a0Origin:": "Shenzhen Guangdong",
            "Power Factor(PF):": "0.95",
            "Power:": "50W \u00b1 1W",
            "Replacement:": "Traditional high power 200W HPS",
            "Socket Type:": "E40 \u00a0E39 \u00a0E27 \u00a0E26",
            "Voltage:": "100~277VAC \u00a050-60Hz",
            "Warranty:": "5 Years"
        },
        "url": "1ledlight.com//9775354"
    },
    {
        "spec": {
            "Beam\u00a0Angle:": "120\u00b0",
            "Certifications:": "CE RoHS approved",
            "Color:": "Warm\u00a0White \u00a0Natural White \u00a0Cool White",
            "Color\u00a0Temperature:": "2800-3500K \u00a04000K-4500K \u00a05500K-6500K",
            "Dimensions:": "OD 187 * L298 mm",
            "LED Emitter Life:": "50,000 Hours",
            "LED Luminous Efficiency:": "> 100Lm/W",
            "LED\u00a0Quantity:": "4 * 60W high quality CREE COB LEDs",
            "Luminous\u00a0Flux:": "19000Lm \u00b1 1000Lm",
            "Material:": "Aluminum + PC + Fan",
            "Model\u00a0Number:": "HIL-200WD",
            "Operating Temperature:": "-20~60 \u2103",
            "Place\u00a0of\u00a0Origin:": "Shenzhen Guangdong",
            "Power Factor(PF):": "0.95",
            "Power:": "200W \u00b1 5W",
            "Replacement:": "Traditional high power 400W HPS",
            "Socket Type:": "E40 \u00a0E39",
            "Voltage:": "100~277VAC \u00a050-60Hz",
            "Warranty:": "5 Years"
        },
        "url": "1ledlight.com//10254516"
    },
    {
        "spec": {
            "Beam\u00a0Angle:": "360 degree",
            "Certifications:": "CE RoHS and TUV approved",
            "Color:": "Warm\u00a0White \u00a0Natural White \u00a0Cool White",
            "Color\u00a0Temperature:": "2800-3500K \u00a04000K-4500K \u00a05500K-6500K",
            "Dimensions:": "OD 146 * L305 mm",
            "IP Rating:": "IP64 (Waterproof and dustproof)",
            "LED Emitter Life:": "70,000 Hours",
            "LED Luminous Efficiency:": "> 110Lm/W",
            "LED\u00a0Quantity:": "336pcs SAMSUNG LEDs (LM561B)",
            "Luminous\u00a0Flux:": "14400Lm \u00b1 600Lm",
            "Model\u00a0Number:": "HSL-120WC",
            "Operating Temperature:": "-25~50 \u2103",
            "Place\u00a0of\u00a0Origin:": "Shenzhen Guangdong",
            "Power Factor:": "> 0.95",
            "Power:": "120W \u00b1 1W",
            "Replacement:": "Traditional high power 540W HID",
            "Socket Type:": "E40 \u00a0E39",
            "Voltage:": "100~277VAC \u00a050-60Hz",
            "Warranty:": "5 Years"
        },
        "url": "1ledlight.com//8601631"
    },
    {
        "spec": {
            "Beam\u00a0Angle:": "360 degree",
            "Certifications:": "CE RoHS and TUV approved",
            "Color:": "Warm\u00a0White \u00a0Natural White \u00a0Cool White",
            "Color\u00a0Temperature:": "2800-3500K \u00a04000K-4500K \u00a05500K-6500K",
            "Dimensions:": "OD 146 * L285 mm",
            "IP Rating:": "IP64 (Waterproof and dustproof)",
            "LED Emitter Life:": "70,000 Hours",
            "LED Luminous Efficiency:": "> 110Lm/W",
            "LED\u00a0Quantity:": "280pcs SAMSUNG LEDs (LM561B)",
            "Luminous\u00a0Flux:": "12000Lm \u00b1 500Lm",
            "Model\u00a0Number:": "HSL-100WC",
            "Operating Temperature:": "-25~50 \u2103",
            "Place\u00a0of\u00a0Origin:": "Shenzhen Guangdong",
            "Power Factor:": "> 0.95",
            "Power:": "100W \u00b1 1W",
            "Replacement:": "Traditional high power 450W HID",
            "Socket Type:": "E40 \u00a0E39",
            "Voltage:": "100~277VAC \u00a050-60Hz",
            "Warranty:": "5 Years"
        },
        "url": "1ledlight.com//232699"
    },
    {
        "spec": {
            "Beam\u00a0Angle:": "90\u00b0 \u00a0120\u00b0",
            "Certifications:": "CE RoHS approved",
            "Color:": "Warm\u00a0White \u00a0Natural White \u00a0Cool White",
            "Color\u00a0Temperature:": "2800-3500K \u00a04000K-4500K \u00a05500K-6500K",
            "Dimensions:": "OD 165 * L230 mm",
            "LED Emitter Life:": "50,000 Hours",
            "LED Luminous Efficiency:": "> 100Lm/W",
            "LED\u00a0Quantity:": "1 * 120W high quality CREE COB LEDs",
            "Luminous\u00a0Flux:": "11400Lm \u00b1 500Lm",
            "Material:": "Aluminum + PC + Fan",
            "Model\u00a0Number:": "HIL-120WD",
            "Operating Temperature:": "-20~60 \u2103",
            "Place\u00a0of\u00a0Origin:": "Shenzhen Guangdong",
            "Power Factor(PF):": "0.95",
            "Power:": "120W \u00b1 5W",
            "Replacement:": "Traditional high power 480W HPS",
            "Socket Type:": "E40 \u00a0E39 \u00a0E27 \u00a0E26",
            "Voltage:": "100~277VAC \u00a050-60Hz",
            "Warranty:": "5 Years"
        },
        "url": "1ledlight.com//10170600"
    },
    {
        "spec": {
            "Beam\u00a0Angle:": "90\u00b0 \u00a0120\u00b0",
            "Certifications:": "CE RoHS approved",
            "Color:": "Warm\u00a0White \u00a0Natural White \u00a0Cool White",
            "Color\u00a0Temperature:": "2800-3500K \u00a04000K-4500K \u00a05500K-6500K",
            "Dimensions:": "OD 125 * L220 mm",
            "LED Emitter Life:": "50,000 Hours",
            "LED Luminous Efficiency:": "> 100Lm/W",
            "LED\u00a0Quantity:": "1 * 60W high quality CREE COB LEDs",
            "Luminous\u00a0Flux:": "5700Lm \u00b1 200Lm",
            "Material:": "Aluminum + PC",
            "Model\u00a0Number:": "HIL-60WD",
            "Operating Temperature:": "-20~60 \u2103",
            "Place\u00a0of\u00a0Origin:": "Shenzhen Guangdong",
            "Power Factor(PF):": "0.95",
            "Power:": "60W \u00b1 1W",
            "Replacement:": "Traditional high power 240W HPS",
            "Socket Type:": "E40 \u00a0E39 \u00a0E27 \u00a0E26",
            "Voltage:": "100~277VAC \u00a050-60Hz",
            "Warranty:": "5 Years"
        },
        "url": "1ledlight.com//6331651"
    },
    {
        "spec": {
            "Beam\u00a0Angle:": "360 degree",
            "Certifications:": "CE RoHS and TUV approved",
            "Color:": "Warm\u00a0White \u00a0Natural White \u00a0Cool White",
            "Color\u00a0Temperature:": "2800-3500K \u00a04000K-4500K \u00a05500K-6500K",
            "Dimensions:": "OD 146 * L276 mm",
            "IP Rating:": "IP64 (Waterproof and dustproof)",
            "LED Emitter Life:": "70,000 Hours",
            "LED Luminous Efficiency:": "> 110Lm/W",
            "LED\u00a0Quantity:": "234pcs SAMSUNG LEDs (LM561B)",
            "Luminous\u00a0Flux:": "9600Lm \u00b1 400Lm",
            "Model\u00a0Number:": "HSL-80WC",
            "Operating Temperature:": "-25~50 \u2103",
            "Place\u00a0of\u00a0Origin:": "Shenzhen Guangdong",
            "Power Factor:": "> 0.95",
            "Power:": "80W \u00b1 1W",
            "Replacement:": "Traditional high power 360W HID",
            "Socket Type:": "E40 \u00a0E39",
            "Voltage:": "100~277VAC \u00a050-60Hz",
            "Warranty:": "5 Years"
        },
        "url": "1ledlight.com//3048834"
    },
    {
        "spec": {
            "Beam\u00a0Angle:": "60\u00b0 \u00a090\u00b0 \u00a0120\u00b0",
            "Certifications:": "CE RoHS approved",
            "Color:": "Warm\u00a0White \u00a0Natural White \u00a0Cool White",
            "Color\u00a0Temperature:": "2800-3500K \u00a04000K-4500K \u00a05500K-6500K",
            "Dimensions:": "OD 200 * L120 mm",
            "Hole Size:": "170 mm",
            "LED Emitter Life:": "50,000 Hours",
            "LED Luminous Efficiency:": "> 100Lm/W",
            "LED\u00a0Quantity:": "1 *50W high quality Cree COB LED",
            "Luminous\u00a0Flux:": "4800Lm \u00b1 100Lm",
            "Material:": "Aluminum + PC",
            "Model\u00a0Number:": "HDL-50WA",
            "Operating Temperature:": "-20~60 \u2103",
            "Place\u00a0of\u00a0Origin:": "Shenzhen Guangdong",
            "Power Factor(PF):": "0.95",
            "Power:": "50W \u00b1 1W",
            "Replacement:": "Traditional high power 100W down light",
            "Voltage:": "100~277VAC 50-60Hz \u00a012V/24VDC",
            "Warranty:": "3 Years"
        },
        "url": "1ledlight.com//11357167"
    },
    {
        "spec": {
            "Beam\u00a0Angle:": "120\u00b0",
            "Certifications:": "CE RoHS approved",
            "Color:": "Warm\u00a0White \u00a0Natural White \u00a0Cool White",
            "Color\u00a0Temperature:": "2800-3500K \u00a04000K-4500K \u00a05500K-6500K",
            "Dimensions:": "OD 165 * L240 mm",
            "LED Emitter Life:": "50,000 Hours",
            "LED Luminous Efficiency:": "> 100Lm/W",
            "LED\u00a0Quantity:": "3 * 60W high quality CREE COB LEDs",
            "Luminous\u00a0Flux:": "17000Lm \u00b1 500Lm",
            "Material:": "Aluminum + PC + Fan",
            "Model\u00a0Number:": "HIL-180WD",
            "Operating Temperature:": "-20~60 \u2103",
            "Place\u00a0of\u00a0Origin:": "Shenzhen Guangdong",
            "Power Factor(PF):": "0.95",
            "Power:": "180W \u00b1 5W",
            "Replacement:": "Traditional high power 350W HPS",
            "Socket Type:": "E40 \u00a0E39 \u00a0E27 \u00a0E26",
            "Voltage:": "100~277VAC \u00a050-60Hz",
            "Warranty:": "5 Years"
        },
        "url": "1ledlight.com//7628490"
    },
    {
        "spec": {
            "Beam\u00a0Angle:": "60\u00b0 \u00a090\u00b0 \u00a0120\u00b0",
            "Certifications:": "CE RoHS approved",
            "Color:": "Warm\u00a0White \u00a0Natural White \u00a0Cool White",
            "Color\u00a0Temperature:": "2800-3500K \u00a04000K-4500K \u00a05500K-6500K",
            "Dimensions:": "OD 200 * L120 mm",
            "Hole Size:": "170 mm",
            "LED Emitter Life:": "50,000 Hours",
            "LED Luminous Efficiency:": "> 100Lm/W",
            "LED\u00a0Quantity:": "1 *80W high quality Cree COB LED",
            "Luminous\u00a0Flux:": "7600Lm \u00b1 200Lm",
            "Material:": "Aluminum + PC",
            "Model\u00a0Number:": "HDL-80WA",
            "Operating Temperature:": "-20~60 \u2103",
            "Place\u00a0of\u00a0Origin:": "Shenzhen Guangdong",
            "Power Factor(PF):": "0.95",
            "Power:": "80W \u00b1 1W",
            "Replacement:": "Traditional high power 200W downlight",
            "Voltage:": "100~277VAC 50-60Hz \u00a012V/24VDC",
            "Warranty:": "3 Years"
        },
        "url": "1ledlight.com//2623072"
    },
    {
        "spec": {
            "Beam\u00a0Angle:": "60\u00b0 \u00a090\u00b0 \u00a0120\u00b0",
            "Certifications:": "CE RoHS approved",
            "Color:": "Warm\u00a0White \u00a0Natural White \u00a0Cool White",
            "Color\u00a0Temperature:": "2800-3500K \u00a04000K-4500K \u00a05500K-6500K",
            "Dimensions:": "OD 200 * L120 mm",
            "Hole Size:": "170 mm",
            "LED Emitter Life:": "50,000 Hours",
            "LED Luminous Efficiency:": "> 100Lm/W",
            "LED\u00a0Quantity:": "1 *80W high quality Cree COB LED",
            "Luminous\u00a0Flux:": "7600Lm \u00b1 200Lm",
            "Material:": "Aluminum + PC",
            "Model\u00a0Number:": "HDL-80WB",
            "Operating Temperature:": "-20~60 \u2103",
            "Place\u00a0of\u00a0Origin:": "Shenzhen Guangdong",
            "Power Factor(PF):": "0.95",
            "Power:": "80W \u00b1 1W",
            "Replacement:": "Traditional high power 200W downlight",
            "Voltage:": "100~277VAC 50-60Hz \u00a012V/24VDC",
            "Warranty:": "3 Years"
        },
        "url": "1ledlight.com//3803658"
    },
    {
        "spec": {
            "Beam\u00a0Angle:": "360 degree",
            "Certifications:": "CE RoHS and TUV approved",
            "Color:": "Warm\u00a0White \u00a0Natural White \u00a0Cool White",
            "Color\u00a0Temperature:": "2800-3500K \u00a04000K-4500K \u00a05500K-6500K",
            "Dimensions:": "OD 65 * L187 mm",
            "IP Rating:": "IP64 (Waterproof and dustproof)",
            "LED Emitter Life:": "50,000 Hours",
            "LED Luminous Efficiency:": "> 110Lm/W",
            "LED\u00a0Quantity:": "135pcs 2835 LEDs",
            "Luminous\u00a0Flux:": "2300Lm \u00b1 50Lm",
            "Material:": "PBT + Aluminum + PC",
            "Model\u00a0Number:": "HSL-20WD",
            "Operating Temperature:": "-25~50 \u2103",
            "Place\u00a0of\u00a0Origin:": "Shenzhen Guangdong",
            "Power:": "20W \u00b1 1W",
            "Replacement:": "Traditional high power 80W CFL",
            "Socket Type:": "E40 \u00a0E39 \u00a0E27 \u00a0E26",
            "Voltage:": "100~240VAC \u00a050-60Hz",
            "Warranty:": "5 Years"
        },
        "url": "1ledlight.com//5781794"
    }
]