{
    "1": [
        "http:///www.mypriceindia.com/174"
    ],
    "2": [
        "http:///www.mypriceindia.com/166"
    ],
    "4": [
        "http:///www.mypriceindia.com/771"
    ],
    "5": [
        "http:///www.mypriceindia.com/161"
    ],
    "6": [
        "http:///www.mypriceindia.com/86"
    ],
    "7": [
        "http:///www.mypriceindia.com/171"
    ],
    "9": [
        "http:///www.mypriceindia.com/715"
    ],
    "12": [
        "http:///www.mypriceindia.com/138"
    ],
    "15": [
        "http:///www.mypriceindia.com/786"
    ],
    "16": [
        "http:///www.mypriceindia.com/94"
    ],
    "19": [
        "http:///www.mypriceindia.com/719"
    ],
    "21": [
        "http:///www.mypriceindia.com/179"
    ],
    "22": [
        "http:///www.mypriceindia.com/45"
    ],
    "23": [
        "http:///www.mypriceindia.com/74"
    ],
    "25": [
        "http:///www.mypriceindia.com/684"
    ],
    "28": [
        "http:///www.mypriceindia.com/80"
    ],
    "29": [
        "http:///www.mypriceindia.com/85"
    ],
    "32": [
        "http:///www.mypriceindia.com/675"
    ],
    "33": [
        "http:///www.mypriceindia.com/135"
    ],
    "34": [
        "http:///www.mypriceindia.com/149"
    ],
    "36": [
        "http:///www.mypriceindia.com/713"
    ],
    "39": [
        "http:///www.mypriceindia.com/594",
        "http:///www.mypriceindia.com/693",
        "http:///www.mypriceindia.com/749"
    ],
    "40": [
        "http:///www.mypriceindia.com/99"
    ],
    "41": [
        "http:///www.mypriceindia.com/38",
        "http:///www.mypriceindia.com/683",
        "http:///www.mypriceindia.com/710",
        "http:///www.mypriceindia.com/714",
        "http:///www.mypriceindia.com/72",
        "http:///www.mypriceindia.com/747",
        "http:///www.mypriceindia.com/769"
    ],
    "42": [
        "http:///www.mypriceindia.com/187"
    ],
    "43": [
        "http:///www.mypriceindia.com/191",
        "http:///www.mypriceindia.com/23",
        "http:///www.mypriceindia.com/66",
        "http:///www.mypriceindia.com/773"
    ],
    "44": [
        "http:///www.mypriceindia.com/696",
        "http:///www.mypriceindia.com/705"
    ],
    "45": [
        "http:///www.mypriceindia.com/109"
    ],
    "46": [
        "http:///www.mypriceindia.com/583"
    ],
    "47": [
        "http:///www.mypriceindia.com/189"
    ],
    "49": [
        "http:///www.mypriceindia.com/16",
        "http:///www.mypriceindia.com/18",
        "http:///www.mypriceindia.com/19",
        "http:///www.mypriceindia.com/698"
    ],
    "50": [
        "http:///www.mypriceindia.com/112",
        "http:///www.mypriceindia.com/34"
    ],
    "51": [
        "http:///www.mypriceindia.com/39",
        "http:///www.mypriceindia.com/725"
    ],
    "54": [
        "http:///www.mypriceindia.com/140",
        "http:///www.mypriceindia.com/181",
        "http:///www.mypriceindia.com/59"
    ],
    "55": [
        "http:///www.mypriceindia.com/136"
    ],
    "56": [
        "http:///www.mypriceindia.com/27",
        "http:///www.mypriceindia.com/33",
        "http:///www.mypriceindia.com/57",
        "http:///www.mypriceindia.com/692",
        "http:///www.mypriceindia.com/697",
        "http:///www.mypriceindia.com/7"
    ],
    "57": [
        "http:///www.mypriceindia.com/103",
        "http:///www.mypriceindia.com/144",
        "http:///www.mypriceindia.com/170",
        "http:///www.mypriceindia.com/209",
        "http:///www.mypriceindia.com/593",
        "http:///www.mypriceindia.com/75"
    ],
    "58": [
        "http:///www.mypriceindia.com/104"
    ],
    "59": [
        "http:///www.mypriceindia.com/201"
    ],
    "60": [
        "http:///www.mypriceindia.com/142"
    ],
    "61": [
        "http:///www.mypriceindia.com/730",
        "http:///www.mypriceindia.com/750"
    ],
    "62": [
        "http:///www.mypriceindia.com/676"
    ],
    "64": [
        "http:///www.mypriceindia.com/105",
        "http:///www.mypriceindia.com/62",
        "http:///www.mypriceindia.com/677",
        "http:///www.mypriceindia.com/688"
    ],
    "65": [
        "http:///www.mypriceindia.com/214"
    ],
    "66": [
        "http:///www.mypriceindia.com/42",
        "http:///www.mypriceindia.com/712",
        "http:///www.mypriceindia.com/732",
        "http:///www.mypriceindia.com/736",
        "http:///www.mypriceindia.com/791"
    ],
    "71": [
        "http:///www.mypriceindia.com/211",
        "http:///www.mypriceindia.com/775"
    ],
    "72": [
        "http:///www.mypriceindia.com/785"
    ],
    "73": [
        "http:///www.mypriceindia.com/694"
    ],
    "75": [
        "http:///www.mypriceindia.com/56"
    ],
    "76": [
        "http:///www.mypriceindia.com/190"
    ],
    "77": [
        "http:///www.mypriceindia.com/172"
    ],
    "79": [
        "http:///www.mypriceindia.com/729"
    ],
    "80": [
        "http:///www.mypriceindia.com/37"
    ],
    "82": [
        "http:///www.mypriceindia.com/84"
    ],
    "83": [
        "http:///www.mypriceindia.com/733"
    ],
    "85": [
        "http:///www.mypriceindia.com/97"
    ],
    "86": [
        "http:///www.mypriceindia.com/787"
    ],
    "87": [
        "http:///www.mypriceindia.com/789"
    ],
    "88": [
        "http:///www.mypriceindia.com/743"
    ],
    "93": [
        "http:///www.mypriceindia.com/152"
    ],
    "94": [
        "http:///www.mypriceindia.com/178"
    ],
    "96": [
        "http:///www.mypriceindia.com/199"
    ],
    "97": [
        "http:///www.mypriceindia.com/41"
    ],
    "99": [
        "http:///www.mypriceindia.com/102",
        "http:///www.mypriceindia.com/64",
        "http:///www.mypriceindia.com/758"
    ],
    "100": [
        "http:///www.mypriceindia.com/162"
    ],
    "102": [
        "http:///www.mypriceindia.com/54",
        "http:///www.mypriceindia.com/746"
    ],
    "103": [
        "http:///www.mypriceindia.com/13",
        "http:///www.mypriceindia.com/134",
        "http:///www.mypriceindia.com/156",
        "http:///www.mypriceindia.com/586",
        "http:///www.mypriceindia.com/720"
    ],
    "104": [
        "http:///www.mypriceindia.com/145"
    ],
    "106": [
        "http:///www.mypriceindia.com/3",
        "http:///www.mypriceindia.com/585",
        "http:///www.mypriceindia.com/67"
    ],
    "107": [
        "http:///www.mypriceindia.com/128"
    ],
    "109": [
        "http:///www.mypriceindia.com/15"
    ],
    "110": [
        "http:///www.mypriceindia.com/139"
    ],
    "113": [
        "http:///www.mypriceindia.com/11"
    ],
    "114": [
        "http:///www.mypriceindia.com/193"
    ],
    "115": [
        "http:///www.mypriceindia.com/186"
    ],
    "116": [
        "http:///www.mypriceindia.com/167"
    ],
    "118": [
        "http:///www.mypriceindia.com/164",
        "http:///www.mypriceindia.com/197"
    ],
    "122": [
        "http:///www.mypriceindia.com/121",
        "http:///www.mypriceindia.com/717",
        "http:///www.mypriceindia.com/763"
    ],
    "123": [
        "http:///www.mypriceindia.com/73",
        "http:///www.mypriceindia.com/759"
    ],
    "125": [
        "http:///www.mypriceindia.com/101"
    ],
    "127": [
        "http:///www.mypriceindia.com/735"
    ],
    "128": [
        "http:///www.mypriceindia.com/48"
    ],
    "130": [
        "http:///www.mypriceindia.com/213",
        "http:///www.mypriceindia.com/35"
    ],
    "132": [
        "http:///www.mypriceindia.com/77"
    ],
    "133": [
        "http:///www.mypriceindia.com/155",
        "http:///www.mypriceindia.com/744"
    ],
    "135": [
        "http:///www.mypriceindia.com/790"
    ],
    "136": [
        "http:///www.mypriceindia.com/122",
        "http:///www.mypriceindia.com/724"
    ],
    "139": [
        "http:///www.mypriceindia.com/782"
    ],
    "140": [
        "http:///www.mypriceindia.com/726"
    ],
    "142": [
        "http:///www.mypriceindia.com/49",
        "http:///www.mypriceindia.com/754"
    ],
    "146": [
        "http:///www.mypriceindia.com/46"
    ],
    "148": [
        "http:///www.mypriceindia.com/29"
    ],
    "149": [
        "http:///www.mypriceindia.com/783",
        "http:///www.mypriceindia.com/797"
    ],
    "151": [
        "http:///www.mypriceindia.com/203"
    ],
    "152": [
        "http:///www.mypriceindia.com/185",
        "http:///www.mypriceindia.com/756"
    ],
    "154": [
        "http:///www.mypriceindia.com/98"
    ],
    "156": [
        "http:///www.mypriceindia.com/132",
        "http:///www.mypriceindia.com/686",
        "http:///www.mypriceindia.com/699",
        "http:///www.mypriceindia.com/700",
        "http:///www.mypriceindia.com/718",
        "http:///www.mypriceindia.com/92"
    ],
    "157": [
        "http:///www.mypriceindia.com/2"
    ],
    "158": [
        "http:///www.mypriceindia.com/28"
    ],
    "159": [
        "http:///www.mypriceindia.com/65"
    ],
    "160": [
        "http:///www.mypriceindia.com/120"
    ],
    "161": [
        "http:///www.mypriceindia.com/100"
    ],
    "163": [
        "http:///www.mypriceindia.com/148"
    ],
    "165": [
        "http:///www.mypriceindia.com/43"
    ],
    "166": [
        "http:///www.mypriceindia.com/82"
    ],
    "171": [
        "http:///www.mypriceindia.com/150"
    ],
    "172": [
        "http:///www.mypriceindia.com/767"
    ],
    "173": [
        "http:///www.mypriceindia.com/728"
    ],
    "176": [
        "http:///www.mypriceindia.com/176"
    ],
    "177": [
        "http:///www.mypriceindia.com/151"
    ],
    "178": [
        "http:///www.mypriceindia.com/68"
    ],
    "179": [
        "http:///www.mypriceindia.com/792"
    ],
    "182": [
        "http:///www.mypriceindia.com/711"
    ],
    "183": [
        "http:///www.mypriceindia.com/52"
    ],
    "185": [
        "http:///www.mypriceindia.com/61"
    ],
    "186": [
        "http:///www.mypriceindia.com/690"
    ],
    "189": [
        "http:///www.mypriceindia.com/192"
    ],
    "190": [
        "http:///www.mypriceindia.com/146"
    ],
    "191": [
        "http:///www.mypriceindia.com/723"
    ],
    "194": [
        "http:///www.mypriceindia.com/204"
    ],
    "196": [
        "http:///www.mypriceindia.com/36"
    ],
    "198": [
        "http:///www.mypriceindia.com/25"
    ],
    "213": [
        "http:///www.mypriceindia.com/83"
    ],
    "218": [
        "http:///www.mypriceindia.com/180"
    ],
    "221": [
        "http:///www.mypriceindia.com/206"
    ],
    "223": [
        "http:///www.mypriceindia.com/90"
    ],
    "224": [
        "http:///www.mypriceindia.com/798"
    ],
    "225": [
        "http:///www.mypriceindia.com/32"
    ],
    "227": [
        "http:///www.mypriceindia.com/737"
    ],
    "229": [
        "http:///www.mypriceindia.com/93"
    ],
    "230": [
        "http:///www.mypriceindia.com/63"
    ],
    "231": [
        "http:///www.mypriceindia.com/113"
    ],
    "235": [
        "http:///www.mypriceindia.com/126"
    ],
    "239": [
        "http:///www.mypriceindia.com/160"
    ],
    "241": [
        "http:///www.mypriceindia.com/20"
    ],
    "245": [
        "http:///www.mypriceindia.com/111"
    ],
    "249": [
        "http:///www.mypriceindia.com/4"
    ],
    "252": [
        "http:///www.mypriceindia.com/21"
    ],
    "256": [
        "http:///www.mypriceindia.com/129",
        "http:///www.mypriceindia.com/22"
    ],
    "258": [
        "http:///www.mypriceindia.com/703"
    ],
    "259": [
        "http:///www.mypriceindia.com/10"
    ],
    "261": [
        "http:///www.mypriceindia.com/154"
    ],
    "268": [
        "http:///www.mypriceindia.com/157"
    ],
    "271": [
        "http:///www.mypriceindia.com/53"
    ],
    "279": [
        "http:///www.mypriceindia.com/47"
    ],
    "281": [
        "http:///www.mypriceindia.com/734"
    ],
    "282": [
        "http:///www.mypriceindia.com/702"
    ],
    "283": [
        "http:///www.mypriceindia.com/741"
    ],
    "284": [
        "http:///www.mypriceindia.com/147"
    ],
    "289": [
        "http:///www.mypriceindia.com/159"
    ],
    "295": [
        "http:///www.mypriceindia.com/738",
        "http:///www.mypriceindia.com/8"
    ],
    "297": [
        "http:///www.mypriceindia.com/722"
    ],
    "299": [
        "http:///www.mypriceindia.com/158"
    ],
    "301": [
        "http:///www.mypriceindia.com/689"
    ],
    "302": [
        "http:///www.mypriceindia.com/196"
    ],
    "303": [
        "http:///www.mypriceindia.com/681"
    ],
    "309": [
        "http:///www.mypriceindia.com/114"
    ],
    "311": [
        "http:///www.mypriceindia.com/202"
    ],
    "313": [
        "http:///www.mypriceindia.com/55"
    ],
    "317": [
        "http:///www.mypriceindia.com/774"
    ],
    "320": [
        "http:///www.mypriceindia.com/137"
    ],
    "323": [
        "http:///www.mypriceindia.com/51"
    ],
    "326": [
        "http:///www.mypriceindia.com/195"
    ],
    "336": [
        "http:///www.mypriceindia.com/24"
    ],
    "347": [
        "http:///www.mypriceindia.com/205"
    ],
    "352": [
        "http:///www.mypriceindia.com/708"
    ],
    "353": [
        "http:///www.mypriceindia.com/30"
    ],
    "356": [
        "http:///www.mypriceindia.com/687"
    ],
    "357": [
        "http:///www.mypriceindia.com/1"
    ],
    "360": [
        "http:///www.mypriceindia.com/765"
    ],
    "361": [
        "http:///www.mypriceindia.com/793"
    ],
    "365": [
        "http:///www.mypriceindia.com/649"
    ],
    "371": [
        "http:///www.mypriceindia.com/153"
    ],
    "373": [
        "http:///www.mypriceindia.com/701"
    ],
    "374": [
        "http:///www.mypriceindia.com/751"
    ],
    "376": [
        "http:///www.mypriceindia.com/777"
    ],
    "379": [
        "http:///www.mypriceindia.com/194"
    ],
    "386": [
        "http:///www.mypriceindia.com/107"
    ],
    "390": [
        "http:///www.mypriceindia.com/796"
    ],
    "399": [
        "http:///www.mypriceindia.com/44"
    ],
    "409": [
        "http:///www.mypriceindia.com/757"
    ],
    "413": [
        "http:///www.mypriceindia.com/165"
    ],
    "417": [
        "http:///www.mypriceindia.com/761"
    ],
    "425": [
        "http:///www.mypriceindia.com/680"
    ],
    "431": [
        "http:///www.mypriceindia.com/81"
    ],
    "448": [
        "http:///www.mypriceindia.com/731"
    ],
    "453": [
        "http:///www.mypriceindia.com/618"
    ],
    "454": [
        "http:///www.mypriceindia.com/130"
    ],
    "458": [
        "http:///www.mypriceindia.com/764"
    ],
    "459": [
        "http:///www.mypriceindia.com/163"
    ],
    "465": [
        "http:///www.mypriceindia.com/595"
    ],
    "467": [
        "http:///www.mypriceindia.com/739"
    ],
    "469": [
        "http:///www.mypriceindia.com/26"
    ],
    "471": [
        "http:///www.mypriceindia.com/770"
    ],
    "475": [
        "http:///www.mypriceindia.com/795"
    ],
    "479": [
        "http:///www.mypriceindia.com/742"
    ],
    "487": [
        "http:///www.mypriceindia.com/740"
    ],
    "489": [
        "http:///www.mypriceindia.com/117"
    ],
    "490": [
        "http:///www.mypriceindia.com/780"
    ],
    "492": [
        "http:///www.mypriceindia.com/748"
    ],
    "496": [
        "http:///www.mypriceindia.com/116"
    ],
    "497": [
        "http:///www.mypriceindia.com/106"
    ],
    "505": [
        "http:///www.mypriceindia.com/69"
    ],
    "507": [
        "http:///www.mypriceindia.com/695"
    ],
    "513": [
        "http:///www.mypriceindia.com/141"
    ],
    "514": [
        "http:///www.mypriceindia.com/628"
    ],
    "516": [
        "http:///www.mypriceindia.com/762"
    ],
    "517": [
        "http:///www.mypriceindia.com/707"
    ],
    "518": [
        "http:///www.mypriceindia.com/188"
    ],
    "519": [
        "http:///www.mypriceindia.com/766"
    ],
    "527": [
        "http:///www.mypriceindia.com/91"
    ],
    "529": [
        "http:///www.mypriceindia.com/123"
    ],
    "532": [
        "http:///www.mypriceindia.com/79"
    ],
    "533": [
        "http:///www.mypriceindia.com/5"
    ],
    "535": [
        "http:///www.mypriceindia.com/753"
    ],
    "541": [
        "http:///www.mypriceindia.com/87"
    ],
    "544": [
        "http:///www.mypriceindia.com/17"
    ],
    "547": [
        "http:///www.mypriceindia.com/115"
    ],
    "548": [
        "http:///www.mypriceindia.com/682"
    ],
    "551": [
        "http:///www.mypriceindia.com/208"
    ],
    "555": [
        "http:///www.mypriceindia.com/60"
    ],
    "558": [
        "http:///www.mypriceindia.com/716"
    ],
    "559": [
        "http:///www.mypriceindia.com/752"
    ],
    "561": [
        "http:///www.mypriceindia.com/127"
    ],
    "564": [
        "http:///www.mypriceindia.com/779"
    ],
    "565": [
        "http:///www.mypriceindia.com/207"
    ],
    "566": [
        "http:///www.mypriceindia.com/679"
    ],
    "570": [
        "http:///www.mypriceindia.com/118"
    ],
    "572": [
        "http:///www.mypriceindia.com/95"
    ],
    "573": [
        "http:///www.mypriceindia.com/9"
    ],
    "574": [
        "http:///www.mypriceindia.com/788"
    ],
    "575": [
        "http:///www.mypriceindia.com/781"
    ],
    "576": [
        "http:///www.mypriceindia.com/78"
    ],
    "577": [
        "http:///www.mypriceindia.com/778"
    ],
    "578": [
        "http:///www.mypriceindia.com/772"
    ],
    "579": [
        "http:///www.mypriceindia.com/768"
    ],
    "580": [
        "http:///www.mypriceindia.com/760"
    ],
    "581": [
        "http:///www.mypriceindia.com/727"
    ],
    "582": [
        "http:///www.mypriceindia.com/721"
    ],
    "583": [
        "http:///www.mypriceindia.com/71"
    ],
    "584": [
        "http:///www.mypriceindia.com/70"
    ],
    "585": [
        "http:///www.mypriceindia.com/691"
    ],
    "586": [
        "http:///www.mypriceindia.com/685"
    ],
    "587": [
        "http:///www.mypriceindia.com/596"
    ],
    "588": [
        "http:///www.mypriceindia.com/50"
    ],
    "589": [
        "http:///www.mypriceindia.com/40"
    ],
    "590": [
        "http:///www.mypriceindia.com/215"
    ],
    "591": [
        "http:///www.mypriceindia.com/212"
    ],
    "592": [
        "http:///www.mypriceindia.com/210"
    ],
    "593": [
        "http:///www.mypriceindia.com/184"
    ],
    "594": [
        "http:///www.mypriceindia.com/182",
        "http:///www.mypriceindia.com/745"
    ],
    "595": [
        "http:///www.mypriceindia.com/175"
    ],
    "596": [
        "http:///www.mypriceindia.com/143"
    ],
    "597": [
        "http:///www.mypriceindia.com/133"
    ],
    "598": [
        "http:///www.mypriceindia.com/131"
    ],
    "599": [
        "http:///www.mypriceindia.com/119"
    ],
    "600": [
        "http:///www.mypriceindia.com/0"
    ],
    "673": [
        "http:///www.mypriceindia.com/31"
    ],
    "674": [
        "http:///www.mypriceindia.com/108"
    ],
    "677": [
        "http:///www.mypriceindia.com/706"
    ],
    "724": [
        "http:///www.mypriceindia.com/14"
    ]
}