{
    "ENTITY#12": [
        "http:///www.mypriceindia.com/85"
    ],
    "ENTITY#13": [
        "http:///www.mypriceindia.com/159"
    ],
    "ENTITY#14": [
        "http:///www.mypriceindia.com/122",
        "http:///www.mypriceindia.com/724"
    ],
    "ENTITY#16": [
        "http:///www.mypriceindia.com/155",
        "http:///www.mypriceindia.com/744"
    ],
    "ENTITY#18": [
        "http:///www.mypriceindia.com/191",
        "http:///www.mypriceindia.com/23",
        "http:///www.mypriceindia.com/66",
        "http:///www.mypriceindia.com/773"
    ],
    "ENTITY#19": [
        "http:///www.mypriceindia.com/3",
        "http:///www.mypriceindia.com/585",
        "http:///www.mypriceindia.com/67"
    ],
    "ENTITY#21": [
        "http:///www.mypriceindia.com/686",
        "http:///www.mypriceindia.com/699",
        "http:///www.mypriceindia.com/700",
        "http:///www.mypriceindia.com/718",
        "http:///www.mypriceindia.com/92"
    ],
    "ENTITY#22": [
        "http:///www.mypriceindia.com/211",
        "http:///www.mypriceindia.com/775"
    ],
    "ENTITY#29": [
        "http:///www.mypriceindia.com/713"
    ],
    "ENTITY#30": [
        "http:///www.mypriceindia.com/149"
    ],
    "ENTITY#34": [
        "http:///www.mypriceindia.com/128"
    ],
    "ENTITY#35": [
        "http:///www.mypriceindia.com/161"
    ],
    "ENTITY#36": [
        "http:///www.mypriceindia.com/42",
        "http:///www.mypriceindia.com/712",
        "http:///www.mypriceindia.com/732",
        "http:///www.mypriceindia.com/736",
        "http:///www.mypriceindia.com/791"
    ],
    "ENTITY#4": [
        "http:///www.mypriceindia.com/179"
    ],
    "ENTITY#42": [
        "http:///www.mypriceindia.com/178"
    ],
    "ENTITY#44": [
        "http:///www.mypriceindia.com/683",
        "http:///www.mypriceindia.com/710",
        "http:///www.mypriceindia.com/714",
        "http:///www.mypriceindia.com/72",
        "http:///www.mypriceindia.com/747",
        "http:///www.mypriceindia.com/769"
    ],
    "ENTITY#45": [
        "http:///www.mypriceindia.com/711"
    ],
    "ENTITY#48": [
        "http:///www.mypriceindia.com/172"
    ],
    "ENTITY#51": [
        "http:///www.mypriceindia.com/49",
        "http:///www.mypriceindia.com/754"
    ],
    "ENTITY#54": [
        "http:///www.mypriceindia.com/723"
    ],
    "ENTITY#57": [
        "http:///www.mypriceindia.com/63"
    ],
    "ENTITY#59": [
        "http:///www.mypriceindia.com/142"
    ],
    "ENTITY#6": [
        "http:///www.mypriceindia.com/16",
        "http:///www.mypriceindia.com/18",
        "http:///www.mypriceindia.com/19",
        "http:///www.mypriceindia.com/698"
    ],
    "ENTITY#61": [
        "http:///www.mypriceindia.com/738",
        "http:///www.mypriceindia.com/8"
    ],
    "ENTITY#62": [
        "http:///www.mypriceindia.com/164",
        "http:///www.mypriceindia.com/197"
    ],
    "ENTITY#64": [
        "http:///www.mypriceindia.com/98"
    ],
    "ENTITY#65": [
        "http:///www.mypriceindia.com/46"
    ],
    "ENTITY#66": [
        "http:///www.mypriceindia.com/27",
        "http:///www.mypriceindia.com/33",
        "http:///www.mypriceindia.com/57",
        "http:///www.mypriceindia.com/692",
        "http:///www.mypriceindia.com/697",
        "http:///www.mypriceindia.com/7"
    ],
    "ENTITY#67": [
        "http:///www.mypriceindia.com/687"
    ],
    "ENTITY#68": [
        "http:///www.mypriceindia.com/703"
    ],
    "ENTITY#69": [
        "http:///www.mypriceindia.com/52"
    ],
    "ENTITY#7": [
        "http:///www.mypriceindia.com/185",
        "http:///www.mypriceindia.com/756"
    ],
    "ENTITY#70": [
        "http:///www.mypriceindia.com/79"
    ],
    "ENTITY#71": [
        "http:///www.mypriceindia.com/163"
    ],
    "ENTITY#72": [
        "http:///www.mypriceindia.com/193"
    ],
    "ENTITY#73": [
        "http:///www.mypriceindia.com/56"
    ],
    "ENTITY#74": [
        "http:///www.mypriceindia.com/117"
    ],
    "ENTITY#75": [
        "http:///www.mypriceindia.com/213",
        "http:///www.mypriceindia.com/35"
    ],
    "ENTITY#76": [
        "http:///www.mypriceindia.com/730",
        "http:///www.mypriceindia.com/750"
    ],
    "ENTITY#79": [
        "http:///www.mypriceindia.com/48"
    ],
    "ENTITY#80": [
        "http:///www.mypriceindia.com/113"
    ],
    "ENTITY#81": [
        "http:///www.mypriceindia.com/83"
    ],
    "ENTITY#83": [
        "http:///www.mypriceindia.com/187"
    ],
    "ENTITY#86": [
        "http:///www.mypriceindia.com/94"
    ],
    "ENTITY#87": [
        "http:///www.mypriceindia.com/99"
    ],
    "ENTITY#89": [
        "http:///www.mypriceindia.com/786"
    ],
    "ENTITY#91": [
        "http:///www.mypriceindia.com/694"
    ],
    "ENTITY#92": [
        "http:///www.mypriceindia.com/771"
    ]
}