{
    "ENTITY#1": [
        "http:///www.ebay.com/46670"
    ],
    "ENTITY#10": [
        "http:///www.ebay.com/42414",
        "http:///www.ebay.com/42961",
        "http:///www.ebay.com/43248",
        "http:///www.ebay.com/43366",
        "http:///www.ebay.com/43721",
        "http:///www.ebay.com/44087",
        "http:///www.ebay.com/44288",
        "http:///www.ebay.com/47638",
        "http:///www.ebay.com/48333",
        "http:///www.ebay.com/53146",
        "http:///www.ebay.com/53323",
        "http:///www.ebay.com/54541",
        "http:///www.ebay.com/54604",
        "http:///www.ebay.com/56657",
        "http:///www.ebay.com/58303",
        "http:///www.ebay.com/59569",
        "http:///www.ebay.com/60234",
        "http:///www.ebay.com/60340"
    ],
    "ENTITY#11": [
        "http:///www.ebay.com/44188",
        "http:///www.ebay.com/54226",
        "http:///www.ebay.com/55870",
        "http:///www.ebay.com/56735"
    ],
    "ENTITY#12": [
        "http:///www.ebay.com/44947",
        "http:///www.ebay.com/52843"
    ],
    "ENTITY#13": [
        "http:///www.ebay.com/42834",
        "http:///www.ebay.com/43052",
        "http:///www.ebay.com/46939",
        "http:///www.ebay.com/47490",
        "http:///www.ebay.com/53055",
        "http:///www.ebay.com/54086",
        "http:///www.ebay.com/54217",
        "http:///www.ebay.com/58588",
        "http:///www.ebay.com/58912",
        "http:///www.ebay.com/59612"
    ],
    "ENTITY#14": [
        "http:///www.ebay.com/24620",
        "http:///www.ebay.com/24961",
        "http:///www.ebay.com/41964",
        "http:///www.ebay.com/42068",
        "http:///www.ebay.com/42086",
        "http:///www.ebay.com/42223",
        "http:///www.ebay.com/42371",
        "http:///www.ebay.com/43129",
        "http:///www.ebay.com/43224",
        "http:///www.ebay.com/43377",
        "http:///www.ebay.com/43790",
        "http:///www.ebay.com/44499",
        "http:///www.ebay.com/44715",
        "http:///www.ebay.com/44794",
        "http:///www.ebay.com/44869",
        "http:///www.ebay.com/44881",
        "http:///www.ebay.com/45632",
        "http:///www.ebay.com/45733",
        "http:///www.ebay.com/46068",
        "http:///www.ebay.com/46580",
        "http:///www.ebay.com/46638",
        "http:///www.ebay.com/47002",
        "http:///www.ebay.com/47171",
        "http:///www.ebay.com/47178",
        "http:///www.ebay.com/47529",
        "http:///www.ebay.com/47984",
        "http:///www.ebay.com/47994",
        "http:///www.ebay.com/48215",
        "http:///www.ebay.com/48227",
        "http:///www.ebay.com/48328",
        "http:///www.ebay.com/48466",
        "http:///www.ebay.com/52739",
        "http:///www.ebay.com/52874",
        "http:///www.ebay.com/53140",
        "http:///www.ebay.com/53517",
        "http:///www.ebay.com/53636",
        "http:///www.ebay.com/53929",
        "http:///www.ebay.com/54000",
        "http:///www.ebay.com/54031",
        "http:///www.ebay.com/54243",
        "http:///www.ebay.com/54488",
        "http:///www.ebay.com/54510",
        "http:///www.ebay.com/54535",
        "http:///www.ebay.com/55249",
        "http:///www.ebay.com/55314",
        "http:///www.ebay.com/55420",
        "http:///www.ebay.com/55492",
        "http:///www.ebay.com/55536",
        "http:///www.ebay.com/55672",
        "http:///www.ebay.com/55741",
        "http:///www.ebay.com/55902",
        "http:///www.ebay.com/55924",
        "http:///www.ebay.com/56373",
        "http:///www.ebay.com/56392",
        "http:///www.ebay.com/56593",
        "http:///www.ebay.com/56941",
        "http:///www.ebay.com/57012",
        "http:///www.ebay.com/57968",
        "http:///www.ebay.com/58015",
        "http:///www.ebay.com/58256",
        "http:///www.ebay.com/58319",
        "http:///www.ebay.com/58745",
        "http:///www.ebay.com/58758",
        "http:///www.ebay.com/58801",
        "http:///www.ebay.com/58850",
        "http:///www.ebay.com/58900",
        "http:///www.ebay.com/59573",
        "http:///www.ebay.com/59730",
        "http:///www.ebay.com/59765",
        "http:///www.ebay.com/60124",
        "http:///www.ebay.com/60473",
        "http:///www.ebay.com/60832",
        "http:///www.ebay.com/60853",
        "http:///www.ebay.com/60863"
    ],
    "ENTITY#15": [
        "http:///www.ebay.com/42562",
        "http:///www.ebay.com/43371",
        "http:///www.ebay.com/44746",
        "http:///www.ebay.com/44944",
        "http:///www.ebay.com/45328",
        "http:///www.ebay.com/46105",
        "http:///www.ebay.com/46354",
        "http:///www.ebay.com/47060",
        "http:///www.ebay.com/47522",
        "http:///www.ebay.com/54759",
        "http:///www.ebay.com/55553",
        "http:///www.ebay.com/56840",
        "http:///www.ebay.com/58818",
        "http:///www.ebay.com/59326"
    ],
    "ENTITY#16": [
        "http:///www.ebay.com/24351",
        "http:///www.ebay.com/24596",
        "http:///www.ebay.com/24887",
        "http:///www.ebay.com/25180",
        "http:///www.ebay.com/42268",
        "http:///www.ebay.com/42433",
        "http:///www.ebay.com/42504",
        "http:///www.ebay.com/42835",
        "http:///www.ebay.com/43020",
        "http:///www.ebay.com/43023",
        "http:///www.ebay.com/43228",
        "http:///www.ebay.com/43306",
        "http:///www.ebay.com/43731",
        "http:///www.ebay.com/44368",
        "http:///www.ebay.com/44412",
        "http:///www.ebay.com/44553",
        "http:///www.ebay.com/44570",
        "http:///www.ebay.com/44631",
        "http:///www.ebay.com/44667",
        "http:///www.ebay.com/44882",
        "http:///www.ebay.com/45209",
        "http:///www.ebay.com/45309",
        "http:///www.ebay.com/45557",
        "http:///www.ebay.com/45562",
        "http:///www.ebay.com/45846",
        "http:///www.ebay.com/46398",
        "http:///www.ebay.com/46644",
        "http:///www.ebay.com/46651",
        "http:///www.ebay.com/46682",
        "http:///www.ebay.com/46807",
        "http:///www.ebay.com/46983",
        "http:///www.ebay.com/47191",
        "http:///www.ebay.com/47469",
        "http:///www.ebay.com/47590",
        "http:///www.ebay.com/47854",
        "http:///www.ebay.com/48204",
        "http:///www.ebay.com/48599",
        "http:///www.ebay.com/48609",
        "http:///www.ebay.com/52734",
        "http:///www.ebay.com/52889",
        "http:///www.ebay.com/52928",
        "http:///www.ebay.com/53041",
        "http:///www.ebay.com/53041",
        "http:///www.ebay.com/53117",
        "http:///www.ebay.com/53352",
        "http:///www.ebay.com/53405",
        "http:///www.ebay.com/53562",
        "http:///www.ebay.com/54119",
        "http:///www.ebay.com/54314",
        "http:///www.ebay.com/54351",
        "http:///www.ebay.com/54358",
        "http:///www.ebay.com/54625",
        "http:///www.ebay.com/54641",
        "http:///www.ebay.com/54765",
        "http:///www.ebay.com/54765",
        "http:///www.ebay.com/54939",
        "http:///www.ebay.com/55066",
        "http:///www.ebay.com/55080",
        "http:///www.ebay.com/55230",
        "http:///www.ebay.com/55908",
        "http:///www.ebay.com/55935",
        "http:///www.ebay.com/56162",
        "http:///www.ebay.com/56259",
        "http:///www.ebay.com/56369",
        "http:///www.ebay.com/56445",
        "http:///www.ebay.com/56629",
        "http:///www.ebay.com/57211",
        "http:///www.ebay.com/58666",
        "http:///www.ebay.com/59174",
        "http:///www.ebay.com/59583",
        "http:///www.ebay.com/60231",
        "http:///www.ebay.com/60353",
        "http:///www.ebay.com/60479",
        "http:///www.ebay.com/60549",
        "http:///www.ebay.com/60673"
    ],
    "ENTITY#17": [
        "http:///www.ebay.com/24817",
        "http:///www.ebay.com/43729",
        "http:///www.ebay.com/43863",
        "http:///www.ebay.com/45447",
        "http:///www.ebay.com/47029",
        "http:///www.ebay.com/47243",
        "http:///www.ebay.com/56510",
        "http:///www.ebay.com/56913",
        "http:///www.ebay.com/57345"
    ],
    "ENTITY#18": [
        "http:///www.ebay.com/24237",
        "http:///www.ebay.com/24567",
        "http:///www.ebay.com/24695",
        "http:///www.ebay.com/24861",
        "http:///www.ebay.com/25038",
        "http:///www.ebay.com/25119",
        "http:///www.ebay.com/42161",
        "http:///www.ebay.com/42495",
        "http:///www.ebay.com/42502",
        "http:///www.ebay.com/42709",
        "http:///www.ebay.com/42766",
        "http:///www.ebay.com/42784",
        "http:///www.ebay.com/42860",
        "http:///www.ebay.com/42982",
        "http:///www.ebay.com/42982",
        "http:///www.ebay.com/43031",
        "http:///www.ebay.com/43070",
        "http:///www.ebay.com/43320",
        "http:///www.ebay.com/43506",
        "http:///www.ebay.com/43639",
        "http:///www.ebay.com/43968",
        "http:///www.ebay.com/43991",
        "http:///www.ebay.com/44230",
        "http:///www.ebay.com/44285",
        "http:///www.ebay.com/45239",
        "http:///www.ebay.com/45239",
        "http:///www.ebay.com/45239",
        "http:///www.ebay.com/45286",
        "http:///www.ebay.com/45593",
        "http:///www.ebay.com/45593",
        "http:///www.ebay.com/45593",
        "http:///www.ebay.com/45880",
        "http:///www.ebay.com/46512",
        "http:///www.ebay.com/46549",
        "http:///www.ebay.com/46556",
        "http:///www.ebay.com/46594",
        "http:///www.ebay.com/47038",
        "http:///www.ebay.com/47305",
        "http:///www.ebay.com/47312",
        "http:///www.ebay.com/47438",
        "http:///www.ebay.com/47503",
        "http:///www.ebay.com/47711",
        "http:///www.ebay.com/47731",
        "http:///www.ebay.com/47834",
        "http:///www.ebay.com/47842",
        "http:///www.ebay.com/47861",
        "http:///www.ebay.com/47952",
        "http:///www.ebay.com/47988",
        "http:///www.ebay.com/48124",
        "http:///www.ebay.com/48124",
        "http:///www.ebay.com/48124",
        "http:///www.ebay.com/48185",
        "http:///www.ebay.com/48369",
        "http:///www.ebay.com/48594",
        "http:///www.ebay.com/52762",
        "http:///www.ebay.com/52871",
        "http:///www.ebay.com/52897",
        "http:///www.ebay.com/52970",
        "http:///www.ebay.com/53160",
        "http:///www.ebay.com/53165",
        "http:///www.ebay.com/53247",
        "http:///www.ebay.com/53395",
        "http:///www.ebay.com/53440",
        "http:///www.ebay.com/53531",
        "http:///www.ebay.com/53531",
        "http:///www.ebay.com/53531",
        "http:///www.ebay.com/53537",
        "http:///www.ebay.com/53548",
        "http:///www.ebay.com/53586",
        "http:///www.ebay.com/53925",
        "http:///www.ebay.com/53925",
        "http:///www.ebay.com/53925",
        "http:///www.ebay.com/54076",
        "http:///www.ebay.com/54115",
        "http:///www.ebay.com/54125",
        "http:///www.ebay.com/54257",
        "http:///www.ebay.com/54319",
        "http:///www.ebay.com/54388",
        "http:///www.ebay.com/54422",
        "http:///www.ebay.com/54426",
        "http:///www.ebay.com/54517",
        "http:///www.ebay.com/54517",
        "http:///www.ebay.com/54517",
        "http:///www.ebay.com/54653",
        "http:///www.ebay.com/54657",
        "http:///www.ebay.com/55012",
        "http:///www.ebay.com/55158",
        "http:///www.ebay.com/55326",
        "http:///www.ebay.com/55529",
        "http:///www.ebay.com/55601",
        "http:///www.ebay.com/55684",
        "http:///www.ebay.com/55770",
        "http:///www.ebay.com/55824",
        "http:///www.ebay.com/55915",
        "http:///www.ebay.com/56076",
        "http:///www.ebay.com/56110",
        "http:///www.ebay.com/56138",
        "http:///www.ebay.com/56310",
        "http:///www.ebay.com/56528",
        "http:///www.ebay.com/56535",
        "http:///www.ebay.com/56911",
        "http:///www.ebay.com/56960",
        "http:///www.ebay.com/56960",
        "http:///www.ebay.com/56960",
        "http:///www.ebay.com/57003",
        "http:///www.ebay.com/57317",
        "http:///www.ebay.com/57506",
        "http:///www.ebay.com/58449",
        "http:///www.ebay.com/58630",
        "http:///www.ebay.com/58635",
        "http:///www.ebay.com/58969",
        "http:///www.ebay.com/59135",
        "http:///www.ebay.com/59197",
        "http:///www.ebay.com/59345",
        "http:///www.ebay.com/59347",
        "http:///www.ebay.com/59366",
        "http:///www.ebay.com/59819",
        "http:///www.ebay.com/60186",
        "http:///www.ebay.com/60282",
        "http:///www.ebay.com/60383",
        "http:///www.ebay.com/60508",
        "http:///www.ebay.com/60620",
        "http:///www.ebay.com/60741"
    ],
    "ENTITY#19": [
        "http:///www.ebay.com/23979",
        "http:///www.ebay.com/24056",
        "http:///www.ebay.com/42181",
        "http:///www.ebay.com/42269",
        "http:///www.ebay.com/42493",
        "http:///www.ebay.com/42953",
        "http:///www.ebay.com/42954",
        "http:///www.ebay.com/43684",
        "http:///www.ebay.com/44975",
        "http:///www.ebay.com/45748",
        "http:///www.ebay.com/47141",
        "http:///www.ebay.com/47448",
        "http:///www.ebay.com/47581",
        "http:///www.ebay.com/47735",
        "http:///www.ebay.com/48096",
        "http:///www.ebay.com/48282",
        "http:///www.ebay.com/48402",
        "http:///www.ebay.com/48956",
        "http:///www.ebay.com/53086",
        "http:///www.ebay.com/54199",
        "http:///www.ebay.com/54686",
        "http:///www.ebay.com/54945",
        "http:///www.ebay.com/55150",
        "http:///www.ebay.com/56223",
        "http:///www.ebay.com/56618",
        "http:///www.ebay.com/58944",
        "http:///www.ebay.com/59023",
        "http:///www.ebay.com/59143",
        "http:///www.ebay.com/59381",
        "http:///www.ebay.com/59529",
        "http:///www.ebay.com/59830",
        "http:///www.ebay.com/59832",
        "http:///www.ebay.com/60045"
    ],
    "ENTITY#20": [
        "http:///www.ebay.com/23984",
        "http:///www.ebay.com/24236",
        "http:///www.ebay.com/42421",
        "http:///www.ebay.com/43597",
        "http:///www.ebay.com/44072",
        "http:///www.ebay.com/44100",
        "http:///www.ebay.com/45303",
        "http:///www.ebay.com/45549",
        "http:///www.ebay.com/46852",
        "http:///www.ebay.com/53135",
        "http:///www.ebay.com/53194",
        "http:///www.ebay.com/56349",
        "http:///www.ebay.com/58614",
        "http:///www.ebay.com/58901"
    ],
    "ENTITY#21": [
        "http:///www.ebay.com/23934",
        "http:///www.ebay.com/24038",
        "http:///www.ebay.com/24229",
        "http:///www.ebay.com/24638",
        "http:///www.ebay.com/41945",
        "http:///www.ebay.com/42140",
        "http:///www.ebay.com/42401",
        "http:///www.ebay.com/42501",
        "http:///www.ebay.com/42621",
        "http:///www.ebay.com/42789",
        "http:///www.ebay.com/42983",
        "http:///www.ebay.com/43126",
        "http:///www.ebay.com/43402",
        "http:///www.ebay.com/43898",
        "http:///www.ebay.com/43923",
        "http:///www.ebay.com/43984",
        "http:///www.ebay.com/44163",
        "http:///www.ebay.com/44457",
        "http:///www.ebay.com/44470",
        "http:///www.ebay.com/44592",
        "http:///www.ebay.com/44832",
        "http:///www.ebay.com/44901",
        "http:///www.ebay.com/45102",
        "http:///www.ebay.com/45237",
        "http:///www.ebay.com/45253",
        "http:///www.ebay.com/45267",
        "http:///www.ebay.com/45315",
        "http:///www.ebay.com/45420",
        "http:///www.ebay.com/45433",
        "http:///www.ebay.com/45461",
        "http:///www.ebay.com/45826",
        "http:///www.ebay.com/45853",
        "http:///www.ebay.com/45898",
        "http:///www.ebay.com/45948",
        "http:///www.ebay.com/46017",
        "http:///www.ebay.com/46212",
        "http:///www.ebay.com/46500",
        "http:///www.ebay.com/46548",
        "http:///www.ebay.com/46855",
        "http:///www.ebay.com/46873",
        "http:///www.ebay.com/46967",
        "http:///www.ebay.com/47099",
        "http:///www.ebay.com/47616",
        "http:///www.ebay.com/47633",
        "http:///www.ebay.com/47852",
        "http:///www.ebay.com/48230",
        "http:///www.ebay.com/48240",
        "http:///www.ebay.com/48301",
        "http:///www.ebay.com/48327",
        "http:///www.ebay.com/48422",
        "http:///www.ebay.com/48424",
        "http:///www.ebay.com/48491",
        "http:///www.ebay.com/48564",
        "http:///www.ebay.com/48575",
        "http:///www.ebay.com/48604",
        "http:///www.ebay.com/48613",
        "http:///www.ebay.com/52860",
        "http:///www.ebay.com/53183",
        "http:///www.ebay.com/53276",
        "http:///www.ebay.com/53583",
        "http:///www.ebay.com/53593",
        "http:///www.ebay.com/53879",
        "http:///www.ebay.com/53915",
        "http:///www.ebay.com/54161",
        "http:///www.ebay.com/54254",
        "http:///www.ebay.com/54445",
        "http:///www.ebay.com/54465",
        "http:///www.ebay.com/54829",
        "http:///www.ebay.com/54894",
        "http:///www.ebay.com/54952",
        "http:///www.ebay.com/55307",
        "http:///www.ebay.com/55418",
        "http:///www.ebay.com/55485",
        "http:///www.ebay.com/55509",
        "http:///www.ebay.com/55613",
        "http:///www.ebay.com/55696",
        "http:///www.ebay.com/55743",
        "http:///www.ebay.com/55879",
        "http:///www.ebay.com/56793",
        "http:///www.ebay.com/56999",
        "http:///www.ebay.com/57076",
        "http:///www.ebay.com/57355",
        "http:///www.ebay.com/57397",
        "http:///www.ebay.com/58128",
        "http:///www.ebay.com/58187",
        "http:///www.ebay.com/58232",
        "http:///www.ebay.com/58865",
        "http:///www.ebay.com/58910",
        "http:///www.ebay.com/59172",
        "http:///www.ebay.com/59263",
        "http:///www.ebay.com/59997",
        "http:///www.ebay.com/60008",
        "http:///www.ebay.com/60067",
        "http:///www.ebay.com/60169",
        "http:///www.ebay.com/60330",
        "http:///www.ebay.com/60532",
        "http:///www.ebay.com/60734",
        "http:///www.ebay.com/60748",
        "http:///www.ebay.com/60918"
    ],
    "ENTITY#22": [
        "http:///www.ebay.com/42156",
        "http:///www.ebay.com/42185",
        "http:///www.ebay.com/42572",
        "http:///www.ebay.com/42598",
        "http:///www.ebay.com/43326",
        "http:///www.ebay.com/43788",
        "http:///www.ebay.com/43902",
        "http:///www.ebay.com/44777",
        "http:///www.ebay.com/44942",
        "http:///www.ebay.com/46730",
        "http:///www.ebay.com/47012",
        "http:///www.ebay.com/47337",
        "http:///www.ebay.com/53299",
        "http:///www.ebay.com/54559",
        "http:///www.ebay.com/55035",
        "http:///www.ebay.com/55207",
        "http:///www.ebay.com/55452",
        "http:///www.ebay.com/55717",
        "http:///www.ebay.com/55830",
        "http:///www.ebay.com/56812"
    ],
    "ENTITY#24": [
        "http:///www.ebay.com/47918"
    ],
    "ENTITY#26": [
        "http:///www.ebay.com/42565",
        "http:///www.ebay.com/44472",
        "http:///www.ebay.com/44928",
        "http:///www.ebay.com/46545",
        "http:///www.ebay.com/47229",
        "http:///www.ebay.com/52649",
        "http:///www.ebay.com/58622"
    ],
    "ENTITY#28": [
        "http:///www.ebay.com/43372",
        "http:///www.ebay.com/44158",
        "http:///www.ebay.com/44558",
        "http:///www.ebay.com/44701",
        "http:///www.ebay.com/45701",
        "http:///www.ebay.com/46703",
        "http:///www.ebay.com/47402",
        "http:///www.ebay.com/47422",
        "http:///www.ebay.com/54339",
        "http:///www.ebay.com/54385",
        "http:///www.ebay.com/54577",
        "http:///www.ebay.com/54929",
        "http:///www.ebay.com/55213",
        "http:///www.ebay.com/55841",
        "http:///www.ebay.com/55918",
        "http:///www.ebay.com/59303",
        "http:///www.ebay.com/59967",
        "http:///www.ebay.com/60923"
    ],
    "ENTITY#29": [
        "http:///www.ebay.com/24984",
        "http:///www.ebay.com/43015",
        "http:///www.ebay.com/43615",
        "http:///www.ebay.com/44283",
        "http:///www.ebay.com/44848",
        "http:///www.ebay.com/44998",
        "http:///www.ebay.com/45255",
        "http:///www.ebay.com/45318",
        "http:///www.ebay.com/45952",
        "http:///www.ebay.com/46355",
        "http:///www.ebay.com/46357",
        "http:///www.ebay.com/48089",
        "http:///www.ebay.com/53840",
        "http:///www.ebay.com/54610",
        "http:///www.ebay.com/56293",
        "http:///www.ebay.com/56881",
        "http:///www.ebay.com/58030",
        "http:///www.ebay.com/59020",
        "http:///www.ebay.com/59233",
        "http:///www.ebay.com/60196",
        "http:///www.ebay.com/60499"
    ],
    "ENTITY#3": [
        "http:///www.ebay.com/24481"
    ],
    "ENTITY#30": [
        "http:///www.ebay.com/42714",
        "http:///www.ebay.com/45065",
        "http:///www.ebay.com/45153",
        "http:///www.ebay.com/46462",
        "http:///www.ebay.com/48306",
        "http:///www.ebay.com/54405",
        "http:///www.ebay.com/55640",
        "http:///www.ebay.com/55998",
        "http:///www.ebay.com/56085",
        "http:///www.ebay.com/56733",
        "http:///www.ebay.com/60565",
        "http:///www.ebay.com/60786"
    ],
    "ENTITY#31": [
        "http:///www.ebay.com/55446"
    ],
    "ENTITY#32": [
        "http:///www.ebay.com/43179",
        "http:///www.ebay.com/43182",
        "http:///www.ebay.com/44015",
        "http:///www.ebay.com/53943",
        "http:///www.ebay.com/55156",
        "http:///www.ebay.com/55711",
        "http:///www.ebay.com/60641"
    ],
    "ENTITY#33": [
        "http:///www.ebay.com/46359",
        "http:///www.ebay.com/48482",
        "http:///www.ebay.com/58968"
    ],
    "ENTITY#34": [
        "http:///www.ebay.com/23868",
        "http:///www.ebay.com/23877",
        "http:///www.ebay.com/24051",
        "http:///www.ebay.com/24072",
        "http:///www.ebay.com/24391",
        "http:///www.ebay.com/24392",
        "http:///www.ebay.com/42383",
        "http:///www.ebay.com/42644",
        "http:///www.ebay.com/44769",
        "http:///www.ebay.com/45234",
        "http:///www.ebay.com/47128",
        "http:///www.ebay.com/47646",
        "http:///www.ebay.com/48465",
        "http:///www.ebay.com/53085",
        "http:///www.ebay.com/53622",
        "http:///www.ebay.com/54647",
        "http:///www.ebay.com/55333",
        "http:///www.ebay.com/56696",
        "http:///www.ebay.com/58330",
        "http:///www.ebay.com/59092",
        "http:///www.ebay.com/60033"
    ],
    "ENTITY#35": [
        "http:///www.ebay.com/23888",
        "http:///www.ebay.com/24937",
        "http:///www.ebay.com/53829",
        "http:///www.ebay.com/57981"
    ],
    "ENTITY#36": [
        "http:///www.ebay.com/24126",
        "http:///www.ebay.com/24155",
        "http:///www.ebay.com/24531",
        "http:///www.ebay.com/24544",
        "http:///www.ebay.com/24560",
        "http:///www.ebay.com/24569",
        "http:///www.ebay.com/24735",
        "http:///www.ebay.com/25010",
        "http:///www.ebay.com/25102",
        "http:///www.ebay.com/41906",
        "http:///www.ebay.com/42411",
        "http:///www.ebay.com/42547",
        "http:///www.ebay.com/42553",
        "http:///www.ebay.com/42555",
        "http:///www.ebay.com/42585",
        "http:///www.ebay.com/42712",
        "http:///www.ebay.com/42802",
        "http:///www.ebay.com/42831",
        "http:///www.ebay.com/42937",
        "http:///www.ebay.com/42985",
        "http:///www.ebay.com/43028",
        "http:///www.ebay.com/43484",
        "http:///www.ebay.com/43933",
        "http:///www.ebay.com/43953",
        "http:///www.ebay.com/44030",
        "http:///www.ebay.com/44070",
        "http:///www.ebay.com/44138",
        "http:///www.ebay.com/44196",
        "http:///www.ebay.com/44354",
        "http:///www.ebay.com/44463",
        "http:///www.ebay.com/44496",
        "http:///www.ebay.com/44526",
        "http:///www.ebay.com/44849",
        "http:///www.ebay.com/44904",
        "http:///www.ebay.com/45022",
        "http:///www.ebay.com/45064",
        "http:///www.ebay.com/45474",
        "http:///www.ebay.com/45855",
        "http:///www.ebay.com/46040",
        "http:///www.ebay.com/46064",
        "http:///www.ebay.com/46151",
        "http:///www.ebay.com/46329",
        "http:///www.ebay.com/46431",
        "http:///www.ebay.com/46440",
        "http:///www.ebay.com/46441",
        "http:///www.ebay.com/46823",
        "http:///www.ebay.com/47056",
        "http:///www.ebay.com/47304",
        "http:///www.ebay.com/47740",
        "http:///www.ebay.com/47935",
        "http:///www.ebay.com/47939",
        "http:///www.ebay.com/48003",
        "http:///www.ebay.com/48010",
        "http:///www.ebay.com/48179",
        "http:///www.ebay.com/48277",
        "http:///www.ebay.com/48524",
        "http:///www.ebay.com/48588",
        "http:///www.ebay.com/48590",
        "http:///www.ebay.com/48732",
        "http:///www.ebay.com/52608",
        "http:///www.ebay.com/52876",
        "http:///www.ebay.com/52963",
        "http:///www.ebay.com/52987",
        "http:///www.ebay.com/53016",
        "http:///www.ebay.com/53196",
        "http:///www.ebay.com/53447",
        "http:///www.ebay.com/53451",
        "http:///www.ebay.com/53453",
        "http:///www.ebay.com/53667",
        "http:///www.ebay.com/53901",
        "http:///www.ebay.com/54083",
        "http:///www.ebay.com/54158",
        "http:///www.ebay.com/54230",
        "http:///www.ebay.com/54238",
        "http:///www.ebay.com/54313",
        "http:///www.ebay.com/54374",
        "http:///www.ebay.com/54551",
        "http:///www.ebay.com/54662",
        "http:///www.ebay.com/55168",
        "http:///www.ebay.com/55477",
        "http:///www.ebay.com/55542",
        "http:///www.ebay.com/55725",
        "http:///www.ebay.com/55775",
        "http:///www.ebay.com/55798",
        "http:///www.ebay.com/55904",
        "http:///www.ebay.com/56439",
        "http:///www.ebay.com/56471",
        "http:///www.ebay.com/56499",
        "http:///www.ebay.com/56775",
        "http:///www.ebay.com/57047",
        "http:///www.ebay.com/57611",
        "http:///www.ebay.com/58869",
        "http:///www.ebay.com/59001",
        "http:///www.ebay.com/59242",
        "http:///www.ebay.com/59265",
        "http:///www.ebay.com/59289",
        "http:///www.ebay.com/59308",
        "http:///www.ebay.com/59390",
        "http:///www.ebay.com/59411",
        "http:///www.ebay.com/59415",
        "http:///www.ebay.com/59618",
        "http:///www.ebay.com/59639",
        "http:///www.ebay.com/59914",
        "http:///www.ebay.com/60084",
        "http:///www.ebay.com/60149",
        "http:///www.ebay.com/60271",
        "http:///www.ebay.com/60477",
        "http:///www.ebay.com/60533",
        "http:///www.ebay.com/60619",
        "http:///www.ebay.com/60674",
        "http:///www.ebay.com/60721",
        "http:///www.ebay.com/60796",
        "http:///www.ebay.com/60910"
    ],
    "ENTITY#37": [
        "http:///www.ebay.com/24416",
        "http:///www.ebay.com/24972",
        "http:///www.ebay.com/25039",
        "http:///www.ebay.com/42037",
        "http:///www.ebay.com/42055",
        "http:///www.ebay.com/42196",
        "http:///www.ebay.com/43538",
        "http:///www.ebay.com/43543",
        "http:///www.ebay.com/43785",
        "http:///www.ebay.com/44044",
        "http:///www.ebay.com/44573",
        "http:///www.ebay.com/44643",
        "http:///www.ebay.com/44644",
        "http:///www.ebay.com/45074",
        "http:///www.ebay.com/45137",
        "http:///www.ebay.com/45242",
        "http:///www.ebay.com/45481",
        "http:///www.ebay.com/45536",
        "http:///www.ebay.com/45749",
        "http:///www.ebay.com/46655",
        "http:///www.ebay.com/47577",
        "http:///www.ebay.com/47739",
        "http:///www.ebay.com/48251",
        "http:///www.ebay.com/48710",
        "http:///www.ebay.com/52627",
        "http:///www.ebay.com/52687",
        "http:///www.ebay.com/53706",
        "http:///www.ebay.com/53718",
        "http:///www.ebay.com/53871",
        "http:///www.ebay.com/53903",
        "http:///www.ebay.com/54324",
        "http:///www.ebay.com/54359",
        "http:///www.ebay.com/54391",
        "http:///www.ebay.com/54611",
        "http:///www.ebay.com/54797",
        "http:///www.ebay.com/54950",
        "http:///www.ebay.com/55277",
        "http:///www.ebay.com/55534",
        "http:///www.ebay.com/55745",
        "http:///www.ebay.com/55950",
        "http:///www.ebay.com/56206",
        "http:///www.ebay.com/56608",
        "http:///www.ebay.com/56923",
        "http:///www.ebay.com/57118",
        "http:///www.ebay.com/57702",
        "http:///www.ebay.com/58782",
        "http:///www.ebay.com/59301",
        "http:///www.ebay.com/59457",
        "http:///www.ebay.com/59544",
        "http:///www.ebay.com/60297",
        "http:///www.ebay.com/60617",
        "http:///www.ebay.com/60842"
    ],
    "ENTITY#38": [
        "http:///www.ebay.com/24777",
        "http:///www.ebay.com/43059",
        "http:///www.ebay.com/43965",
        "http:///www.ebay.com/44565",
        "http:///www.ebay.com/44843",
        "http:///www.ebay.com/46771",
        "http:///www.ebay.com/47369",
        "http:///www.ebay.com/47403",
        "http:///www.ebay.com/53101",
        "http:///www.ebay.com/53206",
        "http:///www.ebay.com/53953",
        "http:///www.ebay.com/53969",
        "http:///www.ebay.com/55455",
        "http:///www.ebay.com/58731",
        "http:///www.ebay.com/59770"
    ],
    "ENTITY#39": [
        "http:///www.ebay.com/44934",
        "http:///www.ebay.com/47730",
        "http:///www.ebay.com/48953",
        "http:///www.ebay.com/55352",
        "http:///www.ebay.com/59519"
    ],
    "ENTITY#4": [
        "http:///www.ebay.com/24966",
        "http:///www.ebay.com/46946",
        "http:///www.ebay.com/57049"
    ],
    "ENTITY#40": [
        "http:///www.ebay.com/43067",
        "http:///www.ebay.com/43801",
        "http:///www.ebay.com/44902",
        "http:///www.ebay.com/45085",
        "http:///www.ebay.com/45265",
        "http:///www.ebay.com/47934",
        "http:///www.ebay.com/52948",
        "http:///www.ebay.com/53972",
        "http:///www.ebay.com/55042",
        "http:///www.ebay.com/55723",
        "http:///www.ebay.com/57023",
        "http:///www.ebay.com/59241"
    ],
    "ENTITY#41": [
        "http:///www.ebay.com/43532",
        "http:///www.ebay.com/43606",
        "http:///www.ebay.com/45316",
        "http:///www.ebay.com/45796",
        "http:///www.ebay.com/46363",
        "http:///www.ebay.com/59869"
    ],
    "ENTITY#42": [
        "http:///www.ebay.com/24650",
        "http:///www.ebay.com/46607",
        "http:///www.ebay.com/55320"
    ],
    "ENTITY#43": [
        "http:///www.ebay.com/23890",
        "http:///www.ebay.com/24399",
        "http:///www.ebay.com/43428",
        "http:///www.ebay.com/44118",
        "http:///www.ebay.com/44696",
        "http:///www.ebay.com/47065",
        "http:///www.ebay.com/53607",
        "http:///www.ebay.com/60328"
    ],
    "ENTITY#44": [
        "http:///www.ebay.com/24625",
        "http:///www.ebay.com/24720",
        "http:///www.ebay.com/24967",
        "http:///www.ebay.com/41871",
        "http:///www.ebay.com/41940",
        "http:///www.ebay.com/41946",
        "http:///www.ebay.com/42010",
        "http:///www.ebay.com/42038",
        "http:///www.ebay.com/42039",
        "http:///www.ebay.com/42418",
        "http:///www.ebay.com/42607",
        "http:///www.ebay.com/42995",
        "http:///www.ebay.com/43019",
        "http:///www.ebay.com/43036",
        "http:///www.ebay.com/43061",
        "http:///www.ebay.com/43064",
        "http:///www.ebay.com/43118",
        "http:///www.ebay.com/43185",
        "http:///www.ebay.com/43434",
        "http:///www.ebay.com/43503",
        "http:///www.ebay.com/43536",
        "http:///www.ebay.com/43571",
        "http:///www.ebay.com/43643",
        "http:///www.ebay.com/43655",
        "http:///www.ebay.com/43705",
        "http:///www.ebay.com/43720",
        "http:///www.ebay.com/43811",
        "http:///www.ebay.com/43940",
        "http:///www.ebay.com/43998",
        "http:///www.ebay.com/44280",
        "http:///www.ebay.com/44355",
        "http:///www.ebay.com/44430",
        "http:///www.ebay.com/44625",
        "http:///www.ebay.com/44820",
        "http:///www.ebay.com/44852",
        "http:///www.ebay.com/44989",
        "http:///www.ebay.com/45066",
        "http:///www.ebay.com/45643",
        "http:///www.ebay.com/45750",
        "http:///www.ebay.com/45793",
        "http:///www.ebay.com/46468",
        "http:///www.ebay.com/46506",
        "http:///www.ebay.com/46586",
        "http:///www.ebay.com/46645",
        "http:///www.ebay.com/46832",
        "http:///www.ebay.com/46902",
        "http:///www.ebay.com/47043",
        "http:///www.ebay.com/47121",
        "http:///www.ebay.com/47328",
        "http:///www.ebay.com/47447",
        "http:///www.ebay.com/47452",
        "http:///www.ebay.com/47564",
        "http:///www.ebay.com/47672",
        "http:///www.ebay.com/47721",
        "http:///www.ebay.com/47725",
        "http:///www.ebay.com/47729",
        "http:///www.ebay.com/47932",
        "http:///www.ebay.com/48415",
        "http:///www.ebay.com/48493",
        "http:///www.ebay.com/48647",
        "http:///www.ebay.com/48713",
        "http:///www.ebay.com/48723",
        "http:///www.ebay.com/52691",
        "http:///www.ebay.com/52959",
        "http:///www.ebay.com/52992",
        "http:///www.ebay.com/53105",
        "http:///www.ebay.com/53179",
        "http:///www.ebay.com/53278",
        "http:///www.ebay.com/53376",
        "http:///www.ebay.com/54114",
        "http:///www.ebay.com/54120",
        "http:///www.ebay.com/54173",
        "http:///www.ebay.com/54403",
        "http:///www.ebay.com/54560",
        "http:///www.ebay.com/54721",
        "http:///www.ebay.com/54907",
        "http:///www.ebay.com/54991",
        "http:///www.ebay.com/55173",
        "http:///www.ebay.com/55400",
        "http:///www.ebay.com/55516",
        "http:///www.ebay.com/55768",
        "http:///www.ebay.com/55912",
        "http:///www.ebay.com/55934",
        "http:///www.ebay.com/56115",
        "http:///www.ebay.com/56218",
        "http:///www.ebay.com/56352",
        "http:///www.ebay.com/56451",
        "http:///www.ebay.com/56576",
        "http:///www.ebay.com/56662",
        "http:///www.ebay.com/56678",
        "http:///www.ebay.com/56845",
        "http:///www.ebay.com/56980",
        "http:///www.ebay.com/57139",
        "http:///www.ebay.com/57198",
        "http:///www.ebay.com/57346",
        "http:///www.ebay.com/58017",
        "http:///www.ebay.com/58178",
        "http:///www.ebay.com/58373",
        "http:///www.ebay.com/58577",
        "http:///www.ebay.com/58750",
        "http:///www.ebay.com/59054",
        "http:///www.ebay.com/59061",
        "http:///www.ebay.com/59124",
        "http:///www.ebay.com/59327",
        "http:///www.ebay.com/59606",
        "http:///www.ebay.com/59640",
        "http:///www.ebay.com/60432",
        "http:///www.ebay.com/60484",
        "http:///www.ebay.com/60601",
        "http:///www.ebay.com/60713",
        "http:///www.ebay.com/60806",
        "http:///www.ebay.com/60850",
        "http:///www.ebay.com/60868"
    ],
    "ENTITY#45": [
        "http:///www.ebay.com/24109",
        "http:///www.ebay.com/24671",
        "http:///www.ebay.com/24971",
        "http:///www.ebay.com/43043",
        "http:///www.ebay.com/44383",
        "http:///www.ebay.com/44748",
        "http:///www.ebay.com/47957",
        "http:///www.ebay.com/55610",
        "http:///www.ebay.com/55736",
        "http:///www.ebay.com/55859",
        "http:///www.ebay.com/56067",
        "http:///www.ebay.com/58599",
        "http:///www.ebay.com/58845"
    ],
    "ENTITY#46": [
        "http:///www.ebay.com/24524",
        "http:///www.ebay.com/25060",
        "http:///www.ebay.com/42386",
        "http:///www.ebay.com/45618",
        "http:///www.ebay.com/46301",
        "http:///www.ebay.com/47379",
        "http:///www.ebay.com/52652",
        "http:///www.ebay.com/53519",
        "http:///www.ebay.com/53633",
        "http:///www.ebay.com/55644",
        "http:///www.ebay.com/56944",
        "http:///www.ebay.com/58600",
        "http:///www.ebay.com/58704"
    ],
    "ENTITY#47": [
        "http:///www.ebay.com/42110",
        "http:///www.ebay.com/53837",
        "http:///www.ebay.com/56184",
        "http:///www.ebay.com/59454",
        "http:///www.ebay.com/60280"
    ],
    "ENTITY#48": [
        "http:///www.ebay.com/54065"
    ],
    "ENTITY#49": [
        "http:///www.ebay.com/43932",
        "http:///www.ebay.com/52732",
        "http:///www.ebay.com/53106",
        "http:///www.ebay.com/53319",
        "http:///www.ebay.com/53506",
        "http:///www.ebay.com/54448",
        "http:///www.ebay.com/54631",
        "http:///www.ebay.com/58809",
        "http:///www.ebay.com/59318",
        "http:///www.ebay.com/60079",
        "http:///www.ebay.com/60755"
    ],
    "ENTITY#5": [
        "http:///www.ebay.com/58455"
    ],
    "ENTITY#50": [
        "http:///www.ebay.com/42618",
        "http:///www.ebay.com/43692",
        "http:///www.ebay.com/43895",
        "http:///www.ebay.com/44052",
        "http:///www.ebay.com/46850",
        "http:///www.ebay.com/52798",
        "http:///www.ebay.com/52991",
        "http:///www.ebay.com/53082",
        "http:///www.ebay.com/55304",
        "http:///www.ebay.com/56116",
        "http:///www.ebay.com/56313",
        "http:///www.ebay.com/58561",
        "http:///www.ebay.com/59887"
    ],
    "ENTITY#51": [
        "http:///www.ebay.com/24127",
        "http:///www.ebay.com/25068",
        "http:///www.ebay.com/43079",
        "http:///www.ebay.com/43390",
        "http:///www.ebay.com/43967",
        "http:///www.ebay.com/44653",
        "http:///www.ebay.com/45011",
        "http:///www.ebay.com/45550",
        "http:///www.ebay.com/45627",
        "http:///www.ebay.com/45824",
        "http:///www.ebay.com/46168",
        "http:///www.ebay.com/46699",
        "http:///www.ebay.com/47283",
        "http:///www.ebay.com/47814",
        "http:///www.ebay.com/47853",
        "http:///www.ebay.com/48379",
        "http:///www.ebay.com/52753",
        "http:///www.ebay.com/52985",
        "http:///www.ebay.com/53609",
        "http:///www.ebay.com/54530",
        "http:///www.ebay.com/55030",
        "http:///www.ebay.com/55341",
        "http:///www.ebay.com/55704",
        "http:///www.ebay.com/56057",
        "http:///www.ebay.com/56566",
        "http:///www.ebay.com/58658"
    ],
    "ENTITY#52": [
        "http:///www.ebay.com/24147",
        "http:///www.ebay.com/42007",
        "http:///www.ebay.com/42455",
        "http:///www.ebay.com/45787",
        "http:///www.ebay.com/46621",
        "http:///www.ebay.com/48323",
        "http:///www.ebay.com/55893",
        "http:///www.ebay.com/56173"
    ],
    "ENTITY#53": [
        "http:///www.ebay.com/24091",
        "http:///www.ebay.com/42293",
        "http:///www.ebay.com/44348",
        "http:///www.ebay.com/45126",
        "http:///www.ebay.com/46201",
        "http:///www.ebay.com/46426",
        "http:///www.ebay.com/53399",
        "http:///www.ebay.com/56180",
        "http:///www.ebay.com/60699"
    ],
    "ENTITY#54": [
        "http:///www.ebay.com/24324",
        "http:///www.ebay.com/24679",
        "http:///www.ebay.com/41907",
        "http:///www.ebay.com/44510",
        "http:///www.ebay.com/44702",
        "http:///www.ebay.com/45013",
        "http:///www.ebay.com/46209",
        "http:///www.ebay.com/46962",
        "http:///www.ebay.com/47449",
        "http:///www.ebay.com/47523",
        "http:///www.ebay.com/47923",
        "http:///www.ebay.com/48622",
        "http:///www.ebay.com/48984",
        "http:///www.ebay.com/54634",
        "http:///www.ebay.com/55228",
        "http:///www.ebay.com/56009",
        "http:///www.ebay.com/56353",
        "http:///www.ebay.com/59163",
        "http:///www.ebay.com/60511"
    ],
    "ENTITY#55": [
        "http:///www.ebay.com/23885",
        "http:///www.ebay.com/42728",
        "http:///www.ebay.com/45057",
        "http:///www.ebay.com/45864",
        "http:///www.ebay.com/53079",
        "http:///www.ebay.com/53642",
        "http:///www.ebay.com/54165",
        "http:///www.ebay.com/55692",
        "http:///www.ebay.com/56741",
        "http:///www.ebay.com/56783",
        "http:///www.ebay.com/56952",
        "http:///www.ebay.com/57284",
        "http:///www.ebay.com/58640",
        "http:///www.ebay.com/58738",
        "http:///www.ebay.com/59779",
        "http:///www.ebay.com/59994"
    ],
    "ENTITY#56": [
        "http:///www.ebay.com/24404",
        "http:///www.ebay.com/42971",
        "http:///www.ebay.com/43429",
        "http:///www.ebay.com/43509",
        "http:///www.ebay.com/43598",
        "http:///www.ebay.com/44662",
        "http:///www.ebay.com/45577",
        "http:///www.ebay.com/45811",
        "http:///www.ebay.com/45962",
        "http:///www.ebay.com/46569",
        "http:///www.ebay.com/46778",
        "http:///www.ebay.com/46989",
        "http:///www.ebay.com/47925",
        "http:///www.ebay.com/48062",
        "http:///www.ebay.com/48113",
        "http:///www.ebay.com/48387",
        "http:///www.ebay.com/53156",
        "http:///www.ebay.com/53620",
        "http:///www.ebay.com/54129",
        "http:///www.ebay.com/56023",
        "http:///www.ebay.com/56078",
        "http:///www.ebay.com/56926",
        "http:///www.ebay.com/57615",
        "http:///www.ebay.com/59127",
        "http:///www.ebay.com/59499",
        "http:///www.ebay.com/59674",
        "http:///www.ebay.com/60745"
    ],
    "ENTITY#57": [
        "http:///www.ebay.com/24131",
        "http:///www.ebay.com/24811",
        "http:///www.ebay.com/42428",
        "http:///www.ebay.com/42569",
        "http:///www.ebay.com/42588",
        "http:///www.ebay.com/42595",
        "http:///www.ebay.com/42647",
        "http:///www.ebay.com/42729",
        "http:///www.ebay.com/42754",
        "http:///www.ebay.com/43191",
        "http:///www.ebay.com/43426",
        "http:///www.ebay.com/43688",
        "http:///www.ebay.com/43762",
        "http:///www.ebay.com/43873",
        "http:///www.ebay.com/44094",
        "http:///www.ebay.com/44132",
        "http:///www.ebay.com/44296",
        "http:///www.ebay.com/44734",
        "http:///www.ebay.com/44888",
        "http:///www.ebay.com/45184",
        "http:///www.ebay.com/45190",
        "http:///www.ebay.com/45198",
        "http:///www.ebay.com/45599",
        "http:///www.ebay.com/46185",
        "http:///www.ebay.com/46436",
        "http:///www.ebay.com/46467",
        "http:///www.ebay.com/46788",
        "http:///www.ebay.com/46813",
        "http:///www.ebay.com/46888",
        "http:///www.ebay.com/47009",
        "http:///www.ebay.com/47095",
        "http:///www.ebay.com/47139",
        "http:///www.ebay.com/47437",
        "http:///www.ebay.com/47733",
        "http:///www.ebay.com/47736",
        "http:///www.ebay.com/47748",
        "http:///www.ebay.com/48031",
        "http:///www.ebay.com/48051",
        "http:///www.ebay.com/48111",
        "http:///www.ebay.com/48268",
        "http:///www.ebay.com/48597",
        "http:///www.ebay.com/48610",
        "http:///www.ebay.com/48966",
        "http:///www.ebay.com/52786",
        "http:///www.ebay.com/52805",
        "http:///www.ebay.com/52946",
        "http:///www.ebay.com/53174",
        "http:///www.ebay.com/53632",
        "http:///www.ebay.com/53930",
        "http:///www.ebay.com/54255",
        "http:///www.ebay.com/54288",
        "http:///www.ebay.com/54411",
        "http:///www.ebay.com/54543",
        "http:///www.ebay.com/54892",
        "http:///www.ebay.com/55128",
        "http:///www.ebay.com/55172",
        "http:///www.ebay.com/55380",
        "http:///www.ebay.com/55555",
        "http:///www.ebay.com/55911",
        "http:///www.ebay.com/55984",
        "http:///www.ebay.com/56137",
        "http:///www.ebay.com/56626",
        "http:///www.ebay.com/56851",
        "http:///www.ebay.com/57071",
        "http:///www.ebay.com/57394",
        "http:///www.ebay.com/57722",
        "http:///www.ebay.com/58282",
        "http:///www.ebay.com/58855",
        "http:///www.ebay.com/58919",
        "http:///www.ebay.com/59599",
        "http:///www.ebay.com/59982",
        "http:///www.ebay.com/60011"
    ],
    "ENTITY#58": [
        "http:///www.ebay.com/45217",
        "http:///www.ebay.com/47975",
        "http:///www.ebay.com/60530"
    ],
    "ENTITY#59": [
        "http:///www.ebay.com/24741",
        "http:///www.ebay.com/47393",
        "http:///www.ebay.com/52625",
        "http:///www.ebay.com/56380",
        "http:///www.ebay.com/56597"
    ],
    "ENTITY#6": [
        "http:///www.ebay.com/24514",
        "http:///www.ebay.com/24832",
        "http:///www.ebay.com/41870",
        "http:///www.ebay.com/41882",
        "http:///www.ebay.com/42551",
        "http:///www.ebay.com/42652",
        "http:///www.ebay.com/42948",
        "http:///www.ebay.com/43623",
        "http:///www.ebay.com/43627",
        "http:///www.ebay.com/43922",
        "http:///www.ebay.com/43964",
        "http:///www.ebay.com/44238",
        "http:///www.ebay.com/44308",
        "http:///www.ebay.com/44873",
        "http:///www.ebay.com/45171",
        "http:///www.ebay.com/45352",
        "http:///www.ebay.com/45375",
        "http:///www.ebay.com/45676",
        "http:///www.ebay.com/46096",
        "http:///www.ebay.com/46169",
        "http:///www.ebay.com/46259",
        "http:///www.ebay.com/46963",
        "http:///www.ebay.com/47154",
        "http:///www.ebay.com/47728",
        "http:///www.ebay.com/47951",
        "http:///www.ebay.com/48452",
        "http:///www.ebay.com/48538",
        "http:///www.ebay.com/52884",
        "http:///www.ebay.com/52998",
        "http:///www.ebay.com/53104",
        "http:///www.ebay.com/53290",
        "http:///www.ebay.com/54539",
        "http:///www.ebay.com/54667",
        "http:///www.ebay.com/55458",
        "http:///www.ebay.com/55734",
        "http:///www.ebay.com/55746",
        "http:///www.ebay.com/56340",
        "http:///www.ebay.com/56420",
        "http:///www.ebay.com/56572",
        "http:///www.ebay.com/56652",
        "http:///www.ebay.com/57123",
        "http:///www.ebay.com/57674",
        "http:///www.ebay.com/58617",
        "http:///www.ebay.com/58796",
        "http:///www.ebay.com/59013",
        "http:///www.ebay.com/59100",
        "http:///www.ebay.com/60085",
        "http:///www.ebay.com/60201",
        "http:///www.ebay.com/60263",
        "http:///www.ebay.com/60528"
    ],
    "ENTITY#61": [
        "http:///www.ebay.com/24146",
        "http:///www.ebay.com/25123",
        "http:///www.ebay.com/42966",
        "http:///www.ebay.com/43628",
        "http:///www.ebay.com/44556",
        "http:///www.ebay.com/44620",
        "http:///www.ebay.com/44735",
        "http:///www.ebay.com/44951",
        "http:///www.ebay.com/46518",
        "http:///www.ebay.com/47392",
        "http:///www.ebay.com/48296",
        "http:///www.ebay.com/48365",
        "http:///www.ebay.com/52699",
        "http:///www.ebay.com/52865",
        "http:///www.ebay.com/53547",
        "http:///www.ebay.com/55122",
        "http:///www.ebay.com/55327",
        "http:///www.ebay.com/55720",
        "http:///www.ebay.com/56710",
        "http:///www.ebay.com/56933",
        "http:///www.ebay.com/57440",
        "http:///www.ebay.com/60584",
        "http:///www.ebay.com/60783"
    ],
    "ENTITY#62": [
        "http:///www.ebay.com/24758",
        "http:///www.ebay.com/41987",
        "http:///www.ebay.com/42477",
        "http:///www.ebay.com/44189",
        "http:///www.ebay.com/44771",
        "http:///www.ebay.com/45031",
        "http:///www.ebay.com/45262",
        "http:///www.ebay.com/46759",
        "http:///www.ebay.com/47389",
        "http:///www.ebay.com/54066",
        "http:///www.ebay.com/54341",
        "http:///www.ebay.com/55622",
        "http:///www.ebay.com/56769",
        "http:///www.ebay.com/56920",
        "http:///www.ebay.com/58690"
    ],
    "ENTITY#63": [
        "http:///www.ebay.com/42902",
        "http:///www.ebay.com/44608",
        "http:///www.ebay.com/45891",
        "http:///www.ebay.com/46081",
        "http:///www.ebay.com/48084"
    ],
    "ENTITY#64": [
        "http:///www.ebay.com/43712",
        "http:///www.ebay.com/43715",
        "http:///www.ebay.com/45804",
        "http:///www.ebay.com/48009",
        "http:///www.ebay.com/48292",
        "http:///www.ebay.com/52719",
        "http:///www.ebay.com/53335",
        "http:///www.ebay.com/53518",
        "http:///www.ebay.com/54705",
        "http:///www.ebay.com/54787",
        "http:///www.ebay.com/57488",
        "http:///www.ebay.com/59068",
        "http:///www.ebay.com/59280",
        "http:///www.ebay.com/60143",
        "http:///www.ebay.com/60187",
        "http:///www.ebay.com/60265",
        "http:///www.ebay.com/60471"
    ],
    "ENTITY#66": [
        "http:///www.ebay.com/55015"
    ],
    "ENTITY#67": [
        "http:///www.ebay.com/24916",
        "http:///www.ebay.com/25081",
        "http:///www.ebay.com/46947"
    ],
    "ENTITY#68": [
        "http:///www.ebay.com/24330",
        "http:///www.ebay.com/46684",
        "http:///www.ebay.com/46718",
        "http:///www.ebay.com/48313",
        "http:///www.ebay.com/54168",
        "http:///www.ebay.com/56864",
        "http:///www.ebay.com/57890"
    ],
    "ENTITY#69": [
        "http:///www.ebay.com/46694"
    ],
    "ENTITY#7": [
        "http:///www.ebay.com/23959",
        "http:///www.ebay.com/24211",
        "http:///www.ebay.com/24586",
        "http:///www.ebay.com/25046",
        "http:///www.ebay.com/25067",
        "http:///www.ebay.com/42021",
        "http:///www.ebay.com/42036",
        "http:///www.ebay.com/45048",
        "http:///www.ebay.com/45259",
        "http:///www.ebay.com/45586",
        "http:///www.ebay.com/45969",
        "http:///www.ebay.com/46029",
        "http:///www.ebay.com/47630",
        "http:///www.ebay.com/47841",
        "http:///www.ebay.com/47958",
        "http:///www.ebay.com/48254",
        "http:///www.ebay.com/53327",
        "http:///www.ebay.com/53715",
        "http:///www.ebay.com/53937",
        "http:///www.ebay.com/54514",
        "http:///www.ebay.com/54711",
        "http:///www.ebay.com/54843",
        "http:///www.ebay.com/54875",
        "http:///www.ebay.com/55828",
        "http:///www.ebay.com/56903",
        "http:///www.ebay.com/57048",
        "http:///www.ebay.com/58644",
        "http:///www.ebay.com/58987",
        "http:///www.ebay.com/59627",
        "http:///www.ebay.com/59970",
        "http:///www.ebay.com/60092",
        "http:///www.ebay.com/60813"
    ],
    "ENTITY#70": [
        "http:///www.ebay.com/24164"
    ],
    "ENTITY#71": [
        "http:///www.ebay.com/47473",
        "http:///www.ebay.com/53005",
        "http:///www.ebay.com/56848",
        "http:///www.ebay.com/57726"
    ],
    "ENTITY#72": [
        "http:///www.ebay.com/24203",
        "http:///www.ebay.com/45883",
        "http:///www.ebay.com/46202",
        "http:///www.ebay.com/46742",
        "http:///www.ebay.com/52918",
        "http:///www.ebay.com/53059",
        "http:///www.ebay.com/54037",
        "http:///www.ebay.com/54300",
        "http:///www.ebay.com/55014",
        "http:///www.ebay.com/55163",
        "http:///www.ebay.com/56249",
        "http:///www.ebay.com/56624",
        "http:///www.ebay.com/59033"
    ],
    "ENTITY#73": [
        "http:///www.ebay.com/44143",
        "http:///www.ebay.com/44187",
        "http:///www.ebay.com/47442",
        "http:///www.ebay.com/48021",
        "http:///www.ebay.com/52712",
        "http:///www.ebay.com/57700",
        "http:///www.ebay.com/57775",
        "http:///www.ebay.com/58036",
        "http:///www.ebay.com/59923",
        "http:///www.ebay.com/60877"
    ],
    "ENTITY#74": [
        "http:///www.ebay.com/48364",
        "http:///www.ebay.com/58876"
    ],
    "ENTITY#76": [
        "http:///www.ebay.com/25153",
        "http:///www.ebay.com/41955",
        "http:///www.ebay.com/42192",
        "http:///www.ebay.com/42458",
        "http:///www.ebay.com/43670",
        "http:///www.ebay.com/43693",
        "http:///www.ebay.com/43732",
        "http:///www.ebay.com/43970",
        "http:///www.ebay.com/44821",
        "http:///www.ebay.com/44865",
        "http:///www.ebay.com/45364",
        "http:///www.ebay.com/45525",
        "http:///www.ebay.com/46127",
        "http:///www.ebay.com/47081",
        "http:///www.ebay.com/47181",
        "http:///www.ebay.com/47270",
        "http:///www.ebay.com/47579",
        "http:///www.ebay.com/47653",
        "http:///www.ebay.com/47799",
        "http:///www.ebay.com/47964",
        "http:///www.ebay.com/47985",
        "http:///www.ebay.com/48339",
        "http:///www.ebay.com/48352",
        "http:///www.ebay.com/52957",
        "http:///www.ebay.com/54018",
        "http:///www.ebay.com/54041",
        "http:///www.ebay.com/54212",
        "http:///www.ebay.com/54575",
        "http:///www.ebay.com/54831",
        "http:///www.ebay.com/55589",
        "http:///www.ebay.com/56000",
        "http:///www.ebay.com/56343",
        "http:///www.ebay.com/56432",
        "http:///www.ebay.com/58718",
        "http:///www.ebay.com/58895",
        "http:///www.ebay.com/59257",
        "http:///www.ebay.com/59497",
        "http:///www.ebay.com/59563",
        "http:///www.ebay.com/60062",
        "http:///www.ebay.com/60181",
        "http:///www.ebay.com/60305",
        "http:///www.ebay.com/60696",
        "http:///www.ebay.com/60867"
    ],
    "ENTITY#77": [
        "http:///www.ebay.com/42325",
        "http:///www.ebay.com/43499",
        "http:///www.ebay.com/43846",
        "http:///www.ebay.com/45766",
        "http:///www.ebay.com/45789",
        "http:///www.ebay.com/47338",
        "http:///www.ebay.com/47484",
        "http:///www.ebay.com/54983",
        "http:///www.ebay.com/59773",
        "http:///www.ebay.com/60126"
    ],
    "ENTITY#78": [
        "http:///www.ebay.com/24299",
        "http:///www.ebay.com/25098",
        "http:///www.ebay.com/44386",
        "http:///www.ebay.com/45206",
        "http:///www.ebay.com/46925",
        "http:///www.ebay.com/47322",
        "http:///www.ebay.com/57039",
        "http:///www.ebay.com/59181"
    ],
    "ENTITY#79": [
        "http:///www.ebay.com/24451",
        "http:///www.ebay.com/24924",
        "http:///www.ebay.com/41934",
        "http:///www.ebay.com/42186",
        "http:///www.ebay.com/42294",
        "http:///www.ebay.com/42735",
        "http:///www.ebay.com/43032",
        "http:///www.ebay.com/43197",
        "http:///www.ebay.com/44085",
        "http:///www.ebay.com/46187",
        "http:///www.ebay.com/46448",
        "http:///www.ebay.com/47068",
        "http:///www.ebay.com/47920",
        "http:///www.ebay.com/54980",
        "http:///www.ebay.com/55783",
        "http:///www.ebay.com/56093",
        "http:///www.ebay.com/56370",
        "http:///www.ebay.com/56635",
        "http:///www.ebay.com/58431",
        "http:///www.ebay.com/59348",
        "http:///www.ebay.com/60789"
    ],
    "ENTITY#8": [
        "http:///www.ebay.com/24663",
        "http:///www.ebay.com/24760",
        "http:///www.ebay.com/25088",
        "http:///www.ebay.com/42517",
        "http:///www.ebay.com/43259",
        "http:///www.ebay.com/43789",
        "http:///www.ebay.com/44206",
        "http:///www.ebay.com/44396",
        "http:///www.ebay.com/44418",
        "http:///www.ebay.com/44864",
        "http:///www.ebay.com/45162",
        "http:///www.ebay.com/45326",
        "http:///www.ebay.com/45559",
        "http:///www.ebay.com/46098",
        "http:///www.ebay.com/47062",
        "http:///www.ebay.com/47107",
        "http:///www.ebay.com/47509",
        "http:///www.ebay.com/48977",
        "http:///www.ebay.com/53212",
        "http:///www.ebay.com/53249",
        "http:///www.ebay.com/54693",
        "http:///www.ebay.com/54722",
        "http:///www.ebay.com/55336",
        "http:///www.ebay.com/56062",
        "http:///www.ebay.com/56901",
        "http:///www.ebay.com/56994",
        "http:///www.ebay.com/57000",
        "http:///www.ebay.com/57137",
        "http:///www.ebay.com/58647",
        "http:///www.ebay.com/59340",
        "http:///www.ebay.com/60718"
    ],
    "ENTITY#80": [
        "http:///www.ebay.com/25151",
        "http:///www.ebay.com/43260",
        "http:///www.ebay.com/43741",
        "http:///www.ebay.com/46356",
        "http:///www.ebay.com/56496",
        "http:///www.ebay.com/56756",
        "http:///www.ebay.com/60118"
    ],
    "ENTITY#81": [
        "http:///www.ebay.com/46089",
        "http:///www.ebay.com/54333",
        "http:///www.ebay.com/56176"
    ],
    "ENTITY#82": [
        "http:///www.ebay.com/24040",
        "http:///www.ebay.com/24749",
        "http:///www.ebay.com/43380",
        "http:///www.ebay.com/43546",
        "http:///www.ebay.com/44786",
        "http:///www.ebay.com/46974",
        "http:///www.ebay.com/47903",
        "http:///www.ebay.com/57011"
    ],
    "ENTITY#84": [
        "http:///www.ebay.com/24654",
        "http:///www.ebay.com/24828",
        "http:///www.ebay.com/42462",
        "http:///www.ebay.com/42622",
        "http:///www.ebay.com/42654",
        "http:///www.ebay.com/43051",
        "http:///www.ebay.com/43507",
        "http:///www.ebay.com/43610",
        "http:///www.ebay.com/43713",
        "http:///www.ebay.com/44156",
        "http:///www.ebay.com/44415",
        "http:///www.ebay.com/44647",
        "http:///www.ebay.com/44784",
        "http:///www.ebay.com/44994",
        "http:///www.ebay.com/45049",
        "http:///www.ebay.com/45589",
        "http:///www.ebay.com/46219",
        "http:///www.ebay.com/47332",
        "http:///www.ebay.com/47635",
        "http:///www.ebay.com/47876",
        "http:///www.ebay.com/48187",
        "http:///www.ebay.com/48464",
        "http:///www.ebay.com/48607",
        "http:///www.ebay.com/48736",
        "http:///www.ebay.com/52751",
        "http:///www.ebay.com/52818",
        "http:///www.ebay.com/52832",
        "http:///www.ebay.com/53849",
        "http:///www.ebay.com/54221",
        "http:///www.ebay.com/54622",
        "http:///www.ebay.com/54665",
        "http:///www.ebay.com/54815",
        "http:///www.ebay.com/55020",
        "http:///www.ebay.com/55242",
        "http:///www.ebay.com/55305",
        "http:///www.ebay.com/55507",
        "http:///www.ebay.com/55525",
        "http:///www.ebay.com/55570",
        "http:///www.ebay.com/55765",
        "http:///www.ebay.com/55868",
        "http:///www.ebay.com/55953",
        "http:///www.ebay.com/56782",
        "http:///www.ebay.com/58058",
        "http:///www.ebay.com/59062",
        "http:///www.ebay.com/59202",
        "http:///www.ebay.com/59643",
        "http:///www.ebay.com/59850",
        "http:///www.ebay.com/59975",
        "http:///www.ebay.com/59981",
        "http:///www.ebay.com/60136",
        "http:///www.ebay.com/60449",
        "http:///www.ebay.com/60585",
        "http:///www.ebay.com/60632"
    ],
    "ENTITY#85": [
        "http:///www.ebay.com/41910",
        "http:///www.ebay.com/43178",
        "http:///www.ebay.com/46923",
        "http:///www.ebay.com/46982",
        "http:///www.ebay.com/47384",
        "http:///www.ebay.com/53204",
        "http:///www.ebay.com/54512",
        "http:///www.ebay.com/56747"
    ],
    "ENTITY#86": [
        "http:///www.ebay.com/24979",
        "http:///www.ebay.com/42808",
        "http:///www.ebay.com/43463",
        "http:///www.ebay.com/43856",
        "http:///www.ebay.com/45509",
        "http:///www.ebay.com/45726",
        "http:///www.ebay.com/46522",
        "http:///www.ebay.com/46591",
        "http:///www.ebay.com/54481",
        "http:///www.ebay.com/54872",
        "http:///www.ebay.com/55132",
        "http:///www.ebay.com/55208",
        "http:///www.ebay.com/56311",
        "http:///www.ebay.com/58411",
        "http:///www.ebay.com/58711",
        "http:///www.ebay.com/60580"
    ],
    "ENTITY#87": [
        "http:///www.ebay.com/43303"
    ],
    "ENTITY#89": [
        "http:///www.ebay.com/24071",
        "http:///www.ebay.com/24626",
        "http:///www.ebay.com/42490",
        "http:///www.ebay.com/44741",
        "http:///www.ebay.com/45908",
        "http:///www.ebay.com/46135",
        "http:///www.ebay.com/46511",
        "http:///www.ebay.com/46722",
        "http:///www.ebay.com/47589",
        "http:///www.ebay.com/47666",
        "http:///www.ebay.com/48374",
        "http:///www.ebay.com/48726",
        "http:///www.ebay.com/53911",
        "http:///www.ebay.com/54186",
        "http:///www.ebay.com/54498",
        "http:///www.ebay.com/54573",
        "http:///www.ebay.com/54674",
        "http:///www.ebay.com/56404",
        "http:///www.ebay.com/57189",
        "http:///www.ebay.com/57698",
        "http:///www.ebay.com/57873",
        "http:///www.ebay.com/58223",
        "http:///www.ebay.com/60174",
        "http:///www.ebay.com/60480"
    ],
    "ENTITY#9": [
        "http:///www.ebay.com/24274",
        "http:///www.ebay.com/42634",
        "http:///www.ebay.com/42664",
        "http:///www.ebay.com/42669",
        "http:///www.ebay.com/43761",
        "http:///www.ebay.com/43958",
        "http:///www.ebay.com/43993",
        "http:///www.ebay.com/44409",
        "http:///www.ebay.com/45312",
        "http:///www.ebay.com/45357",
        "http:///www.ebay.com/45656",
        "http:///www.ebay.com/47481",
        "http:///www.ebay.com/52877",
        "http:///www.ebay.com/53123",
        "http:///www.ebay.com/53809",
        "http:///www.ebay.com/54070",
        "http:///www.ebay.com/54580",
        "http:///www.ebay.com/55760",
        "http:///www.ebay.com/55806",
        "http:///www.ebay.com/55929",
        "http:///www.ebay.com/56531",
        "http:///www.ebay.com/57835",
        "http:///www.ebay.com/57931",
        "http:///www.ebay.com/59428",
        "http:///www.ebay.com/59938",
        "http:///www.ebay.com/60207",
        "http:///www.ebay.com/60384",
        "http:///www.ebay.com/60872"
    ],
    "ENTITY#91": [
        "http:///www.ebay.com/44809",
        "http:///www.ebay.com/48557",
        "http:///www.ebay.com/53923",
        "http:///www.ebay.com/58255"
    ],
    "ENTITY#92": [
        "http:///www.ebay.com/44229",
        "http:///www.ebay.com/44274",
        "http:///www.ebay.com/46659",
        "http:///www.ebay.com/56394",
        "http:///www.ebay.com/57185"
    ],
    "ENTITY#93": [
        "http:///www.ebay.com/42005",
        "http:///www.ebay.com/42736",
        "http:///www.ebay.com/43226",
        "http:///www.ebay.com/43589",
        "http:///www.ebay.com/44268",
        "http:///www.ebay.com/54836",
        "http:///www.ebay.com/59153",
        "http:///www.ebay.com/59282",
        "http:///www.ebay.com/60195"
    ],
    "ENTITY#96": [
        "http:///www.ebay.com/24475"
    ],
    "ENTITY#97": [
        "http:///www.ebay.com/55672"
    ]
}