[
    {
        "spec": {
            "Abmessung (B x T x H)": "390 x 523 x 370 mm",
            "Anschluss:": "Ethernet Netzwerk, USB",
            "Anschlussm\u00f6glichkeiten": "1 x Hi-Speed USB 2.0 1 x USB-Host f\u00fcr USB-Flash-Speicher 1 x Fast Ethernet 10/100 Base-TX RJ-45",
            "Anwendungsgebiet:": "Private Anwender, Kleine Unternehmen",
            "Aufl\u00f6sung:": "600 dpi",
            "Bedruckbare Papiergewichte": "60 g/m\u00b2 bis 220 g/m\u00b2",
            "Bedruckbare Papiergr\u00f6\u00dfen": "DIN A4, A5, B5, A6, B6, Letter, Legal (min. 70x138 mm / max. 216x356 mm)",
            "Beidseitiges bedrucken m\u00f6glich": "Ja - durch Duplexeinheit",
            "Betriebssystem:": "Windows 95 / 98, Windows 2000, Windows XP, Windows Vista, Windows 7, Windows 8, Windows Server 2003, Windows Server 2008, Windows Server 2012, Apple Mac OS X, Linux",
            "Druckaufl\u00f6sung": "600 x 600 dpi Multibit-Technologie f\u00fcr optimierte Farbdarstellung bis zu 9.600 x 600 dpi",
            "Druckersprachen": "PCL6 (5c, XL), PostScript 3 (KPDL 3), PDF Direktdruck, XPS Direktdruck",
            "Druckfarbe:": "Farbe",
            "Druckgeschwindigkeit": "21 Seiten/Min.DIN A4 Farbe 21 Seiten/Min.DIN A4 s/w",
            "Druckgeschwindigkeit:": "11 - 25 Seiten / Min.",
            "Duplexdruck:": "mit Duplexeinheit",
            "Funktionen:": "Drucken",
            "Gewicht": "29,3 Kg",
            "Hersteller:": "Kyocera",
            "Kompatible Betriebssysteme": "Microsoft\u00ae Windows 2000, Server 2003, Server 2008, Server 2012, XP, Vista, Windows 7, Windows 8, Server 2003-64, Server 2008-64, XP-64, Vista-64, Windows 7-64; Windows 8-64; Apple Mac OS X ab Version 10.5 und h\u00f6her; Linux;",
            "Papierformat:": "DIN A4, DIN A5, DIN A6",
            "Papiervorrat:": "250 - 500 Blatt",
            "Papierzuf\u00fchrung": "1 x 150 Blatt 1 x 250 Blatt",
            "Prozessor": "4464/667 MHz PowerPC",
            "Speicher eingebaut": "256 MB",
            "Speicher optional erweiterbar auf": "1280 MB",
            "geeignet f\u00fcr ein monatliches Druckvolumen": "50.000 Seiten",
            "m\u00f6gliche Erweiterungssteckpl\u00e4tze": "Steckplatz f\u00fcr optionalen internen Printserver oder Festplatte Steckplatz f\u00fcr optionale CompactFlash*-Card USB Host Interface f\u00fcr USB Flash Memory"
        },
        "url": "1a-gebrauchte-drucker.de//25489396"
    },
    {
        "spec": {
            "Abmessung (B x T x H)": "382 x 394 x 320 mm",
            "Anschluss:": "Ethernet Netzwerk, Parallel, USB",
            "Anschlussm\u00f6glichkeiten": "1 x Fast Ethernet 10/100 BaseTX RJ-45 1 x Hi-Speed USB 2.0 1 x Parallel IEEE-1284",
            "Anwendungsgebiet:": "Private Anwender, Kleine Unternehmen",
            "Aufl\u00f6sung:": "600 dpi, 1.200 dpi",
            "Ausgabe der ersten Seite": "nach ca. 10,5 Sekunden",
            "Bedruckbare Papiergewichte": "60 g/m\u00b2 bis 220 g/m\u00b2",
            "Bedruckbare Papiergr\u00f6\u00dfen": "A4, A5, B5, A6, Letter, Legal, Folio, Oficio2 (min. 70x148 mm / max. 216x356 mm)",
            "Beidseitiges Bedrucken m\u00f6glich": "Ja - durch integrierte Duplexeinheit",
            "Betriebssystem:": "Windows 2000, Windows XP, Windows Vista, Windows 7, Windows 8, Windows Server 2003, Windows Server 2008, Windows Server 2012, Apple Mac OS 9, Apple Mac OS X, Linux, Windows 10",
            "Druckaufl\u00f6sung": "1200 x 1200 dpi, 1800 x 600 dpi, mit KIR (KYOCER A Image Refinement) bis 2400 x 600 dpi",
            "Druckersprachen": "PCL6, PostScript 3 (KPDL 3), Diablo 630, IBM, Proprinter X24E, Epson LQ-850, Lineprinter, PDF Direct Printing, automatische Emulationsumschaltung",
            "Druckfarbe:": "Schwarz / Weiss",
            "Druckgeschwindigkeit": "35 Seiten / Min. DIN A4",
            "Druckgeschwindigkeit:": "26 - 40 Seiten / Min.",
            "Duplexdruck:": "mit Duplexeinheit",
            "Funktionen:": "Drucken",
            "Gewicht": "16,7 Kg",
            "Hersteller:": "Kyocera",
            "Kompatible Betriebssysteme": "Microsoft\u00ae Windows\u00ae 2000, Server 2003, Server 2008, Server 2012, XP, Vista, Windows 7, Windows 8, Server 2003-64, Server 2008-64, XP-64, Vista-64, Windows 7-64, Windows 8-64; Apple Mac OS 9.x und h\u00f6her, OS X v.10.1 oder h\u00f6her; Linux;",
            "Papierformat:": "DIN A4, DIN A5, DIN A6",
            "Papiervorrat:": "250 - 500 Blatt",
            "Papierzuf\u00fchrung": "1 x 100 Blatt 1 x 500 Blatt",
            "Prozessor": "PowerPC 750/400 MHz",
            "Speicher eingebaut": "64 MB",
            "Speicher optional erweiterbar auf": "576 MB",
            "geeignet f\u00fcr ein monatliches Druckvolumen": "35.000 Seiten",
            "m\u00f6gliche Erweiterungssteckpl\u00e4tze": "1 x Steckplatz f\u00fcr optionalen internen Printserver 1 x Steckplatz f\u00fcr optionale Festplatte\u00a0oder CompactFlash Card USB-Host f\u00fcr USB Flash Memory (nur f\u00fcr PDF-Druck)"
        },
        "url": "1a-gebrauchte-drucker.de//24911677"
    },
    {
        "spec": {
            "Abmessung (B x T x H)": "580 x 514 x 550 mm",
            "Anschluss:": "Ethernet Netzwerk, USB",
            "Anschlussm\u00f6glichkeiten": "1 x Gigabit Ethernet 10/100/1000 Base-TX RJ-45 1 x Hi-Speed USB 2.0 1 x Faxanschluss 1 x USB-Host Front (f\u00fcr USB-Stick o.\u00e4.)",
            "Anwendungsgebiet:": "Kleine Unternehmen, Gro\u00dfe Unternehmen",
            "Aufl\u00f6sung:": "600 dpi",
            "Betriebssystem:": "Windows XP, Windows Vista, Windows 7, Windows 8, Windows Server 2003, Windows Server 2008, Windows Server 2012, Apple Mac OS X, Linux, Windows 10",
            "Druckfarbe:": "Farbe",
            "Druckgeschwindigkeit:": "26 - 40 Seiten / Min.",
            "Duplexdruck:": "mit Duplexeinheit",
            "Funktionen:": "Drucken, Faxen, Kopieren, Scannen, Scan to Folder, Scan to Mail",
            "Gewicht": "36,5 Kg",
            "Hersteller:": "Kyocera",
            "Kompatible Betriebssysteme": "Microsoft\u00ae Windows XP, Windows Vista, Windows7, Windows 8 , Server 2003, Server 2008, Server 2003-64, Server 2008-64, XP-64, Vista-64, Apple Mac OS X ab Version 10.5 und h\u00f6her; Linux;",
            "Papierformat:": "DIN A4, DIN A5, DIN A6",
            "Papiervorrat:": "250 - 500 Blatt",
            "Papierzuf\u00fchrung": "1 x 50 Blatt (ADF) 1 x 50 Blatt Universalzufuhr 1 x 250 Blatt (Papierfach)",
            "Prozessor": "PowerPC 750 CXr/300 MHz",
            "Speicher eingebaut": "768 MB",
            "m\u00f6gliche Erweiterungssteckpl\u00e4tze": "1 x Speicher-Steckplatz"
        },
        "url": "1a-gebrauchte-drucker.de//24212835"
    },
    {
        "spec": {
            "Abmessung (B x T x H)": "378 x 375 x 235 mm",
            "Anschlussm\u00f6glichkeiten": "1 x Ethernet 10/100 Base-TX RJ-45 1 x Hi-Speed USB 2.0 1 x Parallel IEEE-1284",
            "Ausgabe der ersten Seite": "nach ca. 10 Sekunden",
            "Bedruckbare Papiergewichte": "60 g/m\u00b2 bis 163 g/m\u00b2",
            "Bedruckbare Papiergr\u00f6\u00dfen": "DIN A4 / A5 / B5 / US-Letter / US-Legal (min. 70x148 mm / max. 216x356mm)",
            "Beidseitiges Bedrucken m\u00f6glich": "Ja - durch integrierte Duplexeinheit",
            "Druckaufl\u00f6sung": "1200dpi (1800*600dpi), mit KIR2 intern bis 2400dpi",
            "Druckersprachen": "PCL 6, Postscript Level 3, Diablo 630, IBM Proprinter X24E, Epson LQ-850, Lineprinter",
            "Druckgeschwindigkeit": "22 Seiten / Min. DIN A4",
            "Gewicht": "10,5 Kg",
            "Kompatible Betriebssysteme": "Microsoft\u00ae Windows\u00ae 2000, Server 2003, Server 2008, Server 2012, XP, Vista, Windows 7, Windows 8, Server 2003-64, Server 2008-64, XP-64, Vista-64, Windows 7-64, Windows 8-64; Apple Mac OS 9.x und h\u00f6her, OS X v.10.1 oder h\u00f6her; Linux;",
            "Papierzuf\u00fchrung": "1 x\u00a0\u00a0 50 Blatt 1 x 250 Blatt",
            "Prozessor": "PowerPC 405/266 MHz",
            "Speicher eingebaut": "32 MB",
            "Speicher optional erweiterbar auf": "288 MB",
            "geeignet f\u00fcr ein monatliches Druckvolumen": "15.000 Seiten",
            "m\u00f6gliche Erweiterungssteckpl\u00e4tze": "1 x optionale CompactFlash-Card"
        },
        "url": "1a-gebrauchte-drucker.de//22168513"
    },
    {
        "spec": {
            "Abmessung (B x T x H)": "375 x 393 x 267 mm",
            "Anschlussm\u00f6glichkeiten": "1 x Hi-Speed USB 2.0 1 x Fast Ethernet 10/100 BaseTX RJ-45 1 x USB-Host f\u00fcr USB-Flash-Speicher",
            "Ausgabe der ersten Seite": "nach ca. 7 Sekunden",
            "Bedruckbare Papiergewichte": "60 g/m\u00b2 bis 220 g/m\u00b2",
            "Bedruckbare Papiergr\u00f6\u00dfen": "A4, A5, A6, B5, Letter, Legal, Folio, Oficio2\u00a0 (min. 70 x 148 mm / max. 216 x 356 mm)\u00a0",
            "Beidseitiges bedrucken m\u00f6glich": "Ja - durch integrierte Duplexeinheit",
            "Druckaufl\u00f6sung": "1200 x 1200 dpi",
            "Druckersprachen": "PCL6, PostScript 3 (KPDL 3), Diablo 630, IBM Proprinter X24E, Epson LQ-850, Lineprinter, PDF Direct Print, XPS Direct Print (mindestens 256 MB RA M erforderlich)",
            "Druckgeschwindigkeit": "35 Seiten / Min. DIN A4",
            "Gewicht": "12 Kg",
            "Kompatible Betriebssysteme": "Microsoft\u00ae Windows\u00ae 2000, Server 2003, Server 2008, Server 2012, XP, Vista, Windows 7, Windows 8, Server 2003-64, Server 2008-64, XP-64, Vista-64, Windows 7-64, Windows 8-64; Apple Mac OS X v.10.5 oder h\u00f6her",
            "Papierzuf\u00fchrung": "1 x\u00a0\u00a0 50 Blatt 1 x 250 Blatt",
            "Prozessor": "PowerPC 405F5/500 MHz",
            "Speicher eingebaut": "128 MB",
            "Speicher optional erweiterbar auf": "1.152 MB",
            "geeignet f\u00fcr ein monatliches Druckvolumen": "50.000 Seiten",
            "m\u00f6gliche Erweiterungssteckpl\u00e4tze": "1 x Steckplatz f\u00fcr optionalen internen Printserver 1 x Steckplatz f\u00fcr optionale CompactFlash Card"
        },
        "url": "1a-gebrauchte-drucker.de//26212019"
    }
]