[
    {
        "spec": {
            "Amps": "2.6 - 3.1",
            "Description": "",
            "Dimensions (approx)": "15\" High x 10\" wide",
            "Discharge": "2\" FPT",
            "Flow @ 10 ft": "2100 gph / 35 gpm",
            "Flow @ 15 ft": "1380 gph / 23 gpm",
            "Flow @ 20 ft": "600 gph / 10 gpm",
            "Flow @ 25 ft": "-",
            "Flow @ 5 ft": "2760 gph / 46 gpm",
            "Hertz": "60",
            "Horsepower": "1/4",
            "Max Flow @ 0ft": "3120 gph / 52 gpm",
            "Max Head (Shut-off)": "23'",
            "Mfg Part #": "TH150-100",
            "Power Cord Length": "100'",
            "Volts": "115"
        },
        "url": "123ponds.com//14353419"
    },
    {
        "spec": {
            "Amps": "3.0 - 4.2",
            "Description": "",
            "Dimensions (approx)": "15\" High x 10\" wide",
            "Discharge": "2\" FPT",
            "Flow @ 10 ft": "3240 gph / 54 gpm",
            "Flow @ 15 ft": "2580 gph / 43 gpm",
            "Flow @ 20 ft": "1800 gph / 30 gpm",
            "Flow @ 25 ft": "900 gph / 15 gpm",
            "Flow @ 5 ft": "3900 gph / 65 gpm",
            "Hertz": "60",
            "Horsepower": "1/3",
            "Max Flow @ 0ft": "4080 gph / 68 gpm",
            "Max Head (Shut-off)": "30'",
            "Mfg Part #": "TH250-100",
            "Power Cord Length": "100'",
            "Volts": "115"
        },
        "url": "123ponds.com//5230592"
    },
    {
        "spec": {
            "Description": "PXX5300C",
            "Discharge": "2\" MPT",
            "Hertz": "60",
            "Power Cord Length": "33ft",
            "Volts": "120"
        },
        "url": "123ponds.com//12357628"
    },
    {
        "spec": {
            "Amps": "1.3 - 1.5",
            "Description": "",
            "Dimensions (approx)": "15\" High x 10\" wide",
            "Discharge": "2\" FPT",
            "Flow @ 10 ft": "2100 gph / 35 gpm",
            "Flow @ 15 ft": "1380 gph / 23 gpm",
            "Flow @ 20 ft": "600 gph / 10 gpm",
            "Flow @ 25 ft": "-",
            "Flow @ 5 ft": "2760 gph / 46 gpm",
            "Hertz": "60",
            "Horsepower": "1/4",
            "Max Flow @ 0ft": "3120 gph / 52 gpm",
            "Max Head (Shut-off)": "23'",
            "Mfg Part #": "TH1502",
            "Power Cord Length": "20'",
            "Volts": "230"
        },
        "url": "123ponds.com//4217742"
    }
]