{
    "ENTITY#002": [
        "catalog.com//596",
        "catalog.com//254"
    ],
    "ENTITY#005": [
        "catalog.com//364",
        "catalog.com//269"
    ],
    "ENTITY#013": [
        "catalog.com//534"
    ],
    "ENTITY#018": [
        "catalog.com//538",
        "catalog.com//430"
    ],
    "ENTITY#019": [
        "catalog.com//462",
        "catalog.com//373"
    ],
    "ENTITY#020": [
        "catalog.com//318"
    ],
    "ENTITY#021": [
        "catalog.com//396",
        "catalog.com//411"
    ],
    "ENTITY#029": [
        "catalog.com//583"
    ],
    "ENTITY#030": [
        "catalog.com//301"
    ],
    "ENTITY#055": [
        "catalog.com//289"
    ],
    "ENTITY#066": [
        "catalog.com//327"
    ],
    "ENTITY#077": [
        "catalog.com//603"
    ],
    "ENTITY#082": [
        "catalog.com//493"
    ],
    "ENTITY#095": [
        "catalog.com//531"
    ],
    "ENTITY#104": [
        "catalog.com//617"
    ],
    "ENTITY#107": [
        "catalog.com//400"
    ],
    "ENTITY#125": [
        "catalog.com//274"
    ],
    "ENTITY#128": [
        "catalog.com//353"
    ],
    "ENTITY#142": [
        "catalog.com//514"
    ],
    "ENTITY#143": [
        "catalog.com//587"
    ],
    "ENTITY#144": [
        "catalog.com//292",
        "catalog.com//333"
    ],
    "ENTITY#145": [
        "catalog.com//490"
    ],
    "ENTITY#146": [
        "catalog.com//561"
    ],
    "ENTITY#150": [
        "catalog.com//583"
    ],
    "ENTITY#152": [
        "catalog.com//545"
    ],
    "ENTITY#153": [
        "catalog.com//406"
    ],
    "ENTITY#154": [
        "catalog.com//526"
    ],
    "ENTITY#155": [
        "catalog.com//565"
    ],
    "ENTITY#158": [
        "catalog.com//533"
    ],
    "ENTITY#161": [
        "catalog.com//360"
    ],
    "ENTITY#162": [
        "catalog.com//499"
    ],
    "ENTITY#167": [
        "catalog.com//521"
    ],
    "ENTITY#171": [
        "catalog.com//543"
    ],
    "ENTITY#188": [
        "catalog.com//345"
    ],
    "ENTITY#192": [
        "catalog.com//515"
    ],
    "ENTITY#215": [
        "catalog.com//380"
    ],
    "ENTITY#230": [
        "catalog.com//265"
    ]
}