[
    {
        "spec": {
            "<page title>": "Samsung SyncMaster S27A850D 27\" Widescreen LED LCD Monitor - Pricing and Details - Catalog.com",
            "aspect ratio": "16:9",
            "contrast ratio": "1000:1",
            "display technology": "LED LCD",
            "max resolution": "2560 x 1440",
            "product line": "Samsung SyncMaster"
        },
        "url": "catalog.com//250"
    },
    {
        "spec": {
            "<page title>": "Lenovo Widescreen LED LCD Monitor - Pricing and Details - Catalog.com",
            "aspect ratio": "16:9",
            "contrast ratio": "1000:1",
            "display technology": "LED LCD",
            "max resolution": "1600 x 900"
        },
        "url": "catalog.com//251"
    },
    {
        "spec": {
            "<page title>": "Planar PL1920M 19\" LCD Monitor with built-in speakers - Pricing and Details - Catalog.com",
            "aspect ratio": "5:4",
            "contrast ratio": "1000:1",
            "display technology": "LCD",
            "max resolution": "1280 x 1024",
            "refresh rate": "75 Hz"
        },
        "url": "catalog.com//253"
    },
    {
        "spec": {
            "<page title>": "Elo Touch 1515L 15\" LCD Monitor - Pricing and Details - Catalog.com",
            "contrast ratio": "400:1",
            "display technology": "LCD",
            "max resolution": "1024 x 768",
            "product line": "Elo Touch"
        },
        "url": "catalog.com//254"
    },
    {
        "spec": {
            "<page title>": "ViewSonic TD2420 24\" LED LCD Monitor, built-in Speakers - Pricing and Details - Catalog.com",
            "aspect ratio": "4:3",
            "contrast ratio": "1000:1",
            "display technology": "LED",
            "max resolution": "1920 x 1080"
        },
        "url": "catalog.com//255"
    },
    {
        "spec": {
            "<page title>": "ASUS VS VS238H-P 23\" Widescreen LED LCD Monitor - Pricing and Details - Catalog.com",
            "aspect ratio": "16:9",
            "display technology": "LED LCD",
            "max resolution": "1920 x 1080",
            "product line": "ASUS VS",
            "refresh rate": "75 Hz"
        },
        "url": "catalog.com//257"
    },
    {
        "spec": {
            "<page title>": "BenQ XL2720T 27\" Widescreen LED Monitor - Pricing and Details - Catalog.com",
            "aspect ratio": "16:9",
            "contrast ratio": "1000:1",
            "display technology": "LED",
            "max resolution": "1920 x 1080"
        },
        "url": "catalog.com//262"
    },
    {
        "spec": {
            "<page title>": "ViewSonic VP VP2765-LED 27\" Widescreen LED LCD Monitor - Pricing and Details - Catalog.com",
            "aspect ratio": "16:9",
            "contrast ratio": "3000:1",
            "display technology": "LED LCD",
            "max resolution": "1920 x 1080",
            "product line": "ViewSonic VP"
        },
        "url": "catalog.com//264"
    },
    {
        "spec": {
            "<page title>": "3M Multi-Touch C3266PW 32\" Widescreen Touch Screen Monitor, built-in Speakers - Pricing and Details - Catalog.com",
            "aspect ratio": "16:9",
            "max resolution": "1920 x 1080",
            "product line": "3M Multi-Touch",
            "refresh rate": "120 Hz"
        },
        "url": "catalog.com//265"
    },
    {
        "spec": {
            "<page title>": "StarTech RACKCONS1501 19\" LCD Monitor - Pricing and Details - Catalog.com",
            "aspect ratio": "5:4",
            "contrast ratio": "400:1",
            "display technology": "LCD Flat Panel LCD TFT (Active Matrix) LCD Flat Panel LCD TFT (Active Matrix)",
            "max viewing angle horizontal": "130\u00b0",
            "max viewing angle vertical": "100\u00b0",
            "regulatory approval": "RoHS",
            "synchronization range  horizontal": "45 - 80 kHz",
            "system": "Rack Mountable"
        },
        "url": "catalog.com//266"
    },
    {
        "spec": {
            "<page title>": "HP DreamColor Z27x 27\" Widescreen LED LCD Monitor, built-in Speakers - Pricing and Details - Catalog.com",
            "aspect ratio": "16:9",
            "display technology": "LED LCD",
            "max resolution": "1920 x 1200",
            "product line": "HP DreamColor"
        },
        "url": "catalog.com//268"
    },
    {
        "spec": {
            "<page title>": "Elo Touch 1537L 15\" LCD Monitor - Pricing and Details - Catalog.com",
            "aspect ratio": "4:3",
            "max resolution": "1024 x 768",
            "product line": "Elo Touch",
            "refresh rate": "56Hz - 75Hz"
        },
        "url": "catalog.com//269"
    },
    {
        "spec": {
            "<page title>": "Dell P2314T 23\" Widescreen LED LCD Monitor - Pricing and Details - Catalog.com",
            "aspect ratio": "16:9",
            "contrast ratio": "1000:1",
            "display technology": "LED LCD",
            "max resolution": "1920 x 1080"
        },
        "url": "catalog.com//274"
    },
    {
        "spec": {
            "<page title>": "HP TFT7210R 17\" LCD Monitor - Pricing and Details - Catalog.com",
            "aspect ratio": "5:4",
            "contrast ratio": "450:1",
            "display technology": "LCD",
            "refresh rate": "75 Hz"
        },
        "url": "catalog.com//278"
    },
    {
        "spec": {
            "<page title>": "NEC MultiSync LCD175M-BK 17\" LCD Monitor, built-in Speakers - Pricing and Details - Catalog.com",
            "aspect ratio": "5:4",
            "contrast ratio": "1000:1",
            "display technology": "LCD",
            "max resolution": "1280 x 1024",
            "product features": "Taking care of business never looked so stylish\nWith its NEC MultiSync 5 series which boasts cutting-edge technologies and dynamic design accents, NEC Display Solutions gives you the ability to increase your productivity with monitors that add a modern flair to your desktop. The 17\" LCD175M meets the diverse needs of businesses of all kinds.It's easy to be green\nIn addition to consuming up to 42% less energy than its predecessors and containing 50% less mercury content than comparable displays, the LCD175M is loaded with features that promote environmental consciousness, including: two-step ECO Mode, a carbon footprint meter for tracking the conservation of green gas emissions, compliance with Energy Star 5.0, TCO 5.0 and EPEAT Gold (U.S. / CDN), and a significant reduction in packaging materials.Enhanced screen performance\nWith contrast ratios as high as 1000:1 (typical) and brightness quality up to 300 cd / m\u00b2, outstanding LCD monitor front-of-screen visual performance is NEC Display Solutions' #1 goal. Rapid Response technology provides for lifelike full-motion video display without distortion at response times as swift as 5ms.Wide compatibility for today and tomorrow\nWith Ambix dual-input technology - which utilizes both DVI-D and traditional 15-pin VGA connectors - you can bridge the gap between analog and digital systems by allowing the same monitor to work seamlessly in either environment. Ambix provides compatibility with today's computer systems and is on the forefront of tomorrow's digital output.",
            "product line": "NEC MultiSync",
            "refresh rate": "60 Hz"
        },
        "url": "catalog.com//282"
    },
    {
        "spec": {
            "<page title>": "ASUS MS VE198T 19\" Widescreen LED LCD Monitor, built-in Speakers - Pricing and Details - Catalog.com",
            "aspect ratio": "16:10",
            "contrast ratio": "10000000:1",
            "display technology": "LCD",
            "max resolution": "1440 x 900",
            "product line": "ASUS MS"
        },
        "url": "catalog.com//285"
    },
    {
        "spec": {
            "<page title>": "Elo Touch 1519L 15.6\" Widescreen Touch Screen Monitor, built-in Speakers - Pricing and Details - Catalog.com",
            "aspect ratio": "16:9",
            "max resolution": "1366 x 768",
            "product line": "Elo Touch",
            "refresh rate": "60 Hz"
        },
        "url": "catalog.com//287"
    },
    {
        "spec": {
            "<page title>": "Acer B B243PWL 24\" Widescreen LED LCD Monitor - Pricing and Details - Catalog.com",
            "aspect ratio": "16:10",
            "contrast ratio": "100000000:1",
            "display technology": "LED LCD",
            "max resolution": "1920 x 1200",
            "product line": "Acer B"
        },
        "url": "catalog.com//289"
    },
    {
        "spec": {
            "<page title>": "Dell UltraSharp P2815Q 28\" Widescreen LED LCD Monitor, built-in Speakers - Pricing and Details - Catalog.com",
            "aspect ratio": "16:9",
            "display technology": "Ultra HD",
            "max resolution": "3840 x 2160",
            "product line": "Dell UltraSharp"
        },
        "url": "catalog.com//291"
    },
    {
        "spec": {
            "<page title>": "Samsung S24C450DL 23.6\" Widescreen LED LCD Monitor - Pricing and Details - Catalog.com",
            "aspect ratio": "16:9",
            "contrast ratio": "1000:1",
            "display technology": "LED",
            "max resolution": "1920 x 1080"
        },
        "url": "catalog.com//292"
    },
    {
        "spec": {
            "<page title>": "Lilliput 669GL-70NP/C 7\" Widescreen LCD Monitor - Pricing and Details - Catalog.com",
            "aspect ratio": "16:9",
            "contrast ratio": "500:1",
            "display technology": "LCD",
            "max resolution": "800 x 480"
        },
        "url": "catalog.com//293"
    },
    {
        "spec": {
            "<page title>": "NEC MultiSync E231W-BK 23\" Widescreen LED LCD Monitor - Pricing and Details - Catalog.com",
            "aspect ratio": "16:9",
            "contrast ratio": "1000:1",
            "display technology": "LED LCD",
            "max resolution": "1920 x 1080",
            "product features": "XtraView\nIt delivers wide viewing angles of up to 176\u00ba horizontally and vertically with less color shift and without any glare, reflection or distortion.Rapid response\nIt provides for uninterrupted display of full motion video with fast response times. It delivers streaming video without noticeable ghosting or blurring. This remarkably quick motion makes displays better than ever for gaming and video applications such as presentations and streaming web video.ECO Mode\nECO Mode conserves energy by allowing you to define a setting for the backlight at a brightness level. Also it calculates power saving in watts per hour.NTAA\nNo Touch Auto Adjust (NTAA) allows the monitor's image settings to be automatically adjusted to optimal settings upon initial power on.sRGB\nA recommended default color setting that helps achieve a consistent color environment for PC-based applications. With sRGB, the image colors seen by the user on the screen can be reproduced elsewhere, such as printers.OSD\nOn Screen Display (OSD) controls allow users to quickly and easily adjust all elements of their screen image via simple-to-use on screen menus.",
            "product line": "NEC MultiSync"
        },
        "url": "catalog.com//294"
    },
    {
        "spec": {
            "<page title>": "ViewSonic VG VG2439M 24\" Widescreen LED LCD Monitor with built-in speakers - Pricing and Details - Catalog.com",
            "aspect ratio": "16:9",
            "display technology": "LED LCD LED",
            "max resolution": "1920 x 1080",
            "product line": "ViewSonic VG"
        },
        "url": "catalog.com//295"
    },
    {
        "spec": {
            "<page title>": "ViewSonic VG VG2428WM 24\" Widescreen LED LCD Monitor, built-in Speakers - Pricing and Details - Catalog.com",
            "aspect ratio": "16:9",
            "display technology": "LED",
            "max resolution": "1920 x 1080",
            "product line": "ViewSonic VG"
        },
        "url": "catalog.com//296"
    },
    {
        "spec": {
            "<page title>": "ASUS VS VS247H-P 23.6\" Widescreen LED LCD Monitor - Pricing and Details - Catalog.com",
            "aspect ratio": "16:9",
            "display technology": "LED LCD",
            "max resolution": "1920 x 1080",
            "product line": "ASUS VS"
        },
        "url": "catalog.com//297"
    },
    {
        "spec": {
            "<page title>": "ASUS VE VE198 19\" Widescreen LCD Monitor - Pricing and Details - Catalog.com",
            "aspect ratio": "16:9",
            "contrast ratio": "10000000:1",
            "display technology": "LCD",
            "product line": "ASUS VE",
            "refresh rate": "55Hz - 75Hz"
        },
        "url": "catalog.com//298"
    },
    {
        "spec": {
            "<page title>": "HP Pavilion 23tm 23\" Widescreen LED LCD Monitor with built-in speakers - Pricing and Details - Catalog.com",
            "aspect ratio": "16:9",
            "contrast ratio": "1000:1",
            "display technology": "LED LCD",
            "max resolution": "1920 x 1080",
            "product line": "HP Pavilion"
        },
        "url": "catalog.com//300"
    },
    {
        "spec": {
            "<page title>": "HP Pavilion 22xi 22\" Widescreen LED LCD Monitor - Pricing and Details - Catalog.com",
            "aspect ratio": "16:9",
            "contrast ratio": "1000:1",
            "display technology": "LED LCD",
            "max resolution": "1920 x 1080",
            "product line": "HP Pavilion"
        },
        "url": "catalog.com//301"
    },
    {
        "spec": {
            "<page title>": "HP 23\" Widescreen LED LCD Monitor - Pricing and Details - Catalog.com",
            "aspect ratio": "16:9",
            "contrast ratio": "1000:1",
            "display technology": "LED LCD",
            "max resolution": "1920 x 1080"
        },
        "url": "catalog.com//303"
    },
    {
        "spec": {
            "<page title>": "ASUS VS VS228HP 21.5\" Widescreen LED LCD Monitor - Pricing and Details - Catalog.com",
            "aspect ratio": "16:9",
            "contrast ratio": "1000:1",
            "display technology": "LED LCD",
            "max resolution": "1920 x 1080",
            "product line": "ASUS VS",
            "refresh rate": "75 Hz"
        },
        "url": "catalog.com//305"
    },
    {
        "spec": {
            "<page title>": "Samsung S19C450BR 19 inch Monitor - Pricing and Details - Catalog.com",
            "aspect ratio": "5:4",
            "contrast ratio": "1000:1",
            "display technology": "LED",
            "max resolution": "1280 x 1024"
        },
        "url": "catalog.com//307"
    },
    {
        "spec": {
            "<page title>": "Acer H H226HQL 21.5\" Widescreen LED LCD Monitor - Pricing and Details - Catalog.com",
            "aspect ratio": "16:9",
            "contrast ratio": "1000000000:1",
            "display technology": "White LED",
            "max resolution": "1920 x 1080",
            "product line": "Acer H"
        },
        "url": "catalog.com//309"
    },
    {
        "spec": {
            "<page title>": "Elo Touch 1939L 19\" Touch Screen Monitor - Pricing and Details - Catalog.com",
            "aspect ratio": "5:4",
            "display technology": "Touch Screen",
            "max resolution": "1280 x 1024",
            "product line": "Elo Touch"
        },
        "url": "catalog.com//310"
    },
    {
        "spec": {
            "<page title>": "ViewSonic VA VA2037m-LED 20\" Widescreen LED LCD Monitor, built-in Speakers - Pricing and Details - Catalog.com",
            "aspect ratio": "16:9",
            "contrast ratio": "1000:1",
            "display technology": "LED LCD",
            "max resolution": "1600 x 900",
            "product line": "ViewSonic VA"
        },
        "url": "catalog.com//312"
    },
    {
        "spec": {
            "<page title>": "Elo Touch 2400LM 24\" Widescreen Touch Screen Monitor, built-in Speakers - Pricing and Details - Catalog.com",
            "aspect ratio": "16:10",
            "contrast ratio": "1000:1",
            "display technology": "Touch Screen",
            "max resolution": "1920 x 1200",
            "product line": "Elo Touch",
            "refresh rate": "60 Hz"
        },
        "url": "catalog.com//314"
    },
    {
        "spec": {
            "<page title>": "Elo Touch 1522L 15\" Touch Screen Monitor - Pricing and Details - Catalog.com",
            "aspect ratio": "4:3",
            "max resolution": "1024 x 768",
            "product line": "Elo Touch",
            "refresh rate": "75 Hz"
        },
        "url": "catalog.com//315"
    },
    {
        "spec": {
            "<page title>": "Elo Touch 1928L 19\" LCD Monitor with built-in speakers - Pricing and Details - Catalog.com",
            "aspect ratio": "5:4",
            "contrast ratio": "1300:1",
            "display technology": "TFT",
            "max resolution": "1280 x 1024",
            "product line": "Elo Touch"
        },
        "url": "catalog.com//318"
    },
    {
        "spec": {
            "<page title>": "Elo Touch 2244L 21.5\" Widescreen Touch Screen Monitor - Pricing and Details - Catalog.com",
            "aspect ratio": "16:9",
            "contrast ratio": "1000:1",
            "display technology": "Touch Screen",
            "max resolution": "1920 x 1080",
            "product line": "Elo Touch",
            "refresh rate": "60 Hz"
        },
        "url": "catalog.com//319"
    },
    {
        "spec": {
            "<page title>": "ASUS MS VE247H 23.6\" Widescreen LED LCD Monitor, built-in Speakers - Pricing and Details - Catalog.com",
            "aspect ratio": "16:9",
            "max resolution": "1920 x 1080",
            "product line": "ASUS MS",
            "refresh rate": "76 Hz"
        },
        "url": "catalog.com//321"
    },
    {
        "spec": {
            "<page title>": "Dell P2714T 27\" Widescreen Touch Screen Monitor - Pricing and Details - Catalog.com",
            "aspect ratio": "16:9",
            "contrast ratio": "1000:1",
            "display technology": "Touch Screen",
            "max resolution": "1920 x 1080"
        },
        "url": "catalog.com//322"
    },
    {
        "spec": {
            "<page title>": "Sharp PN-L802B Touch Screen Monitor - Pricing and Details - Catalog.com",
            "aspect ratio": "16:9",
            "display technology": "Touch Screen",
            "max resolution": "1920 x 1080"
        },
        "url": "catalog.com//323"
    },
    {
        "spec": {
            "<page title>": "Samsung S23C350H 23\" Widescreen LED LCD Monitor - Pricing and Details - Catalog.com",
            "aspect ratio": "16:9",
            "contrast ratio": "1000:1",
            "display technology": "LED LCD",
            "max resolution": "1920 x 1080"
        },
        "url": "catalog.com//324"
    },
    {
        "spec": {
            "<page title>": "AOC e1649fwu 15.6\" Widescreen LED LCD Monitor - Pricing and Details - Catalog.com",
            "aspect ratio": "16:9",
            "contrast ratio": "500:1",
            "display technology": "LED",
            "max resolution": "1366 x 768",
            "refresh rate": "60 Hz"
        },
        "url": "catalog.com//327"
    },
    {
        "spec": {
            "<page title>": "ASUS VE VE248Q 24\" Widescreen LED LCD Monitor, built-in Speakers - Pricing and Details - Catalog.com",
            "aspect ratio": "16:9",
            "max resolution": "1920 x 1080",
            "product line": "ASUS VE",
            "refresh rate": "76 Hz"
        },
        "url": "catalog.com//329"
    },
    {
        "spec": {
            "<page title>": "Samsung 23\" Widescreen LED LCD Monitor - Pricing and Details - Catalog.com",
            "aspect ratio": "16:9",
            "contrast ratio": "1000:1",
            "display technology": "LED LCD",
            "max resolution": "1920 x 1080"
        },
        "url": "catalog.com//331"
    },
    {
        "spec": {
            "<page title>": "Tyco Elo Touch 1938L 19\" Widescreen Touch Screen Monitor - Pricing and Details - Catalog.com",
            "aspect ratio": "16:10",
            "contrast ratio": "1000:1",
            "display technology": "Touch Screen",
            "product line": "Elo Touch"
        },
        "url": "catalog.com//332"
    },
    {
        "spec": {
            "<page title>": "Samsung S24C450D Monitor - Pricing and Details - Catalog.com",
            "aspect ratio": "16:9",
            "contrast ratio": "1000:1",
            "display technology": "LED LCD",
            "max resolution": "1920 x 1080"
        },
        "url": "catalog.com//333"
    },
    {
        "spec": {
            "<page title>": "NEC MultiSync E201W-BK 20\" Widescreen LED LCD Monitor - Pricing and Details - Catalog.com",
            "aspect ratio": "16:9",
            "contrast ratio": "1000:1",
            "display technology": "LED LCD",
            "max resolution": "1600 x 900",
            "product features": "Elevate the eco-friendliness of your work environment\nThe NEC MultiSync E series, featuring LED-backlit, widescreen LCD displays, raises the standard for \"green\" computing. Compared to previous generation NEC LCDs, this model consumes less power overall, radiates less heat, uses less packaging, weighes less and utilize more recycled plastics in their production.It's easy to be green\nThe MultiSync E series is loaded with features that promote environmental consciousness. The 20\" E201W, which consumes less power by using energy-efficient LED backlighting, also utilize ECO Mode, Intelligent Power Manager (IPM), an off timer and an ambient light sensor that automatically dims the screen to further reduce energy consumption. In addition, it touts a built-in carbon footprint meter that tracks the conservation of green gas emissions and is free of hazardous materials such as mercury and arsenic.A perspective on productivity\nThis display's wide-format screen provides roughly the same work area as two smaller-sized LCD screens, allowing you to work simultaneously in multiple / side-by-side application windows. This functionality, combined with contrast ratios of up to 25,000:1 (dynamic), full connectivity with a DisplayPort input and an ergonomic design, allows the MultiSync E series to deliver the best in form and function to your desktop.",
            "product line": "NEC MultiSync"
        },
        "url": "catalog.com//335"
    },
    {
        "spec": {
            "<page title>": "StarTech 1U LCD Rack Console 19\" LCD Monitor - Pricing and Details - Catalog.com",
            "aspect ratio": "5:4",
            "contrast ratio": "500:1",
            "display technology": "Flat Panel LCD TFT (Active Matrix)"
        },
        "url": "catalog.com//337"
    },
    {
        "spec": {
            "<page title>": "ASUS VG248QE 24\" Widescreen LED LCD Monitor, built-in Speakers - Pricing and Details - Catalog.com",
            "aspect ratio": "16:9",
            "display technology": "LED LCD",
            "max resolution": "1920 x 1080"
        },
        "url": "catalog.com//340"
    },
    {
        "spec": {
            "<page title>": "Planar PL Line PLL2210W 22\" Widescreen LED LCD Monitor - Pricing and Details - Catalog.com",
            "aspect ratio": "16:9",
            "contrast ratio": "1000:1",
            "display technology": "LED LCD",
            "max resolution": "1920 x 1080",
            "product line": "Planar PL Line"
        },
        "url": "catalog.com//342"
    },
    {
        "spec": {
            "<page title>": "HP Compaq V 20\" Widescreen LED LCD Monitor - Pricing and Details - Catalog.com",
            "aspect ratio": "16:9",
            "display technology": "LED LCD",
            "max resolution": "1600 x 900",
            "product line": "Compaq V"
        },
        "url": "catalog.com//343"
    },
    {
        "spec": {
            "<page title>": "ViewSonic VP VP2365-LED 23\" LED LCD Monitor - Pricing and Details - Catalog.com",
            "aspect ratio": "4:3 \u25cf\n16:9",
            "contrast ratio": "42:1",
            "display technology": "LED LCD",
            "max resolution": "1920 x 1080",
            "product line": "ViewSonic VP"
        },
        "url": "catalog.com//344"
    },
    {
        "spec": {
            "<page title>": "ASUS MS VX238H 23\" Widescreen LED LCD Monitor, built-in Speakers - Pricing and Details - Catalog.com",
            "aspect ratio": "16:9",
            "display technology": "LED LCD",
            "max resolution": "1920 x 1080",
            "product line": "ASUS MS"
        },
        "url": "catalog.com//345"
    },
    {
        "spec": {
            "<page title>": "Dell Professional P2012H 20\" Widescreen LCD Monitor - Pricing and Details - Catalog.com",
            "aspect ratio": "16:9",
            "max resolution": "1600 x 900",
            "product line": "Dell Professional",
            "refresh rate": "60 Hz"
        },
        "url": "catalog.com//347"
    },
    {
        "spec": {
            "<page title>": "Dell ST ST2421L 24\" Widescreen LED LCD Monitor - Pricing and Details - Catalog.com",
            "aspect ratio": "16:9",
            "max resolution": "1920 x 1080",
            "product line": "Dell ST",
            "refresh rate": "60 Hz"
        },
        "url": "catalog.com//352"
    },
    {
        "spec": {
            "<page title>": "ASUS PA249Q 24\" Widescreen LED LCD Monitor - Pricing and Details - Catalog.com",
            "aspect ratio": "16:10",
            "display technology": "LED LCD",
            "max resolution": "1920 x 1200"
        },
        "url": "catalog.com//353"
    },
    {
        "spec": {
            "<page title>": "NEC AccuSync AS241W 24\" Widescreen LED LCD Monitor - Pricing and Details - Catalog.com",
            "aspect ratio": "16:9",
            "color support": "24-bit (16.7M Colors)",
            "contrast ratio": "1000:1",
            "display technology": "LED",
            "max resolution": "1920 x 1080",
            "max viewing angle vertical": "170\u00b0",
            "product line": "NEC AccuSync",
            "refresh rate": "76 Hz",
            "regulatory approval": "RoHS \u25cf\nEnergy star",
            "system": "Desktop"
        },
        "url": "catalog.com//354"
    },
    {
        "spec": {
            "<page title>": "ViewSonic VA VA2232WM 22\" Widescreen LCD Monitor - Pricing and Details - Catalog.com",
            "aspect ratio": "16:9",
            "contrast ratio": "1000:1",
            "display technology": "LCD",
            "max resolution": "1680 x 1050",
            "product line": "ViewSonic VA",
            "refresh rate": "85 Hz"
        },
        "url": "catalog.com//356"
    },
    {
        "spec": {
            "<page title>": "Planar PX Line PXL2230MW 22\" Widescreen LED LCD Monitor, built-in Speakers - Pricing and Details - Catalog.com",
            "aspect ratio": "16:9",
            "contrast ratio": "1000:1",
            "display technology": "LED LCD",
            "max resolution": "1920 x 1080",
            "product line": "Planar PX Line"
        },
        "url": "catalog.com//358"
    },
    {
        "spec": {
            "<page title>": "Acer V V196WL 19\" Widescreen LED LCD Monitor, built-in Speakers - Pricing and Details - Catalog.com",
            "aspect ratio": "16:10",
            "contrast ratio": "100000000:1",
            "display technology": "LED LCD",
            "max resolution": "1440 x 900",
            "product line": "Acer V"
        },
        "url": "catalog.com//360"
    },
    {
        "spec": {
            "<page title>": "Samsung S27D590P 27\" LED LCD Monitor - Pricing and Details - Catalog.com",
            "contrast ratio": "41.667:1",
            "display technology": "TFT PLS",
            "max resolution": "1920 x 1080"
        },
        "url": "catalog.com//361"
    },
    {
        "spec": {
            "<page title>": "Elo Touch 1537L 15\" Touch Screen Monitor - Pricing and Details - Catalog.com",
            "aspect ratio": "4:3",
            "max resolution": "1024 x 768",
            "product line": "Elo Touch",
            "refresh rate": "75 Hz"
        },
        "url": "catalog.com//364"
    },
    {
        "spec": {
            "<page title>": "HP ProDisplay P221 21\" Widescreen LED LCD Monitor - Pricing and Details - Catalog.com",
            "aspect ratio": "16:9",
            "display technology": "LED LCD",
            "max resolution": "1920 x 1080"
        },
        "url": "catalog.com//366"
    },
    {
        "spec": {
            "<page title>": "Elo Touch 2200L 22\" Widescreen Touch Screen Monitor, built-in Speakers - Pricing and Details - Catalog.com",
            "aspect ratio": "16:10",
            "contrast ratio": "1000:1",
            "display technology": "Widescreen LCD",
            "max resolution": "1680 x 1050",
            "product line": "Elo Touch",
            "refresh rate": "75 Hz"
        },
        "url": "catalog.com//367"
    },
    {
        "spec": {
            "<page title>": "Dell P1913 19 inch Monitor - Pricing and Details - Catalog.com",
            "aspect ratio": "16:10",
            "contrast ratio": "1000:1",
            "display technology": "LED LCD",
            "max resolution": "1400 X 900",
            "product line": "Dell Professional"
        },
        "url": "catalog.com//371"
    },
    {
        "spec": {
            "<page title>": "Toshiba P1910A 19\" LCD Monitor - Pricing and Details - Catalog.com",
            "aspect ratio": "5:4",
            "contrast ratio": "1000:1",
            "display technology": "LCD",
            "max resolution": "1280 x 1024",
            "refresh rate": "75 Hz"
        },
        "url": "catalog.com//372"
    },
    {
        "spec": {
            "<page title>": "Elo Touch 1919L 19\" Widescreen LCD Monitor - Pricing and Details - Catalog.com",
            "aspect ratio": "16:9",
            "contrast ratio": "1000:1",
            "display technology": "LCD",
            "max resolution": "1680 x 1050",
            "product line": "Elo Touch"
        },
        "url": "catalog.com//373"
    },
    {
        "spec": {
            "<page title>": "Acer S S220HQL 21.5\" Widescreen LED LCD Monitor - Pricing and Details - Catalog.com",
            "aspect ratio": "16:9",
            "max resolution": "1920 x 1080",
            "product line": "Acer S",
            "refresh rate": "50Hz - 75Hz"
        },
        "url": "catalog.com//377"
    },
    {
        "spec": {
            "<page title>": "Elo Touch 2201L 22\" Widescreen LCD Monitor - Pricing and Details - Catalog.com",
            "aspect ratio": "16:9",
            "max resolution": "1920 x 1080",
            "product line": "Elo Touch",
            "refresh rate": "60 Hz"
        },
        "url": "catalog.com//378"
    },
    {
        "spec": {
            "<page title>": "GVision P17BH-AB-459G 17\" LCD Monitor with built-in speakers - Pricing and Details - Catalog.com",
            "color support": "24-bit (16.7M Colors)",
            "max viewing angle horizontal": "140\u00b0",
            "max viewing angle vertical": "140\u00b0",
            "regulatory approval": "CE \u25cf\nFCC \u25cf\nUL",
            "system": "Desktop"
        },
        "url": "catalog.com//379"
    },
    {
        "spec": {
            "<page title>": "3M MicroTouch M150 15\" LCD Monitor, built-in Speakers - Pricing and Details - Catalog.com",
            "aspect ratio": "4:3",
            "max resolution": "1024 x 768",
            "product line": "3M MicroTouch",
            "refresh rate": "75 Hz"
        },
        "url": "catalog.com//380"
    },
    {
        "spec": {
            "<page title>": "Lenovo ThinkVision LT1952P 19\" Widescreen LCD Monitor - Pricing and Details - Catalog.com",
            "aspect ratio": "16:10",
            "max resolution": "1440 x 900",
            "product line": "Lenovo ThinkVision",
            "refresh rate": "76 Hz"
        },
        "url": "catalog.com//391"
    },
    {
        "spec": {
            "<page title>": "ViewSonic Graphic VG150 15\" LCD Monitor - Pricing and Details - Catalog.com",
            "aspect ratio": "4:3",
            "contrast ratio": "350:1",
            "display technology": "Flat Panel LCD TFT (Active Matrix)",
            "product line": "ViewSonic Graphic",
            "refresh rate": "75 Hz"
        },
        "url": "catalog.com//393"
    },
    {
        "spec": {
            "<page title>": "Elo Touch 1739L 17\" LCD Monitor - Pricing and Details - Catalog.com",
            "aspect ratio": "5:4",
            "contrast ratio": "1000:1",
            "display technology": "LCD",
            "max resolution": "1280 x 1024",
            "product line": "Elo Touch",
            "refresh rate": "56Hz - 75Hz"
        },
        "url": "catalog.com//396"
    },
    {
        "spec": {
            "<page title>": "Sharp E602 60\" Widescreen LED LCD Monitor, built-in Speakers - Pricing and Details - Catalog.com",
            "aspect ratio": "16:9",
            "contrast ratio": "4000:1",
            "display technology": "LED",
            "max resolution": "1920 x 1080"
        },
        "url": "catalog.com//397"
    },
    {
        "spec": {
            "<page title>": "HP Compaq L2206tm 21.5\" Widescreen Touch Screen Monitor, built-in Speakers - Pricing and Details - Catalog.com",
            "aspect ratio": "16:9",
            "contrast ratio": "1000:1",
            "display technology": "Touch Screen",
            "max resolution": "1920 x 1080",
            "product line": "HP Compaq"
        },
        "url": "catalog.com//400"
    },
    {
        "spec": {
            "<page title>": "Philips Brilliance S-line 17S1SB 17\" LCD Monitor - Pricing and Details - Catalog.com",
            "aspect ratio": "5:4",
            "contrast ratio": "25000:1",
            "display technology": "LCD",
            "product features": "SmartImage\nSmartImage is an exclusive, leading edge Philips technology that analyzes the content displayed on your screen. Based on a scenario you select, SmartImage dynamically enhances the contrast, color saturation and sharpness of images and videos for ultimate display performance - all in real time with the press on a single button.Adjustable tilt\nAdjustable tilt is backward and forward movement of a screen on its base to achieve custom positioning for an ideal viewing angle and more comfort for people who spend long hours working on the computer.Eco-friendly materials\nWith sustainability as a strategic driver of its business, Philips is committed to use eco-friendly materials across its product range. Lead-free materials are used across the range. All body plastic parts, metal chassis parts and packing material uses 100% recyclable material. 50% reduction in mercury content in lamps has been achieved. They strictly adhere to RoHs standards which ensure that all hazardous material is removed, and only environmentally friendly material is used.Energy Star 5.0\nEnergy Star is a US EPA sponsored energy efficiency program also adopted by many other countries. Energy Star certification ensures that you are buying a product which meets the latest power efficiency standards which operates with maximum power efficiency at all operational levels. Philips monitors are certified for Energy Star 5.0 specifications and meet or exceed the standard. For example, in sleep mode Energy Star 5.0 requires less than 1watt power consumption, whereas Philips monitors consume less than 0.5watts.",
            "product line": "Philips Brilliance S-line",
            "refresh rate": "60 Hz"
        },
        "url": "catalog.com//401"
    },
    {
        "spec": {
            "<page title>": "StarTech RACKCONS1701 17\" LCD Monitor - Pricing and Details - Catalog.com",
            "aspect ratio": "5:4",
            "color support": "16.2M Colors",
            "contrast ratio": "450:1",
            "display technology": "LCD Flat Panel LCD TFT (Active Matrix) LCD Flat Panel LCD TFT (Active Matrix)",
            "max viewing angle horizontal": "130\u00b0",
            "max viewing angle vertical": "105\u00b0",
            "synchronization range  horizontal": "45 - 80 kHz",
            "system": "Rack Mountable"
        },
        "url": "catalog.com//402"
    },
    {
        "spec": {
            "<page title>": "ViewSonic VA VA2703-LED 27\" Widescreen LED LCD Monitor - Pricing and Details - Catalog.com",
            "aspect ratio": "16:9",
            "contrast ratio": "1000:1",
            "display technology": "LED LCD",
            "max resolution": "1920 x 1080",
            "product line": "ViewSonic VA"
        },
        "url": "catalog.com//403"
    },
    {
        "spec": {
            "<page title>": "Lenovo LI2321s 23\" Widescreen LED LCD Monitor - Pricing and Details - Catalog.com",
            "aspect ratio": "16:9",
            "contrast ratio": "1000:1",
            "display technology": "LED",
            "max resolution": "1920 x 1080"
        },
        "url": "catalog.com//405"
    },
    {
        "spec": {
            "<page title>": "Dell UltraSharp U2413 24\" Widescreen LED LCD Monitor - Pricing and Details - Catalog.com",
            "aspect ratio": "16:10",
            "contrast ratio": "1000:1",
            "display technology": "LED",
            "max resolution": "1920 x 1200",
            "product line": "Dell UltraSharp"
        },
        "url": "catalog.com//406"
    },
    {
        "spec": {
            "<page title>": "EIZO Eizo ColorEdge CG246 24.1\" Widescreen LED LCD Monitor - Pricing and Details - Catalog.com",
            "aspect ratio": "16:10 \u25cf\n16:9",
            "contrast ratio": "1000:1",
            "display technology": "LCD",
            "max resolution": "1920 x 1200",
            "product line": "Eizo ColorEdge"
        },
        "url": "catalog.com//407"
    },
    {
        "spec": {
            "<page title>": "Elo Touch 1739L 17\" Touch Screen Monitor - Pricing and Details - Catalog.com",
            "aspect ratio": "5:4",
            "contrast ratio": "1000:1",
            "display technology": "Touch Screen",
            "product line": "Elo Touch",
            "refresh rate": "56Hz - 75Hz"
        },
        "url": "catalog.com//411"
    },
    {
        "spec": {
            "<page title>": "ViewSonic VA VA2251m-LED 22\" Widescreen LED LCD Monitor, built-in Speakers - Pricing and Details - Catalog.com",
            "aspect ratio": "4:3 \u25cf\n16:9",
            "contrast ratio": "1000:1",
            "display technology": "LED",
            "max resolution": "1920 x 1080",
            "product line": "ViewSonic VA"
        },
        "url": "catalog.com//414"
    },
    {
        "spec": {
            "<page title>": "ViewSonic VA VA705-LED 17\" LED LCD Monitor - Pricing and Details - Catalog.com",
            "aspect ratio": "4:3",
            "contrast ratio": "42:1",
            "display technology": "LED LCD",
            "max resolution": "1280 x 1024",
            "product line": "ViewSonic VA"
        },
        "url": "catalog.com//417"
    },
    {
        "spec": {
            "<page title>": "HP L5006tm 15\" LCD Monitor - Pricing and Details - Catalog.com",
            "aspect ratio": "4:3",
            "color support": "24-bit (16.7M Colors) \u25cf\n16.2M Colors",
            "contrast ratio": "400:1",
            "display technology": "LCD",
            "max resolution": "1024 x 768",
            "max viewing angle horizontal": "120\u00b0",
            "max viewing angle vertical": "100\u00b0",
            "product features": "Innovative technology\nSurface Acoustic Wave (SAW) touch technology allows accurate input through a finger, gloved hand, or stylus. The glass screen offers a more durable, damage-resistant alternative to film-coated display screens that continues working even if scratched. The display's touchscreen input is designed not to drift for accurate, fast input responses.Sturdy design\nThe stable removable base is engineered for the physical demands of touchscreen use. The sturdy design helps foster intuitive operator entry and flexibility with a variety of applications to help reduce training time and costs and operational errors, and help increase employee productivity and customer satisfaction.Improved compatibility\nUSB and serial ports enable easy device connectivity with a variety of peripherals.Maximum technology investment\nThe touchscreen technology can help minimize hardware investment costs by offering an alternative to separate keyboard and mouse hardware devices.Environmental considerations\nHP monitors meet stringent worldwide environmental, ecological and recycling standards as part of HP\u2019s ongoing commitment to growing environmental concerns and regulatory requirements.",
            "refresh rate": "75 Hz",
            "regulatory approval": "WEEE \u25cf\nSEMKO \u25cf\nCE \u25cf\nNOM \u25cf\nC-Tick \u25cf\nCSA \u25cf\nVCCI \u25cf\nFCC \u25cf\nMPR- \u25cf\nUL",
            "synchronization range  horizontal": "31.5 - 60.2 kHz",
            "synchronization range  vertical": "56.3 - 75 kHz",
            "system": "Desktop"
        },
        "url": "catalog.com//418"
    },
    {
        "spec": {
            "<page title>": "ViewSonic VA VA2342-LED 23\" Widescreen LED LCD Monitor - Pricing and Details - Catalog.com",
            "aspect ratio": "16:9",
            "contrast ratio": "1000:1",
            "display technology": "LED LCD",
            "max resolution": "1920 x 1080",
            "product line": "ViewSonic VA"
        },
        "url": "catalog.com//422"
    },
    {
        "spec": {
            "<page title>": "NEC MultiSync PA302W 30\" Widescreen LED LCD Monitor - Pricing and Details - Catalog.com",
            "aspect ratio": "16:10",
            "contrast ratio": "1000:1",
            "display technology": "LED LCD",
            "product line": "NEC MultiSync"
        },
        "url": "catalog.com//423"
    },
    {
        "spec": {
            "<page title>": "NEC MultiSync PA272W 27\" Widescreen LED LCD Monitor - Pricing and Details - Catalog.com",
            "aspect ratio": "16:9",
            "contrast ratio": "1000:1",
            "display technology": "LED LCD",
            "product line": "NEC MultiSync"
        },
        "url": "catalog.com//426"
    },
    {
        "spec": {
            "<page title>": "Planar Helium PCT2785 27\" Widescreen LED LCD Monitor, built-in Speakers - Pricing and Details - Catalog.com",
            "aspect ratio": "16:9",
            "contrast ratio": "5000:1",
            "display technology": "LED LCD",
            "max resolution": "1920 x 1080",
            "product line": "Helium"
        },
        "url": "catalog.com//428"
    },
    {
        "spec": {
            "<page title>": "Elo Touch 1915L 19\" LCD Monitor - Pricing and Details - Catalog.com",
            "aspect ratio": "4:3 \u25cf\n5:4",
            "contrast ratio": "1000:1",
            "display technology": "LCD",
            "max resolution": "1280 x 1024",
            "product line": "Elo Touch",
            "refresh rate": "60Hz - 75Hz"
        },
        "url": "catalog.com//430"
    },
    {
        "spec": {
            "<page title>": "ViewSonic VG VG2239m-LED 22\" Widescreen LED LCD Monitor, built-in Speakers - Pricing and Details - Catalog.com",
            "aspect ratio": "16:9",
            "contrast ratio": "1000:1",
            "display technology": "LED",
            "max resolution": "1920 x 1080",
            "product line": "ViewSonic VG"
        },
        "url": "catalog.com//434"
    },
    {
        "spec": {
            "<page title>": "ASUS MS VW199TP 19\" LED LCD Monitor, built-in Speakers - Pricing and Details - Catalog.com",
            "aspect ratio": "4:3",
            "max resolution": "1440 x 900",
            "product line": "ASUS MS",
            "refresh rate": "55Hz - 75Hz"
        },
        "url": "catalog.com//435"
    },
    {
        "spec": {
            "<page title>": "HP Promo L1506X 15\" LED LCD Monitor - Pricing and Details - Catalog.com",
            "aspect ratio": "4:3",
            "display technology": "LED LCD",
            "max resolution": "1024 x 768",
            "product line": "HP Promo"
        },
        "url": "catalog.com//436"
    },
    {
        "spec": {
            "<page title>": "Planar PT1945R 19\" Touch Screen Monitor with built-in speakers - Pricing and Details - Catalog.com",
            "aspect ratio": "5:4",
            "contrast ratio": "1000:1",
            "display technology": "Touch Screen",
            "max resolution": "1280 x 1024",
            "refresh rate": "75 Hz"
        },
        "url": "catalog.com//437"
    },
    {
        "spec": {
            "<page title>": "Samsung SyncMaster 191T 19\" LCD Monitor - Pricing and Details - Catalog.com",
            "aspect ratio": "4:3",
            "color support": "24-bit (16.7M Colors)",
            "contrast ratio": "500:1",
            "display technology": "LCD",
            "max resolution": "1280 x 1024",
            "max viewing angle horizontal": "170\u00b0",
            "max viewing angle vertical": "170\u00b0",
            "product line": "Samsung SyncMaster",
            "regulatory approval": "DOC-B \u25cf\nTUV-S \u25cf\nCE \u25cf\nCSA \u25cf\nTCO-95 \u25cf\nUL",
            "synchronization range  horizontal": "30 - 81 kHz",
            "synchronization range  vertical": "56 - 85 kHz",
            "system": "Desktop"
        },
        "url": "catalog.com//438"
    },
    {
        "spec": {
            "<page title>": "ViewSonic VX VX2770Smh-LED 27\" LED LCD Monitor, built-in Speakers - Pricing and Details - Catalog.com",
            "contrast ratio": "1000:1",
            "display technology": "LED LCD",
            "max resolution": "1920 x 1080",
            "product line": "ViewSonic VX"
        },
        "url": "catalog.com//439"
    },
    {
        "spec": {
            "<page title>": "BenQ GW2255 22\" Widescreen LED LCD Monitor, built-in Speakers - Pricing and Details - Catalog.com",
            "aspect ratio": "16:9",
            "contrast ratio": "3000:1",
            "display technology": "LED",
            "max resolution": "1920 x 1080"
        },
        "url": "catalog.com//440"
    },
    {
        "spec": {
            "<page title>": "LG 29EA73-P 29\" IPS Monitor, built-in Speakers - Pricing and Details - Catalog.com",
            "aspect ratio": "21:09",
            "contrast ratio": "5000000:1",
            "display technology": "IPS",
            "max resolution": "2560 x 1080"
        },
        "url": "catalog.com//444"
    },
    {
        "spec": {
            "<page title>": "Elo Touch 1528L 15\" Touch Screen Monitor, built-in Speakers - Pricing and Details - Catalog.com",
            "aspect ratio": "4:3",
            "contrast ratio": "400:1",
            "display technology": "Touch Screen",
            "product line": "Elo Touch",
            "refresh rate": "60 Hz"
        },
        "url": "catalog.com//447"
    },
    {
        "spec": {
            "<page title>": "DoubleSight DS-309W 30\" Widescreen LCD Monitor with built-in speakers - Pricing and Details - Catalog.com",
            "aspect ratio": "16:10",
            "contrast ratio": "1000:1",
            "display technology": "LCD",
            "max resolution": "2560 x 1600"
        },
        "url": "catalog.com//452"
    },
    {
        "spec": {
            "<page title>": "Acer B B246HL ymdr 24\" Widescreen LCD Monitor with built-in speakers - Pricing and Details - Catalog.com",
            "aspect ratio": "16:9",
            "display technology": "LCD",
            "max resolution": "1920 x 1080",
            "product line": "Acer B"
        },
        "url": "catalog.com//454"
    },
    {
        "spec": {
            "<page title>": "ASUS MS MX279H 27\" Widescreen LED LCD Monitor, built-in Speakers - Pricing and Details - Catalog.com",
            "aspect ratio": "16:9",
            "contrast ratio": "80000000:1",
            "display technology": "LED LCD",
            "max resolution": "1920 x 1080",
            "product line": "ASUS MS",
            "refresh rate": "56Hz - 76Hz"
        },
        "url": "catalog.com//455"
    },
    {
        "spec": {
            "<page title>": "ASUS VK VK248H-CSM 24\" Widescreen LCD Monitor with built-in speakers - Pricing and Details - Catalog.com",
            "aspect ratio": "16:9",
            "display technology": "LCD",
            "max resolution": "1920 x 1080",
            "product line": "ASUS VK"
        },
        "url": "catalog.com//458"
    },
    {
        "spec": {
            "<page title>": "Acer G G246HL Abd 24\" Widescreen LED LCD Monitor - Pricing and Details - Catalog.com",
            "aspect ratio": "16:9",
            "max resolution": "1920 x 1080",
            "product line": "Acer G",
            "refresh rate": "60 Hz"
        },
        "url": "catalog.com//460"
    },
    {
        "spec": {
            "<page title>": "Elo Touch 1919L 19\" Widescreen Touch Screen Monitor, built-in Speakers - Pricing and Details - Catalog.com",
            "aspect ratio": "16:9",
            "contrast ratio": "1000:1",
            "display technology": "Widescreen LCD",
            "product line": "Elo Touch",
            "refresh rate": "75 Hz"
        },
        "url": "catalog.com//462"
    },
    {
        "spec": {
            "<page title>": "Acer S S231HL 23\" Widescreen CRT Monitor - Pricing and Details - Catalog.com",
            "aspect ratio": "16:9",
            "max resolution": "1920 x 1080",
            "product line": "Acer S",
            "refresh rate": "60 Hz"
        },
        "url": "catalog.com//463"
    },
    {
        "spec": {
            "<page title>": "InFocus INF4201 42\" Widescreen LCD Monitor - Pricing and Details - Catalog.com",
            "aspect ratio": "16:10",
            "contrast ratio": "5000:1",
            "display technology": "LCD",
            "refresh rate": "60 Hz"
        },
        "url": "catalog.com//466"
    },
    {
        "spec": {
            "<page title>": "Planar PT1700MX 17\" Touch Screen Monitor with built-in speakers - Pricing and Details - Catalog.com",
            "aspect ratio": "5:4",
            "contrast ratio": "700:1,800:1",
            "display technology": "Touch Screen",
            "max viewing angle horizontal": "160\u00b0",
            "max viewing angle vertical": "160\u00b0",
            "refresh rate": "76 Hz",
            "regulatory approval": "TUV \u25cf\nRoHS \u25cf\nCB \u25cf\nFCC Class B \u25cf\nCE \u25cf\ncUL \u25cf\nUL",
            "synchronization range  horizontal": "31.5 - 80 kHz",
            "synchronization range  vertical": "56 - 76 kHz",
            "system": "Desktop"
        },
        "url": "catalog.com//470"
    },
    {
        "spec": {
            "<page title>": "NEC MultiSync EA274WMi 27\" Widescreen LED LCD Monitor, built-in Speakers - Pricing and Details - Catalog.com",
            "aspect ratio": "16:9",
            "contrast ratio": "1000:1",
            "display technology": "LED LCD",
            "product line": "NEC MultiSync"
        },
        "url": "catalog.com//471"
    },
    {
        "spec": {
            "<page title>": "Elo Touch 1215L 12\" LCD Monitor - Pricing and Details - Catalog.com",
            "aspect ratio": "4:3",
            "contrast ratio": "500:1",
            "display technology": "LCD",
            "product line": "Elo Touch"
        },
        "url": "catalog.com//474"
    },
    {
        "spec": {
            "<page title>": "HP DreamColor Z24x 24\" Widescreen LED LCD Monitor, built-in Speakers - Pricing and Details - Catalog.com",
            "aspect ratio": "16:9",
            "display technology": "LED LCD",
            "max resolution": "1920 x 1200",
            "product line": "HP DreamColor"
        },
        "url": "catalog.com//475"
    },
    {
        "spec": {
            "<page title>": "HP Compaq L5009TM 15\" Touch Screen Monitor - Pricing and Details - Catalog.com",
            "aspect ratio": "4:3",
            "contrast ratio": "400:1",
            "display technology": "Touch Screen",
            "max resolution": "1024 x 768",
            "product line": "HP Compaq"
        },
        "url": "catalog.com//478"
    },
    {
        "spec": {
            "<page title>": "HP Promo ZR2740w 27\" Widescreen IPS Monitor - Pricing and Details - Catalog.com",
            "aspect ratio": "16:9",
            "contrast ratio": "1000:1",
            "display technology": "IPS",
            "max resolution": "2560 x 1440",
            "product line": "HP Promo"
        },
        "url": "catalog.com//481"
    },
    {
        "spec": {
            "<page title>": "ViewSonic VG VG2439m-LED 24\" Widescreen LED LCD Monitor, built-in Speakers - Pricing and Details - Catalog.com",
            "aspect ratio": "16:9",
            "contrast ratio": "1000:1",
            "display technology": "LED",
            "max resolution": "1920 x 1080",
            "product line": "ViewSonic VG"
        },
        "url": "catalog.com//484"
    },
    {
        "spec": {
            "<page title>": "ViewSonic VA VA2446m-LED 24\" Widescreen LED LCD Monitor, built-in Speakers - Pricing and Details - Catalog.com",
            "aspect ratio": "16:9",
            "contrast ratio": "1000:1",
            "display technology": "LED LCD",
            "max resolution": "1920 x 1080",
            "product line": "ViewSonic VA"
        },
        "url": "catalog.com//485"
    },
    {
        "spec": {
            "<page title>": "Samsung S24D590PL 24\" LED LCD Monitor - Pricing and Details - Catalog.com",
            "contrast ratio": "1000:1",
            "display technology": "TFT PLS",
            "max resolution": "1920 x 1080"
        },
        "url": "catalog.com//490"
    },
    {
        "spec": {
            "<page title>": "Elo Touch 1529L 15\" LCD Monitor - Pricing and Details - Catalog.com",
            "aspect ratio": "4:3",
            "contrast ratio": "400:1",
            "display technology": "LCD",
            "max resolution": "1024 x 768",
            "product line": "Elo Touch",
            "refresh rate": "75 Hz"
        },
        "url": "catalog.com//492"
    },
    {
        "spec": {
            "<page title>": "NEC MultiSync E223W 22\" Widescreen LED LCD Monitor, built-in Speakers - Pricing and Details - Catalog.com",
            "aspect ratio": "16:10",
            "display technology": "LED",
            "max resolution": "1680 x 1050",
            "product line": "NEC MultiSync"
        },
        "url": "catalog.com//493"
    },
    {
        "spec": {
            "<page title>": "Lenovo ThinkVision LT2452P 24\" Widescreen LED LCD Monitor, built-in Speakers - Pricing and Details - Catalog.com",
            "aspect ratio": "16:10",
            "contrast ratio": "1000:1",
            "display technology": "LED LCD",
            "max resolution": "1920 x 1200",
            "product line": "Lenovo ThinkVision"
        },
        "url": "catalog.com//494"
    },
    {
        "spec": {
            "<page title>": "DoubleSight DS-2200WA 21.5\" Widescreen LED LCD Monitor with built-in speakers - Pricing and Details - Catalog.com",
            "aspect ratio": "16:9",
            "contrast ratio": "1000:1",
            "display technology": "LED",
            "max resolution": "1920 x 1080"
        },
        "url": "catalog.com//495"
    },
    {
        "spec": {
            "<page title>": "Dell S Series S2340L 23\" Widescreen LED LCD Monitor - Pricing and Details - Catalog.com",
            "aspect ratio": "16:9",
            "max resolution": "1920 x 1080",
            "product line": "Dell S Series"
        },
        "url": "catalog.com//496"
    },
    {
        "spec": {
            "<page title>": "Acer V V226WL bd 22\" Widescreen LCD Monitor - Pricing and Details - Catalog.com",
            "aspect ratio": "16:10",
            "contrast ratio": "100000000:1",
            "display technology": "LCD",
            "max resolution": "1680 x 1050",
            "product line": "Acer V"
        },
        "url": "catalog.com//499"
    },
    {
        "spec": {
            "<page title>": "ViewSonic VG VG2437mc-LED 24\" Widescreen LED LCD Monitor, built-in Speakers - Pricing and Details - Catalog.com",
            "aspect ratio": "16:9",
            "display technology": "LED LCD",
            "max resolution": "1920 x 1080",
            "product line": "ViewSonic VG"
        },
        "url": "catalog.com//500"
    },
    {
        "spec": {
            "<page title>": "Dell S2240L 21.5\" Widescreen IPS Monitor - Pricing and Details - Catalog.com",
            "aspect ratio": "16:9",
            "contrast ratio": "1000:1",
            "display technology": "LED LCD",
            "max resolution": "1920 x 1080"
        },
        "url": "catalog.com//501"
    },
    {
        "spec": {
            "<page title>": "HP TFT7600 17\" Widescreen LCD Monitor - Pricing and Details - Catalog.com",
            "aspect ratio": "16:10",
            "contrast ratio": "350:1",
            "display technology": "Flat Panel LCD TFT (Active Matrix)",
            "max resolution": "1600 x 900",
            "product features": "Space saving\nThe TFT7600 G2 combines a full 17.3-inch WXGA+ monitor and keyboard with touch pad in a 1U format with enough room to mount an HP KVM switch behind it. Tool less rails ease installation.High-resolution\n1600 x 900 TFT LCD BrightView display supports most commonly used resolutions.Built-in interface electronics\nOffers support of common video resolutions from 640 x 480 through 1600 x 900 at up to 75 Hz refresh rates.Color active matrix TFT screen\nColor active matrix TFT screen guarantees a flicker-free picture that is sharper in focus than a CRT monitor.Front USB port\nFront USB port will provide USB pass through when used with HP console switches with virtual media.",
            "refresh rate": "75 Hz"
        },
        "url": "catalog.com//502"
    },
    {
        "spec": {
            "<page title>": "ASUS MS PA248Q 24.1\" Widescreen LED LCD Monitor - Pricing and Details - Catalog.com",
            "aspect ratio": "16:10",
            "display technology": "LED LCD",
            "max resolution": "1920 x 1200",
            "product line": "ASUS MS"
        },
        "url": "catalog.com//506"
    },
    {
        "spec": {
            "<page title>": "Dell E2014T LED LCD Monitor - Pricing and Details - Catalog.com",
            "aspect ratio": "16:9",
            "contrast ratio": "1000:1",
            "display technology": "LED LCD",
            "max resolution": "1600 x 900"
        },
        "url": "catalog.com//513"
    },
    {
        "spec": {
            "<page title>": "Dell S Series S2340M 23\" Widescreen LED LCD Monitor - Pricing and Details - Catalog.com",
            "aspect ratio": "16:9",
            "max resolution": "1920 x 1080",
            "product line": "Dell S Series"
        },
        "url": "catalog.com//514"
    },
    {
        "spec": {
            "<page title>": "HP W2072a 20\" Widescreen LED LCD Monitor, built-in Speakers - Pricing and Details - Catalog.com",
            "aspect ratio": "16:9",
            "contrast ratio": "600:1",
            "display technology": "LED LCD",
            "max resolution": "1600 x 900",
            "max viewing angle horizontal": "90\u00b0",
            "max viewing angle vertical": "50\u00b0",
            "regulatory approval": "Energy star",
            "system": "Desktop"
        },
        "url": "catalog.com//515"
    },
    {
        "spec": {
            "<page title>": "NEC MultiSync V652 65\" Widescreen LED LCD Monitor with built-in speakers - Pricing and Details - Catalog.com",
            "aspect ratio": "16:9",
            "contrast ratio": "4000:1",
            "display technology": "LED",
            "max resolution": "1920 x 1080",
            "product line": "NEC MultiSync"
        },
        "url": "catalog.com//518"
    },
    {
        "spec": {
            "<page title>": "Tyco Elo Touch 1247L 12.1\" LCD Monitor - Pricing and Details - Catalog.com",
            "aspect ratio": "4:3",
            "contrast ratio": "500:1",
            "display technology": "Flat Panel LCD TFT (Active Matrix)",
            "max resolution": "800 x 600",
            "max viewing angle horizontal": "130\u00b0",
            "max viewing angle vertical": "105\u00b0",
            "product line": "Elo Touch",
            "regulatory approval": "FCC Class B \u25cf\nCE \u25cf\nC-Tick \u25cf\nEnergy star \u25cf\ncUL \u25cf\nVCCI \u25cf\nFCC \u25cf\nUL",
            "synchronization range  horizontal": "31.5 - 48.1 kHz",
            "synchronization range  vertical": "56.3 - 75 kHz",
            "system": "Wall Mount"
        },
        "url": "catalog.com//520"
    },
    {
        "spec": {
            "<page title>": "ASUS VE VE278Q 27\" Widescreen LED LCD Monitor, built-in Speakers - Pricing and Details - Catalog.com",
            "aspect ratio": "16:9",
            "contrast ratio": "1000:1",
            "display technology": "LED LCD",
            "max resolution": "1920 x 1080",
            "product features": "10,000,000:1 ASUS smart contrast ratio\nDynamically enhances the display's contrast by adjusting the luminance of the backlight to achieve the darkest black and brightest white - delivering lifelike images.2ms response time\nQuick response time of 2ms (GTG) eliminates ghosting and tracers for more fluid video playback.Full HD with HDMI\nVE278Q leads you to enter a big and spectacular world of colors with Full HD 1080p (1920 x 1080) support and HDMI port.AI light for brightness optimization\nAI light function enables the VE278Q automatically adjusting to lower brightness and make your eyes feel more comfortable in the dim environment. Furthermore, it helps save more 25% power consumption.Rich I / O ports- allow simultaneous connections to more video devices\nEmbedded digital HDMI and DisplayPort inputs, VE278Q enables the most advanced graphic cards / computers connection. The DisplayPort interface also offers better support of multiple display streams, longer cable connection, and interoperability with other inputs, such as VGA, DVI and HDMI.Picture in Picture - display 2 different signals simultaneously\nNeed to research on the Internet, but a championship game is about to start on TV? The VE278Q offers PIP (Picture in Picture) function (via hotkey) and has the capability to display images of two different signals at the same time.Splendid Video Intelligence technology\nThe exclusive Splendid Video Intelligence technology optimizes video performance and image fidelity by enhancing color, brightness, contrast, and sharpness.",
            "product line": "ASUS VE",
            "refresh rate": "85 Hz"
        },
        "url": "catalog.com//521"
    },
    {
        "spec": {
            "<page title>": "ViewSonic Graphic VG2228wm 22\" Widescreen LCD Monitor, built-in Speakers - Pricing and Details - Catalog.com",
            "aspect ratio": "16:9",
            "contrast ratio": "1000:1",
            "display technology": "Widescreen LCD",
            "max resolution": "1920 x 1080",
            "product features": "ECO-mode\nEnvironmentally-friendly ECO-mode reduces power consumption and extends backlight life.Multi-functional base design\nIt has VESA compliant wall-mount interface and detachable base for ergonomic flexibility with 90\u00ba pivot, 5.3\" height, tilt and 360\u00b0 swivel adjustments.Multimedia enhanced\nSave desk and workspace and enjoy rich, stereo sound with built-in stereo speakers.OptiSync digital / analog inputs expand your connectivity\nMulti-mode input technology supports both digital (DVI) and analog (VGA) signals for ultimate compatibility and configuration flexibility.Stylish slim-bezel design\nAn ultra-thin bezel lets you see more without taking up valuable desktop real estate.Widescreen aspect ratio with 1920 x 1080 resolution\nThe widescreen aspect ratio allows you to view Full HD content in its native format with no stretching or distortion.",
            "product line": "ViewSonic Graphic",
            "refresh rate": "75 Hz"
        },
        "url": "catalog.com//524"
    },
    {
        "spec": {
            "<page title>": "Samsung S24D390HL 24\" LED LCD Monitor - Pricing and Details - Catalog.com",
            "contrast ratio": "41.667:1",
            "display technology": "TFT PLS",
            "max resolution": "1920 x 1080"
        },
        "url": "catalog.com//525"
    },
    {
        "spec": {
            "<page title>": "Dell UltraSharp U2414H 24\" LCD Monitor - Pricing and Details - Catalog.com",
            "display technology": "LCD",
            "max resolution": "1920 x 1080",
            "product line": "Dell UltraSharp"
        },
        "url": "catalog.com//526"
    },
    {
        "spec": {
            "<page title>": "EIZO Eizo ColorEdge CG223W 22\" Widescreen LCD Monitor - Pricing and Details - Catalog.com",
            "aspect ratio": "16:10",
            "contrast ratio": "950:1",
            "display technology": "Widescreen LCD LCD",
            "max resolution": "1680 x 1050",
            "product line": "Eizo ColorEdge",
            "refresh rate": "86 Hz"
        },
        "url": "catalog.com//529"
    },
    {
        "spec": {
            "<page title>": "NEC MultiSync EX231W 23\" Widescreen LED LCD Monitor, built-in Speakers - Pricing and Details - Catalog.com",
            "aspect ratio": "16:9",
            "contrast ratio": "1000:1",
            "display technology": "LED LCD",
            "max resolution": "1920 x 1080",
            "product features": "Wide Full HD display\n23-inch 16:9 Full HD format with LED backlight and minimalistic design with full OSD functionality.Digital inputs\nAll the user will need with two digital inputs including DVI and DisplayPort.Ambient light sensor with auto brightness\nAutomatically sets the optimized brightness level according to ambient light and content conditions saving energy and improving viewing.VESA mount\nAllowing the installation of the panel in various mounting solutions.Full height adjustability\nTogether with the swivel, tilt and pivot functionality easily achieve the perfect individual ergonomic set-up in the office.Human sensor\nDetects the presence of a person in front of the screen and switches on / off automatically depending on the presence of the user saving power.",
            "product line": "NEC MultiSync",
            "refresh rate": "56Hz - 75Hz"
        },
        "url": "catalog.com//531"
    },
    {
        "spec": {
            "<page title>": "Dell UltraSharp U3014 30\" Widescreen LED LCD Monitor - Pricing and Details - Catalog.com",
            "aspect ratio": "16:9",
            "display technology": "LED",
            "max resolution": "2560 x 1600",
            "product line": "Dell UltraSharp"
        },
        "url": "catalog.com//533"
    },
    {
        "spec": {
            "<page title>": "Elo Touch 1715L 17\" LCD Monitor - Pricing and Details - Catalog.com",
            "aspect ratio": "5:4 \u25cf\n17:5",
            "max resolution": "1280 x 1024",
            "product line": "Elo Touch",
            "refresh rate": "75 Hz"
        },
        "url": "catalog.com//534"
    },
    {
        "spec": {
            "<page title>": "HP Envy C8K32AA#ABA 27\" Widescreen IPS Monitor, built-in Speakers - Pricing and Details - Catalog.com",
            "aspect ratio": "16:9",
            "contrast ratio": "10000000:1",
            "display technology": "IPS",
            "max resolution": "1920 x 1080",
            "product line": "HP Envy"
        },
        "url": "catalog.com//535"
    },
    {
        "spec": {
            "<page title>": "Dell S Series S2240M 21.5\" Widescreen LED LCD Monitor - Pricing and Details - Catalog.com",
            "aspect ratio": "16:9",
            "max resolution": "1920 x 1080",
            "product line": "Dell S Series"
        },
        "url": "catalog.com//536"
    },
    {
        "spec": {
            "<page title>": "Elo Touch 1915L 19\" LCD Monitor - Pricing and Details - Catalog.com",
            "aspect ratio": "5:4",
            "color support": "24-bit (16.7M Colors)",
            "contrast ratio": "800:1,550:1",
            "display technology": "Flat Panel LCD TFT (Active Matrix)",
            "max viewing angle horizontal": "140\u00b0",
            "max viewing angle vertical": "135\u00b0",
            "product line": "Elo Touch",
            "regulatory approval": "IC \u25cf\nCE \u25cf\nC-Tick \u25cf\ncUL \u25cf\nVCCI \u25cf\nFCC \u25cf\nUL \u25cf\nTUV GS",
            "synchronization range  horizontal": "32 - 80 kHz",
            "synchronization range  vertical": "0 - 0 kHz",
            "system": "Desktop"
        },
        "url": "catalog.com//538"
    },
    {
        "spec": {
            "<page title>": "ASUS MS VS229H-P 21.5\" Widescreen LED LCD Monitor - Pricing and Details - Catalog.com",
            "aspect ratio": "16:9",
            "display technology": "LED LCD",
            "max resolution": "1920 x 1080",
            "max viewing angle horizontal": "178\u00b0",
            "max viewing angle vertical": "178\u00b0",
            "product line": "ASUS MS",
            "refresh rate": "50Hz - 75Hz",
            "regulatory approval": "WEEE",
            "system": "Desktop"
        },
        "url": "catalog.com//540"
    },
    {
        "spec": {
            "<page title>": "ASUS VK VK278Q 27\" Widescreen LED LCD Monitor, built-in Speakers - Pricing and Details - Catalog.com",
            "aspect ratio": "16:9",
            "display technology": "LCD",
            "max resolution": "1920 x 1080",
            "product line": "ASUS VK",
            "refresh rate": "85 Hz"
        },
        "url": "catalog.com//543"
    },
    {
        "spec": {
            "<page title>": "Dell UltraSharp U2410 24\" Widescreen LCD Monitor - Pricing and Details - Catalog.com",
            "aspect ratio": "16:10",
            "max resolution": "1920 x 1200",
            "product line": "Dell UltraSharp",
            "refresh rate": "60 Hz"
        },
        "url": "catalog.com//545"
    },
    {
        "spec": {
            "<page title>": "NEC MultiSync X462S 46\" Widescreen LED LCD Monitor with built-in speakers - Pricing and Details - Catalog.com",
            "aspect ratio": "16:9",
            "display technology": "LED LCD",
            "max resolution": "1920 x 1080",
            "product line": "NEC MultiSync"
        },
        "url": "catalog.com//546"
    },
    {
        "spec": {
            "<page title>": "ViewSonic VA VA926-LED 19\" LED LCD Monitor - Pricing and Details - Catalog.com",
            "aspect ratio": "4:3",
            "contrast ratio": "1000:1",
            "display technology": "LED LCD",
            "max resolution": "1280 x 1024",
            "product line": "ViewSonic VA"
        },
        "url": "catalog.com//551"
    },
    {
        "spec": {
            "<page title>": "Dell UltraSharp U2412M 24\" Widescreen LED LCD Monitor - Pricing and Details - Catalog.com",
            "aspect ratio": "16:10",
            "max resolution": "1920 x 1200",
            "product line": "Dell UltraSharp",
            "refresh rate": "60 Hz"
        },
        "url": "catalog.com//552"
    },
    {
        "spec": {
            "<page title>": "Lilliput 869GL-80NP/C/T 8\" Widescreen LCD Monitor - Pricing and Details - Catalog.com",
            "aspect ratio": "16:9",
            "contrast ratio": "300:1",
            "display technology": "LCD",
            "max resolution": "800 x 480",
            "refresh rate": "72 Hz"
        },
        "url": "catalog.com//556"
    },
    {
        "spec": {
            "<page title>": "HP Compaq V LV1911 18.5\" Widescreen LED LCD Monitor - Pricing and Details - Catalog.com",
            "aspect ratio": "16:9",
            "contrast ratio": "600:1",
            "display technology": "LED",
            "max resolution": "1366 x 768",
            "product line": "Compaq V"
        },
        "url": "catalog.com//560"
    },
    {
        "spec": {
            "<page title>": "Dell S Series S2740L 27\" Widescreen LED LCD Monitor - Pricing and Details - Catalog.com",
            "aspect ratio": "16:9",
            "contrast ratio": "1000:1",
            "display technology": "LED LCD",
            "max resolution": "1920 x 1080",
            "product line": "Dell S Series"
        },
        "url": "catalog.com//561"
    },
    {
        "spec": {
            "<page title>": "Acer T T232HL bmidz 23\" Widescreen LED LCD Monitor, built-in Speakers - Pricing and Details - Catalog.com",
            "aspect ratio": "16:9",
            "max resolution": "1920 x 1080",
            "product line": "Acer T",
            "refresh rate": "60 Hz"
        },
        "url": "catalog.com//564"
    },
    {
        "spec": {
            "<page title>": "Dell UltraSharp U2713H 27\" Widescreen LED LCD Monitor - Pricing and Details - Catalog.com",
            "aspect ratio": "16:9",
            "contrast ratio": "1000:1",
            "display technology": "LED LCD",
            "max resolution": "2560 x 1440",
            "product line": "Dell UltraSharp"
        },
        "url": "catalog.com//565"
    },
    {
        "spec": {
            "<page title>": "AOC Envision E2260SWDN 21.5\" Widescreen LED LCD Monitor - Pricing and Details - Catalog.com",
            "aspect ratio": "16:9",
            "display technology": "LCD",
            "max resolution": "1920 x 1080",
            "product line": "AOC Envision"
        },
        "url": "catalog.com//566"
    },
    {
        "spec": {
            "<page title>": "Lilliput UM-80/C/T 8\" Touch Screen Monitor - Pricing and Details - Catalog.com",
            "aspect ratio": "4:3",
            "contrast ratio": "500:1",
            "display technology": "Touch Screen",
            "max resolution": "800 x 600"
        },
        "url": "catalog.com//569"
    },
    {
        "spec": {
            "<page title>": "Planar PX Line PXL2430MW 23.6\" Widescreen Touch Screen Monitor - Pricing and Details - Catalog.com",
            "aspect ratio": "16:9",
            "max resolution": "1920 x 1080",
            "product line": "Planar PX Line",
            "refresh rate": "75 Hz"
        },
        "url": "catalog.com//571"
    },
    {
        "spec": {
            "<page title>": "Acer B B276HL ymdprz 27\" Widescreen LED LCD Monitor, built-in Speakers - Pricing and Details - Catalog.com",
            "aspect ratio": "16:9",
            "contrast ratio": "100000000:1",
            "display technology": "LED LCD",
            "max resolution": "1920 x 1080",
            "product line": "Acer B"
        },
        "url": "catalog.com//572"
    },
    {
        "spec": {
            "<page title>": "ViewSonic TD2220 22\" Widescreen LED LCD Monitor, built-in Speakers - Pricing and Details - Catalog.com",
            "aspect ratio": "16:9",
            "contrast ratio": "1000:1",
            "display technology": "LED LCD",
            "max resolution": "1920 x 1080"
        },
        "url": "catalog.com//583"
    },
    {
        "spec": {
            "<page title>": "Dell S Series S2440L 24\" Widescreen LED LCD Monitor - Pricing and Details - Catalog.com",
            "aspect ratio": "16:9",
            "max resolution": "1920 x 1080",
            "product line": "Dell S Series"
        },
        "url": "catalog.com//587"
    },
    {
        "spec": {
            "<page title>": "AOC E2752VH 27\" Widescreen LED LCD Monitor, built-in Speakers - Pricing and Details - Catalog.com",
            "aspect ratio": "16:9",
            "display technology": "LED LCD",
            "max resolution": "1920 x 1080",
            "refresh rate": "50Hz - 76Hz"
        },
        "url": "catalog.com//588"
    },
    {
        "spec": {
            "<page title>": "Samsung S22C200NY 21.5\" Widescreen LED LCD Monitor - Pricing and Details - Catalog.com",
            "aspect ratio": "16:9",
            "contrast ratio": "1000:1",
            "display technology": "LED",
            "max resolution": "1920 x 1080"
        },
        "url": "catalog.com//593"
    },
    {
        "spec": {
            "<page title>": "Elo Touch IntelliTouch 1515L 15\" Touch Screen Monitor - Pricing and Details - Catalog.com",
            "aspect ratio": "4:3",
            "color support": "24-bit (16.7M Colors) \u25cf\n16.2M Colors",
            "contrast ratio": "500:1",
            "display technology": "LCD",
            "max resolution": "1024 x 768",
            "max viewing angle horizontal": "120\u00b0",
            "max viewing angle vertical": "100\u00b0",
            "product line": "Elo Touch",
            "refresh rate": "75 Hz",
            "regulatory approval": "IC \u25cf\nCE \u25cf\nC-Tick \u25cf\ncUL \u25cf\nTUV-GS \u25cf\nVCCI \u25cf\nFCC \u25cf\nUL",
            "synchronization range  horizontal": "31.5 - 60.2 kHz",
            "synchronization range  vertical": "56.3 - 75 kHz",
            "system": "Desktop"
        },
        "url": "catalog.com//596"
    },
    {
        "spec": {
            "<page title>": "ASUS VS VS248H-P 24\" Widescreen LED LCD Monitor - Pricing and Details - Catalog.com",
            "aspect ratio": "16:9",
            "display technology": "LED LCD",
            "max resolution": "1920 x 1080",
            "product line": "ASUS VS",
            "refresh rate": "76 Hz"
        },
        "url": "catalog.com//598"
    },
    {
        "spec": {
            "<page title>": "Elo Touch 0700L 7\" Widescreen Touch Screen Monitor - Pricing and Details - Catalog.com",
            "aspect ratio": "16:9",
            "contrast ratio": "500:1",
            "display technology": "Touch Screen",
            "max resolution": "800 x 480",
            "product line": "Elo Touch",
            "refresh rate": "60 Hz"
        },
        "url": "catalog.com//599"
    },
    {
        "spec": {
            "<page title>": "Samsung SyncMaster 500 15\" Widescreen LCD Monitor - Pricing and Details - Catalog.com",
            "aspect ratio": "16:9 \u25cf\n14:9",
            "color support": "24-bit (16.7M Colors)",
            "contrast ratio": "3000:1",
            "display technology": "Widescreen LCD",
            "max viewing angle horizontal": "178\u00b0",
            "max viewing angle vertical": "178\u00b0",
            "product line": "Samsung SyncMaster",
            "synchronization range  horizontal": "30 - 81 kHz",
            "synchronization range  vertical": "0 - 0 kHz",
            "system": "Desktop"
        },
        "url": "catalog.com//601"
    },
    {
        "spec": {
            "<page title>": "Dell E E1913S 19\" LED LCD Monitor - Pricing and Details - Catalog.com",
            "aspect ratio": "5:4",
            "contrast ratio": "1000:1",
            "display technology": "LED LCD",
            "max resolution": "1280 x 1024",
            "product line": "Dell E"
        },
        "url": "catalog.com//603"
    },
    {
        "spec": {
            "<page title>": "NEC EA223WM-BK 22\" Widescreen LED LCD Monitor, built-in Speakers - Pricing and Details - Catalog.com",
            "aspect ratio": "16:10",
            "contrast ratio": "1000:1",
            "display technology": "LED LCD",
            "max resolution": "1680 x 1050"
        },
        "url": "catalog.com//605"
    },
    {
        "spec": {
            "<page title>": "Samsung S24A850DW 24\" Widescreen LED LCD Monitor - Pricing and Details - Catalog.com",
            "aspect ratio": "16:10",
            "contrast ratio": "1000:1",
            "display technology": "LED LCD",
            "max resolution": "1920 x 1200"
        },
        "url": "catalog.com//607"
    },
    {
        "spec": {
            "<page title>": "HP Compaq L2311c 23\" Widescreen LED LCD Monitor - Pricing and Details - Catalog.com",
            "aspect ratio": "16:9",
            "contrast ratio": "42:1",
            "display technology": "LED LCD",
            "max resolution": "1920 x 1080",
            "product line": "HP Compaq"
        },
        "url": "catalog.com//608"
    },
    {
        "spec": {
            "<page title>": "ASUS VS VS239H-P 23\" Widescreen IPS Monitor - Pricing and Details - Catalog.com",
            "aspect ratio": "16:9",
            "display technology": "IPS",
            "max resolution": "1920 x 1080",
            "product line": "ASUS VS"
        },
        "url": "catalog.com//610"
    },
    {
        "spec": {
            "<page title>": "DoubleSight DS-220C 21.5\" Widescreen LED LCD Monitor - Pricing and Details - Catalog.com",
            "aspect ratio": "16:9",
            "contrast ratio": "1000:1",
            "display technology": "Widescreen LCD",
            "max resolution": "1920 x 1080"
        },
        "url": "catalog.com//611"
    },
    {
        "spec": {
            "<page title>": "Elo Touch 1937L 19\" Touch Screen Monitor, built-in Speakers - Pricing and Details - Catalog.com",
            "aspect ratio": "5:4",
            "contrast ratio": "800:1",
            "display technology": "Touch Screen",
            "max resolution": "1280 x 1024",
            "product line": "Elo Touch",
            "refresh rate": "75 Hz"
        },
        "url": "catalog.com//615"
    },
    {
        "spec": {
            "<page title>": "NEC MultiSync EA273WMi 27\" Widescreen LED LCD Monitor, built-in Speakers - Pricing and Details - Catalog.com",
            "aspect ratio": "16:9",
            "contrast ratio": "1000:1",
            "display technology": "LED LCD",
            "product line": "NEC MultiSync"
        },
        "url": "catalog.com//616"
    },
    {
        "spec": {
            "<page title>": "AOC Envision I2367Fh 23\" Widescreen LED LCD Monitor, built-in Speakers - Pricing and Details - Catalog.com",
            "aspect ratio": "16:9",
            "contrast ratio": "50000000:1",
            "display technology": "LED LCD",
            "max resolution": "1920 x 1080",
            "max viewing angle horizontal": "178\u00b0",
            "max viewing angle vertical": "178\u00b0",
            "product line": "AOC Envision",
            "regulatory approval": "FCC \u25cf\nMPR-",
            "system": "Desktop"
        },
        "url": "catalog.com//617"
    },
    {
        "spec": {
            "<page title>": "StarTech 1U 17\" LCD Monitor - Pricing and Details - Catalog.com",
            "aspect ratio": "4:3",
            "contrast ratio": "450:1",
            "display technology": "LCD",
            "refresh rate": "60 Hz"
        },
        "url": "catalog.com//619"
    },
    {
        "spec": {
            "<page title>": "ViewSonic VX VX2270Smh-LED 22\" Widescreen LED LCD Monitor, built-in Speakers - Pricing and Details - Catalog.com",
            "aspect ratio": "16:9",
            "contrast ratio": "1000:1",
            "display technology": "LED LCD",
            "max resolution": "1920 x 1080",
            "product line": "ViewSonic VX"
        },
        "url": "catalog.com//620"
    },
    {
        "spec": {
            "<page title>": "Philips P-Line 271P4QPJEB 27\" Widescreen LCD Monitor, built-in Speakers - Pricing and Details - Catalog.com",
            "aspect ratio": "16:9",
            "contrast ratio": "5000:1",
            "display technology": "LCD",
            "max resolution": "1920 x 1080",
            "product line": "Philips P-Line"
        },
        "url": "catalog.com//621"
    },
    {
        "spec": {
            "<page title>": "ASUS MS VS208N 20\" Widescreen LED LCD Monitor - Pricing and Details - Catalog.com",
            "aspect ratio": "16:9",
            "contrast ratio": "50000000:1",
            "display technology": "LED LCD",
            "max resolution": "1600 x 900",
            "product line": "ASUS MS"
        },
        "url": "catalog.com//623"
    }
]