[
    {
        "spec": {
            "CE": "Oui",
            "Corps de chauffe": "R\u00e9sistance",
            "EAN Code": "3413289143844",
            "Garantie": "2 ans",
            "Hauteur": "582",
            "Largeur": "900",
            "Marque": "Chaufelec",
            "NF": "Oui",
            "Nombre de fils pilotes": "6 fils",
            "Orientation": "Horizontale",
            "Profondeur": "135",
            "Puissance": "2000W",
            "R\u00e9f. Fab": "BJN1787FDAJ",
            "Soufflerie": "Non",
            "Technologie de chauffe": "Inertie",
            "Type de chauffage": "Radiateur \u00e0 inertie",
            "Type de thermostat": "Digital"
        },
        "url": "123elec.com//2740939"
    },
    {
        "spec": {
            "CE": "Oui",
            "EAN Code": "0",
            "Garantie": "1 an",
            "Marque": "Non communiqu\u00e9",
            "NF": "Oui",
            "R\u00e9f. Fab": "823695"
        },
        "url": "123elec.com//15507713"
    },
    {
        "spec": {
            "CE": "Oui",
            "Corps de chauffe": "Aluminium",
            "EAN Code": "3413283143325",
            "Garantie": "2 ans",
            "Hauteur": "500",
            "Largeur": "1075",
            "Marque": "Chaufelec",
            "NF": "Oui",
            "Nombre de fils pilotes": "6 fils",
            "Orientation": "Horizontale",
            "Profondeur": "113",
            "Puissance": "2000W",
            "R\u00e9f. Fab": "BJM1547FDHS",
            "Soufflerie": "Non",
            "Technologie de chauffe": "Rayonnement",
            "Type de chauffage": "Panneau rayonnant",
            "Type de thermostat": "Digital"
        },
        "url": "123elec.com//6857835"
    },
    {
        "spec": {
            "CE": "Oui",
            "Corps de chauffe": "R\u00e9sistance",
            "EAN Code": "3413289143820",
            "Garantie": "2 ans",
            "Hauteur": "582",
            "Largeur": "0.00m",
            "Marque": "Chaufelec",
            "NF": "Oui",
            "Nombre de fils pilotes": "6 fils",
            "Orientation": "Horizontale",
            "Profondeur": "0.00m",
            "Puissance": "1000W",
            "R\u00e9f. Fab": "BJN1783FDAJ",
            "Soufflerie": "Non",
            "Technologie de chauffe": "Inertie",
            "Type de chauffage": "Radiateur \u00e0 inertie",
            "Type de thermostat": "Digital"
        },
        "url": "123elec.com//1267348"
    }
]