[
    {
        "spec": {
            "Assemblage": "A composer",
            "Bornes auto": "Non",
            "CE": "Oui",
            "Couleur": "Blanc",
            "EAN Code": "3606480708565",
            "Etanche": "Non",
            "Fixation": "A vis \u00e0 griffes",
            "Fonction appareillage": "USB",
            "Gamme du produit": "Schneider Odace",
            "Garantie": "18 mois",
            "Marque": "Schneider",
            "Mati\u00e8re": "Plastique",
            "NF": "Non",
            "Nombre de postes": "1 poste",
            "Pose": "Encastr\u00e9e",
            "Retour d'\u00e9tat": "Non",
            "R\u00e9f. Fab": "S520409",
            "Type appareillage": "M\u00e9canisme"
        },
        "url": "123elec.com//13853637"
    },
    {
        "spec": {
            "Assemblage": "A composer",
            "Bornes auto": "Non",
            "CE": "Oui",
            "Couleur": "Blanc",
            "EAN Code": "3606480319228",
            "Etanche": "Non",
            "Fixation": "A vis",
            "Fonction appareillage": "Haut-parleur",
            "Gamme du produit": "Schneider Odace",
            "Garantie": "18 mois",
            "Marque": "Schneider",
            "Mati\u00e8re": "Plastique",
            "NF": "Non",
            "Nombre de postes": "1 poste",
            "Pose": "Encastr\u00e9e",
            "Retour d'\u00e9tat": "Non",
            "R\u00e9f. Fab": "S520488",
            "Type appareillage": "M\u00e9canisme"
        },
        "url": "123elec.com//5581116"
    },
    {
        "spec": {
            "Assemblage": "A composer",
            "Bornes auto": "Non",
            "CE": "Oui",
            "Couleur": "Blanc",
            "EAN Code": "3606480319891",
            "Etanche": "Non",
            "Fixation": "A vis \u00e0 griffes",
            "Fonction appareillage": "USB",
            "Gamme du produit": "Schneider Odace",
            "Garantie": "18 mois",
            "Marque": "Schneider",
            "Mati\u00e8re": "Plastique",
            "NF": "Non",
            "Nombre de postes": "1 poste",
            "Pose": "Encastr\u00e9e",
            "Retour d'\u00e9tat": "Non",
            "R\u00e9f. Fab": "S520408",
            "Type appareillage": "M\u00e9canisme"
        },
        "url": "123elec.com//9158809"
    },
    {
        "spec": {
            "CE": "Oui",
            "EAN Code": "3760162268126",
            "Etanche": "Non",
            "Garantie": "1 an",
            "Marque": "Siemens",
            "NF": "Non",
            "Nombre de module(s) par rang\u00e9e": "6",
            "Nombre de rang\u00e9es": "1",
            "Type de tableau": "Tableau vide"
        },
        "url": "123elec.com//2451245"
    },
    {
        "spec": {
            "CE": "Oui",
            "EAN Code": "3245060013066",
            "Etanche": "Non",
            "Garantie": "2 ans",
            "Marque": "Legrand",
            "NF": "Non",
            "Nombre de module(s) par rang\u00e9e": "6",
            "Nombre de rang\u00e9es": "1",
            "R\u00e9f. Fab": "001306",
            "Type de tableau": "Tableau vide"
        },
        "url": "123elec.com//13661073"
    },
    {
        "spec": {
            "CE": "Oui",
            "EAN Code": "3760162268133",
            "Etanche": "Non",
            "Garantie": "1 an",
            "Marque": "Siemens",
            "NF": "Non",
            "Nombre de module(s) par rang\u00e9e": "9",
            "Nombre de rang\u00e9es": "1",
            "Type de tableau": "Tableau vide"
        },
        "url": "123elec.com//4997953"
    },
    {
        "spec": {
            "CE": "Oui",
            "EAN Code": "3245064012119",
            "Etanche": "Non",
            "Gamme du produit": "Legrand Drivia",
            "Garantie": "2 ans",
            "Marque": "Legrand",
            "NF": "Oui",
            "Nombre de module(s) par rang\u00e9e": "13",
            "Nombre de rang\u00e9es": "1",
            "Type de tableau": "Tableau vide"
        },
        "url": "123elec.com//12347907"
    }
]