[
    {
        "spec": {
            "CE": "Oui",
            "Dur\u00e9e de vie de la pile": "5 ans",
            "EAN Code": "816317002473",
            "Garantie": "5 ans",
            "Marque": "Angel Eye",
            "NF": "Oui",
            "Puissance avertisseur en db": "85",
            "R\u00e9f. Fab": "881467",
            "Type de d\u00e9tecteur": "Fum\u00e9e",
            "Type de pile": "Alcaline"
        },
        "url": "123elec.com//4116184"
    },
    {
        "spec": {
            "CE": "Oui",
            "Conditionnement": "Couronne",
            "Diam\u00e8tre": "16",
            "EAN Code": "3661728000108",
            "Effet glisse": "Non",
            "Garantie": "1 an",
            "Longueur": "100m",
            "Marque": "Non communiqu\u00e9",
            "NF": "Oui",
            "R\u00e9f. Fab": "F",
            "Type de c\u00e2ble/fil/gaine": "Gaine pr\u00e9fil\u00e9e"
        },
        "url": "123elec.com//11698482"
    },
    {
        "spec": {
            "BBC": "Non",
            "CE": "Oui",
            "Diam\u00e8tre": "67 mm",
            "EAN Code": "3606485048475",
            "Forme de la bo\u00eete": "Ronde",
            "Garantie": "18 mois",
            "Largeur": "71 mm",
            "Marque": "Schneider",
            "NF": "Non",
            "Nombre de postes": "1 poste",
            "Profondeur": "40 mm",
            "R\u00e9f. Fab": "ALB71996",
            "Type de cloison": "Placo"
        },
        "url": "123elec.com//1804122"
    },
    {
        "spec": {
            "CE": "Oui",
            "Corps de chauffe": "R\u00e9sistance",
            "EAN Code": "3413289143141",
            "Garantie": "2 ans",
            "Hauteur": "440",
            "Largeur": "640",
            "Marque": "Chaufelec",
            "NF": "Oui",
            "Nombre de fils pilotes": "6 fils",
            "Orientation": "Horizontale",
            "Profondeur": "80",
            "Puissance": "1500W",
            "R\u00e9f. Fab": "BJH1065FDFS",
            "Soufflerie": "Non",
            "Technologie de chauffe": "Convection",
            "Type de chauffage": "Convecteur \u00e9lectrique",
            "Type de thermostat": "Digital"
        },
        "url": "123elec.com//4896654"
    },
    {
        "spec": {
            "CE": "Oui",
            "Dur\u00e9e de vie de la pile": "1 an",
            "EAN Code": "0816317001834",
            "Garantie": "7 ans",
            "Marque": "Angel Eye",
            "NF": "Non",
            "Puissance avertisseur en db": "85",
            "R\u00e9f. Fab": "881415",
            "Type de d\u00e9tecteur": "Monoxyde de carbone",
            "Type de pile": "Alcaline"
        },
        "url": "123elec.com//1309524"
    },
    {
        "spec": {
            "CE": "Oui",
            "Corps de chauffe": "Aluminium",
            "EAN Code": "3413289143882",
            "Garantie": "2 ans",
            "Hauteur": "450",
            "Largeur": "800",
            "Marque": "Chaufelec",
            "NF": "Oui",
            "Nombre de fils pilotes": "6 fils",
            "Orientation": "Horizontale",
            "Profondeur": "93",
            "Puissance": "1500W",
            "R\u00e9f. Fab": "BJM1685FPFS",
            "Soufflerie": "Non",
            "Technologie de chauffe": "Rayonnement",
            "Type de chauffage": "Panneau rayonnant",
            "Type de thermostat": "Electronique"
        },
        "url": "123elec.com//14658031"
    },
    {
        "spec": {
            "CE": "Oui",
            "Conditionnement": "Couronne",
            "Diam\u00e8tre": "16",
            "EAN Code": "8053676571475",
            "Effet glisse": "Non",
            "Garantie": "1 an",
            "Longueur": "10m",
            "Marque": "Elettrocanali",
            "NF": "Oui",
            "R\u00e9f. Fab": "ECICTA16T-10",
            "Type de c\u00e2ble/fil/gaine": "Gaine nue"
        },
        "url": "123elec.com//3353984"
    },
    {
        "spec": {
            "Application conducteurs": "HO7",
            "CE": "Oui",
            "Conditionnement": "Couronne",
            "Couleur(s) des fils": "Bleu",
            "EAN Code": "3427500597736",
            "Garantie": "1 an",
            "Longueur": "100m",
            "Marque": "Non communiqu\u00e9",
            "NF": "Non",
            "Nombre de brin(s)": "1 brin",
            "R\u00e9f. Fab": "F",
            "Section": "2.5 mm\u00b2",
            "Type de c\u00e2ble/fil/gaine": "Fils rigides"
        },
        "url": "123elec.com//12531259"
    },
    {
        "spec": {
            "CE": "Oui",
            "Corps de chauffe": "Fonte",
            "EAN Code": "3413289143929",
            "Garantie": "2 ans",
            "Hauteur": "550",
            "Largeur": "1222",
            "Marque": "Chaufelec",
            "NF": "Oui",
            "Nombre de fils pilotes": "6 fils",
            "Orientation": "Horizontale",
            "Profondeur": "100",
            "Puissance": "2000W",
            "R\u00e9f. Fab": "BJN1987FDAJ",
            "Soufflerie": "Non",
            "Technologie de chauffe": "Inertie",
            "Type de chauffage": "Radiateur \u00e0 inertie",
            "Type de thermostat": "Digital"
        },
        "url": "123elec.com//209716"
    },
    {
        "spec": {
            "Assemblage": "A composer",
            "Bornes auto": "Non",
            "CE": "Oui",
            "Couleur": "Blanc",
            "EAN Code": "3606480319433",
            "Etanche": "Non",
            "Fixation": "A vis",
            "Fonction appareillage": "Sortie de c\u00e2ble",
            "Gamme du produit": "Schneider Odace",
            "Garantie": "18 mois",
            "Marque": "Schneider",
            "Mati\u00e8re": "Plastique",
            "NF": "Non",
            "Nombre de postes": "1 poste",
            "Pose": "Encastr\u00e9e",
            "Retour d'\u00e9tat": "Non",
            "R\u00e9f. Fab": "S520662",
            "Type appareillage": "M\u00e9canisme"
        },
        "url": "123elec.com//985157"
    },
    {
        "spec": {
            "CE": "Oui",
            "EAN Code": "3760162268317",
            "Gamme du produit": "Wago S2273",
            "Garantie": "1 an",
            "Marque": "Wago",
            "NF": "Non",
            "Nombre d'entr\u00e9es": "3 entr\u00e9es",
            "R\u00e9f. Fab": "850031",
            "Section des fils": "2.5\u00b2",
            "Type de borne": "Auto",
            "Utilisation pour conducteurs": "Fils rigides"
        },
        "url": "123elec.com//174168"
    },
    {
        "spec": {
            "CE": "Oui",
            "EAN Code": "3760162268676",
            "Garantie": "1 an",
            "Marque": "Capri",
            "NF": "Non",
            "Nombre d'entr\u00e9es": "5 entr\u00e9es",
            "R\u00e9f. Fab": "846015",
            "Section des fils": "2.5\u00b2",
            "Type de borne": "Auto",
            "Utilisation pour conducteurs": "Fils rigides"
        },
        "url": "123elec.com//3462685"
    },
    {
        "spec": {
            "CE": "Oui",
            "EAN Code": "3760162265729",
            "Gamme du produit": "Wago S222",
            "Garantie": "1 an",
            "Marque": "Wago",
            "NF": "Non",
            "Nombre d'entr\u00e9es": "2 entr\u00e9es",
            "R\u00e9f. Fab": "850015",
            "Section des fils": "2.5\u00b2",
            "Type de borne": "Auto",
            "Utilisation pour conducteurs": "Fils souples et rigides"
        },
        "url": "123elec.com//1134941"
    },
    {
        "spec": {
            "CE": "Oui",
            "EAN Code": "3662366003391",
            "Garantie": "1 an",
            "Marque": "Non communiqu\u00e9",
            "NF": "Non",
            "Nombre d'entr\u00e9es": "12 entr\u00e9es",
            "R\u00e9f. Fab": "211046",
            "Section des fils": "6\u00b2",
            "Type de borne": "A vis"
        },
        "url": "123elec.com//13815900"
    },
    {
        "spec": {
            "Application conducteurs": "HO7",
            "CE": "Oui",
            "Conditionnement": "Couronne",
            "Couleur(s) des fils": "Rouge",
            "EAN Code": "3427501046905",
            "Garantie": "1 an",
            "Longueur": "100m",
            "Marque": "Nexans",
            "NF": "Non",
            "Nombre de brin(s)": "1 brin",
            "Section": "6 mm\u00b2",
            "Type de c\u00e2ble/fil/gaine": "Fils rigides"
        },
        "url": "123elec.com//2204654"
    },
    {
        "spec": {
            "CE": "Oui",
            "Dur\u00e9e de vie de la pile": "10 ans",
            "EAN Code": "0816317002268",
            "Garantie": "5 ans",
            "Marque": "Angel Eye",
            "NF": "Oui",
            "Puissance avertisseur en db": "85",
            "R\u00e9f. Fab": "881485",
            "Type de d\u00e9tecteur": "Fum\u00e9e",
            "Type de pile": "Lithium"
        },
        "url": "123elec.com//9625000"
    },
    {
        "spec": {
            "CE": "Oui",
            "EAN Code": "3589353092896",
            "Garantie": "1 an",
            "Marque": "Capri",
            "NF": "Non",
            "Nombre d'entr\u00e9es": "8 entr\u00e9es",
            "R\u00e9f. Fab": "CAP309289",
            "Section des fils": "2.5\u00b2",
            "Type de borne": "Auto",
            "Utilisation pour conducteurs": "Fils rigides"
        },
        "url": "123elec.com//6334614"
    },
    {
        "spec": {
            "CE": "Oui",
            "EAN Code": "4001869343907",
            "Emprise (en nombre de modules)": "1",
            "Fonction du module": "Contacteur de puissance",
            "Garantie": "2 ans",
            "Intensit\u00e9": "20A",
            "Marque": "Siemens",
            "NF": "Oui",
            "R\u00e9f. Fab": "F",
            "Tension (volts)": "230V"
        },
        "url": "123elec.com//13346075"
    },
    {
        "spec": {
            "CE": "Oui",
            "Dur\u00e9e de vie de la pile": "1 an",
            "EAN Code": "5022391065029",
            "Garantie": "5 ans",
            "Marque": "Angel Eye",
            "NF": "Oui",
            "Puissance avertisseur en db": "85",
            "R\u00e9f. Fab": "F",
            "Type de d\u00e9tecteur": "Fum\u00e9e",
            "Type de pile": "Alcaline"
        },
        "url": "123elec.com//15948548"
    },
    {
        "spec": {
            "CE": "Oui",
            "EAN Code": "8431044129006",
            "Etanche": "Oui",
            "Garantie": "1 an",
            "Marque": "Ide",
            "NF": "Non",
            "R\u00e9f. Fab": "CDN4PT/RR"
        },
        "url": "123elec.com//12359520"
    },
    {
        "spec": {
            "CE": "Oui",
            "Conditionnement": "Couronne",
            "Diam\u00e8tre": "20",
            "EAN Code": "8053676572861",
            "Effet glisse": "Non",
            "Garantie": "1 an",
            "Longueur": "25m",
            "Marque": "Elettrocanali",
            "NF": "Oui",
            "R\u00e9f. Fab": "ECICTA20T-25",
            "Type de c\u00e2ble/fil/gaine": "Gaine nue"
        },
        "url": "123elec.com//8976811"
    },
    {
        "spec": {
            "Assemblage": "Complet",
            "Bornes auto": "Oui",
            "CE": "Oui",
            "Couleur": "Gris",
            "EAN Code": "3760162264050",
            "Etanche": "Oui",
            "Fixation": "A vis",
            "Fonction appareillage": "Prise 2P+T",
            "Garantie": "1 an",
            "Indice IP": "IP54",
            "Marque": "Viko",
            "Mati\u00e8re": "Plastique",
            "NF": "Non",
            "Nombre de postes": "1 poste",
            "Pose": "Saillie",
            "Retour d'\u00e9tat": "Non",
            "R\u00e9f. Fab": "840620",
            "Type appareillage": "M\u00e9canisme"
        },
        "url": "123elec.com//14276142"
    },
    {
        "spec": {
            "CE": "Oui",
            "EAN Code": "3760162268379",
            "Gamme du produit": "Wago S2273",
            "Garantie": "1 an",
            "Marque": "Wago",
            "NF": "Non",
            "Nombre d'entr\u00e9es": "4 entr\u00e9es",
            "R\u00e9f. Fab": "850042",
            "Section des fils": "2.5\u00b2",
            "Type de borne": "Auto",
            "Utilisation pour conducteurs": "Fils rigides"
        },
        "url": "123elec.com//1988063"
    },
    {
        "spec": {
            "CE": "Oui",
            "EAN Code": "4001869335520",
            "Emprise (en nombre de modules)": "2",
            "Fonction du module": "Horloge hebdomadaire",
            "Garantie": "2 ans",
            "Intensit\u00e9": "16A",
            "Marque": "Siemens",
            "NF": "Non",
            "R\u00e9f. Fab": "F",
            "Tension (volts)": "230V"
        },
        "url": "123elec.com//7176752"
    },
    {
        "spec": {
            "Application conducteurs": "HO7",
            "CE": "Oui",
            "Conditionnement": "Couronne",
            "Couleur(s) des fils": "Noir",
            "EAN Code": "3427500597262",
            "Garantie": "1 an",
            "Longueur": "100m",
            "Marque": "Non communiqu\u00e9",
            "NF": "Non",
            "Nombre de brin(s)": "1 brin",
            "Section": "1.5 mm\u00b2",
            "Type de c\u00e2ble/fil/gaine": "Fils rigides"
        },
        "url": "123elec.com//5227173"
    },
    {
        "spec": {
            "Application conducteurs": "HO7",
            "CE": "Oui",
            "Conditionnement": "Couronne",
            "Couleur(s) des fils": "Marron",
            "EAN Code": "3427500597385",
            "Garantie": "1 an",
            "Longueur": "100m",
            "Marque": "Non communiqu\u00e9",
            "NF": "Non",
            "Nombre de brin(s)": "1 brin",
            "Section": "1.5 mm\u00b2",
            "Type de c\u00e2ble/fil/gaine": "Fils rigides"
        },
        "url": "123elec.com//3195703"
    },
    {
        "spec": {
            "CE": "Oui",
            "EAN Code": "3760162268386",
            "Gamme du produit": "Wago S2273",
            "Garantie": "1 an",
            "Marque": "Wago",
            "NF": "Non",
            "Nombre d'entr\u00e9es": "5 entr\u00e9es",
            "R\u00e9f. Fab": "850043",
            "Section des fils": "2.5\u00b2",
            "Type de borne": "Auto",
            "Utilisation pour conducteurs": "Fils rigides"
        },
        "url": "123elec.com//15378023"
    },
    {
        "spec": {
            "Assemblage": "A composer",
            "Bornes auto": "Non",
            "CE": "Oui",
            "Couleur": "Aluminium",
            "EAN Code": "3606480320552",
            "Etanche": "Non",
            "Gamme du produit": "Schneider Odace",
            "Garantie": "18 mois",
            "Marque": "Schneider",
            "Mati\u00e8re": "Plastique",
            "NF": "Oui",
            "Nombre de postes": "3 postes",
            "Pose": "Encastr\u00e9e",
            "Retour d'\u00e9tat": "Non",
            "R\u00e9f. Fab": "S520706E",
            "Type appareillage": "Plaque"
        },
        "url": "123elec.com//14624371"
    },
    {
        "spec": {
            "Assemblage": "A composer",
            "Bornes auto": "Non",
            "CE": "Oui",
            "Couleur": "Aluminium",
            "EAN Code": "3606480320538",
            "Etanche": "Non",
            "Gamme du produit": "Schneider Odace",
            "Garantie": "18 mois",
            "Marque": "Schneider",
            "Mati\u00e8re": "Plastique",
            "NF": "Oui",
            "Nombre de postes": "2 postes",
            "Pose": "Encastr\u00e9e",
            "Retour d'\u00e9tat": "Non",
            "R\u00e9f. Fab": "S520704E",
            "Type appareillage": "Plaque"
        },
        "url": "123elec.com//14907491"
    },
    {
        "spec": {
            "Application conducteurs": "RO2V",
            "CE": "Oui",
            "Conditionnement": "Couronne",
            "EAN Code": "3170230007845",
            "Garantie": "1 an",
            "Longueur": "50m",
            "Marque": "Nexans",
            "NF": "Oui",
            "Nombre de brin(s)": "4 brins",
            "Section": "2.5 mm\u00b2",
            "Type de c\u00e2ble/fil/gaine": "C\u00e2bles rigides"
        },
        "url": "123elec.com//5120438"
    },
    {
        "spec": {
            "CE": "Oui",
            "EAN Code": "3760162268324",
            "Gamme du produit": "Wago S2273",
            "Garantie": "1 an",
            "Marque": "Wago",
            "NF": "Non",
            "Nombre d'entr\u00e9es": "4 entr\u00e9es",
            "R\u00e9f. Fab": "850032",
            "Section des fils": "2.5\u00b2",
            "Type de borne": "Auto",
            "Utilisation pour conducteurs": "Fils rigides"
        },
        "url": "123elec.com//13909107"
    },
    {
        "spec": {
            "Application conducteurs": "HO7",
            "CE": "Oui",
            "Conditionnement": "Couronne",
            "Couleur(s) des fils": "Vert / jaune",
            "EAN Code": "3427500597231",
            "Garantie": "1 an",
            "Longueur": "100m",
            "Marque": "Non communiqu\u00e9",
            "NF": "Non",
            "Nombre de brin(s)": "1 brin",
            "Section": "1.5 mm\u00b2",
            "Type de c\u00e2ble/fil/gaine": "Fils rigides"
        },
        "url": "123elec.com//10687256"
    },
    {
        "spec": {
            "Application conducteurs": "HO7",
            "CE": "Oui",
            "Conditionnement": "Couronne",
            "Couleur(s) des fils": "Vert / jaune",
            "EAN Code": "3427501046868",
            "Garantie": "1 an",
            "Longueur": "100m",
            "Marque": "Nexans",
            "NF": "Non",
            "Nombre de brin(s)": "1 brin",
            "Section": "6 mm\u00b2",
            "Type de c\u00e2ble/fil/gaine": "Fils rigides"
        },
        "url": "123elec.com//13748346"
    },
    {
        "spec": {
            "CE": "Oui",
            "EAN Code": "3662366003087",
            "Gamme du produit": "Wago S2273",
            "Garantie": "1 an",
            "Marque": "Wago",
            "NF": "Non",
            "Nombre d'entr\u00e9es": "8 entr\u00e9es",
            "R\u00e9f. Fab": "850064",
            "Section des fils": "2.5\u00b2",
            "Type de borne": "Auto",
            "Utilisation pour conducteurs": "Fils rigides"
        },
        "url": "123elec.com//3182720"
    },
    {
        "spec": {
            "CE": "Oui",
            "Corps de chauffe": "Aluminium",
            "EAN Code": "3413289144360",
            "Garantie": "2 ans",
            "Hauteur": "1046",
            "Largeur": "521",
            "Marque": "Chaufelec",
            "NF": "Oui",
            "Nombre de fils pilotes": "6 fils",
            "Orientation": "Verticale",
            "Profondeur": "180",
            "Puissance": "1500W",
            "R\u00e9f. Fab": "BJK1905FDAJ",
            "Soufflerie": "Oui",
            "Technologie de chauffe": "Rayonnement",
            "Type de chauffage": "S\u00e8che-serviettes",
            "Type de thermostat": "Digital"
        },
        "url": "123elec.com//14282142"
    },
    {
        "spec": {
            "CE": "Oui",
            "EAN Code": "3760162268393",
            "Gamme du produit": "Wago S2273",
            "Garantie": "1 an",
            "Marque": "Wago",
            "NF": "Non",
            "Nombre d'entr\u00e9es": "8 entr\u00e9es",
            "R\u00e9f. Fab": "850046",
            "Section des fils": "2.5\u00b2",
            "Type de borne": "Auto",
            "Utilisation pour conducteurs": "Fils rigides"
        },
        "url": "123elec.com//16291387"
    },
    {
        "spec": {
            "CE": "Oui",
            "Corps de chauffe": "Aluminium",
            "EAN Code": "3413289143387",
            "Garantie": "2 ans",
            "Hauteur": "34",
            "Largeur": "70",
            "Marque": "Chaufelec",
            "NF": "Oui",
            "Nombre de fils pilotes": "4 fils",
            "Orientation": "Verticale",
            "Profondeur": "17.5",
            "Puissance": "800W",
            "R\u00e9f. Fab": "BJK1712FJFS",
            "Soufflerie": "Non",
            "Technologie de chauffe": "Rayonnement",
            "Type de chauffage": "S\u00e8che-serviettes",
            "Type de thermostat": "Electronique"
        },
        "url": "123elec.com//1519201"
    },
    {
        "spec": {
            "CE": "Oui",
            "EAN Code": "3662366006569",
            "Gamme du produit": "Wago S273",
            "Garantie": "1 an",
            "Marque": "Wago",
            "NF": "Non",
            "Nombre d'entr\u00e9es": "3 entr\u00e9es",
            "R\u00e9f. Fab": "273-243",
            "Section des fils": "2.5\u00b2",
            "Type de borne": "Auto",
            "Utilisation pour conducteurs": "Fils rigides"
        },
        "url": "123elec.com//9088018"
    },
    {
        "spec": {
            "CE": "Oui",
            "EAN Code": "3250612400768",
            "Emprise (en nombre de modules)": "1",
            "Fonction du module": "Contacteur J/N",
            "Garantie": "1 an",
            "Intensit\u00e9": "25A",
            "Marque": "Hager",
            "NF": "Non",
            "R\u00e9f. Fab": "ETC225",
            "Tension (volts)": "250V"
        },
        "url": "123elec.com//5421331"
    },
    {
        "spec": {
            "CE": "Oui",
            "Conditionnement": "Couronne",
            "Diam\u00e8tre": "25",
            "EAN Code": "8053676572885",
            "Effet glisse": "Non",
            "Garantie": "1 an",
            "Longueur": "25m",
            "Marque": "Elettrocanali",
            "NF": "Oui",
            "R\u00e9f. Fab": "ECICTA25T-25",
            "Type de c\u00e2ble/fil/gaine": "Gaine nue"
        },
        "url": "123elec.com//824621"
    },
    {
        "spec": {
            "Application conducteurs": "RO2V",
            "CE": "Oui",
            "Conditionnement": "Couronne",
            "EAN Code": "3427500884041",
            "Garantie": "1 an",
            "Longueur": "100m",
            "Marque": "Non communiqu\u00e9",
            "NF": "Oui",
            "Nombre de brin(s)": "3 brins",
            "Section": "2.5 mm\u00b2",
            "Type de c\u00e2ble/fil/gaine": "C\u00e2bles rigides"
        },
        "url": "123elec.com//58133"
    },
    {
        "spec": {
            "Application conducteurs": "RO2V",
            "CE": "Oui",
            "Conditionnement": "Couronne",
            "EAN Code": "3170230007852",
            "Garantie": "1 an",
            "Longueur": "50m",
            "Marque": "Nexans",
            "NF": "Oui",
            "Nombre de brin(s)": "5 brins",
            "Section": "1.5 mm\u00b2",
            "Type de c\u00e2ble/fil/gaine": "C\u00e2bles rigides"
        },
        "url": "123elec.com//15841980"
    },
    {
        "spec": {
            "Application conducteurs": "RO2V",
            "CE": "Oui",
            "Conditionnement": "Couronne",
            "EAN Code": "3427500883839",
            "Garantie": "1 an",
            "Longueur": "100m",
            "Marque": "Non communiqu\u00e9",
            "NF": "Oui",
            "Nombre de brin(s)": "3 brins",
            "Section": "1.5 mm\u00b2",
            "Type de c\u00e2ble/fil/gaine": "C\u00e2bles rigides"
        },
        "url": "123elec.com//2690258"
    },
    {
        "spec": {
            "CE": "Oui",
            "EAN Code": "3245064124089",
            "Emprise (en nombre de modules)": "1",
            "Fonction du module": "T\u00e9l\u00e9rupteur",
            "Garantie": "2 ans",
            "Intensit\u00e9": "16A",
            "Marque": "Legrand",
            "NF": "Oui",
            "Tension (volts)": "250V"
        },
        "url": "123elec.com//6526890"
    },
    {
        "spec": {
            "CE": "Oui",
            "Conditionnement": "Couronne",
            "Diam\u00e8tre": "16",
            "EAN Code": "3661728015485",
            "Effet glisse": "Oui",
            "Garantie": "1 an",
            "Longueur": "100m",
            "NF": "Oui",
            "R\u00e9f. Fab": "F",
            "Type de c\u00e2ble/fil/gaine": "Gaine nue"
        },
        "url": "123elec.com//14986501"
    },
    {
        "spec": {
            "CE": "Oui",
            "EAN Code": "3662366003056",
            "Gamme du produit": "Wago S2273",
            "Garantie": "1 an",
            "Marque": "Wago",
            "NF": "Non",
            "Nombre d'entr\u00e9es": "5 entr\u00e9es",
            "R\u00e9f. Fab": "850063",
            "Section des fils": "2.5\u00b2",
            "Type de borne": "Auto",
            "Utilisation pour conducteurs": "Fils rigides"
        },
        "url": "123elec.com//9190057"
    },
    {
        "spec": {
            "CE": "Oui",
            "Dur\u00e9e de vie de la pile": "10 ans",
            "EAN Code": "0816317002237",
            "Garantie": "10 ans",
            "Marque": "Angel Eye",
            "NF": "Oui",
            "Puissance avertisseur en db": "85",
            "R\u00e9f. Fab": "F",
            "Type de d\u00e9tecteur": "Fum\u00e9e",
            "Type de pile": "Lithium"
        },
        "url": "123elec.com//7577171"
    },
    {
        "spec": {
            "BBC": "Non",
            "CE": "Oui",
            "EAN Code": "3245060801434",
            "Forme de la bo\u00eete": "Rectangulaire",
            "Gamme du produit": "Legrand Batibox",
            "Garantie": "2 ans",
            "Marque": "Legrand",
            "NF": "Oui",
            "Nombre de postes": "3 postes",
            "Profondeur": "40 mm",
            "R\u00e9f. Fab": "080143",
            "Type de cloison": "Pleine"
        },
        "url": "123elec.com//6360051"
    },
    {
        "spec": {
            "Assemblage": "Complet",
            "Bornes auto": "Oui",
            "CE": "Oui",
            "Couleur": "Gris",
            "EAN Code": "3760162264036",
            "Etanche": "Oui",
            "Fixation": "A vis",
            "Fonction appareillage": "Prise 2P+T",
            "Garantie": "1 an",
            "Indice IP": "IP54",
            "Marque": "Viko",
            "Mati\u00e8re": "Plastique",
            "NF": "Oui",
            "Nombre de postes": "1 poste",
            "Pose": "Saillie",
            "Retour d'\u00e9tat": "Non",
            "R\u00e9f. Fab": "840610",
            "Type appareillage": "M\u00e9canisme"
        },
        "url": "123elec.com//6394390"
    },
    {
        "spec": {
            "CE": "Oui",
            "EAN Code": "3589353092872",
            "Garantie": "1 an",
            "Marque": "Capri",
            "NF": "Non",
            "Nombre d'entr\u00e9es": "5 entr\u00e9es",
            "R\u00e9f. Fab": "CAP309287",
            "Section des fils": "2.5\u00b2",
            "Type de borne": "Auto",
            "Utilisation pour conducteurs": "Fils rigides"
        },
        "url": "123elec.com//6812465"
    },
    {
        "spec": {
            "CE": "Oui",
            "EAN Code": "0000000000000",
            "Emprise (en nombre de modules)": "1",
            "Fonction du module": "Disjoncteur",
            "Gamme du produit": "Legrand DNX3",
            "Garantie": "2 ans",
            "Intensit\u00e9": "10A",
            "Marque": "Legrand",
            "NF": "Oui",
            "Tension (volts)": "230V",
            "Type de connexion": "Auto"
        },
        "url": "123elec.com//3947369"
    },
    {
        "spec": {
            "CE": "Oui",
            "Conditionnement": "Couronne",
            "Diam\u00e8tre": "20",
            "EAN Code": "3661728000016",
            "Effet glisse": "Non",
            "Garantie": "1 an",
            "Longueur": "100m",
            "NF": "Oui",
            "R\u00e9f. Fab": "F",
            "Type de c\u00e2ble/fil/gaine": "Gaine pr\u00e9fil\u00e9e"
        },
        "url": "123elec.com//4008671"
    },
    {
        "spec": {
            "Application conducteurs": "HO7",
            "CE": "Oui",
            "Conditionnement": "Couronne",
            "Couleur(s) des fils": "Orange",
            "EAN Code": "3427500597507",
            "Garantie": "1 an",
            "Longueur": "100m",
            "Marque": "Non communiqu\u00e9",
            "NF": "Non",
            "Nombre de brin(s)": "1 brin",
            "Section": "1.5 mm\u00b2",
            "Type de c\u00e2ble/fil/gaine": "Fils rigides"
        },
        "url": "123elec.com//13880329"
    },
    {
        "spec": {
            "CE": "Oui",
            "EAN Code": "0816317001841",
            "Garantie": "7 ans",
            "Marque": "Angel Eye",
            "NF": "Non",
            "Puissance avertisseur en db": "85",
            "R\u00e9f. Fab": "881420",
            "Type de d\u00e9tecteur": "Monoxyde de carbone",
            "Type de pile": "Alcaline"
        },
        "url": "123elec.com//5117700"
    },
    {
        "spec": {
            "Application conducteurs": "HO7",
            "CE": "Oui",
            "Conditionnement": "Couronne",
            "Couleur(s) des fils": "Rouge",
            "EAN Code": "3427500597453",
            "Garantie": "1 an",
            "Longueur": "100m",
            "Marque": "Non communiqu\u00e9",
            "NF": "Non",
            "Nombre de brin(s)": "1 brin",
            "Section": "1.5 mm\u00b2",
            "Type de c\u00e2ble/fil/gaine": "Fils rigides"
        },
        "url": "123elec.com//14128904"
    },
    {
        "spec": {
            "CE": "Oui",
            "EAN Code": "3245064120029",
            "Fonction du module": "Compteur d'\u00e9nergie",
            "Garantie": "2 ans",
            "Marque": "Legrand",
            "NF": "Non",
            "R\u00e9f. Fab": "412002"
        },
        "url": "123elec.com//2961729"
    },
    {
        "spec": {
            "Application conducteurs": "HO7",
            "CE": "Oui",
            "Conditionnement": "Couronne",
            "Couleur(s) des fils": "Violet",
            "EAN Code": "3427500597477",
            "Garantie": "1 an",
            "Longueur": "100m",
            "Marque": "Non communiqu\u00e9",
            "NF": "Non",
            "Nombre de brin(s)": "1 brin",
            "Section": "1.5 mm\u00b2",
            "Type de c\u00e2ble/fil/gaine": "Fils rigides"
        },
        "url": "123elec.com//6227971"
    },
    {
        "spec": {
            "CE": "Oui",
            "Dur\u00e9e de vie de la pile": "1 an",
            "EAN Code": "0029054011732",
            "Garantie": "5 ans",
            "Marque": "Angel Eye",
            "NF": "Oui",
            "Puissance avertisseur en db": "85",
            "R\u00e9f. Fab": "881490",
            "Type de d\u00e9tecteur": "Fum\u00e9e",
            "Type de pile": "Alcaline"
        },
        "url": "123elec.com//8063508"
    },
    {
        "spec": {
            "CE": "Oui",
            "Conditionnement": "Couronne",
            "Diam\u00e8tre": "20",
            "EAN Code": "3661728015492",
            "Effet glisse": "Oui",
            "Garantie": "1 an",
            "Longueur": "4.96m",
            "NF": "Oui",
            "R\u00e9f. Fab": "F",
            "Type de c\u00e2ble/fil/gaine": "Gaine nue"
        },
        "url": "123elec.com//634969"
    },
    {
        "spec": {
            "CE": "Oui",
            "EAN Code": "3589353092841",
            "Garantie": "1 an",
            "Marque": "Capri",
            "NF": "Non",
            "Nombre d'entr\u00e9es": "2 entr\u00e9es",
            "R\u00e9f. Fab": "CAP309284",
            "Section des fils": "2.5\u00b2",
            "Type de borne": "Auto",
            "Utilisation pour conducteurs": "Fils rigides"
        },
        "url": "123elec.com//7755192"
    },
    {
        "spec": {
            "CE": "Oui",
            "EAN Code": "3589353092858",
            "Garantie": "1 an",
            "Marque": "Capri",
            "NF": "Non",
            "Nombre d'entr\u00e9es": "3 entr\u00e9es",
            "R\u00e9f. Fab": "CAP309285",
            "Section des fils": "2.5\u00b2",
            "Type de borne": "Auto",
            "Utilisation pour conducteurs": "Fils rigides"
        },
        "url": "123elec.com//10006348"
    },
    {
        "spec": {
            "CE": "Oui",
            "EAN Code": "3662366003049",
            "Gamme du produit": "Wago S2273",
            "Garantie": "1 an",
            "Marque": "Wago",
            "NF": "Non",
            "Nombre d'entr\u00e9es": "3 entr\u00e9es",
            "R\u00e9f. Fab": "850061",
            "Section des fils": "2.5\u00b2",
            "Type de borne": "Auto",
            "Utilisation pour conducteurs": "Fils rigides"
        },
        "url": "123elec.com//12417032"
    },
    {
        "spec": {
            "CE": "Oui",
            "EAN Code": "3250612339969",
            "Emprise (en nombre de modules)": "1",
            "Fonction du module": "Minuterie",
            "Garantie": "1 an",
            "Intensit\u00e9": "16A",
            "Marque": "Hager",
            "NF": "Oui",
            "R\u00e9f. Fab": "EMN001",
            "Tension (volts)": "230V"
        },
        "url": "123elec.com//2325539"
    },
    {
        "spec": {
            "CE": "Oui",
            "Conditionnement": "Couronne",
            "Diam\u00e8tre": "16",
            "EAN Code": "8053676572847",
            "Effet glisse": "Non",
            "Garantie": "1 an",
            "Longueur": "25m",
            "Marque": "Elettrocanali",
            "NF": "Oui",
            "R\u00e9f. Fab": "ECICTA16T-25",
            "Type de c\u00e2ble/fil/gaine": "Gaine nue"
        },
        "url": "123elec.com//17401446"
    },
    {
        "spec": {
            "CE": "Oui",
            "EAN Code": "3662366003063",
            "Gamme du produit": "Wago S2273",
            "Garantie": "1 an",
            "Marque": "Wago",
            "NF": "Non",
            "Nombre d'entr\u00e9es": "4 entr\u00e9es",
            "R\u00e9f. Fab": "850062",
            "Section des fils": "2.5\u00b2",
            "Type de borne": "Auto",
            "Utilisation pour conducteurs": "Fils rigides"
        },
        "url": "123elec.com//15330335"
    },
    {
        "spec": {
            "CE": "Oui",
            "EAN Code": "0",
            "Emprise (en nombre de modules)": "1",
            "Fonction du module": "Disjoncteur",
            "Garantie": "2 ans",
            "Intensit\u00e9": "20A",
            "Marque": "Siemens",
            "NF": "Oui",
            "Tension (volts)": "230V",
            "Type de connexion": "A vis"
        },
        "url": "123elec.com//5248370"
    },
    {
        "spec": {
            "CE": "Oui",
            "EAN Code": "3662366006583",
            "Gamme du produit": "Wago S273",
            "Garantie": "1 an",
            "Marque": "Wago",
            "NF": "Non",
            "Nombre d'entr\u00e9es": "5 entr\u00e9es",
            "R\u00e9f. Fab": "273-245",
            "Section des fils": "2.5\u00b2",
            "Type de borne": "Auto",
            "Utilisation pour conducteurs": "Fils rigides"
        },
        "url": "123elec.com//5858295"
    },
    {
        "spec": {
            "Application conducteurs": "RO2V",
            "CE": "Oui",
            "Conditionnement": "Couronne",
            "EAN Code": "3427500438961",
            "Garantie": "1 an",
            "Longueur": "50m",
            "Marque": "Non communiqu\u00e9",
            "NF": "Oui",
            "Nombre de brin(s)": "3 brins",
            "Section": "1.5 mm\u00b2",
            "Type de c\u00e2ble/fil/gaine": "C\u00e2bles rigides"
        },
        "url": "123elec.com//1179559"
    },
    {
        "spec": {
            "Application conducteurs": "HO7",
            "CE": "Oui",
            "Conditionnement": "Couronne",
            "Couleur(s) des fils": "Bleu",
            "EAN Code": "3427501046882",
            "Garantie": "1 an",
            "Longueur": "100m",
            "Marque": "Nexans",
            "NF": "Non",
            "Nombre de brin(s)": "1 brin",
            "Section": "6 mm\u00b2",
            "Type de c\u00e2ble/fil/gaine": "Fils rigides"
        },
        "url": "123elec.com//7777589"
    },
    {
        "spec": {
            "Application conducteurs": "HO7",
            "CE": "Oui",
            "Conditionnement": "Couronne",
            "Couleur(s) des fils": "Vert / jaune",
            "EAN Code": "3427500597620",
            "Garantie": "1 an",
            "Longueur": "100m",
            "Marque": "Non communiqu\u00e9",
            "NF": "Non",
            "Nombre de brin(s)": "1 brin",
            "Section": "2.5 mm\u00b2",
            "Type de c\u00e2ble/fil/gaine": "Fils rigides"
        },
        "url": "123elec.com//6056143"
    },
    {
        "spec": {
            "CE": "Oui",
            "EAN Code": "5022391065166",
            "Garantie": "5 ans",
            "Marque": "Angel Eye",
            "NF": "Non",
            "Puissance avertisseur en db": "85",
            "R\u00e9f. Fab": "881455",
            "Type de d\u00e9tecteur": "Chaleur"
        },
        "url": "123elec.com//210407"
    },
    {
        "spec": {
            "CE": "Oui",
            "EAN Code": "3663752031486",
            "Garantie": "1 an",
            "Marque": "Non communiqu\u00e9",
            "NF": "Non",
            "Nombre d'entr\u00e9es": "12 entr\u00e9es",
            "R\u00e9f. Fab": "70010",
            "Section des fils": "25\u00b2",
            "Type de borne": "A vis"
        },
        "url": "123elec.com//9823336"
    },
    {
        "spec": {
            "Assemblage": "A composer",
            "Bornes auto": "Oui",
            "CE": "Oui",
            "Couleur": "Blanc",
            "EAN Code": "3606480316449",
            "Etanche": "Non",
            "Fixation": "A vis",
            "Fonction appareillage": "Prise 2P+T",
            "Gamme du produit": "Schneider Odace",
            "Garantie": "18 mois",
            "Marque": "Schneider",
            "Mati\u00e8re": "Plastique",
            "NF": "Oui",
            "Nombre de postes": "1 poste",
            "Pose": "Encastr\u00e9e",
            "Retour d'\u00e9tat": "Non",
            "R\u00e9f. Fab": "S520059",
            "Type appareillage": "M\u00e9canisme"
        },
        "url": "123elec.com//2566127"
    },
    {
        "spec": {
            "Assemblage": "A composer",
            "Bornes auto": "Non",
            "CE": "Oui",
            "Couleur": "Blanc",
            "EAN Code": "3606480318450",
            "Etanche": "Non",
            "Gamme du produit": "Schneider Odace",
            "Garantie": "18 mois",
            "Marque": "Schneider",
            "Mati\u00e8re": "Plastique",
            "NF": "Non",
            "Nombre de postes": "3 postes",
            "Pose": "Encastr\u00e9e",
            "Retour d'\u00e9tat": "Non",
            "R\u00e9f. Fab": "S520706",
            "Type appareillage": "Plaque"
        },
        "url": "123elec.com//10299563"
    },
    {
        "spec": {
            "CE": "Oui",
            "Corps de chauffe": "Aluminium",
            "EAN Code": "3413289143899",
            "Garantie": "2 ans",
            "Hauteur": "450",
            "Largeur": "1000",
            "Marque": "Chaufelec",
            "NF": "Oui",
            "Nombre de fils pilotes": "6 fils",
            "Orientation": "Horizontale",
            "Profondeur": "93",
            "Puissance": "2000W",
            "R\u00e9f. Fab": "BJM1687FPFS",
            "Soufflerie": "Non",
            "Technologie de chauffe": "Rayonnement",
            "Type de chauffage": "Panneau rayonnant",
            "Type de thermostat": "Electronique"
        },
        "url": "123elec.com//6401444"
    },
    {
        "spec": {
            "CE": "Oui",
            "EAN Code": "3760162262902",
            "Gamme du produit": "Wago S222",
            "Garantie": "1 an",
            "Marque": "Wago",
            "NF": "Non",
            "Nombre d'entr\u00e9es": "5 entr\u00e9es",
            "R\u00e9f. Fab": "850012",
            "Section des fils": "2.5\u00b2",
            "Type de borne": "Auto",
            "Utilisation pour conducteurs": "Fils souples et rigides"
        },
        "url": "123elec.com//14346815"
    },
    {
        "spec": {
            "CE": "Oui",
            "Dur\u00e9e de vie de la pile": "1 an",
            "EAN Code": "3760162268171",
            "Garantie": "5 ans",
            "Marque": "Siemens",
            "NF": "Oui",
            "Puissance avertisseur en db": "85",
            "Type de d\u00e9tecteur": "Fum\u00e9e",
            "Type de pile": "Alcaline"
        },
        "url": "123elec.com//6131269"
    },
    {
        "spec": {
            "CE": "Oui",
            "Conditionnement": "Couronne",
            "Diam\u00e8tre": "16",
            "EAN Code": "3661728001105",
            "Effet glisse": "Non",
            "Garantie": "1 an",
            "Longueur": "100m",
            "Marque": "Non communiqu\u00e9",
            "NF": "Oui",
            "R\u00e9f. Fab": "F",
            "Type de c\u00e2ble/fil/gaine": "Gaine pr\u00e9fil\u00e9e"
        },
        "url": "123elec.com//15486751"
    },
    {
        "spec": {
            "CE": "Oui",
            "Dur\u00e9e de vie de la pile": "1 an",
            "EAN Code": "5022391065036",
            "Garantie": "5 ans",
            "Marque": "Angel Eye",
            "NF": "Oui",
            "Puissance avertisseur en db": "85",
            "R\u00e9f. Fab": "881410",
            "Type de d\u00e9tecteur": "Fum\u00e9e",
            "Type de pile": "Alcaline"
        },
        "url": "123elec.com//12991218"
    },
    {
        "spec": {
            "CE": "Oui",
            "EAN Code": "0000000000000",
            "Emprise (en nombre de modules)": "1",
            "Fonction du module": "Disjoncteur",
            "Gamme du produit": "Legrand DNX3",
            "Garantie": "2 ans",
            "Intensit\u00e9": "10A",
            "Marque": "Legrand",
            "NF": "Oui",
            "Tension (volts)": "230V",
            "Type de connexion": "A vis"
        },
        "url": "123elec.com//11793100"
    },
    {
        "spec": {
            "CE": "Oui",
            "EAN Code": "3245064062589",
            "Emprise (en nombre de modules)": "0.5",
            "Fonction du module": "Coupure auxiliaire fil pilote",
            "Garantie": "2 ans",
            "Intensit\u00e9": "6A",
            "Marque": "Legrand",
            "NF": "Non",
            "Tension (volts)": "250V"
        },
        "url": "123elec.com//8203456"
    },
    {
        "spec": {
            "CE": "Oui",
            "EAN Code": "3662366006606",
            "Gamme du produit": "Wago S273",
            "Garantie": "1 an",
            "Marque": "Wago",
            "NF": "Non",
            "Nombre d'entr\u00e9es": "8 entr\u00e9es",
            "R\u00e9f. Fab": "850026",
            "Section des fils": "2.5\u00b2",
            "Type de borne": "Auto",
            "Utilisation pour conducteurs": "Fils rigides"
        },
        "url": "123elec.com//12793482"
    },
    {
        "spec": {
            "CE": "Oui",
            "EAN Code": "0000000000000",
            "Emprise (en nombre de modules)": "1",
            "Fonction du module": "Disjoncteur",
            "Gamme du produit": "Legrand DNX3",
            "Garantie": "2 ans",
            "Intensit\u00e9": "20A",
            "Marque": "Legrand",
            "NF": "Oui",
            "Tension (volts)": "230V",
            "Type de connexion": "Auto"
        },
        "url": "123elec.com//1570245"
    },
    {
        "spec": {
            "CE": "Oui",
            "Conditionnement": "Couronne",
            "Diam\u00e8tre": "16",
            "EAN Code": "3661728000917",
            "Effet glisse": "Non",
            "Garantie": "1 an",
            "Longueur": "100m",
            "Marque": "Non communiqu\u00e9",
            "NF": "Oui",
            "R\u00e9f. Fab": "F",
            "Type de c\u00e2ble/fil/gaine": "Gaine pr\u00e9fil\u00e9e"
        },
        "url": "123elec.com//11937482"
    },
    {
        "spec": {
            "CE": "Oui",
            "EAN Code": "3760162268331",
            "Gamme du produit": "Wago S2273",
            "Garantie": "1 an",
            "Marque": "Wago",
            "NF": "Non",
            "Nombre d'entr\u00e9es": "5 entr\u00e9es",
            "R\u00e9f. Fab": "850033",
            "Section des fils": "2.5\u00b2",
            "Type de borne": "Auto",
            "Utilisation pour conducteurs": "Fils rigides"
        },
        "url": "123elec.com//4937386"
    },
    {
        "spec": {
            "Assemblage": "A composer",
            "Bornes auto": "Non",
            "CE": "Oui",
            "Couleur": "Blanc",
            "EAN Code": "3606480318436",
            "Etanche": "Non",
            "Gamme du produit": "Schneider Odace",
            "Garantie": "18 mois",
            "Marque": "Schneider",
            "Mati\u00e8re": "Plastique",
            "NF": "Non",
            "Nombre de postes": "2 postes",
            "Pose": "Encastr\u00e9e",
            "Retour d'\u00e9tat": "Non",
            "R\u00e9f. Fab": "S520704",
            "Type appareillage": "Plaque"
        },
        "url": "123elec.com//1366479"
    },
    {
        "spec": {
            "CE": "Oui",
            "Dur\u00e9e de vie de la pile": "1 an",
            "EAN Code": "5022391065654",
            "Garantie": "2 ans",
            "Marque": "Angel Eye",
            "NF": "Oui",
            "Puissance avertisseur en db": "85",
            "R\u00e9f. Fab": "881495",
            "Type de d\u00e9tecteur": "Fum\u00e9e",
            "Type de pile": "Alcaline"
        },
        "url": "123elec.com//10459462"
    },
    {
        "spec": {
            "BBC": "Non",
            "CE": "Oui",
            "Diam\u00e8tre": "67mm",
            "EAN Code": "3606485047911",
            "Forme de la bo\u00eete": "Ronde",
            "Garantie": "18 mois",
            "Largeur": "71mm",
            "Marque": "Schneider",
            "NF": "Non",
            "Nombre de postes": "3 postes",
            "Profondeur": "40mm",
            "R\u00e9f. Fab": "ALB71334",
            "Type de cloison": "Placo"
        },
        "url": "123elec.com//7831043"
    },
    {
        "spec": {
            "CE": "Oui",
            "Conditionnement": "Couronne",
            "Diam\u00e8tre": "20",
            "EAN Code": "8053676571482",
            "Effet glisse": "Non",
            "Garantie": "1 an",
            "Longueur": "10m",
            "Marque": "Elettrocanali",
            "NF": "Oui",
            "R\u00e9f. Fab": "ECICTA20T-10",
            "Type de c\u00e2ble/fil/gaine": "Gaine nue"
        },
        "url": "123elec.com//9477039"
    },
    {
        "spec": {
            "Assemblage": "Complet",
            "Bornes auto": "Oui",
            "CE": "Oui",
            "Couleur": "Gris",
            "EAN Code": "3760162264043",
            "Etanche": "Oui",
            "Fixation": "A vis",
            "Fonction appareillage": "Va et vient",
            "Garantie": "1 an",
            "Indice IP": "IP54",
            "Marque": "Viko",
            "Mati\u00e8re": "Plastique",
            "NF": "Non",
            "Nombre de postes": "1 poste",
            "Pose": "Saillie",
            "Retour d'\u00e9tat": "Non",
            "R\u00e9f. Fab": "840615",
            "Type appareillage": "M\u00e9canisme"
        },
        "url": "123elec.com//10542003"
    },
    {
        "spec": {
            "CE": "Oui",
            "Conditionnement": "Couronne",
            "Diam\u00e8tre": "16",
            "EAN Code": "3661728001259",
            "Effet glisse": "Non",
            "Garantie": "1 an",
            "Longueur": "100m",
            "Marque": "Non communiqu\u00e9",
            "NF": "Oui",
            "R\u00e9f. Fab": "F",
            "Type de c\u00e2ble/fil/gaine": "Gaine pr\u00e9fil\u00e9e"
        },
        "url": "123elec.com//1525108"
    }
]