{
    "1001349": [
        "123elec.com//5117700"
    ],
    "1015479": [
        "123elec.com//10542003"
    ],
    "1035157": [
        "123elec.com//7577171"
    ],
    "1064077": [
        "123elec.com//13346075"
    ],
    "1083915": [
        "123elec.com//4896654"
    ],
    "1174109": [
        "123elec.com//1804122"
    ],
    "1179345": [
        "123elec.com//15486751"
    ],
    "1184347": [
        "123elec.com//11937482"
    ],
    "1198057": [
        "123elec.com//12531259"
    ],
    "1231905": [
        "123elec.com//6334614"
    ],
    "1234359": [
        "123elec.com//9477039"
    ],
    "1257813": [
        "123elec.com//1519201"
    ],
    "1259373": [
        "123elec.com//4116184"
    ],
    "1279558": [
        "123elec.com//3462685"
    ],
    "128377": [
        "123elec.com//11698482"
    ],
    "1317724": [
        "123elec.com//6401444"
    ],
    "1330112": [
        "123elec.com//9190057"
    ],
    "133486": [
        "123elec.com//5858295"
    ],
    "1336362": [
        "123elec.com//2961729"
    ],
    "1359225": [
        "123elec.com//14907491"
    ],
    "13615810": [
        "123elec.com//14986501"
    ],
    "13615824": [
        "123elec.com//634969"
    ],
    "1376868": [
        "123elec.com//3353984"
    ],
    "1384838": [
        "123elec.com//10006348"
    ],
    "1462696": [
        "123elec.com//1134941"
    ],
    "14673": [
        "123elec.com//8976811"
    ],
    "148709": [
        "123elec.com//12359520"
    ],
    "1488621": [
        "123elec.com//9088018"
    ],
    "1504071": [
        "123elec.com//209716"
    ],
    "1531131": [
        "123elec.com//8063508"
    ],
    "1556993": [
        "123elec.com//16291387"
    ],
    "1567644": [
        "123elec.com//10687256"
    ],
    "1580653": [
        "123elec.com//5120438"
    ],
    "1582175": [
        "123elec.com//14346815"
    ],
    "1598926": [
        "123elec.com//13815900"
    ],
    "160260": [
        "123elec.com//5227173"
    ],
    "1602642": [
        "123elec.com//14658031"
    ],
    "1617299": [
        "123elec.com//9625000"
    ],
    "1650727": [
        "123elec.com//15330335"
    ],
    "1652915": [
        "123elec.com//1179559"
    ],
    "1673742": [
        "123elec.com//2690258"
    ],
    "1678562": [
        "123elec.com//6812465"
    ],
    "1732221": [
        "123elec.com//14624371"
    ],
    "1740183": [
        "123elec.com//14276142"
    ],
    "1766192": [
        "123elec.com//58133"
    ],
    "176885": [
        "123elec.com//7176752"
    ],
    "1785007": [
        "123elec.com//174168"
    ],
    "182783": [
        "123elec.com//985157"
    ],
    "189040": [
        "123elec.com//15378023"
    ],
    "190419": [
        "123elec.com//14282142"
    ],
    "223178": [
        "123elec.com//2204654"
    ],
    "225296": [
        "123elec.com//13748346"
    ],
    "228967": [
        "123elec.com//6526890"
    ],
    "241941": [
        "123elec.com//14128904"
    ],
    "270093": [
        "123elec.com//6360051"
    ],
    "274718": [
        "123elec.com//1525108"
    ],
    "308782": [
        "123elec.com//7755192"
    ],
    "331169": [
        "123elec.com//4008671"
    ],
    "333805": [
        "123elec.com//10299563"
    ],
    "371806": [
        "123elec.com//15948548"
    ],
    "374647": [
        "123elec.com//1309524"
    ],
    "418098": [
        "123elec.com//6227971"
    ],
    "420283": [
        "123elec.com//2566127"
    ],
    "4610336": [
        "123elec.com//11793100"
    ],
    "478315": [
        "123elec.com//13909107"
    ],
    "479986": [
        "123elec.com//12991218"
    ],
    "4991402": [
        "123elec.com//3947369"
    ],
    "499876": [
        "123elec.com//6131269"
    ],
    "501668": [
        "123elec.com//8203456"
    ],
    "5025800": [
        "123elec.com//1570245"
    ],
    "57239": [
        "123elec.com//9823336"
    ],
    "5781533": [
        "123elec.com//5248370"
    ],
    "589015": [
        "123elec.com//3195703"
    ],
    "670947": [
        "123elec.com//17401446"
    ],
    "672149": [
        "123elec.com//5421331"
    ],
    "681623": [
        "123elec.com//10459462"
    ],
    "705882": [
        "123elec.com//12793482"
    ],
    "757491": [
        "123elec.com//1988063"
    ],
    "770391": [
        "123elec.com//3182720"
    ],
    "77483": [
        "123elec.com//15841980"
    ],
    "785056": [
        "123elec.com//2325539"
    ],
    "792531": [
        "123elec.com//1366479"
    ],
    "812880": [
        "123elec.com//824621"
    ],
    "814637": [
        "123elec.com//210407"
    ],
    "840222": [
        "123elec.com//7831043"
    ],
    "875732": [
        "123elec.com//12417032"
    ],
    "883150": [
        "123elec.com//7777589"
    ],
    "952568": [
        "123elec.com//6056143"
    ],
    "958769": [
        "123elec.com//4937386"
    ],
    "965624": [
        "123elec.com//6394390"
    ],
    "983576": [
        "123elec.com//13880329"
    ]
}