[
    {
        "spec": {
            "CE": "Oui",
            "EAN Code": "3245060013011",
            "Garantie": "2 ans",
            "Marque": "Legrand",
            "NF": "Non",
            "R\u00e9f. Fab": "001301"
        },
        "url": "123elec.com//11706422"
    },
    {
        "spec": {
            "CE": "Oui",
            "EAN Code": "3245064067751",
            "Emprise (en nombre de modules)": "1",
            "Fonction du module": "Disjoncteur",
            "Gamme du produit": "Legrand DNX3",
            "Garantie": "2 ans",
            "Intensit\u00e9": "20A",
            "Marque": "Legrand",
            "NF": "Oui",
            "Tension (volts)": "230V",
            "Type de connexion": "A vis"
        },
        "url": "123elec.com//15002173"
    },
    {
        "spec": {
            "CE": "Oui",
            "EAN Code": "3250614318351",
            "Emprise (en nombre de modules)": "1",
            "Fonction du module": "Disjoncteur",
            "Garantie": "1 an",
            "Intensit\u00e9": "16A",
            "Marque": "Hager",
            "NF": "Oui",
            "Tension (volts)": "230V",
            "Type de connexion": "A vis"
        },
        "url": "123elec.com//16656030"
    },
    {
        "spec": {
            "CE": "Oui",
            "EAN Code": "3250614318306",
            "Emprise (en nombre de modules)": "1",
            "Fonction du module": "Disjoncteur",
            "Garantie": "1 an",
            "Intensit\u00e9": "2A",
            "Marque": "Hager",
            "NF": "Oui",
            "R\u00e9f. Fab": "F",
            "Tension (volts)": "230V",
            "Type de connexion": "A vis"
        },
        "url": "123elec.com//16572066"
    },
    {
        "spec": {
            "CE": "Oui",
            "EAN Code": "3245064067713",
            "Emprise (en nombre de modules)": "1",
            "Fonction du module": "Disjoncteur",
            "Gamme du produit": "Legrand DNX3",
            "Garantie": "2 ans",
            "Intensit\u00e9": "2A",
            "Marque": "Legrand",
            "NF": "Oui",
            "Tension (volts)": "230V",
            "Type de connexion": "A vis"
        },
        "url": "123elec.com//9254027"
    },
    {
        "spec": {
            "CE": "Oui",
            "EAN Code": "3413289145039",
            "Garantie": "2 ans",
            "Marque": "Chaufelec",
            "NF": "Oui",
            "R\u00e9f. Fab": "BJN2047FDAJ"
        },
        "url": "123elec.com//8888019"
    },
    {
        "spec": {
            "CE": "Oui",
            "EAN Code": "3250614318382",
            "Emprise (en nombre de modules)": "1",
            "Fonction du module": "Disjoncteur",
            "Garantie": "1 an",
            "Intensit\u00e9": "32A",
            "Marque": "Hager",
            "NF": "Oui",
            "R\u00e9f. Fab": "F",
            "Tension (volts)": "230V",
            "Type de connexion": "A vis"
        },
        "url": "123elec.com//13789537"
    },
    {
        "spec": {
            "CE": "Oui",
            "EAN Code": "3245060013028",
            "Garantie": "2 ans",
            "Marque": "Legrand",
            "NF": "Non",
            "R\u00e9f. Fab": "001302"
        },
        "url": "123elec.com//12272852"
    },
    {
        "spec": {
            "CE": "Oui",
            "EAN Code": "3245064067775",
            "Emprise (en nombre de modules)": "1",
            "Fonction du module": "Disjoncteur",
            "Gamme du produit": "Legrand DNX3",
            "Garantie": "2 ans",
            "Intensit\u00e9": "32A",
            "Marque": "Legrand",
            "NF": "Oui",
            "Tension (volts)": "230V",
            "Type de connexion": "A vis"
        },
        "url": "123elec.com//13751545"
    },
    {
        "spec": {
            "CE": "Oui",
            "EAN Code": "3250614318368",
            "Emprise (en nombre de modules)": "1",
            "Fonction du module": "Disjoncteur",
            "Garantie": "1 an",
            "Intensit\u00e9": "20A",
            "Marque": "Hager",
            "NF": "Oui",
            "Tension (volts)": "230V",
            "Type de connexion": "A vis"
        },
        "url": "123elec.com//3787246"
    },
    {
        "spec": {
            "CE": "Oui",
            "EAN Code": "8019108020058",
            "Emprise (en nombre de modules)": "1",
            "Fonction du module": "Minuterie",
            "Garantie": "1 an",
            "Intensit\u00e9": "16A",
            "Marque": "Perry",
            "NF": "Non",
            "R\u00e9f. Fab": "F",
            "Tension (volts)": "250V"
        },
        "url": "123elec.com//13870247"
    },
    {
        "spec": {
            "CE": "Oui",
            "EAN Code": "3245064067744",
            "Emprise (en nombre de modules)": "1",
            "Fonction du module": "Disjoncteur",
            "Gamme du produit": "Legrand DNX3",
            "Garantie": "2 ans",
            "Intensit\u00e9": "16A",
            "Marque": "Legrand",
            "NF": "Oui",
            "Tension (volts)": "230V",
            "Type de connexion": "A vis"
        },
        "url": "123elec.com//17178921"
    }
]