{
    "1068725": [
        "123elec.com//15002173"
    ],
    "1087892": [
        "123elec.com//13751545"
    ],
    "111303": [
        "123elec.com//16656030"
    ],
    "1132042": [
        "123elec.com//3787246"
    ],
    "1374505": [
        "123elec.com//11706422"
    ],
    "1461277": [
        "123elec.com//13789537"
    ],
    "147186": [
        "123elec.com//17178921"
    ],
    "1727410": [
        "123elec.com//8888019"
    ],
    "1792298": [
        "123elec.com//16572066"
    ],
    "224711": [
        "123elec.com//9254027"
    ],
    "243180": [
        "123elec.com//13870247"
    ],
    "825446": [
        "123elec.com//12272852"
    ]
}