[
    {
        "spec": {
            "CE": "Oui",
            "EAN Code": "3414970600585",
            "Forme de la bo\u00eete": "Rectangulaire",
            "Gamme du produit": "Legrand Batibox",
            "Garantie": "2 ans",
            "Largeur": "284 mm",
            "Marque": "Legrand",
            "NF": "Oui",
            "Nombre de postes": "4 postes",
            "Profondeur": "40 mm",
            "R\u00e9f. Fab": "080024"
        },
        "url": "123elec.com//135441"
    },
    {
        "spec": {
            "CE": "Oui",
            "Corps de chauffe": "R\u00e9sistance",
            "EAN Code": "3410535141104",
            "Garantie": "2 ans",
            "Hauteur": "451",
            "Largeur": "443",
            "Marque": "Atlantic",
            "NF": "Oui",
            "Nombre de fils pilotes": "6 fils",
            "Orientation": "Horizontale",
            "Profondeur": "78",
            "Puissance": "1000W",
            "R\u00e9f. Fab": "514110",
            "Soufflerie": "Non",
            "Technologie de chauffe": "Convection",
            "Type de chauffage": "Convecteur \u00e9lectrique",
            "Type de thermostat": "Electronique"
        },
        "url": "123elec.com//11907729"
    },
    {
        "spec": {
            "Application conducteurs": "HO7",
            "CE": "Oui",
            "Conditionnement": "M\u00e8tre",
            "EAN Code": "3170238449128",
            "Garantie": "1 an",
            "Marque": "Nexans",
            "NF": "Non",
            "Nombre de brin(s)": "1 brin",
            "Section": "16 mm\u00b2",
            "Type de c\u00e2ble/fil/gaine": "Fils rigides"
        },
        "url": "123elec.com//3808801"
    },
    {
        "spec": {
            "CE": "Oui",
            "EAN Code": "3606480927973",
            "Etanche": "Non",
            "Gamme du produit": "Schneider Resi9",
            "Garantie": "18 mois",
            "Marque": "Schneider",
            "NF": "Non",
            "Nombre de module(s) par rang\u00e9e": "18",
            "Nombre de rang\u00e9es": "3",
            "R\u00e9f. Fab": "R9H18403",
            "Type de tableau": "Tableau vide"
        },
        "url": "123elec.com//5373408"
    },
    {
        "spec": {
            "Application conducteurs": "RO2V",
            "CE": "Oui",
            "Conditionnement": "M\u00e8tre",
            "EAN Code": "0000000000000",
            "Garantie": "1 an",
            "Marque": "Nexans",
            "NF": "Oui",
            "Nombre de brin(s)": "4 brins",
            "R\u00e9f. Fab": "10097443",
            "Section": "2.5 mm\u00b2",
            "Type de c\u00e2ble/fil/gaine": "C\u00e2bles rigides"
        },
        "url": "123elec.com//13838285"
    },
    {
        "spec": {
            "CE": "Oui",
            "EAN Code": "3606480927980",
            "Etanche": "Non",
            "Gamme du produit": "Schneider Resi9",
            "Garantie": "18 mois",
            "Marque": "Schneider",
            "NF": "Non",
            "Nombre de module(s) par rang\u00e9e": "18",
            "Nombre de rang\u00e9es": "4",
            "R\u00e9f. Fab": "R9H18404",
            "Type de tableau": "Tableau vide"
        },
        "url": "123elec.com//9581846"
    },
    {
        "spec": {
            "CE": "Oui",
            "EAN Code": "3606480927966",
            "Etanche": "Non",
            "Gamme du produit": "Schneider Resi9",
            "Garantie": "18 mois",
            "Marque": "Schneider",
            "NF": "Non",
            "Nombre de module(s) par rang\u00e9e": "18",
            "Nombre de rang\u00e9es": "2",
            "R\u00e9f. Fab": "R9H18402",
            "Type de tableau": "Tableau vide"
        },
        "url": "123elec.com//14849169"
    },
    {
        "spec": {
            "CE": "Oui",
            "EAN Code": "3606480927904",
            "Etanche": "Non",
            "Gamme du produit": "Schneider Resi9",
            "Garantie": "18 mois",
            "Marque": "Schneider",
            "NF": "Non",
            "Nombre de module(s) par rang\u00e9e": "13",
            "Nombre de rang\u00e9es": "2",
            "R\u00e9f. Fab": "R9H13402",
            "Type de tableau": "Tableau vide"
        },
        "url": "123elec.com//8329162"
    },
    {
        "spec": {
            "Application conducteurs": "RO2V",
            "CE": "Oui",
            "Conditionnement": "M\u00e8tre",
            "EAN Code": "0000000000000",
            "Garantie": "1 an",
            "NF": "Oui",
            "Nombre de brin(s)": "4 brins",
            "Section": "16 mm\u00b2",
            "Type de c\u00e2ble/fil/gaine": "C\u00e2bles rigides"
        },
        "url": "123elec.com//14177454"
    },
    {
        "spec": {
            "CE": "Oui",
            "Conditionnement": "Couronne",
            "EAN Code": "3661728005936",
            "Garantie": "1 an",
            "Marque": "Non communiqu\u00e9",
            "NF": "Oui",
            "R\u00e9f. Fab": "F",
            "Type de c\u00e2ble/fil/gaine": "Gaine pr\u00e9fil\u00e9e"
        },
        "url": "123elec.com//17516103"
    },
    {
        "spec": {
            "Application conducteurs": "HO7",
            "CE": "Oui",
            "Conditionnement": "M\u00e8tre",
            "EAN Code": "3170238447124",
            "Garantie": "1 an",
            "Marque": "Nexans",
            "NF": "Non",
            "Nombre de brin(s)": "1 brin",
            "Section": "10 mm\u00b2",
            "Type de c\u00e2ble/fil/gaine": "Fils rigides"
        },
        "url": "123elec.com//16616288"
    },
    {
        "spec": {
            "CE": "Oui",
            "Corps de chauffe": "Fonte",
            "EAN Code": "3413289140898",
            "Garantie": "2 ans",
            "Hauteur": "604",
            "Largeur": "870",
            "Marque": "Siemens",
            "NF": "Oui",
            "Nombre de fils pilotes": "6 fils",
            "Orientation": "Horizontale",
            "Profondeur": "124",
            "Puissance": "1500W",
            "R\u00e9f. Fab": "F",
            "Soufflerie": "Non",
            "Technologie de chauffe": "Inertie",
            "Type de chauffage": "Radiateur \u00e0 inertie",
            "Type de thermostat": "Digital"
        },
        "url": "123elec.com//14370400"
    },
    {
        "spec": {
            "CE": "Oui",
            "Corps de chauffe": "Fluide",
            "EAN Code": "3410538501172",
            "Garantie": "2 ans",
            "Hauteur": "1239",
            "Largeur": "550",
            "Marque": "Atlantic",
            "NF": "Oui",
            "Nombre de fils pilotes": "6 fils",
            "Orientation": "Verticale",
            "Profondeur": "150",
            "Puissance": "1750W",
            "R\u00e9f. Fab": "850117",
            "Soufflerie": "Oui",
            "Technologie de chauffe": "Inertie",
            "Type de chauffage": "S\u00e8che-serviettes",
            "Type de thermostat": "Digital"
        },
        "url": "123elec.com//16424020"
    },
    {
        "spec": {
            "CE": "Oui",
            "EAN Code": "0000000000000",
            "Emprise (en nombre de modules)": "1",
            "Fonction du module": "Disjoncteur",
            "Garantie": "1 an",
            "Intensit\u00e9": "16A",
            "Marque": "Hager",
            "NF": "Oui",
            "Tension (volts)": "230V",
            "Type de connexion": "A vis"
        },
        "url": "123elec.com//5669193"
    },
    {
        "spec": {
            "CE": "Oui",
            "EAN Code": "4001869367927",
            "Emprise (en nombre de modules)": "1",
            "Fonction du module": "Disjoncteur",
            "Garantie": "2 ans",
            "Intensit\u00e9": "2A",
            "Marque": "Siemens",
            "NF": "Oui",
            "R\u00e9f. Fab": "F",
            "Tension (volts)": "230V",
            "Type de connexion": "A vis"
        },
        "url": "123elec.com//3449929"
    },
    {
        "spec": {
            "CE": "Oui",
            "EAN Code": "3760162262131",
            "Etanche": "Non",
            "Garantie": "1 an",
            "Marque": "Siemens",
            "NF": "Oui",
            "Nombre de module(s) par rang\u00e9e": "13",
            "Nombre de rang\u00e9es": "2",
            "R\u00e9f. Fab": "F",
            "Type de tableau": "Tableau vide"
        },
        "url": "123elec.com//14868644"
    },
    {
        "spec": {
            "CE": "Oui",
            "EAN Code": "3606480025075",
            "Forme de la bo\u00eete": "Ronde",
            "Garantie": "18 mois",
            "Largeur": "71mm",
            "Marque": "Schneider",
            "NF": "Non",
            "Nombre de postes": "1 poste",
            "Profondeur": "40mm",
            "R\u00e9f. Fab": "ALB71320"
        },
        "url": "123elec.com//5639578"
    },
    {
        "spec": {
            "CE": "Oui",
            "Corps de chauffe": "Aluminium",
            "EAN Code": "3410535424207",
            "Garantie": "2 ans",
            "Hauteur": "451",
            "Largeur": "1035",
            "Marque": "Atlantic",
            "NF": "Oui",
            "Nombre de fils pilotes": "6 fils",
            "Orientation": "Horizontale",
            "Profondeur": "120",
            "Puissance": "2000W",
            "R\u00e9f. Fab": "542420",
            "Soufflerie": "Non",
            "Technologie de chauffe": "Rayonnement",
            "Type de chauffage": "Panneau rayonnant",
            "Type de thermostat": "Electronique"
        },
        "url": "123elec.com//13643314"
    },
    {
        "spec": {
            "CE": "Oui",
            "EAN Code": "3760162262124",
            "Etanche": "Non",
            "Garantie": "1 an",
            "Marque": "Siemens",
            "NF": "Oui",
            "Nombre de module(s) par rang\u00e9e": "13",
            "Nombre de rang\u00e9es": "1",
            "R\u00e9f. Fab": "821031",
            "Type de tableau": "Tableau vide"
        },
        "url": "123elec.com//13966420"
    },
    {
        "spec": {
            "CE": "Oui",
            "EAN Code": "8429760450061",
            "Etanche": "Oui",
            "Forme de la bo\u00eete": "Rectangulaire",
            "Garantie": "1 an",
            "Indice IP": "IP55",
            "Largeur": "153",
            "Marque": "Non communiqu\u00e9",
            "NF": "Non",
            "Profondeur": "110",
            "R\u00e9f. Fab": "FAM3012"
        },
        "url": "123elec.com//5257866"
    },
    {
        "spec": {
            "CE": "Oui",
            "Corps de chauffe": "Aluminium",
            "EAN Code": "3410535424108",
            "Garantie": "2 ans",
            "Hauteur": "451",
            "Largeur": "591",
            "Marque": "Atlantic",
            "NF": "Oui",
            "Nombre de fils pilotes": "6 fils",
            "Orientation": "Horizontale",
            "Profondeur": "120",
            "Puissance": "1000W",
            "R\u00e9f. Fab": "542410",
            "Soufflerie": "Non",
            "Technologie de chauffe": "Rayonnement",
            "Type de chauffage": "Panneau rayonnant",
            "Type de thermostat": "Electronique"
        },
        "url": "123elec.com//11788969"
    },
    {
        "spec": {
            "CE": "Oui",
            "EAN Code": "4001869330983",
            "Emprise (en nombre de modules)": "1",
            "Fonction du module": "Disjoncteur",
            "Garantie": "2 ans",
            "Intensit\u00e9": "20A",
            "Marque": "Siemens",
            "NF": "Oui",
            "R\u00e9f. Fab": "F",
            "Tension (volts)": "230V",
            "Type de connexion": "A vis"
        },
        "url": "123elec.com//8409613"
    },
    {
        "spec": {
            "CE": "Oui",
            "Corps de chauffe": "Aluminium",
            "EAN Code": "3413289143578",
            "Garantie": "2 ans",
            "Hauteur": "340",
            "Largeur": "1000",
            "Marque": "Siemens",
            "NF": "Oui",
            "Nombre de fils pilotes": "4 fils",
            "Orientation": "Horizontale",
            "Profondeur": "90",
            "Puissance": "1500W",
            "R\u00e9f. Fab": "F",
            "Soufflerie": "Non",
            "Technologie de chauffe": "Rayonnement",
            "Type de chauffage": "Panneau rayonnant",
            "Type de thermostat": "Digital"
        },
        "url": "123elec.com//7143505"
    },
    {
        "spec": {
            "CE": "Oui",
            "Corps de chauffe": "Aluminium",
            "EAN Code": "3413289144247",
            "Garantie": "2 ans",
            "Hauteur": "500",
            "Largeur": "675",
            "Marque": "Chaufelec",
            "NF": "Oui",
            "Nombre de fils pilotes": "6 fils",
            "Orientation": "Horizontale",
            "Profondeur": "113",
            "Puissance": "1000W",
            "R\u00e9f. Fab": "BJM1803FDAJ",
            "Soufflerie": "Non",
            "Technologie de chauffe": "Rayonnement",
            "Type de chauffage": "Panneau rayonnant",
            "Type de thermostat": "Digital"
        },
        "url": "123elec.com//15379798"
    },
    {
        "spec": {
            "CE": "Oui",
            "EAN Code": "3303430231561",
            "Emprise (en nombre de modules)": "3",
            "Fonction du module": "Interrupteur diff\u00e9rentiel",
            "Gamme du produit": "Schneider XP",
            "Garantie": "18 mois",
            "Intensit\u00e9": "63A",
            "Marque": "Schneider",
            "NF": "Oui",
            "Protection en MA": "30mA",
            "R\u00e9f. Fab": "23156",
            "Tension (volts)": "230V",
            "Type": "A",
            "Type de connexion": "A vis"
        },
        "url": "123elec.com//11037834"
    },
    {
        "spec": {
            "CE": "Oui",
            "EAN Code": "3303430231585",
            "Emprise (en nombre de modules)": "2",
            "Fonction du module": "Interrupteur diff\u00e9rentiel",
            "Gamme du produit": "Schneider XP",
            "Garantie": "18 mois",
            "Intensit\u00e9": "40A",
            "Marque": "Schneider",
            "NF": "Oui",
            "Protection en MA": "30mA",
            "R\u00e9f. Fab": "23158",
            "Tension (volts)": "230V",
            "Type": "A",
            "Type de connexion": "A vis"
        },
        "url": "123elec.com//1022742"
    },
    {
        "spec": {
            "CE": "Oui",
            "EAN Code": "3303430207276",
            "Emprise (en nombre de modules)": "1",
            "Fonction du module": "Disjoncteur",
            "Gamme du produit": "Schneider XP",
            "Garantie": "18 mois",
            "Intensit\u00e9": "20A",
            "Marque": "Schneider",
            "NF": "Oui",
            "R\u00e9f. Fab": "20727",
            "Tension (volts)": "230V",
            "Type de connexion": "A vis"
        },
        "url": "123elec.com//17372196"
    },
    {
        "spec": {
            "CE": "Oui",
            "EAN Code": "4001869179803",
            "Emprise (en nombre de modules)": "2",
            "Fonction du module": "Interrupteur diff\u00e9rentiel",
            "Garantie": "2 ans",
            "Intensit\u00e9": "16A",
            "Marque": "Siemens",
            "NF": "Oui",
            "Protection en MA": "10mA",
            "Tension (volts)": "230V",
            "Type": "A",
            "Type de connexion": "A vis"
        },
        "url": "123elec.com//17124180"
    },
    {
        "spec": {
            "Application conducteurs": "RO2V",
            "CE": "Oui",
            "Conditionnement": "M\u00e8tre",
            "EAN Code": "3170230004691",
            "Garantie": "1 an",
            "Marque": "Nexans",
            "NF": "Oui",
            "Nombre de brin(s)": "2 brins",
            "Section": "16 mm\u00b2",
            "Type de c\u00e2ble/fil/gaine": "C\u00e2bles rigides"
        },
        "url": "123elec.com//5003715"
    },
    {
        "spec": {
            "CE": "Oui",
            "EAN Code": "3662366005609",
            "Garantie": "1 an",
            "Marque": "Batilec by Michaud",
            "NF": "Non",
            "Nombre de module(s) par rang\u00e9e": "13 modules",
            "R\u00e9f. Fab": "712391"
        },
        "url": "123elec.com//4610684"
    },
    {
        "spec": {
            "CE": "Oui",
            "EAN Code": "3245060039530",
            "Emprise (en nombre de modules)": "6",
            "Fonction du module": "Parafoudre",
            "Garantie": "2 ans",
            "Marque": "Legrand",
            "NF": "Oui",
            "Tension (volts)": "230V",
            "Type de connexion": "A vis"
        },
        "url": "123elec.com//12796065"
    },
    {
        "spec": {
            "Assemblage": "A composer",
            "Bornes auto": "Oui",
            "CE": "Oui",
            "Couleur": "Blanc",
            "EAN Code": "3606480318177",
            "Etanche": "Non",
            "Fixation": "A vis",
            "Fonction appareillage": "Poussoir",
            "Gamme du produit": "Schneider Odace",
            "Garantie": "18 mois",
            "Marque": "Schneider",
            "Mati\u00e8re": "Plastique",
            "NF": "Oui",
            "Nombre de postes": "1 poste",
            "Pose": "Encastr\u00e9e",
            "Retour d'\u00e9tat": "Non",
            "R\u00e9f. Fab": "S520276",
            "Type appareillage": "M\u00e9canisme"
        },
        "url": "123elec.com//7466633"
    },
    {
        "spec": {
            "Application conducteurs": "RO2V",
            "CE": "Oui",
            "Conditionnement": "M\u00e8tre",
            "EAN Code": "3170230004707",
            "Garantie": "1 an",
            "Marque": "Nexans",
            "NF": "Oui",
            "Nombre de brin(s)": "2 brins",
            "Section": "25 mm\u00b2",
            "Type de c\u00e2ble/fil/gaine": "C\u00e2bles rigides"
        },
        "url": "123elec.com//8699730"
    },
    {
        "spec": {
            "CE": "Oui",
            "Corps de chauffe": "Fonte",
            "EAN Code": "3413289143905",
            "Garantie": "2 ans",
            "Hauteur": "550",
            "Largeur": "669",
            "Marque": "Chaufelec",
            "NF": "Oui",
            "Nombre de fils pilotes": "6 fils",
            "Orientation": "Horizontale",
            "Profondeur": "100",
            "Puissance": "1000W",
            "R\u00e9f. Fab": "BJN1983FDAJ",
            "Soufflerie": "Non",
            "Technologie de chauffe": "Inertie",
            "Type de chauffage": "Radiateur \u00e0 inertie",
            "Type de thermostat": "Digital"
        },
        "url": "123elec.com//14809442"
    },
    {
        "spec": {
            "Application conducteurs": "RO2V",
            "CE": "Oui",
            "Conditionnement": "M\u00e8tre",
            "EAN Code": "0000000000000",
            "Garantie": "1 an",
            "Marque": "Nexans",
            "NF": "Oui",
            "Nombre de brin(s)": "4 brins",
            "R\u00e9f. Fab": "10104190",
            "Section": "1.5 mm\u00b2",
            "Type de c\u00e2ble/fil/gaine": "C\u00e2bles rigides"
        },
        "url": "123elec.com//12393523"
    },
    {
        "spec": {
            "CE": "Oui",
            "EAN Code": "4001869430003",
            "Emprise (en nombre de modules)": "2",
            "Fonction du module": "Interrupteur diff\u00e9rentiel",
            "Garantie": "2 ans",
            "Intensit\u00e9": "40A",
            "Marque": "Siemens",
            "NF": "Oui",
            "Protection en MA": "30mA",
            "Tension (volts)": "230V",
            "Type": "A",
            "Type de connexion": "A vis"
        },
        "url": "123elec.com//11363756"
    },
    {
        "spec": {
            "Assemblage": "Complet",
            "Bornes auto": "Oui",
            "CE": "Oui",
            "Couleur": "Gris",
            "EAN Code": "3760162264005",
            "Etanche": "Oui",
            "Fixation": "A vis",
            "Fonction appareillage": "Va et vient",
            "Garantie": "1 an",
            "Indice IP": "IP54",
            "Marque": "Viko",
            "Mati\u00e8re": "Plastique",
            "NF": "Non",
            "Nombre de postes": "1 poste",
            "Pose": "Saillie",
            "Retour d'\u00e9tat": "Non",
            "R\u00e9f. Fab": "840595",
            "Type appareillage": "M\u00e9canisme"
        },
        "url": "123elec.com//14247604"
    },
    {
        "spec": {
            "CE": "Oui",
            "EAN Code": "3303430207269",
            "Emprise (en nombre de modules)": "1",
            "Fonction du module": "Disjoncteur",
            "Gamme du produit": "Schneider XP",
            "Garantie": "18 mois",
            "Intensit\u00e9": "16A",
            "Marque": "Schneider",
            "NF": "Oui",
            "R\u00e9f. Fab": "20726",
            "Tension (volts)": "230V",
            "Type de connexion": "A vis"
        },
        "url": "123elec.com//5412156"
    },
    {
        "spec": {
            "CE": "Oui",
            "EAN Code": "3760162265590",
            "Fonction du module": "Parafoudre",
            "Garantie": "1 an",
            "Intensit\u00e9": "NC",
            "Marque": "Non communiqu\u00e9",
            "NF": "Non",
            "R\u00e9f. Fab": "723965",
            "Tension (volts)": "24V",
            "Type de connexion": "NC"
        },
        "url": "123elec.com//15902499"
    },
    {
        "spec": {
            "CE": "Oui",
            "Corps de chauffe": "Aluminium",
            "EAN Code": "3413289143561",
            "Garantie": "2 ans",
            "Hauteur": "340",
            "Largeur": "700",
            "Marque": "Siemens",
            "NF": "Oui",
            "Nombre de fils pilotes": "4 fils",
            "Orientation": "Horizontale",
            "Profondeur": "90",
            "Puissance": "1000W",
            "Soufflerie": "Non",
            "Technologie de chauffe": "Rayonnement",
            "Type de chauffage": "Panneau rayonnant",
            "Type de thermostat": "Digital"
        },
        "url": "123elec.com//299615"
    },
    {
        "spec": {
            "CE": "Oui",
            "Corps de chauffe": "R\u00e9sistance",
            "EAN Code": "3413289143936",
            "Garantie": "2 ans",
            "Hauteur": "583",
            "Largeur": "480",
            "Marque": "Siemens",
            "NF": "Oui",
            "Nombre de fils pilotes": "6 fils",
            "Orientation": "Horizontale",
            "Profondeur": "96",
            "Puissance": "1000W",
            "R\u00e9f. Fab": "F",
            "Soufflerie": "Non",
            "Technologie de chauffe": "Inertie",
            "Type de chauffage": "Radiateur \u00e0 inertie",
            "Type de thermostat": "Digital"
        },
        "url": "123elec.com//11507914"
    },
    {
        "spec": {
            "CE": "Oui",
            "Corps de chauffe": "Aluminium",
            "EAN Code": "3413289143875",
            "Garantie": "2 ans",
            "Hauteur": "450",
            "Largeur": "600",
            "Marque": "Chaufelec",
            "NF": "Oui",
            "Nombre de fils pilotes": "6 fils",
            "Orientation": "Horizontale",
            "Profondeur": "93",
            "Puissance": "1000W",
            "R\u00e9f. Fab": "BJM1683FPFS",
            "Soufflerie": "Non",
            "Technologie de chauffe": "Rayonnement",
            "Type de chauffage": "Panneau rayonnant",
            "Type de thermostat": "Electronique"
        },
        "url": "123elec.com//3775262"
    },
    {
        "spec": {
            "CE": "Oui",
            "EAN Code": "4001869331003",
            "Emprise (en nombre de modules)": "1",
            "Fonction du module": "Disjoncteur",
            "Garantie": "2 ans",
            "Intensit\u00e9": "32A",
            "Marque": "Siemens",
            "NF": "Oui",
            "R\u00e9f. Fab": "F",
            "Tension (volts)": "230V",
            "Type de connexion": "A vis"
        },
        "url": "123elec.com//8851298"
    },
    {
        "spec": {
            "Application conducteurs": "RO2V",
            "CE": "Oui",
            "Conditionnement": "M\u00e8tre",
            "EAN Code": "0000000000000",
            "Garantie": "1 an",
            "NF": "Oui",
            "Nombre de brin(s)": "2 brins",
            "R\u00e9f. Fab": "0494T",
            "Section": "25 mm\u00b2",
            "Type de c\u00e2ble/fil/gaine": "C\u00e2bles rigides"
        },
        "url": "123elec.com//12657780"
    },
    {
        "spec": {
            "CE": "Oui",
            "EAN Code": "3606480927904",
            "Etanche": "Non",
            "Gamme du produit": "Schneider Resi9",
            "Garantie": "18 mois",
            "Marque": "Schneider",
            "NF": "Non",
            "Nombre de module(s) par rang\u00e9e": "13",
            "Nombre de rang\u00e9es": "2",
            "R\u00e9f. Fab": "R9H13402",
            "Type de tableau": "Tableau vide"
        },
        "url": "123elec.com//4109069"
    },
    {
        "spec": {
            "CE": "Oui",
            "EAN Code": "8431044129662",
            "Etanche": "Oui",
            "Garantie": "1 an",
            "Marque": "Ide",
            "NF": "Non",
            "Nombre de module(s) par rang\u00e9e": "12",
            "Nombre de rang\u00e9es": "1",
            "R\u00e9f. Fab": "CDN12PT/RR",
            "Type de tableau": "Tableau vide"
        },
        "url": "123elec.com//16674725"
    },
    {
        "spec": {
            "CE": "Oui",
            "Corps de chauffe": "R\u00e9sistance",
            "EAN Code": "3413289144216",
            "Garantie": "2 ans",
            "Hauteur": "450",
            "Largeur": "700",
            "Marque": "Chaufelec",
            "NF": "Oui",
            "Nombre de fils pilotes": "6 fils",
            "Orientation": "Horizontale",
            "Profondeur": "113",
            "Puissance": "1000W",
            "R\u00e9f. Fab": "BJM1743FDHS",
            "Soufflerie": "Non",
            "Technologie de chauffe": "Rayonnement",
            "Type de chauffage": "Panneau rayonnant",
            "Type de thermostat": "Electronique"
        },
        "url": "123elec.com//12342817"
    },
    {
        "spec": {
            "CE": "Oui",
            "EAN Code": "0000000000000",
            "Emprise (en nombre de modules)": "1",
            "Fonction du module": "Disjoncteur",
            "Garantie": "1 an",
            "Intensit\u00e9": "10A",
            "Marque": "Hager",
            "NF": "Oui",
            "Tension (volts)": "230V",
            "Type de connexion": "A vis"
        },
        "url": "123elec.com//10090311"
    },
    {
        "spec": {
            "Application conducteurs": "RO2V",
            "CE": "Oui",
            "Conditionnement": "M\u00e8tre",
            "EAN Code": "3170230004752",
            "Garantie": "1 an",
            "Marque": "Nexans",
            "NF": "Oui",
            "Nombre de brin(s)": "5 brins",
            "Section": "2.5 mm\u00b2",
            "Type de c\u00e2ble/fil/gaine": "C\u00e2bles rigides"
        },
        "url": "123elec.com//9951430"
    },
    {
        "spec": {
            "CE": "Oui",
            "Corps de chauffe": "R\u00e9sistance",
            "EAN Code": "3413289143943",
            "Garantie": "2 ans",
            "Hauteur": "583",
            "Largeur": "640",
            "Marque": "Siemens",
            "NF": "Oui",
            "Nombre de fils pilotes": "6 fils",
            "Orientation": "Horizontale",
            "Profondeur": "96",
            "Puissance": "1500W",
            "Soufflerie": "Non",
            "Technologie de chauffe": "Inertie",
            "Type de chauffage": "Radiateur \u00e0 inertie",
            "Type de thermostat": "Digital"
        },
        "url": "123elec.com//10730441"
    },
    {
        "spec": {
            "CE": "Oui",
            "EAN Code": "3303430207290",
            "Emprise (en nombre de modules)": "1",
            "Fonction du module": "Disjoncteur",
            "Gamme du produit": "Schneider XP",
            "Garantie": "18 mois",
            "Intensit\u00e9": "32A",
            "Marque": "Schneider",
            "NF": "Oui",
            "R\u00e9f. Fab": "20729",
            "Tension (volts)": "230V",
            "Type de connexion": "A vis"
        },
        "url": "123elec.com//7970214"
    },
    {
        "spec": {
            "CE": "Oui",
            "EAN Code": "3303430161585",
            "Emprise (en nombre de modules)": "2",
            "Fonction du module": "Interrupteur diff\u00e9rentiel",
            "Gamme du produit": "Schneider XE",
            "Garantie": "18 mois",
            "Intensit\u00e9": "40A",
            "Marque": "Schneider",
            "NF": "Oui",
            "Protection en MA": "30mA",
            "R\u00e9f. Fab": "16158",
            "Tension (volts)": "230V",
            "Type": "A",
            "Type de connexion": "Auto"
        },
        "url": "123elec.com//9822778"
    },
    {
        "spec": {
            "Assemblage": "Complet",
            "Bornes auto": "Oui",
            "CE": "Oui",
            "Couleur": "Gris",
            "EAN Code": "3760162264029",
            "Etanche": "Oui",
            "Fixation": "A vis",
            "Fonction appareillage": "Poussoir",
            "Garantie": "1 an",
            "Indice IP": "IP54",
            "Marque": "Viko",
            "Mati\u00e8re": "Plastique",
            "NF": "Non",
            "Nombre de postes": "1 poste",
            "Pose": "Saillie",
            "Retour d'\u00e9tat": "Non",
            "R\u00e9f. Fab": "840605",
            "Type appareillage": "M\u00e9canisme"
        },
        "url": "123elec.com//13631261"
    }
]