{
    "1036367": [
        "123elec.com//8699730"
    ],
    "1039498": [
        "123elec.com//13631261"
    ],
    "1042807": [
        "123elec.com//1022742"
    ],
    "1108236": [
        "123elec.com//15379798"
    ],
    "1124922": [
        "123elec.com//7970214"
    ],
    "1240868": [
        "123elec.com//15902499"
    ],
    "1257854": [
        "123elec.com//3775262"
    ],
    "1327587": [
        "123elec.com//3449929"
    ],
    "1387874": [
        "123elec.com//11788969"
    ],
    "1402439": [
        "123elec.com//16424020"
    ],
    "1413982": [
        "123elec.com//17516103"
    ],
    "1433883": [
        "123elec.com//8409613"
    ],
    "1443755": [
        "123elec.com//135441"
    ],
    "14439581": [
        "123elec.com//13838285"
    ],
    "1460816": [
        "123elec.com//9951430"
    ],
    "1569699": [
        "123elec.com//5639578"
    ],
    "1645349": [
        "123elec.com//299615"
    ],
    "1664344": [
        "123elec.com//11037834"
    ],
    "1677459": [
        "123elec.com//14370400"
    ],
    "1700457": [
        "123elec.com//5003715"
    ],
    "1752674": [
        "123elec.com//3808801"
    ],
    "1768746": [
        "123elec.com//11907729"
    ],
    "1815740": [
        "123elec.com//16674725"
    ],
    "231117": [
        "123elec.com//17124180"
    ],
    "348070": [
        "123elec.com//5412156"
    ],
    "384084": [
        "123elec.com//12796065"
    ],
    "41750": [
        "123elec.com//12342817"
    ],
    "427942": [
        "123elec.com//17372196"
    ],
    "54322": [
        "123elec.com//10730441"
    ],
    "5474587": [
        "123elec.com//4610684"
    ],
    "57127": [
        "123elec.com//7143505"
    ],
    "636959": [
        "123elec.com//14849169"
    ],
    "661386": [
        "123elec.com//13643314"
    ],
    "6885701": [
        "123elec.com//12657780"
    ],
    "6885703": [
        "123elec.com//14177454"
    ],
    "69240": [
        "123elec.com//7466633"
    ],
    "703473": [
        "123elec.com//4109069",
        "123elec.com//8329162"
    ],
    "717785": [
        "123elec.com//11363756"
    ],
    "743080": [
        "123elec.com//9822778"
    ],
    "7657544": [
        "123elec.com//10090311"
    ],
    "765923": [
        "123elec.com//5373408"
    ],
    "771432": [
        "123elec.com//16616288"
    ],
    "7749132": [
        "123elec.com//5669193"
    ],
    "775247": [
        "123elec.com//14868644"
    ],
    "823122": [
        "123elec.com//9581846"
    ],
    "85831": [
        "123elec.com//5257866"
    ],
    "8720821": [
        "123elec.com//12393523"
    ],
    "938422": [
        "123elec.com//13966420"
    ],
    "963281": [
        "123elec.com//11507914"
    ],
    "992452": [
        "123elec.com//14247604"
    ],
    "996138": [
        "123elec.com//14809442"
    ],
    "997129": [
        "123elec.com//8851298"
    ]
}