{
    "1009145": [
        "123elec.com//14600831"
    ],
    "1129553": [
        "123elec.com//7170076"
    ],
    "1176534": [
        "123elec.com//6925042"
    ],
    "1212332": [
        "123elec.com//3729950"
    ],
    "1219155": [
        "123elec.com//11928824"
    ],
    "1282685": [
        "123elec.com//1399514"
    ],
    "1311550": [
        "123elec.com//7377654"
    ],
    "1341844": [
        "123elec.com//8658968"
    ],
    "1353061": [
        "123elec.com//8633016"
    ],
    "1354479": [
        "123elec.com//16734416"
    ],
    "1370175": [
        "123elec.com//5619696"
    ],
    "1380474": [
        "123elec.com//11963269"
    ],
    "1391225": [
        "123elec.com//3144549"
    ],
    "1434108": [
        "123elec.com//12326830"
    ],
    "1514445": [
        "123elec.com//1784389"
    ],
    "1624369": [
        "123elec.com//12266365"
    ],
    "1628448": [
        "123elec.com//463626"
    ],
    "1686902": [
        "123elec.com//3728791"
    ],
    "1698666": [
        "123elec.com//16286523"
    ],
    "1713255": [
        "123elec.com//10313596"
    ],
    "1728257": [
        "123elec.com//16551083"
    ],
    "1784246": [
        "123elec.com//11110985"
    ],
    "1797773": [
        "123elec.com//11228529"
    ],
    "252378": [
        "123elec.com//4238366"
    ],
    "291560": [
        "123elec.com//4442915"
    ],
    "346616": [
        "123elec.com//5752821"
    ],
    "450363": [
        "123elec.com//12791088"
    ],
    "458689": [
        "123elec.com//15434177"
    ],
    "497674": [
        "123elec.com//7269611"
    ],
    "555514": [
        "123elec.com//15607924"
    ],
    "556791": [
        "123elec.com//17404237"
    ],
    "561144": [
        "123elec.com//9103978"
    ],
    "562284": [
        "123elec.com//16268377"
    ],
    "574383": [
        "123elec.com//3446920"
    ],
    "582139": [
        "123elec.com//17109624"
    ],
    "582226": [
        "123elec.com//14860094"
    ],
    "668040": [
        "123elec.com//14889954"
    ],
    "686913": [
        "123elec.com//12979081"
    ],
    "706982": [
        "123elec.com//16179723"
    ],
    "821172": [
        "123elec.com//9406707"
    ],
    "880202": [
        "123elec.com//4579634"
    ],
    "886470": [
        "123elec.com//6693578"
    ],
    "952700": [
        "123elec.com//12056548"
    ]
}