[
    {
        "spec": {
            "CE": "Oui",
            "EAN Code": "3661728000252",
            "Garantie": "1 an",
            "Marque": "Non communiqu\u00e9",
            "NF": "Oui",
            "R\u00e9f. Fab": "F"
        },
        "url": "123elec.com//14889954"
    },
    {
        "spec": {
            "CE": "Oui",
            "EAN Code": "4001869306278",
            "Emprise (en nombre de modules)": "2",
            "Fonction du module": "Disjoncteur diff\u00e9rentiel",
            "Garantie": "2 ans",
            "Intensit\u00e9": "16A",
            "Marque": "Siemens",
            "NF": "Oui",
            "Protection en MA": "30mA",
            "Tension (volts)": "230V",
            "Type": "AC",
            "Type de connexion": "A vis"
        },
        "url": "123elec.com//8658968"
    },
    {
        "spec": {
            "CE": "Oui",
            "EAN Code": "4013364095700",
            "Emprise (en nombre de modules)": "2",
            "Fonction du module": "Parafoudre",
            "Garantie": "1 an",
            "Intensit\u00e9": "NC",
            "Marque": "Dehn",
            "NF": "Non",
            "R\u00e9f. Fab": "824440",
            "Tension (volts)": "230V",
            "Type de connexion": "NC"
        },
        "url": "123elec.com//11928824"
    },
    {
        "spec": {
            "CE": "Oui",
            "EAN Code": "3606480531118",
            "Emprise (en nombre de modules)": "4",
            "Fonction du module": "Interrupteur sectionneur",
            "Garantie": "18 mois",
            "Intensit\u00e9": "63A",
            "Marque": "Schneider",
            "NF": "Non",
            "R\u00e9f. Fab": "A9S65463",
            "Type de connexion": "A vis"
        },
        "url": "123elec.com//3144549"
    },
    {
        "spec": {
            "CE": "Oui",
            "EAN Code": "4013364093133",
            "Emprise (en nombre de modules)": "2",
            "Fonction du module": "Parafoudre",
            "Garantie": "1 an",
            "Intensit\u00e9": "NC",
            "Marque": "Dehn",
            "NF": "Non",
            "R\u00e9f. Fab": "918411",
            "Tension (volts)": "24V",
            "Type de connexion": "NC"
        },
        "url": "123elec.com//463626"
    },
    {
        "spec": {
            "CE": "Oui",
            "EAN Code": "3245064116329",
            "Emprise (en nombre de modules)": "2",
            "Fonction du module": "Interrupteur diff\u00e9rentiel",
            "Gamme du produit": "Legrand DX3",
            "Garantie": "2 ans",
            "Intensit\u00e9": "40A",
            "Marque": "Legrand",
            "NF": "Oui",
            "Protection en MA": "30mA",
            "Tension (volts)": "230V",
            "Type": "AC",
            "Type de connexion": "Auto"
        },
        "url": "123elec.com//12056548"
    },
    {
        "spec": {
            "CE": "Oui",
            "EAN Code": "3245064116626",
            "Emprise (en nombre de modules)": "4",
            "Fonction du module": "Interrupteur diff\u00e9rentiel",
            "Gamme du produit": "Legrand DX3",
            "Garantie": "2 ans",
            "Intensit\u00e9": "63A",
            "Marque": "Legrand",
            "NF": "Oui",
            "Protection en MA": "30mA",
            "Tension (volts)": "400V",
            "Type": "AC",
            "Type de connexion": "A vis"
        },
        "url": "123elec.com//3446920"
    },
    {
        "spec": {
            "CE": "Oui",
            "EAN Code": "4001869297774",
            "Emprise (en nombre de modules)": "4",
            "Fonction du module": "Interrupteur diff\u00e9rentiel",
            "Garantie": "2 ans",
            "Intensit\u00e9": "40A",
            "Marque": "Siemens",
            "NF": "Oui",
            "Protection en MA": "30mA",
            "Tension (volts)": "230V",
            "Type": "AC",
            "Type de connexion": "A vis"
        },
        "url": "123elec.com//4579634"
    },
    {
        "spec": {
            "CE": "Oui",
            "EAN Code": "3250611612698",
            "Emprise (en nombre de modules)": "2",
            "Fonction du module": "Interrupteur diff\u00e9rentiel",
            "Garantie": "1 an",
            "Intensit\u00e9": "63A",
            "Marque": "Hager",
            "NF": "Oui",
            "Protection en MA": "30mA",
            "Tension (volts)": "230V",
            "Type": "AC",
            "Type de connexion": "A vis"
        },
        "url": "123elec.com//3729950"
    },
    {
        "spec": {
            "CE": "Oui",
            "Corps de chauffe": "Aluminium",
            "D\u00e9tection": "D'ouverture porte ou fen\u00eatre",
            "EAN Code": "3410535074204",
            "Garantie": "2 ans",
            "Hauteur": "615",
            "Largeur": "1163",
            "Marque": "Atlantic",
            "NF": "Oui",
            "Nombre de fils pilotes": "6 fils",
            "Orientation": "Horizontale",
            "Profondeur": "135",
            "Puissance": "2000W",
            "R\u00e9f. Fab": "507420",
            "Soufflerie": "Non",
            "Technologie de chauffe": "Rayonnement",
            "Type de chauffage": "Radiateur \u00e0 inertie",
            "Type de thermostat": "Digital"
        },
        "url": "123elec.com//16286523"
    },
    {
        "spec": {
            "CE": "Oui",
            "EAN Code": "3250611612551",
            "Emprise (en nombre de modules)": "2",
            "Fonction du module": "Interrupteur diff\u00e9rentiel",
            "Garantie": "1 an",
            "Intensit\u00e9": "40A",
            "Marque": "Hager",
            "NF": "Oui",
            "Protection en MA": "30mA",
            "Tension (volts)": "230V",
            "Type": "A",
            "Type de connexion": "A vis"
        },
        "url": "123elec.com//12979081"
    },
    {
        "spec": {
            "CE": "Oui",
            "EAN Code": "3245064116619",
            "Emprise (en nombre de modules)": "4",
            "Fonction du module": "Interrupteur diff\u00e9rentiel",
            "Gamme du produit": "Legrand DX3",
            "Garantie": "2 ans",
            "Intensit\u00e9": "40A",
            "Marque": "Legrand",
            "NF": "Oui",
            "Protection en MA": "30mA",
            "Tension (volts)": "400V",
            "Type": "AC",
            "Type de connexion": "A vis"
        },
        "url": "123elec.com//7377654"
    },
    {
        "spec": {
            "CE": "Oui",
            "Corps de chauffe": "Aluminium",
            "D\u00e9tection": "D'ouverture porte ou fen\u00eatre",
            "EAN Code": "3410535074129",
            "Garantie": "2 ans",
            "Hauteur": "615",
            "Largeur": "793",
            "Marque": "Atlantic",
            "NF": "Oui",
            "Nombre de fils pilotes": "6 fils",
            "Orientation": "Horizontale",
            "Profondeur": "135",
            "Puissance": "1250W",
            "R\u00e9f. Fab": "507412",
            "Soufflerie": "Non",
            "Technologie de chauffe": "Rayonnement",
            "Type de chauffage": "Radiateur \u00e0 inertie",
            "Type de thermostat": "Digital"
        },
        "url": "123elec.com//6925042"
    },
    {
        "spec": {
            "CE": "Oui",
            "EAN Code": "4001869435701",
            "Emprise (en nombre de modules)": "2",
            "Fonction du module": "Interrupteur diff\u00e9rentiel",
            "Garantie": "2 ans",
            "Intensit\u00e9": "63A",
            "Marque": "Siemens",
            "NF": "Oui",
            "Protection en MA": "30mA",
            "Tension (volts)": "230V",
            "Type": "AC",
            "Type de connexion": "A vis"
        },
        "url": "123elec.com//3728791"
    },
    {
        "spec": {
            "CE": "Oui",
            "EAN Code": "3250611612810",
            "Emprise (en nombre de modules)": "2",
            "Fonction du module": "Interrupteur diff\u00e9rentiel",
            "Garantie": "1 an",
            "Intensit\u00e9": "63A",
            "Marque": "Hager",
            "NF": "Oui",
            "Protection en MA": "30mA",
            "Tension (volts)": "230V",
            "Type": "AC",
            "Type de connexion": "Auto"
        },
        "url": "123elec.com//12326830"
    },
    {
        "spec": {
            "CE": "Oui",
            "EAN Code": "3245064116176",
            "Emprise (en nombre de modules)": "2",
            "Fonction du module": "Interrupteur diff\u00e9rentiel",
            "Gamme du produit": "Legrand DX3",
            "Garantie": "2 ans",
            "Intensit\u00e9": "40A",
            "Marque": "Legrand",
            "NF": "Oui",
            "Protection en MA": "30mA",
            "Tension (volts)": "230V",
            "Type": "A",
            "Type de connexion": "A vis"
        },
        "url": "123elec.com//7170076"
    },
    {
        "spec": {
            "CE": "Oui",
            "EAN Code": "3700538701734",
            "Garantie": "1 an",
            "Marque": "Non communiqu\u00e9",
            "NF": "Non",
            "R\u00e9f. Fab": "A01000190A0004"
        },
        "url": "123elec.com//17404237"
    },
    {
        "spec": {
            "CE": "Oui",
            "Corps de chauffe": "R\u00e9sistance",
            "EAN Code": "3410535141050",
            "Garantie": "2 ans",
            "Hauteur": "451",
            "Largeur": "369",
            "Marque": "Atlantic",
            "NF": "Oui",
            "Nombre de fils pilotes": "6 fils",
            "Orientation": "Horizontale",
            "Profondeur": "78",
            "Puissance": "500W",
            "R\u00e9f. Fab": "514105",
            "Soufflerie": "Non",
            "Technologie de chauffe": "Convection",
            "Type de chauffage": "Convecteur \u00e9lectrique",
            "Type de thermostat": "Electronique"
        },
        "url": "123elec.com//16179723"
    },
    {
        "spec": {
            "CE": "Oui",
            "EAN Code": "4001869435695",
            "Emprise (en nombre de modules)": "2",
            "Fonction du module": "Interrupteur diff\u00e9rentiel",
            "Garantie": "2 ans",
            "Intensit\u00e9": "40A",
            "Marque": "Siemens",
            "NF": "Oui",
            "Protection en MA": "30mA",
            "Tension (volts)": "230V",
            "Type": "AC",
            "Type de connexion": "A vis"
        },
        "url": "123elec.com//9103978"
    },
    {
        "spec": {
            "CE": "Oui",
            "EAN Code": "3250611612803",
            "Emprise (en nombre de modules)": "2",
            "Fonction du module": "Interrupteur diff\u00e9rentiel",
            "Garantie": "1 an",
            "Intensit\u00e9": "40A",
            "Marque": "Hager",
            "NF": "Oui",
            "Protection en MA": "30mA",
            "Tension (volts)": "230V",
            "Type": "A",
            "Type de connexion": "Auto"
        },
        "url": "123elec.com//10313596"
    },
    {
        "spec": {
            "CE": "Oui",
            "EAN Code": "3303430231622",
            "Emprise (en nombre de modules)": "3",
            "Fonction du module": "Interrupteur diff\u00e9rentiel",
            "Gamme du produit": "Schneider XP",
            "Garantie": "18 mois",
            "Intensit\u00e9": "63A",
            "Marque": "Schneider",
            "NF": "Oui",
            "Protection en MA": "30mA",
            "R\u00e9f. Fab": "23162",
            "Tension (volts)": "230V",
            "Type": "AC",
            "Type de connexion": "A vis"
        },
        "url": "123elec.com//5619696"
    },
    {
        "spec": {
            "CE": "Oui",
            "EAN Code": "3303430161622",
            "Emprise (en nombre de modules)": "3",
            "Fonction du module": "Interrupteur diff\u00e9rentiel",
            "Gamme du produit": "Schneider XE",
            "Garantie": "18 mois",
            "Intensit\u00e9": "63A",
            "Marque": "Schneider",
            "NF": "Oui",
            "Protection en MA": "30mA",
            "R\u00e9f. Fab": "16162",
            "Tension (volts)": "230V",
            "Type": "AC",
            "Type de connexion": "Auto"
        },
        "url": "123elec.com//16734416"
    },
    {
        "spec": {
            "CE": "Oui",
            "EAN Code": "3303430161561",
            "Emprise (en nombre de modules)": "3",
            "Gamme du produit": "Schneider XE",
            "Garantie": "18 mois",
            "Intensit\u00e9": "63A",
            "Marque": "Schneider",
            "NF": "Oui",
            "Protection en MA": "30mA",
            "R\u00e9f. Fab": "16156",
            "Tension (volts)": "230V",
            "Type": "A",
            "Type de connexion": "Auto"
        },
        "url": "123elec.com//12266365"
    },
    {
        "spec": {
            "CE": "Oui",
            "EAN Code": "4001869306315",
            "Emprise (en nombre de modules)": "2",
            "Fonction du module": "Disjoncteur diff\u00e9rentiel",
            "Garantie": "2 ans",
            "Intensit\u00e9": "40A",
            "Marque": "Siemens",
            "NF": "Oui",
            "Protection en MA": "30mA",
            "Tension (volts)": "230V",
            "Type": "AC",
            "Type de connexion": "A vis"
        },
        "url": "123elec.com//1399514"
    },
    {
        "spec": {
            "CE": "Oui",
            "EAN Code": "3245064116114",
            "Emprise (en nombre de modules)": "2",
            "Fonction du module": "Interrupteur diff\u00e9rentiel",
            "Gamme du produit": "Legrand DX3",
            "Garantie": "2 ans",
            "Intensit\u00e9": "40A",
            "Marque": "Legrand",
            "NF": "Oui",
            "Protection en MA": "30mA",
            "Tension (volts)": "230V",
            "Type": "AC",
            "Type de connexion": "A vis"
        },
        "url": "123elec.com//11963269"
    },
    {
        "spec": {
            "Assemblage": "A composer",
            "Bornes auto": "Non",
            "CE": "Oui",
            "Couleur": "Blanc",
            "EAN Code": "3606480319013",
            "Etanche": "Non",
            "Fixation": "A vis",
            "Fonction appareillage": "Prise TV / SAT / FM",
            "Gamme du produit": "Schneider Odace",
            "Garantie": "18 mois",
            "Marque": "Schneider",
            "Mati\u00e8re": "Plastique",
            "NF": "Non",
            "Nombre de postes": "1 poste",
            "Pose": "Encastr\u00e9e",
            "Retour d'\u00e9tat": "Non",
            "R\u00e9f. Fab": "S520445",
            "Type appareillage": "M\u00e9canisme"
        },
        "url": "123elec.com//6693578"
    },
    {
        "spec": {
            "CE": "Oui",
            "EAN Code": "4001869306308",
            "Emprise (en nombre de modules)": "2",
            "Fonction du module": "Disjoncteur diff\u00e9rentiel",
            "Garantie": "2 ans",
            "Intensit\u00e9": "32A",
            "Marque": "Siemens",
            "NF": "Oui",
            "Protection en MA": "30mA",
            "Tension (volts)": "230V",
            "Type": "AC",
            "Type de connexion": "A vis"
        },
        "url": "123elec.com//16268377"
    },
    {
        "spec": {
            "CE": "Oui",
            "EAN Code": "3250611612575",
            "Emprise (en nombre de modules)": "2",
            "Fonction du module": "Interrupteur diff\u00e9rentiel",
            "Garantie": "1 an",
            "Intensit\u00e9": "63A",
            "Marque": "Hager",
            "NF": "Oui",
            "Protection en MA": "30mA",
            "Tension (volts)": "230V",
            "Type": "A",
            "Type de connexion": "A vis"
        },
        "url": "123elec.com//14600831"
    },
    {
        "spec": {
            "CE": "Oui",
            "EAN Code": "3245064116381",
            "Emprise (en nombre de modules)": "2",
            "Fonction du module": "Interrupteur diff\u00e9rentiel",
            "Gamme du produit": "Legrand DX3",
            "Garantie": "2 ans",
            "Intensit\u00e9": "40A",
            "Marque": "Legrand",
            "NF": "Oui",
            "Protection en MA": "30mA",
            "Tension (volts)": "230V",
            "Type": "A",
            "Type de connexion": "Auto"
        },
        "url": "123elec.com//17109624"
    },
    {
        "spec": {
            "Assemblage": "A composer",
            "Bornes auto": "Non",
            "CE": "Oui",
            "Couleur": "Blanc",
            "EAN Code": "3606480320071",
            "Etanche": "Non",
            "Fixation": "A vis",
            "Fonction appareillage": "Haut-parleur",
            "Gamme du produit": "Schneider Odace",
            "Garantie": "18 mois",
            "Marque": "Schneider",
            "Mati\u00e8re": "Plastique",
            "NF": "Non",
            "Nombre de postes": "1 poste",
            "Pose": "Encastr\u00e9e",
            "Retour d'\u00e9tat": "Non",
            "R\u00e9f. Fab": "S520583",
            "Type appareillage": "M\u00e9canisme"
        },
        "url": "123elec.com//14860094"
    },
    {
        "spec": {
            "Assemblage": "A composer",
            "Bornes auto": "Oui",
            "CE": "Oui",
            "EAN Code": "3245060673895",
            "Etanche": "Non",
            "Fonction appareillage": "Prise TV / SAT / FM",
            "Gamme du produit": "Legrand C\u00e9liane",
            "Garantie": "2 ans",
            "Marque": "Legrand",
            "Mati\u00e8re": "Plastique",
            "NF": "Non",
            "Nombre de postes": "1 poste",
            "Pose": "Encastr\u00e9e",
            "Retour d'\u00e9tat": "Non",
            "R\u00e9f. Fab": "067389",
            "Type appareillage": "M\u00e9canisme"
        },
        "url": "123elec.com//7269611"
    },
    {
        "spec": {
            "CE": "Oui",
            "EAN Code": "4001869297781",
            "Emprise (en nombre de modules)": "4",
            "Fonction du module": "Interrupteur diff\u00e9rentiel",
            "Garantie": "2 ans",
            "Intensit\u00e9": "63A",
            "Marque": "Siemens",
            "NF": "Oui",
            "Protection en MA": "30mA",
            "Tension (volts)": "230V",
            "Type": "AC",
            "Type de connexion": "A vis"
        },
        "url": "123elec.com//9406707"
    },
    {
        "spec": {
            "CE": "Oui",
            "Corps de chauffe": "R\u00e9sistance",
            "EAN Code": "3410535141203",
            "Garantie": "2 ans",
            "Hauteur": "451",
            "Largeur": "739",
            "Marque": "Atlantic",
            "NF": "Oui",
            "Nombre de fils pilotes": "6 fils",
            "Orientation": "Horizontale",
            "Profondeur": "78",
            "Puissance": "2000W",
            "R\u00e9f. Fab": "514120",
            "Soufflerie": "Non",
            "Technologie de chauffe": "Convection",
            "Type de chauffage": "Convecteur \u00e9lectrique",
            "Type de thermostat": "Electronique"
        },
        "url": "123elec.com//5752821"
    },
    {
        "spec": {
            "CE": "Oui",
            "EAN Code": "3245064116237",
            "Emprise (en nombre de modules)": "2",
            "Fonction du module": "Interrupteur diff\u00e9rentiel",
            "Gamme du produit": "Legrand DX3",
            "Garantie": "2 ans",
            "Intensit\u00e9": "40A",
            "Marque": "Legrand",
            "NF": "Oui",
            "Protection en MA": "30mA",
            "Tension (volts)": "230V",
            "Type": "HPI",
            "Type de connexion": "A vis"
        },
        "url": "123elec.com//4442915"
    },
    {
        "spec": {
            "CE": "Oui",
            "Corps de chauffe": "R\u00e9sistance",
            "EAN Code": "3410535141128",
            "Garantie": "2 ans",
            "Hauteur": "451",
            "Largeur": "517",
            "Marque": "Atlantic",
            "NF": "Oui",
            "Nombre de fils pilotes": "6 fils",
            "Orientation": "Horizontale",
            "Profondeur": "78",
            "Puissance": "1250W",
            "R\u00e9f. Fab": "514112",
            "Soufflerie": "Non",
            "Technologie de chauffe": "Convection",
            "Type de chauffage": "Convecteur \u00e9lectrique",
            "Type de thermostat": "Electronique"
        },
        "url": "123elec.com//11228529"
    },
    {
        "spec": {
            "CE": "Oui",
            "EAN Code": "3245064116336",
            "Emprise (en nombre de modules)": "3",
            "Fonction du module": "Interrupteur diff\u00e9rentiel",
            "Gamme du produit": "Legrand DX3",
            "Garantie": "2 ans",
            "Intensit\u00e9": "63A",
            "Marque": "Legrand",
            "NF": "Oui",
            "Protection en MA": "30mA",
            "Tension (volts)": "230V",
            "Type": "AC",
            "Type de connexion": "Auto"
        },
        "url": "123elec.com//4238366"
    },
    {
        "spec": {
            "CE": "Oui",
            "EAN Code": "3250611612797",
            "Emprise (en nombre de modules)": "2",
            "Fonction du module": "Interrupteur diff\u00e9rentiel",
            "Garantie": "1 an",
            "Intensit\u00e9": "40A",
            "Marque": "Hager",
            "NF": "Oui",
            "Protection en MA": "30mA",
            "Tension (volts)": "230V",
            "Type": "AC",
            "Type de connexion": "Auto"
        },
        "url": "123elec.com//16551083"
    },
    {
        "spec": {
            "CE": "Oui",
            "EAN Code": "3245064116503",
            "Emprise (en nombre de modules)": "2",
            "Gamme du produit": "Legrand DX3",
            "Garantie": "2 ans",
            "Intensit\u00e9": "63A",
            "Marque": "Legrand",
            "NF": "Oui",
            "Protection en MA": "30mA",
            "Tension (volts)": "230V",
            "Type": "AC",
            "Type de connexion": "Auto"
        },
        "url": "123elec.com//11110985"
    },
    {
        "spec": {
            "CE": "Oui",
            "EAN Code": "3245064116510",
            "Emprise (en nombre de modules)": "2",
            "Gamme du produit": "Legrand DX3",
            "Garantie": "2 ans",
            "Intensit\u00e9": "63A",
            "Marque": "Legrand",
            "NF": "Oui",
            "Protection en MA": "30mA",
            "Tension (volts)": "230V",
            "Type": "A",
            "Type de connexion": "Auto"
        },
        "url": "123elec.com//12791088"
    },
    {
        "spec": {
            "CE": "Oui",
            "Corps de chauffe": "Aluminium",
            "D\u00e9tection": "D'ouverture porte ou fen\u00eatre",
            "EAN Code": "3410535074150",
            "Garantie": "2 ans",
            "Hauteur": "615",
            "Largeur": "941",
            "Marque": "Atlantic",
            "NF": "Oui",
            "Nombre de fils pilotes": "6 fils",
            "Orientation": "Horizontale",
            "Profondeur": "135",
            "Puissance": "1500W",
            "R\u00e9f. Fab": "507415",
            "Soufflerie": "Non",
            "Technologie de chauffe": "Rayonnement",
            "Type de chauffage": "Radiateur \u00e0 inertie",
            "Type de thermostat": "Digital"
        },
        "url": "123elec.com//15434177"
    },
    {
        "spec": {
            "CE": "Oui",
            "EAN Code": "3662366008129",
            "Garantie": "2 ans",
            "Marque": "Siemens",
            "NF": "Non",
            "Nombre de fils pilotes": "4 fils"
        },
        "url": "123elec.com//15607924"
    },
    {
        "spec": {
            "Assemblage": "A composer",
            "Bornes auto": "Non",
            "CE": "Oui",
            "Couleur": "Blanc",
            "EAN Code": "3606480319105",
            "Etanche": "Non",
            "Fixation": "A vis",
            "Fonction appareillage": "Prise TV / SAT / FM",
            "Gamme du produit": "Schneider Odace",
            "Garantie": "18 mois",
            "Marque": "Schneider",
            "Mati\u00e8re": "Plastique",
            "NF": "Non",
            "Nombre de postes": "1 poste",
            "Pose": "Encastr\u00e9e",
            "Retour d'\u00e9tat": "Non",
            "R\u00e9f. Fab": "S520461",
            "Type appareillage": "M\u00e9canisme"
        },
        "url": "123elec.com//1784389"
    },
    {
        "spec": {
            "CE": "Oui",
            "EAN Code": "3303430231608",
            "Emprise (en nombre de modules)": "2",
            "Fonction du module": "Interrupteur diff\u00e9rentiel",
            "Gamme du produit": "Schneider XP",
            "Garantie": "18 mois",
            "Intensit\u00e9": "40A",
            "Marque": "Schneider",
            "NF": "Oui",
            "Protection en MA": "30mA",
            "R\u00e9f. Fab": "23160",
            "Tension (volts)": "230V",
            "Type": "AC",
            "Type de connexion": "A vis"
        },
        "url": "123elec.com//8633016"
    }
]