[
    {
        "spec": {
            "CE": "Oui",
            "EAN Code": "3606480319143",
            "Garantie": "18 mois",
            "Marque": "Schneider",
            "NF": "Non"
        },
        "url": "123elec.com//12065043"
    },
    {
        "spec": {
            "CE": "Oui",
            "Conditionnement": "Box",
            "EAN Code": "8717511642934",
            "Garantie": "1 an",
            "Longueur": "305m",
            "Marque": "Draka",
            "NF": "Non",
            "Nombre de brin(s)": "1 brin",
            "Type de c\u00e2ble/fil/gaine": "C\u00e2bles multimedia"
        },
        "url": "123elec.com//8986677"
    },
    {
        "spec": {
            "CE": "Oui",
            "Conditionnement": "Couronne",
            "EAN Code": "3700609620452",
            "Garantie": "1 an",
            "Longueur": "100m",
            "Marque": "Omerin",
            "NF": "Non",
            "Nombre de brin(s)": "1 brin",
            "Type de c\u00e2ble/fil/gaine": "C\u00e2bles multimedia"
        },
        "url": "123elec.com//13472335"
    },
    {
        "spec": {
            "CE": "Oui",
            "Conditionnement": "Couronne",
            "EAN Code": "3170230006473",
            "Garantie": "1 an",
            "Longueur": "100m",
            "NF": "Non",
            "Nombre de brin(s)": "1 brin",
            "Type de c\u00e2ble/fil/gaine": "C\u00e2bles multimedia"
        },
        "url": "123elec.com//8739708"
    },
    {
        "spec": {
            "CE": "Oui",
            "Conditionnement": "M\u00e8tre",
            "EAN Code": "3700609620490",
            "Garantie": "1 an",
            "Longueur": "1",
            "NF": "Non",
            "Type de c\u00e2ble/fil/gaine": "C\u00e2bles multimedia"
        },
        "url": "123elec.com//10368200"
    },
    {
        "spec": {
            "CE": "Oui",
            "EAN Code": "3606480319150",
            "Garantie": "18 mois",
            "Marque": "Schneider",
            "NF": "Non"
        },
        "url": "123elec.com//5170266"
    }
]