[
    {
        "spec": {
            "Assemblage": "A composer",
            "Bornes auto": "Non",
            "CE": "Oui",
            "EAN Code": "3245060670412",
            "Etanche": "Non",
            "Fixation": "A vis",
            "Fonction appareillage": "Va et vient",
            "Gamme du produit": "Legrand C\u00e9liane",
            "Garantie": "2 ans",
            "Indice IP": "IP20",
            "Marque": "Legrand",
            "Mati\u00e8re": "Plastique",
            "NF": "Non",
            "Nombre de postes": "1 poste",
            "Pose": "Encastr\u00e9e",
            "Retour d'\u00e9tat": "Non",
            "R\u00e9f. Fab": "067041",
            "Type appareillage": "M\u00e9canisme"
        },
        "url": "123elec.com//4857570"
    },
    {
        "spec": {
            "CE": "Oui",
            "EAN Code": "3250612845040",
            "Etanche": "Non",
            "Gamme du produit": "Hager Gamma 13",
            "Garantie": "2 ans",
            "Marque": "Hager",
            "NF": "Non",
            "R\u00e9f. Fab": "F"
        },
        "url": "123elec.com//1297918"
    },
    {
        "spec": {
            "CE": "Oui",
            "EAN Code": "3170238447025",
            "Garantie": "1 an",
            "Marque": "Nexans",
            "NF": "Non"
        },
        "url": "123elec.com//17234830"
    },
    {
        "spec": {
            "Assemblage": "A composer",
            "Bornes auto": "Non",
            "CE": "Oui",
            "Couleur": "Aluminium",
            "EAN Code": "3606480320576",
            "Etanche": "Non",
            "Gamme du produit": "Schneider Odace",
            "Garantie": "18 mois",
            "Marque": "Schneider",
            "Mati\u00e8re": "Plastique",
            "NF": "Oui",
            "Nombre de postes": "4 postes",
            "Pose": "Encastr\u00e9e",
            "Retour d'\u00e9tat": "Non",
            "R\u00e9f. Fab": "S520708E",
            "Type appareillage": "Plaque"
        },
        "url": "123elec.com//11439356"
    },
    {
        "spec": {
            "CE": "Oui",
            "Corps de chauffe": "Aluminium",
            "EAN Code": "3413289142816",
            "Garantie": "2 ans",
            "Hauteur": "450",
            "Largeur": "600",
            "Marque": "Chaufelec",
            "NF": "Oui",
            "Nombre de fils pilotes": "4 fils",
            "Orientation": "Horizontale",
            "Profondeur": "115",
            "Puissance": "1000W",
            "R\u00e9f. Fab": "BJM1323AAFS",
            "Soufflerie": "Non",
            "Technologie de chauffe": "Rayonnement",
            "Type de chauffage": "Panneau rayonnant",
            "Type de thermostat": "Electronique"
        },
        "url": "123elec.com//9087671"
    },
    {
        "spec": {
            "Assemblage": "A composer",
            "Bornes auto": "Non",
            "CE": "Oui",
            "Couleur": "Aluminium",
            "EAN Code": "3606480320514",
            "Etanche": "Non",
            "Gamme du produit": "Schneider Odace",
            "Garantie": "18 mois",
            "Marque": "Schneider",
            "Mati\u00e8re": "Plastique",
            "NF": "Oui",
            "Nombre de postes": "1 poste",
            "Pose": "Encastr\u00e9e",
            "Retour d'\u00e9tat": "Non",
            "R\u00e9f. Fab": "S520702E",
            "Type appareillage": "Plaque"
        },
        "url": "123elec.com//15420724"
    },
    {
        "spec": {
            "CE": "Oui",
            "EAN Code": "4001869310916",
            "Emprise (en nombre de modules)": "1",
            "Fonction du module": "Minuterie",
            "Garantie": "2 ans",
            "Intensit\u00e9": "16A",
            "Marque": "Siemens",
            "NF": "Non",
            "R\u00e9f. Fab": "F",
            "Tension (volts)": "230V"
        },
        "url": "123elec.com//13385418"
    },
    {
        "spec": {
            "CE": "Oui",
            "EAN Code": "3245064064811",
            "Emprise (en nombre de modules)": "4",
            "Fonction du module": "Interrupteur sectionneur",
            "Garantie": "2 ans",
            "Intensit\u00e9": "63A",
            "Marque": "Legrand",
            "NF": "Oui",
            "Tension (volts)": "400V",
            "Type de connexion": "A vis"
        },
        "url": "123elec.com//15858210"
    },
    {
        "spec": {
            "CE": "Oui",
            "EAN Code": "4001869249285",
            "Emprise (en nombre de modules)": "4",
            "Fonction du module": "Disjoncteur",
            "Garantie": "2 ans",
            "Intensit\u00e9": "20A",
            "Marque": "Siemens",
            "NF": "Oui",
            "Tension (volts)": "230V",
            "Type de connexion": "A vis"
        },
        "url": "123elec.com//11058148"
    },
    {
        "spec": {
            "CE": "Oui",
            "EAN Code": "4001869246727",
            "Emprise (en nombre de modules)": "2",
            "Fonction du module": "Disjoncteur",
            "Garantie": "2 ans",
            "Intensit\u00e9": "20A",
            "Marque": "Siemens",
            "NF": "Non",
            "R\u00e9f. Fab": "F",
            "Tension (volts)": "400V",
            "Type de connexion": "A vis"
        },
        "url": "123elec.com//7354932"
    },
    {
        "spec": {
            "CE": "Oui",
            "EAN Code": "4001869312408",
            "Emprise (en nombre de modules)": "1",
            "Fonction du module": "T\u00e9l\u00e9rupteur",
            "Garantie": "2 ans",
            "Intensit\u00e9": "16A",
            "Marque": "Siemens",
            "NF": "Non",
            "R\u00e9f. Fab": "F",
            "Tension (volts)": "230V"
        },
        "url": "123elec.com//10864458"
    },
    {
        "spec": {
            "CE": "Oui",
            "EAN Code": "3606480927898",
            "Etanche": "Non",
            "Gamme du produit": "Schneider Resi9",
            "Garantie": "18 mois",
            "Marque": "Schneider",
            "NF": "Non",
            "R\u00e9f. Fab": "R9H13401"
        },
        "url": "123elec.com//16520587"
    },
    {
        "spec": {
            "CE": "Oui",
            "EAN Code": "3245064125017",
            "Emprise (en nombre de modules)": "1",
            "Fonction du module": "Contacteur J/N",
            "Garantie": "2 ans",
            "Intensit\u00e9": "25A",
            "Marque": "Legrand",
            "NF": "Oui",
            "Tension (volts)": "230V"
        },
        "url": "123elec.com//15460726"
    },
    {
        "spec": {
            "CE": "Oui",
            "EAN Code": "4001869249278",
            "Emprise (en nombre de modules)": "4",
            "Fonction du module": "Disjoncteur",
            "Garantie": "2 ans",
            "Intensit\u00e9": "16A",
            "Marque": "Siemens",
            "NF": "Oui",
            "Tension (volts)": "230V",
            "Type de connexion": "A vis"
        },
        "url": "123elec.com//9290916"
    },
    {
        "spec": {
            "CE": "Oui",
            "EAN Code": "4001869335728",
            "Emprise (en nombre de modules)": "1",
            "Fonction du module": "Interrupteur horaire",
            "Garantie": "2 ans",
            "Intensit\u00e9": "16A",
            "Marque": "Siemens",
            "NF": "Non",
            "R\u00e9f. Fab": "F",
            "Tension (volts)": "230V"
        },
        "url": "123elec.com//2204470"
    },
    {
        "spec": {
            "CE": "Oui",
            "EAN Code": "4001869330952",
            "Emprise (en nombre de modules)": "1",
            "Fonction du module": "Disjoncteur",
            "Garantie": "2 ans",
            "Intensit\u00e9": "10A",
            "Marque": "Siemens",
            "NF": "Oui",
            "R\u00e9f. Fab": "F",
            "Tension (volts)": "230V",
            "Type de connexion": "A vis"
        },
        "url": "123elec.com//12226657"
    },
    {
        "spec": {
            "CE": "Oui",
            "EAN Code": "3303430167761",
            "Emprise (en nombre de modules)": "2.5",
            "Fonction du module": "Prise modulaire",
            "Gamme du produit": "Schneider XP",
            "Garantie": "18 mois",
            "Intensit\u00e9": "16A",
            "Marque": "Schneider",
            "NF": "Oui",
            "R\u00e9f. Fab": "16776",
            "Tension (volts)": "250V"
        },
        "url": "123elec.com//13704993"
    },
    {
        "spec": {
            "Assemblage": "A composer",
            "Bornes auto": "Non",
            "CE": "Oui",
            "EAN Code": "3245060673116",
            "Etanche": "Non",
            "Fixation": "A vis",
            "Fonction appareillage": "Haut-parleur",
            "Gamme du produit": "Legrand C\u00e9liane",
            "Garantie": "2 ans",
            "Indice IP": "IP41",
            "Marque": "Legrand",
            "Mati\u00e8re": "Plastique",
            "NF": "Non",
            "Nombre de postes": "1 poste",
            "Pose": "Encastr\u00e9e",
            "Retour d'\u00e9tat": "Non",
            "R\u00e9f. Fab": "067311",
            "Type appareillage": "M\u00e9canisme"
        },
        "url": "123elec.com//13317648"
    },
    {
        "spec": {
            "BBC": "Oui",
            "CE": "Oui",
            "Diam\u00e8tre": "67",
            "EAN Code": "3245060800314",
            "Forme de la bo\u00eete": "Ronde",
            "Gamme du produit": "Legrand Batibox",
            "Garantie": "2 ans",
            "Marque": "Legrand",
            "NF": "Oui",
            "Nombre de postes": "1 poste",
            "Profondeur": "50",
            "R\u00e9f. Fab": "080031",
            "Type de cloison": "Placo"
        },
        "url": "123elec.com//413516"
    },
    {
        "spec": {
            "CE": "Oui",
            "EAN Code": "0000000000000",
            "Emprise (en nombre de modules)": "1",
            "Fonction du module": "Disjoncteur",
            "Gamme du produit": "Schneider XP",
            "Garantie": "18 mois",
            "Intensit\u00e9": "10A",
            "Marque": "Schneider",
            "NF": "Oui",
            "Tension (volts)": "230V",
            "Type de connexion": "A vis"
        },
        "url": "123elec.com//2950688"
    },
    {
        "spec": {
            "CE": "Oui",
            "EAN Code": "4001869340296",
            "Emprise (en nombre de modules)": "2",
            "Fonction du module": "Parafoudre",
            "Garantie": "1 an",
            "Intensit\u00e9": "NC",
            "Marque": "Siemens",
            "NF": "Non",
            "Tension (volts)": "24V",
            "Type de connexion": "NC"
        },
        "url": "123elec.com//13671943"
    },
    {
        "spec": {
            "Bornes auto": "Non",
            "CE": "Oui",
            "EAN Code": "3606480319358",
            "Etanche": "Non",
            "Gamme du produit": "Schneider Odace",
            "Garantie": "18 mois",
            "Marque": "Schneider",
            "NF": "Non",
            "Nombre de postes": "1 poste",
            "Retour d'\u00e9tat": "Non",
            "R\u00e9f. Fab": "S520690",
            "Type appareillage": "M\u00e9canisme"
        },
        "url": "123elec.com//15813968"
    },
    {
        "spec": {
            "CE": "Oui",
            "EAN Code": "4001869297859",
            "Emprise (en nombre de modules)": "4",
            "Fonction du module": "Interrupteur diff\u00e9rentiel",
            "Garantie": "2 ans",
            "Intensit\u00e9": "40A",
            "Marque": "Siemens",
            "NF": "Oui",
            "R\u00e9f. Fab": "F",
            "Tension (volts)": "400V",
            "Type de connexion": "A vis"
        },
        "url": "123elec.com//2749267"
    },
    {
        "spec": {
            "CE": "Oui",
            "Corps de chauffe": "R\u00e9sistance",
            "EAN Code": "3413289143486",
            "Garantie": "2 ans",
            "Hauteur": "585",
            "Largeur": "610",
            "Marque": "Chaufelec",
            "NF": "Oui",
            "Nombre de fils pilotes": "6 fils",
            "Orientation": "Horizontale",
            "Profondeur": "120",
            "Puissance": "1000W",
            "R\u00e9f. Fab": "BJN1823FDAJ",
            "Soufflerie": "Non",
            "Technologie de chauffe": "Inertie",
            "Type de chauffage": "Radiateur \u00e0 inertie",
            "Type de thermostat": "Digital"
        },
        "url": "123elec.com//14755474"
    },
    {
        "spec": {
            "Bornes auto": "Non",
            "CE": "Oui",
            "EAN Code": "3606480319372",
            "Etanche": "Non",
            "Gamme du produit": "Schneider Odace",
            "Garantie": "18 mois",
            "Marque": "Schneider",
            "NF": "Non",
            "Nombre de postes": "1 poste",
            "Retour d'\u00e9tat": "Non",
            "R\u00e9f. Fab": "S520299",
            "Type appareillage": "M\u00e9canisme"
        },
        "url": "123elec.com//9316021"
    },
    {
        "spec": {
            "Assemblage": "A composer",
            "Bornes auto": "Oui",
            "CE": "Oui",
            "Couleur": "Blanc",
            "EAN Code": "3606480317989",
            "Etanche": "Non",
            "Fixation": "A vis",
            "Fonction appareillage": "Va et vient",
            "Gamme du produit": "Schneider Odace",
            "Garantie": "18 mois",
            "Marque": "Schneider",
            "Mati\u00e8re": "Plastique",
            "NF": "Oui",
            "Nombre de postes": "1 poste",
            "Pose": "Encastr\u00e9e",
            "Retour d'\u00e9tat": "Non",
            "R\u00e9f. Fab": "S520204",
            "Type appareillage": "M\u00e9canisme"
        },
        "url": "123elec.com//16218183"
    },
    {
        "spec": {
            "Assemblage": "A composer",
            "Bornes auto": "Non",
            "CE": "Oui",
            "Couleur": "Blanc",
            "EAN Code": "3606480318474",
            "Etanche": "Non",
            "Gamme du produit": "Schneider Odace",
            "Garantie": "18 mois",
            "Marque": "Schneider",
            "Mati\u00e8re": "Plastique",
            "NF": "Oui",
            "Nombre de postes": "4 postes",
            "Pose": "Encastr\u00e9e",
            "Retour d'\u00e9tat": "Non",
            "R\u00e9f. Fab": "S520708",
            "Type appareillage": "Plaque"
        },
        "url": "123elec.com//2355634"
    },
    {
        "spec": {
            "CE": "Oui",
            "EAN Code": "3303430164067",
            "Emprise (en nombre de modules)": "1",
            "Fonction du module": "T\u00e9l\u00e9rupteur",
            "Garantie": "18 mois",
            "Intensit\u00e9": "16A",
            "Marque": "Schneider",
            "NF": "Oui",
            "R\u00e9f. Fab": "16406",
            "Tension (volts)": "250V"
        },
        "url": "123elec.com//8038247"
    },
    {
        "spec": {
            "BBC": "Non",
            "CE": "Oui",
            "Diam\u00e8tre": "67",
            "EAN Code": "3245060919818",
            "Forme de la bo\u00eete": "Ronde",
            "Gamme du produit": "Legrand Batibox",
            "Garantie": "2 ans",
            "Marque": "Legrand",
            "NF": "Oui",
            "Nombre de postes": "1 poste",
            "Profondeur": "50",
            "R\u00e9f. Fab": "080051",
            "Type de cloison": "Placo"
        },
        "url": "123elec.com//5460316"
    },
    {
        "spec": {
            "Assemblage": "A composer",
            "Bornes auto": "Oui",
            "CE": "Oui",
            "EAN Code": "3245060670078",
            "Etanche": "Non",
            "Fonction appareillage": "Va et vient",
            "Gamme du produit": "Legrand C\u00e9liane",
            "Garantie": "2 ans",
            "Indice IP": "IP20",
            "Marque": "Legrand",
            "Mati\u00e8re": "Plastique",
            "NF": "Oui",
            "Nombre de postes": "1 poste",
            "Pose": "Encastr\u00e9e",
            "Retour d'\u00e9tat": "Non",
            "R\u00e9f. Fab": "067007",
            "Type appareillage": "M\u00e9canisme"
        },
        "url": "123elec.com//9033132"
    },
    {
        "spec": {
            "CE": "Oui",
            "Corps de chauffe": "R\u00e9sistance",
            "EAN Code": "3413289143509",
            "Garantie": "2 ans",
            "Hauteur": "585",
            "Largeur": "920",
            "Marque": "Chaufelec",
            "NF": "Oui",
            "Nombre de fils pilotes": "6 fils",
            "Orientation": "Horizontale",
            "Profondeur": "120",
            "Puissance": "2000W",
            "R\u00e9f. Fab": "BJN1827FDAJ",
            "Soufflerie": "Non",
            "Technologie de chauffe": "Inertie",
            "Type de chauffage": "Radiateur \u00e0 inertie",
            "Type de thermostat": "Digital"
        },
        "url": "123elec.com//16151828"
    },
    {
        "spec": {
            "CE": "Oui",
            "EAN Code": "3245064064415",
            "Emprise (en nombre de modules)": "2",
            "Fonction du module": "Interrupteur sectionneur",
            "Garantie": "2 ans",
            "Intensit\u00e9": "63A",
            "Marque": "Legrand",
            "NF": "Oui",
            "Tension (volts)": "400V",
            "Type de connexion": "A vis"
        },
        "url": "123elec.com//1812329"
    },
    {
        "spec": {
            "BBC": "Oui",
            "CE": "Oui",
            "Diam\u00e8tre": "68",
            "EAN Code": "3245060800239",
            "Forme de la bo\u00eete": "Ronde",
            "Gamme du produit": "Legrand Batibox",
            "Garantie": "2 ans",
            "Marque": "Legrand",
            "NF": "Oui",
            "Nombre de postes": "3 postes",
            "Profondeur": "40",
            "R\u00e9f. Fab": "080023",
            "Type de cloison": "Placo"
        },
        "url": "123elec.com//15231604"
    },
    {
        "spec": {
            "Assemblage": "A composer",
            "Bornes auto": "Non",
            "CE": "Oui",
            "Couleur": "Blanc",
            "EAN Code": "3606480300486",
            "Etanche": "Non",
            "Fixation": "A vis",
            "Fonction appareillage": "Variateur",
            "Gamme du produit": "Schneider Odace",
            "Garantie": "18 mois",
            "Marque": "Schneider",
            "Mati\u00e8re": "Plastique",
            "NF": "Non",
            "Nombre de postes": "1 poste",
            "Pose": "Encastr\u00e9e",
            "Retour d'\u00e9tat": "Non",
            "R\u00e9f. Fab": "S520511",
            "Type appareillage": "M\u00e9canisme"
        },
        "url": "123elec.com//5162395"
    }
]