{
    "1028340": [
        "123elec.com//16218183"
    ],
    "1041204": [
        "123elec.com//14755474"
    ],
    "1154149": [
        "123elec.com//13385418"
    ],
    "1202479": [
        "123elec.com//16151828"
    ],
    "1241548": [
        "123elec.com//9290916"
    ],
    "1249711": [
        "123elec.com//413516"
    ],
    "1269702": [
        "123elec.com//17234830"
    ],
    "1342126": [
        "123elec.com//15813968"
    ],
    "1365519": [
        "123elec.com//15460726"
    ],
    "1370373": [
        "123elec.com//8038247"
    ],
    "1429163": [
        "123elec.com//11439356"
    ],
    "148705": [
        "123elec.com//12226657"
    ],
    "1542272": [
        "123elec.com//2355634"
    ],
    "1568200": [
        "123elec.com//1297918"
    ],
    "1620430": [
        "123elec.com//9316021"
    ],
    "1626866": [
        "123elec.com//2749267"
    ],
    "1674729": [
        "123elec.com//13704993"
    ],
    "1684960": [
        "123elec.com//15231604"
    ],
    "1758271": [
        "123elec.com//4857570"
    ],
    "188136": [
        "123elec.com//13317648"
    ],
    "238581": [
        "123elec.com//9033132"
    ],
    "272757": [
        "123elec.com//9087671"
    ],
    "279726": [
        "123elec.com//5162395"
    ],
    "315358": [
        "123elec.com//10864458"
    ],
    "421438": [
        "123elec.com//16520587"
    ],
    "462388": [
        "123elec.com//13671943"
    ],
    "4745": [
        "123elec.com//15420724"
    ],
    "487993": [
        "123elec.com//1812329"
    ],
    "7627741": [
        "123elec.com//2950688"
    ],
    "78531": [
        "123elec.com//11058148"
    ],
    "801652": [
        "123elec.com//15858210"
    ],
    "860650": [
        "123elec.com//7354932"
    ],
    "988433": [
        "123elec.com//2204470"
    ],
    "991660": [
        "123elec.com//5460316"
    ]
}