{
    "1002416": [
        "123elec.com//10329488"
    ],
    "1067054": [
        "123elec.com//3626223"
    ],
    "1121576": [
        "123elec.com//11902626"
    ],
    "1125723": [
        "123elec.com//14867047"
    ],
    "1153947": [
        "123elec.com//8981748"
    ],
    "1196603": [
        "123elec.com//3072199"
    ],
    "1198505": [
        "123elec.com//2096939"
    ],
    "1245253": [
        "123elec.com//420970"
    ],
    "1272324": [
        "123elec.com//15854907"
    ],
    "1291719": [
        "123elec.com//3138435"
    ],
    "1293919": [
        "123elec.com//3069730"
    ],
    "1347666": [
        "123elec.com//15169868"
    ],
    "1354546": [
        "123elec.com//5939962"
    ],
    "1423527": [
        "123elec.com//8942710"
    ],
    "1452663": [
        "123elec.com//8504471"
    ],
    "1462134": [
        "123elec.com//13338947"
    ],
    "1474519": [
        "123elec.com//10218697"
    ],
    "14978": [
        "123elec.com//14373830"
    ],
    "1522134": [
        "123elec.com//13768515"
    ],
    "1539651": [
        "123elec.com//9123374"
    ],
    "1582448": [
        "123elec.com//4372322"
    ],
    "1585311": [
        "123elec.com//6130899"
    ],
    "1585753": [
        "123elec.com//4859082"
    ],
    "1617555": [
        "123elec.com//161922"
    ],
    "1620559": [
        "123elec.com//10983199"
    ],
    "1628675": [
        "123elec.com//3758986"
    ],
    "1631467": [
        "123elec.com//2591337"
    ],
    "1636861": [
        "123elec.com//13474111"
    ],
    "1681255": [
        "123elec.com//8441292"
    ],
    "1699972": [
        "123elec.com//5679853"
    ],
    "1784774": [
        "123elec.com//2451791"
    ],
    "1809348": [
        "123elec.com//11595"
    ],
    "211611": [
        "123elec.com//10310272"
    ],
    "222555": [
        "123elec.com//4523915"
    ],
    "255631": [
        "123elec.com//12449625"
    ],
    "287775": [
        "123elec.com//6412454"
    ],
    "32794": [
        "123elec.com//6296441"
    ],
    "332490": [
        "123elec.com//12662462"
    ],
    "490585": [
        "123elec.com//15924146"
    ],
    "506067": [
        "123elec.com//15263298"
    ],
    "513580": [
        "123elec.com//2708673"
    ],
    "527125": [
        "123elec.com//9873401"
    ],
    "542560": [
        "123elec.com//8607795"
    ],
    "61020": [
        "123elec.com//10917658"
    ],
    "632606": [
        "123elec.com//16768519"
    ],
    "690520": [
        "123elec.com//12313398"
    ],
    "700674": [
        "123elec.com//9398166"
    ],
    "708043": [
        "123elec.com//16559123"
    ],
    "717051": [
        "123elec.com//14118566"
    ],
    "759113": [
        "123elec.com//11675500"
    ],
    "818749": [
        "123elec.com//14736841"
    ],
    "825066": [
        "123elec.com//13779850"
    ],
    "86360": [
        "123elec.com//16648241"
    ],
    "870435": [
        "123elec.com//16794358"
    ],
    "910349": [
        "123elec.com//10692044"
    ],
    "968597": [
        "123elec.com//14964639"
    ]
}