[
    {
        "spec": {
            "CE": "Oui",
            "EAN Code": "3245064120005",
            "Garantie": "2 ans",
            "Marque": "Legrand",
            "NF": "Non",
            "R\u00e9f. Fab": "412000"
        },
        "url": "123elec.com//3810705"
    },
    {
        "spec": {
            "Assemblage": "A composer",
            "Bornes auto": "Oui",
            "CE": "Oui",
            "Couleur": "Blanc",
            "EAN Code": "3606480318108",
            "Etanche": "Non",
            "Fixation": "A vis",
            "Fonction appareillage": "Poussoir",
            "Gamme du produit": "Schneider Odace",
            "Garantie": "18 mois",
            "Marque": "Schneider",
            "Mati\u00e8re": "Plastique",
            "NF": "Oui",
            "Nombre de postes": "1 poste",
            "Pose": "Encastr\u00e9e",
            "Retour d'\u00e9tat": "Non",
            "R\u00e9f. Fab": "S520206",
            "Type appareillage": "M\u00e9canisme"
        },
        "url": "123elec.com//17238142"
    },
    {
        "spec": {
            "CE": "Oui",
            "EAN Code": "8004399141834",
            "Garantie": "1 an",
            "Marque": "Delonghi",
            "NF": "Non",
            "R\u00e9f. Fab": "F"
        },
        "url": "123elec.com//16510666"
    },
    {
        "spec": {
            "Assemblage": "A composer",
            "Bornes auto": "Oui",
            "CE": "Oui",
            "Couleur": "Blanc",
            "EAN Code": "3606480318023",
            "Etanche": "Non",
            "Fixation": "A vis",
            "Fonction appareillage": "Volets roulants",
            "Gamme du produit": "Schneider Odace",
            "Garantie": "18 mois",
            "Marque": "Schneider",
            "Mati\u00e8re": "Plastique",
            "NF": "Oui",
            "Nombre de postes": "1 poste",
            "Pose": "Encastr\u00e9e",
            "Retour d'\u00e9tat": "Non",
            "R\u00e9f. Fab": "S520208",
            "Type appareillage": "M\u00e9canisme"
        },
        "url": "123elec.com//15447453"
    },
    {
        "spec": {
            "CE": "Oui",
            "EAN Code": "3245060800444",
            "Gamme du produit": "Legrand Batibox",
            "Garantie": "2 ans",
            "Marque": "Legrand",
            "NF": "Oui",
            "Nombre de postes": "4 postes",
            "R\u00e9f. Fab": "080044"
        },
        "url": "123elec.com//128928"
    },
    {
        "spec": {
            "Assemblage": "A composer",
            "Bornes auto": "Oui",
            "CE": "Oui",
            "Couleur": "Blanc",
            "EAN Code": "3606480318139",
            "Etanche": "Non",
            "Fixation": "A vis",
            "Fonction appareillage": "Volets roulants",
            "Gamme du produit": "Schneider Odace",
            "Garantie": "18 mois",
            "Marque": "Schneider",
            "Mati\u00e8re": "Plastique",
            "NF": "Oui",
            "Nombre de postes": "1 poste",
            "Pose": "Encastr\u00e9e",
            "Retour d'\u00e9tat": "Non",
            "R\u00e9f. Fab": "S520207",
            "Type appareillage": "M\u00e9canisme"
        },
        "url": "123elec.com//14965581"
    },
    {
        "spec": {
            "CE": "Oui",
            "EAN Code": "3606485113609",
            "Gamme du produit": "Schneider Opale",
            "Garantie": "18 mois",
            "Marque": "Schneider",
            "NF": "Oui",
            "R\u00e9f. Fab": "OPL18402"
        },
        "url": "123elec.com//9841496"
    },
    {
        "spec": {
            "CE": "Oui",
            "EAN Code": "3606485113616",
            "Gamme du produit": "Schneider Opale",
            "Garantie": "18 mois",
            "Marque": "Schneider",
            "NF": "Oui",
            "R\u00e9f. Fab": "OPL18403"
        },
        "url": "123elec.com//4005699"
    },
    {
        "spec": {
            "Assemblage": "A composer",
            "Bornes auto": "Oui",
            "CE": "Oui",
            "Couleur": "Blanc",
            "EAN Code": "3606480318009",
            "Etanche": "Non",
            "Fixation": "A vis",
            "Fonction appareillage": "VMC",
            "Gamme du produit": "Schneider Odace",
            "Garantie": "18 mois",
            "Marque": "Schneider",
            "Mati\u00e8re": "Plastique",
            "NF": "Oui",
            "Nombre de postes": "1 poste",
            "Pose": "Encastr\u00e9e",
            "Retour d'\u00e9tat": "Non",
            "R\u00e9f. Fab": "S520233",
            "Type appareillage": "M\u00e9canisme"
        },
        "url": "123elec.com//1814041"
    },
    {
        "spec": {
            "Assemblage": "A composer",
            "Bornes auto": "Oui",
            "CE": "Oui",
            "Couleur": "Blanc",
            "EAN Code": "3606480318016",
            "Etanche": "Non",
            "Fixation": "A vis",
            "Fonction appareillage": "VMC",
            "Gamme du produit": "Schneider Odace",
            "Garantie": "18 mois",
            "Marque": "Schneider",
            "Mati\u00e8re": "Plastique",
            "NF": "Oui",
            "Nombre de postes": "1 poste",
            "Pose": "Encastr\u00e9e",
            "Retour d'\u00e9tat": "Non",
            "R\u00e9f. Fab": "S520243",
            "Type appareillage": "M\u00e9canisme"
        },
        "url": "123elec.com//13095512"
    },
    {
        "spec": {
            "Assemblage": "A composer",
            "Bornes auto": "Non",
            "CE": "Oui",
            "Couleur": "Blanc",
            "EAN Code": "3606480319426",
            "Etanche": "Non",
            "Fixation": "A vis",
            "Fonction appareillage": "Obturateur",
            "Gamme du produit": "Schneider Odace",
            "Garantie": "18 mois",
            "Marque": "Schneider",
            "Mati\u00e8re": "Plastique",
            "NF": "Non",
            "Nombre de postes": "1 poste",
            "Pose": "Encastr\u00e9e",
            "Retour d'\u00e9tat": "Non",
            "R\u00e9f. Fab": "S520666"
        },
        "url": "123elec.com//9143603"
    }
]