[
    {
        "spec": {
            "Baterijos talpa (mAh)": "2100",
            "Baterijos tipas": "Lithium-ion",
            "Gamintojas": "Samsung",
            "Suderinami telefon\u0173 gamintojai": "Samsung",
            "Suderinami telefon\u0173 modeliai": "Galaxy S3 i9300",
            "Ypatingos \u017eym\u0117s": "N\u0117ra informacijos"
        },
        "url": "1a.lt//27531598"
    },
    {
        "spec": {
            "Baterijos talpa (mAh)": "1350",
            "Baterijos tipas": "Lithium-ion",
            "Gamintojas": "Samsung",
            "Suderinami telefon\u0173 gamintojai": "Samsung",
            "Suderinami telefon\u0173 modeliai": "Galaxy Ace S5830 Galaxy Fit S5670 Galaxy Gio S5660",
            "Ypatingos \u017eym\u0117s": "N\u0117ra informacijos"
        },
        "url": "1a.lt//19612260"
    },
    {
        "spec": {
            "Baterijos talpa (mAh)": "2600",
            "Baterijos tipas": "Lithium-ion",
            "Gamintojas": "Samsung",
            "Suderinami telefon\u0173 gamintojai": "Samsung",
            "Suderinami telefon\u0173 modeliai": "Galaxy Grand Prime G530 Galaxy Grand Prime G531",
            "Ypatingos \u017eym\u0117s": "N\u0117ra informacijos"
        },
        "url": "1a.lt//25417822"
    }
]