{
    "1091367": [
        "1a.lt//21658865"
    ],
    "11499": [
        "1a.lt//20626969"
    ],
    "116305": [
        "1a.lt//24900827"
    ],
    "1165321": [
        "1a.lt//21724417"
    ],
    "117679": [
        "1a.lt//19920805"
    ],
    "118540": [
        "1a.lt//18306837"
    ],
    "132518": [
        "1a.lt//20211675"
    ],
    "1343587": [
        "1a.lt//24490343"
    ],
    "1419": [
        "1a.lt//21008317"
    ],
    "1438223": [
        "1a.lt//25202669"
    ],
    "14597": [
        "1a.lt//21963118"
    ],
    "149819": [
        "1a.lt//21464352"
    ],
    "193415": [
        "1a.lt//26536303"
    ],
    "199371": [
        "1a.lt//19859409"
    ],
    "216182": [
        "1a.lt//23992888"
    ],
    "230411": [
        "1a.lt//19076931"
    ],
    "2360551": [
        "1a.lt//22659204"
    ],
    "259548": [
        "1a.lt//21319960"
    ],
    "310847": [
        "1a.lt//26249076"
    ],
    "328106": [
        "1a.lt//18912283"
    ],
    "331504": [
        "1a.lt//22692052"
    ],
    "358012": [
        "1a.lt//22551385"
    ],
    "359036": [
        "1a.lt//24204110"
    ],
    "368049": [
        "1a.lt//26645632"
    ],
    "38077": [
        "1a.lt//21371288"
    ],
    "384181": [
        "1a.lt//24001019"
    ],
    "401847": [
        "1a.lt//18340870"
    ],
    "405649": [
        "1a.lt//22584854"
    ],
    "424120": [
        "1a.lt//19513480"
    ],
    "51717": [
        "1a.lt//25252649"
    ],
    "618022": [
        "1a.lt//22202849"
    ],
    "640554": [
        "1a.lt//19325497"
    ],
    "667772": [
        "1a.lt//18293992"
    ],
    "694268": [
        "1a.lt//22412471"
    ],
    "729984": [
        "1a.lt//22639397"
    ],
    "767694": [
        "1a.lt//25696052"
    ],
    "853263": [
        "1a.lt//21837370"
    ],
    "879475": [
        "1a.lt//20526342"
    ],
    "955182": [
        "1a.lt//19912522"
    ],
    "984754": [
        "1a.lt//23271994"
    ]
}