[
    {
        "spec": {
            "Gamintojas": "Silicon Power",
            "I\u0161matavimai Plotis x auk\u0161tis x gylis": "65.3 x 18.3 x 8.4 mm",
            "Korpuso med\u017eiaga": "Plastmas\u0117 Metalas",
            "Speciali apsauga": "N\u0117ra",
            "Tipas": "Su nuimamu antgaliu",
            "Ypatingos \u017eym\u0117s": "N\u0117ra informacijos"
        },
        "url": "1a.lt//19513480"
    },
    {
        "spec": {
            "Gamintojas": "Corsair",
            "Komplektacija": "1 modulis",
            "Pavadinimas": "Corsair 8GB DDR3 CL9 SO-DIMM",
            "Standartin\u0117 \u012ftampa": "1.5 V",
            "Ypatingos \u017eym\u0117s": "Unbuffered Generic Non-ECC"
        },
        "url": "1a.lt//21008317"
    },
    {
        "spec": {
            "Gamintojas": "Seagate",
            "Pasiekties laikas": "N\u0117ra informacijos",
            "Pavadinimas": "Seagate Surveillance 3TB 5900RPM SATA3 64MB",
            "Tipas": "HDD",
            "Ypatingos \u017eym\u0117s": "MTBF: 1 mln. valand\u0173"
        },
        "url": "1a.lt//21371288"
    },
    {
        "spec": {
            "Gamintojas": "Corsair",
            "Komplektacija": "1 modulis",
            "Pavadinimas": "Corsair Vengeance 8GB DDR3 CL10 SO-DIMM",
            "Standartin\u0117 \u012ftampa": "1.5 V",
            "Ypatingos \u017eym\u0117s": "Non-ECC Unbuffered"
        },
        "url": "1a.lt//24001019"
    },
    {
        "spec": {
            "Gamintojas": "Kingston",
            "I\u0161matavimai Plotis x auk\u0161tis x gylis": "60 x 21.2 x 10 mm",
            "Korpuso med\u017eiaga": "Plastmas\u0117",
            "Speciali apsauga": "N\u0117ra",
            "Tipas": "Su nuimamu antgaliu",
            "Ypatingos \u017eym\u0117s": "I\u0161traukiama USB jungtis"
        },
        "url": "1a.lt//25202669"
    },
    {
        "spec": {
            "Gamintojas": "Kingston",
            "IOPS (nuskaitymas)": "N\u0117ra informacijos",
            "IOPS (\u012fra\u0161ymas)": "N\u0117ra informacijos",
            "Pavadinimas": "Kingston SSD HyperX FURY 480GB SATAIII",
            "Ypatingos \u017eym\u0117s": "SandForce SF-2281 controller Tvirtas korpusas Technologija NAND flash - MLC"
        },
        "url": "1a.lt//24490343"
    },
    {
        "spec": {
            "Gamintojas": "Corsair",
            "Komplektacija": "2 moduli\u0173 komplektas",
            "Pavadinimas": "Corsair Vengeance 16GB 1600MHz DDR3 CL9 KIT OF 2",
            "Standartin\u0117 \u012ftampa": "1.5 V",
            "Ypatingos \u017eym\u0117s": "Heat Spreader"
        },
        "url": "1a.lt//24900827"
    },
    {
        "spec": {
            "Gamintojas": "Kingston",
            "Komplektacija": "1 modulis",
            "Pavadinimas": "Kingston 16GB 2133MHz DDR4 CL15 DIMM",
            "Standartin\u0117 \u012ftampa": "1.2 V",
            "Ypatingos \u017eym\u0117s": "Non-ECC Unbuffered"
        },
        "url": "1a.lt//26536303"
    },
    {
        "spec": {
            "Gamintojas": "Corsair",
            "Komplektacija": "1 modulis",
            "Pavadinimas": "Corsair Vengeance Black 8GB CL10",
            "Standartin\u0117 \u012ftampa": "1.5 V",
            "Ypatingos \u017eym\u0117s": "Non-ECC Jet Black heatspreader Unbuffered"
        },
        "url": "1a.lt//22202849"
    },
    {
        "spec": {
            "Gamintojas": "A-Data",
            "I\u0161matavimai Plotis x auk\u0161tis x gylis": "61.8 x 18.7 x 10.7 mm",
            "Korpuso med\u017eiaga": "Aliuminis",
            "Speciali apsauga": "N\u0117ra",
            "Tipas": "Su nuimamu antgaliu",
            "Ypatingos \u017eym\u0117s": "N\u0117ra informacijos"
        },
        "url": "1a.lt//25696052"
    },
    {
        "spec": {
            "Gamintojas": "Gembird",
            "Tipas": "USB",
            "Ypatingos \u017eym\u0117s": "N\u0117ra informacijos"
        },
        "url": "1a.lt//20626969"
    },
    {
        "spec": {
            "Gamintojas": "Kingston",
            "IOPS (nuskaitymas)": "Iki 190 000",
            "IOPS (\u012fra\u0161ymas)": "Iki 160 000",
            "Pavadinimas": "Kingston KC1000 Series 480GB M.2 PCIE",
            "Ypatingos \u017eym\u0117s": "Valdiklis: Phison PS5007-E7 NAND: MLC"
        },
        "url": "1a.lt//19959640"
    },
    {
        "spec": {
            "Gamintojas": "Kingston",
            "Pavadinimas": "Kingston 32GB 2133MHz DDR4 CL15 RDIMM",
            "Standartin\u0117 \u012ftampa": "1.2V",
            "Ypatingos \u017eym\u0117s": "Temperat\u016bros jutiklis"
        },
        "url": "1a.lt//22659204"
    },
    {
        "spec": {
            "Gamintojas": "Kingston",
            "IOPS (nuskaitymas)": "Iki 85 000",
            "IOPS (\u012fra\u0161ymas)": "Iki 55 000",
            "Pavadinimas": "Kingston SSDNow",
            "Ypatingos \u017eym\u0117s": "Fast - 10x faster than a 7200RPM hard drive High Quality \u0097 features an LSI\u00ae SandForce\u00ae controller customized for Kingston Reliable \u0097 with no moving parts, solid-state drives are less likely to fail than standard hard drives Convenient \u0097 all-in-one kits with all the components for easy installation Write speed: 450 MB/s Read speed: 450 MB/s"
        },
        "url": "1a.lt//18293992"
    },
    {
        "spec": {
            "Gamintojas": "A-Data",
            "Komplektacija": "1 modulis",
            "Pavadinimas": "A-Data Premier 2GB 1333MHz DDR3 SO-DIMM",
            "Standartin\u0117 \u012ftampa": "1.5 V",
            "Ypatingos \u017eym\u0117s": "Skirta ne\u0161iojamam kompiuteriui."
        },
        "url": "1a.lt//26249076"
    },
    {
        "spec": {
            "Gamintojas": "Corsair",
            "Komplektacija": "1 modulis",
            "Pavadinimas": "Corsair 4GB DDR3 CL7 SO-DIMM",
            "Standartin\u0117 \u012ftampa": "1.5 V",
            "Ypatingos \u017eym\u0117s": "Non-ECC Unbuffered"
        },
        "url": "1a.lt//25252649"
    },
    {
        "spec": {
            "Gamintojas": "Cooler Master",
            "I\u0161matavimai": "250 x 278.5 x 605 mm",
            "Korpuso med\u017eiaga": "Plienas",
            "Ypatingos \u017eym\u0117s": "SATA X-Dock Permatoma \u0161onin\u0117 sienel\u0117 Palaikomos pagrindin\u0117s plok\u0161t\u0117s XL-ATX Galimyb\u0117 realizuoti Triple SLI ir Crossfire Korpuso ventiliatori\u0173 grei\u010dio reguliavimas Integruota \u012franki\u0173 d\u0117\u017e\u0117, nepanaudotiems tvirtinimams ir priedams Tvirta ranken\u0117l\u0117 korpuso ne\u0161iojimui Du krep\u0161eliai standiesiems diskams su galimyb\u0117 pasukti juos 90 laipsni\u0173 kampu 9+1 Expansion slots Nuimamas dulki\u0173 filtras Maksimalus vaizdo plok\u0161t\u0117s ilgis: 322mm Maksimalus procesoriaus au\u0161intuvo auk\u0161tis: 186 mm"
        },
        "url": "1a.lt//19920805"
    },
    {
        "spec": {
            "Gamintojas": "Intel",
            "IOPS (nuskaitymas)": "Iki 240 000",
            "IOPS (\u012fra\u0161ymas)": "Iki 65 000",
            "Pavadinimas": "Intel Optane Memory 32GB PCIE M.2",
            "Ypatingos \u017eym\u0117s": "Intelligent System Acceleration technologija"
        },
        "url": "1a.lt//20211675"
    },
    {
        "spec": {
            "Gamintojas": "D-Link",
            "I\u0161matavimai": "82 x 65 x 40 mm",
            "Tipas": "Ethernet",
            "Ypatingos \u017eym\u0117s": "LED indikatoriai MIMO technologija"
        },
        "url": "1a.lt//18248864"
    },
    {
        "spec": {
            "Gamintojas": "Crucial",
            "Komplektacija": "2 moduli\u0173 komplektas",
            "Pavadinimas": "Crucial 16GB 1600MHz DDR3 SODIMM CL11 MAC",
            "Standartin\u0117 \u012ftampa": "1.35 V",
            "Ypatingos \u017eym\u0117s": "For Mac Unbuffered NON-ECC"
        },
        "url": "1a.lt//20526342"
    },
    {
        "spec": {
            "Gamintojas": "Transcend",
            "I\u0161matavimai Plotis x auk\u0161tis x gylis": "63.6 x 21.2 x 10.6 mm",
            "Korpuso med\u017eiaga": "Plastmas\u0117",
            "Speciali apsauga": "N\u0117ra",
            "Tipas": "Su i\u0161stumiama USB jungtimi",
            "Ypatingos \u017eym\u0117s": "Capless dizainas Su i\u0161traukiama USB jungtimi Transcend Elite"
        },
        "url": "1a.lt//21724417"
    },
    {
        "spec": {
            "Gamintojas": "Toshiba",
            "Pasiekties laikas": "N\u0117ra informacijos",
            "Pavadinimas": "Toshiba X300 5TB 7200RPM SATAIII 128MB BULK",
            "Tipas": "HDD",
            "Ypatingos \u017eym\u0117s": "Technologija Tunnel Maneto-Resistive Recording"
        },
        "url": "1a.lt//22584854"
    },
    {
        "spec": {
            "Gamintojas": "Crucial",
            "Komplektacija": "1 modulis",
            "Pavadinimas": "Crucial 2GB DDR2 PC2-6400 CL6 SO-DIMM",
            "Standartin\u0117 \u012ftampa": "1.8 V",
            "Ypatingos \u017eym\u0117s": "N\u0117ra informacijos"
        },
        "url": "1a.lt//22551385"
    },
    {
        "spec": {
            "Gamintojas": "Western Digital",
            "Pasiekties laikas": "N\u0117ra informacijos",
            "Pavadinimas": "Western Digital Red 1TB IntelliPower SATA3 64MB",
            "Tipas": "HDD",
            "Ypatingos \u017eym\u0117s": "3D Active Balance Plus Energy efficient NASware technology"
        },
        "url": "1a.lt//22692052"
    },
    {
        "spec": {
            "Gamintojas": "Hp",
            "I\u0161matavimai": "406.4 x 88.9 x 285.8 mm",
            "Ypatingos \u017eym\u0117s": "Ki\u0161en\u0117s ra\u0161ikliams ir kitiems aksesuarams Dir\u017eas per pet\u012f: nuimamas, reguliuojamas Mink\u0161tas pamu\u0161alas Mink\u0161tos ranken\u0117l\u0117s"
        },
        "url": "1a.lt//24204110"
    },
    {
        "spec": {
            "Gamintojas": "Silicon Power",
            "I\u0161matavimai Plotis x auk\u0161tis x gylis": "55.5 x 19.0 x 7.1 mm",
            "Korpuso med\u017eiaga": "Aliuminis",
            "Speciali apsauga": "N\u0117ra",
            "Tipas": "Su nuimamu antgaliu",
            "Ypatingos \u017eym\u0117s": "N\u0117ra informacijos"
        },
        "url": "1a.lt//26645632"
    },
    {
        "spec": {
            "Gamintojas": "Corsair",
            "Komplektacija": "1 modulis",
            "Pavadinimas": "Corsair 1GB DDR2 CL5",
            "Standartin\u0117 \u012ftampa": "1.8 V",
            "Ypatingos \u017eym\u0117s": "Generic Non-ECC Unbuffered"
        },
        "url": "1a.lt//23271994"
    },
    {
        "spec": {
            "Gamintojas": "Kingston",
            "Komplektacija": "1 modulis",
            "Pavadinimas": "Kingston 4GB PC17000 DDR4/FURY DIMM",
            "Standartin\u0117 \u012ftampa": "1.2 V",
            "Ypatingos \u017eym\u0117s": "ODT Heat spreader"
        },
        "url": "1a.lt//21963118"
    },
    {
        "spec": {
            "Gamintojas": "Corsair",
            "Komplektacija": "2 moduli\u0173 komplektas",
            "Pavadinimas": "Corsair Mac Memory 8GB DDR3 CL7 SO-DIMM",
            "Standartin\u0117 \u012ftampa": "1.5 V",
            "Ypatingos \u017eym\u0117s": "Non-ECC Unbuffered Skirtas Apple iMac / MacBook Pro"
        },
        "url": "1a.lt//19325497"
    },
    {
        "spec": {
            "Gamintojas": "Crucial",
            "Komplektacija": "4 moduli\u0173 komplektas",
            "Pavadinimas": "Crucial Ballistix Sport LT 16GB 2400MHz DDR4 CL16 KIT OF 4",
            "Standartin\u0117 \u012ftampa": "1.2 V",
            "Ypatingos \u017eym\u0117s": "Heat Spreaders"
        },
        "url": "1a.lt//21823930"
    },
    {
        "spec": {
            "Gamintojas": "Kingston",
            "Komplektacija": "1 modulis",
            "Pavadinimas": "Kingston 1GB DDR2 PC2-5300 CL5",
            "Standartin\u0117 \u012ftampa": "1.8 V",
            "Ypatingos \u017eym\u0117s": "N\u0117ra informacijos"
        },
        "url": "1a.lt//19076931"
    },
    {
        "spec": {
            "Gamintojas": "Kingston",
            "Komplektacija": "1 modulis",
            "Pavadinimas": "Kingston 8GB PC12800 DDR3 CL11",
            "Standartin\u0117 \u012ftampa": "1.5 V",
            "Ypatingos \u017eym\u0117s": "N\u0117ra informacijos"
        },
        "url": "1a.lt//21464352"
    },
    {
        "spec": {
            "Gamintojas": "Corsair",
            "Komplektacija": "1 modulis",
            "Pavadinimas": "Corsair Vengeance 8GB DDR3 CL9",
            "Standartin\u0117 \u012ftampa": "1.5 V",
            "Ypatingos \u017eym\u0117s": "Vengeance heatspreader Unbuffered non-ECC"
        },
        "url": "1a.lt//22412471"
    },
    {
        "spec": {
            "Gamintojas": "Crucial",
            "Komplektacija": "2 moduli\u0173 komplektas",
            "Pavadinimas": "Crucial 4GB 800MHz DDR2 CL6 SODIMM",
            "Standartin\u0117 \u012ftampa": "1.8 V",
            "Ypatingos \u017eym\u0117s": "Unbuffered NON-ECC"
        },
        "url": "1a.lt//19188599"
    },
    {
        "spec": {
            "Gamintojas": "Gembird",
            "Tipas": "HDMI",
            "Ypatingos \u017eym\u0117s": "Duomen\u0173 perdavimo greitis: 18 Gb/s 3D TV (\u0414\u043e 4096 x 2160 / 60 Hz) palaikymas HDMI Ethernet Channel 100 Mbps HARC"
        },
        "url": "1a.lt//19912522"
    },
    {
        "spec": {
            "Gamintojas": "Sandisk",
            "IOPS (nuskaitymas)": "N\u0117ra informacijos",
            "IOPS (\u012fra\u0161ymas)": "N\u0117ra informacijos",
            "Pavadinimas": "SanDisk Ultra II SSD 240GB SATA III",
            "Ypatingos \u017eym\u0117s": "Temperat\u016bra: 0\u00baC iki 70 \u00baC nCache 2.0 technologija Atsparus sm\u016bgiams"
        },
        "url": "1a.lt//22639397"
    },
    {
        "spec": {
            "Gamintojas": "Mach Xtreme",
            "IOPS (nuskaitymas)": "N\u0117ra informacijos",
            "IOPS (\u012fra\u0161ymas)": "N\u0117ra informacijos",
            "Pavadinimas": "Mach Xtreme SATA DOM SSD Horizontal 32GB",
            "Ypatingos \u017eym\u0117s": "Komplekte laidas (4pin) \u012era\u0161ymo apsaugos jungiklis"
        },
        "url": "1a.lt//18306837"
    },
    {
        "spec": {
            "Gamintojas": "Transcend",
            "I\u0161matavimai Plotis x auk\u0161tis x gylis": "60 x 18.8 x 8.6 mm",
            "Korpuso med\u017eiaga": "Plastmas\u0117",
            "Speciali apsauga": "N\u0117ra",
            "Tipas": "Su nuimamu antgaliu",
            "Ypatingos \u017eym\u0117s": "Svoris: 8.5 g Transcend Elite nemokamai LED indikatorius"
        },
        "url": "1a.lt//21837370"
    },
    {
        "spec": {
            "Gamintojas": "Western Digital",
            "IOPS (nuskaitymas)": "Iki 95 000",
            "IOPS (\u012fra\u0161ymas)": "Iki 81 000",
            "Pavadinimas": "Western Digital Blue 250GB SATAIII M.2",
            "Ypatingos \u017eym\u0117s": "S.M.A.R.T technologija"
        },
        "url": "1a.lt//19859409"
    },
    {
        "spec": {
            "Gamintojas": "Patriot",
            "Komplektacija": "2 moduli\u0173 komplektas",
            "Pavadinimas": "Patriot Viper 3 16GB 1600MHz CL9 DDR3 KIT OF 2",
            "Standartin\u0117 \u012ftampa": "1.5 V",
            "Ypatingos \u017eym\u0117s": "Non-ECC Unbuffered Dual Channel Kit"
        },
        "url": "1a.lt//21319960"
    },
    {
        "spec": {
            "Gamintojas": "Crucial",
            "Komplektacija": "2 moduli\u0173 komplektas",
            "Pavadinimas": "Crucial Ballistix 8GB DDR3 PC3-12800 CL9",
            "Standartin\u0117 \u012ftampa": "1.5 V",
            "Ypatingos \u017eym\u0117s": "N\u0117ra informacijos"
        },
        "url": "1a.lt//18340870"
    },
    {
        "spec": {
            "Gamintojas": "Silicon Power",
            "I\u0161matavimai Plotis x auk\u0161tis x gylis": "54.6 x 16.8 x 7.2 mm",
            "Korpuso med\u017eiaga": "Aliuminis",
            "Speciali apsauga": "N\u0117ra",
            "Tipas": "N\u0117ra informacijos",
            "Ypatingos \u017eym\u0117s": "Aliuminis korpusas Greitis: iki 90 MB/s (skaitymo) / 60 MB/s (\u012fra\u0161ymo) SP Widget"
        },
        "url": "1a.lt//23992888"
    },
    {
        "spec": {
            "Gamintojas": "Patriot",
            "Komplektacija": "1 modulis",
            "Pavadinimas": "Patriot 16GB 2133MHz CL15 DDR4 DIMM",
            "Standartin\u0117 \u012ftampa": "1.2 V",
            "Ypatingos \u017eym\u0117s": "Non-ECC Unbuffered"
        },
        "url": "1a.lt//18912283"
    },
    {
        "spec": {
            "Gamintojas": "Western Digital",
            "Pasiekties laikas": "N\u0117ra informacijos",
            "Pavadinimas": "Western Digital Black 1TB SATA 7200RPM 64MB",
            "Tipas": "HDD",
            "Ypatingos \u017eym\u0117s": "N\u0117ra informacijos"
        },
        "url": "1a.lt//21658865"
    }
]