[
    {
        "spec": {
            "Gamintojas": "Crucial",
            "Pavadinimas": "Crucial Ballistix Tactical 4GB 2666MHz DDR4 CL16",
            "Ypatingos \u017eym\u0117s": "Heat Spreader 512 Meg x 64"
        },
        "url": "1a.lt//19622711"
    },
    {
        "spec": {
            "Gamintojas": "G.SKILL",
            "Pavadinimas": "G.SKILL TridentX 16GB 2400MHz DDR3 CL10 DIMM",
            "Ypatingos \u017eym\u0117s": "Non-ECC Unbuffered \u0160ilumos skirstytuvas"
        },
        "url": "1a.lt//25481319"
    },
    {
        "spec": {
            "Gamintojas": "Team Group",
            "Pavadinimas": "Team Group M.2 SSD Lite Series",
            "Ypatingos \u017eym\u0117s": "S.M.A.R.T technologija TRIM palaikymas Intel SRT palaikymas"
        },
        "url": "1a.lt//21914146"
    }
]