[
    {
        "spec": {
            "Gamintojas": "Epson",
            "Maksimalus na\u0161umas": "4.7 ml",
            "Spalva": "Juoda",
            "Suderinami spausdintuv\u0173 gamintojai": "Epson",
            "Suderinami spausdintuv\u0173 modeliai": "Epson Expression Home XP-600 Epson Expression Home XP-700 Epson Expression Home XP-800"
        },
        "url": "1a.lt//21379031"
    },
    {
        "spec": {
            "Gamintojas": "Epson",
            "Maksimalus na\u0161umas": "5.9 ml",
            "Spalva": "Juoda",
            "Suderinami spausdintuv\u0173 gamintojai": "Epson",
            "Suderinami spausdintuv\u0173 modeliai": "Epson Stylus Office BX305F Epson Stylus Office BX305FW Epson Stylus Office BX305FW Plus Epson Stylus S22 Epson Stylus SX125 Epson Stylus SX130 Epson Stylus SX230 Epson Stylus SX235W Epson Stylus SX420W Epson Stylus SX425W Epson Stylus SX430W Epson Stylus SX435W Epson Stylus SX438W Epson Stylus SX445W"
        },
        "url": "1a.lt//25858501"
    },
    {
        "spec": {
            "Gamintojas": "Epson",
            "Maksimalus na\u0161umas": "220 ml",
            "Spalva": "Geltona",
            "Suderinami spausdintuv\u0173 gamintojai": "Epson",
            "Suderinami spausdintuv\u0173 modeliai": "Epson Stylus Pro 4800 Epson Stylus Pro 4880 Epson Stylus Pro 4880 AGFA"
        },
        "url": "1a.lt//26262260"
    },
    {
        "spec": {
            "Gamintojas": "Canon",
            "Maksimalus na\u0161umas": "14 ml",
            "Spalva": "Juoda / Geltona / M\u0117lyna / Violetin\u0117 / Raudona",
            "Suderinami spausdintuv\u0173 gamintojai": "Canon",
            "Suderinami spausdintuv\u0173 modeliai": "Canon PIXMA PRO-10"
        },
        "url": "1a.lt//27121248"
    }
]