[
    {
        "spec": {
            "1-a kabelio jungtis": "CC Optinis kabelis",
            "2-a kabelio jungtis": "CC Optinis kabelis",
            "Gamintojas": "Gembird",
            "Laido ilgis (m)": "7.5",
            "Tipas": "Optiniai kabeliai",
            "Ypatingos \u017eym\u0117s": "N\u0117ra informacijos"
        },
        "url": "1a.lt//25617461"
    },
    {
        "spec": {
            "1-a kabelio jungtis": "DVI male",
            "2-a kabelio jungtis": "DVI male",
            "Gamintojas": "Gembird",
            "Laido ilgis (m)": "4.5",
            "Tipas": "DVI",
            "Ypatingos \u017eym\u0117s": "N\u0117ra informacijos"
        },
        "url": "1a.lt//23611920"
    },
    {
        "spec": {
            "1-a kabelio jungtis": "HDMI male",
            "2-a kabelio jungtis": "DVI male",
            "Gamintojas": "Gembird",
            "Laido ilgis (m)": "7.5",
            "Tipas": "HDMI DVI",
            "Ypatingos \u017eym\u0117s": "N\u0117ra informacijos"
        },
        "url": "1a.lt//21767666"
    }
]