{
    "ENTITY#13": [
        "http:///www.price-hunt.com/9794"
    ],
    "ENTITY#14": [
        "http:///www.price-hunt.com/883",
        "http:///www.price-hunt.com/915"
    ],
    "ENTITY#18": [
        "http:///www.price-hunt.com/942"
    ],
    "ENTITY#29": [
        "http:///www.price-hunt.com/747"
    ],
    "ENTITY#30": [
        "http:///www.price-hunt.com/777"
    ],
    "ENTITY#33": [
        "http:///www.price-hunt.com/9548"
    ],
    "ENTITY#35": [
        "http:///www.price-hunt.com/9645"
    ],
    "ENTITY#38": [
        "http:///www.price-hunt.com/906"
    ],
    "ENTITY#4": [
        "http:///www.price-hunt.com/9817"
    ],
    "ENTITY#42": [
        "http:///www.price-hunt.com/9545"
    ],
    "ENTITY#43": [
        "http:///www.price-hunt.com/903"
    ],
    "ENTITY#44": [
        "http:///www.price-hunt.com/9649"
    ],
    "ENTITY#48": [
        "http:///www.price-hunt.com/929"
    ],
    "ENTITY#51": [
        "http:///www.price-hunt.com/786"
    ],
    "ENTITY#55": [
        "http:///www.price-hunt.com/9630"
    ],
    "ENTITY#59": [
        "http:///www.price-hunt.com/9570"
    ],
    "ENTITY#6": [
        "http:///www.price-hunt.com/9646"
    ],
    "ENTITY#64": [
        "http:///www.price-hunt.com/9572"
    ],
    "ENTITY#66": [
        "http:///www.price-hunt.com/891",
        "http:///www.price-hunt.com/9820",
        "http:///www.price-hunt.com/9828"
    ],
    "ENTITY#67": [
        "http:///www.price-hunt.com/9842"
    ],
    "ENTITY#69": [
        "http:///www.price-hunt.com/737"
    ],
    "ENTITY#70": [
        "http:///www.price-hunt.com/9718",
        "http:///www.price-hunt.com/9918"
    ],
    "ENTITY#71": [
        "http:///www.price-hunt.com/9873"
    ],
    "ENTITY#73": [
        "http:///www.price-hunt.com/940"
    ],
    "ENTITY#76": [
        "http:///www.price-hunt.com/732"
    ],
    "ENTITY#80": [
        "http:///www.price-hunt.com/9553"
    ],
    "ENTITY#83": [
        "http:///www.price-hunt.com/9791"
    ],
    "ENTITY#86": [
        "http:///www.price-hunt.com/749"
    ],
    "ENTITY#89": [
        "http:///www.price-hunt.com/9788"
    ]
}