{
    "5": [
        "http:///www.price-hunt.com/9645"
    ],
    "6": [
        "http:///www.price-hunt.com/9650"
    ],
    "7": [
        "http:///www.price-hunt.com/931"
    ],
    "13": [
        "http:///www.price-hunt.com/9824"
    ],
    "15": [
        "http:///www.price-hunt.com/9788"
    ],
    "16": [
        "http:///www.price-hunt.com/749"
    ],
    "19": [
        "http:///www.price-hunt.com/9613"
    ],
    "20": [
        "http:///www.price-hunt.com/9578"
    ],
    "21": [
        "http:///www.price-hunt.com/9817"
    ],
    "22": [
        "http:///www.price-hunt.com/9879"
    ],
    "24": [
        "http:///www.price-hunt.com/9732"
    ],
    "25": [
        "http:///www.price-hunt.com/793"
    ],
    "27": [
        "http:///www.price-hunt.com/9609",
        "http:///www.price-hunt.com/9806"
    ],
    "28": [
        "http:///www.price-hunt.com/9902"
    ],
    "31": [
        "http:///www.price-hunt.com/9672"
    ],
    "32": [
        "http:///www.price-hunt.com/9854"
    ],
    "33": [
        "http:///www.price-hunt.com/9850"
    ],
    "34": [
        "http:///www.price-hunt.com/777"
    ],
    "35": [
        "http:///www.price-hunt.com/848"
    ],
    "41": [
        "http:///www.price-hunt.com/9649"
    ],
    "42": [
        "http:///www.price-hunt.com/9791"
    ],
    "43": [
        "http:///www.price-hunt.com/942"
    ],
    "44": [
        "http:///www.price-hunt.com/871"
    ],
    "47": [
        "http:///www.price-hunt.com/9836"
    ],
    "49": [
        "http:///www.price-hunt.com/9646"
    ],
    "50": [
        "http:///www.price-hunt.com/9922"
    ],
    "54": [
        "http:///www.price-hunt.com/805"
    ],
    "55": [
        "http:///www.price-hunt.com/9762"
    ],
    "56": [
        "http:///www.price-hunt.com/891",
        "http:///www.price-hunt.com/9820",
        "http:///www.price-hunt.com/9828",
        "http:///www.price-hunt.com/9877"
    ],
    "58": [
        "http:///www.price-hunt.com/9784"
    ],
    "59": [
        "http:///www.price-hunt.com/9717",
        "http:///www.price-hunt.com/9825"
    ],
    "60": [
        "http:///www.price-hunt.com/9570"
    ],
    "61": [
        "http:///www.price-hunt.com/732"
    ],
    "62": [
        "http:///www.price-hunt.com/9772"
    ],
    "64": [
        "http:///www.price-hunt.com/830"
    ],
    "68": [
        "http:///www.price-hunt.com/770"
    ],
    "72": [
        "http:///www.price-hunt.com/9604"
    ],
    "75": [
        "http:///www.price-hunt.com/940"
    ],
    "76": [
        "http:///www.price-hunt.com/854"
    ],
    "77": [
        "http:///www.price-hunt.com/929"
    ],
    "83": [
        "http:///www.price-hunt.com/9625"
    ],
    "85": [
        "http:///www.price-hunt.com/9654"
    ],
    "87": [
        "http:///www.price-hunt.com/844"
    ],
    "88": [
        "http:///www.price-hunt.com/9552"
    ],
    "89": [
        "http:///www.price-hunt.com/9676"
    ],
    "94": [
        "http:///www.price-hunt.com/9545"
    ],
    "97": [
        "http:///www.price-hunt.com/933"
    ],
    "102": [
        "http:///www.price-hunt.com/827"
    ],
    "103": [
        "http:///www.price-hunt.com/9821"
    ],
    "104": [
        "http:///www.price-hunt.com/9911"
    ],
    "108": [
        "http:///www.price-hunt.com/9630"
    ],
    "110": [
        "http:///www.price-hunt.com/743"
    ],
    "113": [
        "http:///www.price-hunt.com/9640"
    ],
    "119": [
        "http:///www.price-hunt.com/9874"
    ],
    "120": [
        "http:///www.price-hunt.com/747"
    ],
    "127": [
        "http:///www.price-hunt.com/751"
    ],
    "136": [
        "http:///www.price-hunt.com/883",
        "http:///www.price-hunt.com/915"
    ],
    "137": [
        "http:///www.price-hunt.com/9797"
    ],
    "139": [
        "http:///www.price-hunt.com/9756"
    ],
    "142": [
        "http:///www.price-hunt.com/786"
    ],
    "144": [
        "http:///www.price-hunt.com/9568"
    ],
    "146": [
        "http:///www.price-hunt.com/9757"
    ],
    "148": [
        "http:///www.price-hunt.com/870"
    ],
    "151": [
        "http:///www.price-hunt.com/9816"
    ],
    "154": [
        "http:///www.price-hunt.com/9572"
    ],
    "157": [
        "http:///www.price-hunt.com/815"
    ],
    "161": [
        "http:///www.price-hunt.com/9670"
    ],
    "164": [
        "http:///www.price-hunt.com/9622"
    ],
    "166": [
        "http:///www.price-hunt.com/9847"
    ],
    "167": [
        "http:///www.price-hunt.com/741",
        "http:///www.price-hunt.com/916"
    ],
    "171": [
        "http:///www.price-hunt.com/874"
    ],
    "175": [
        "http:///www.price-hunt.com/9779",
        "http:///www.price-hunt.com/9878"
    ],
    "176": [
        "http:///www.price-hunt.com/868"
    ],
    "179": [
        "http:///www.price-hunt.com/794"
    ],
    "183": [
        "http:///www.price-hunt.com/737"
    ],
    "186": [
        "http:///www.price-hunt.com/9690"
    ],
    "189": [
        "http:///www.price-hunt.com/852"
    ],
    "194": [
        "http:///www.price-hunt.com/9638"
    ],
    "203": [
        "http:///www.price-hunt.com/790",
        "http:///www.price-hunt.com/839",
        "http:///www.price-hunt.com/9745",
        "http:///www.price-hunt.com/9868"
    ],
    "210": [
        "http:///www.price-hunt.com/785"
    ],
    "214": [
        "http:///www.price-hunt.com/9711"
    ],
    "219": [
        "http:///www.price-hunt.com/9590"
    ],
    "221": [
        "http:///www.price-hunt.com/9837"
    ],
    "226": [
        "http:///www.price-hunt.com/780"
    ],
    "227": [
        "http:///www.price-hunt.com/9776"
    ],
    "231": [
        "http:///www.price-hunt.com/9553",
        "http:///www.price-hunt.com/9848"
    ],
    "235": [
        "http:///www.price-hunt.com/754"
    ],
    "242": [
        "http:///www.price-hunt.com/934",
        "http:///www.price-hunt.com/9921"
    ],
    "247": [
        "http:///www.price-hunt.com/9833"
    ],
    "252": [
        "http:///www.price-hunt.com/863"
    ],
    "254": [
        "http:///www.price-hunt.com/772"
    ],
    "256": [
        "http:///www.price-hunt.com/908",
        "http:///www.price-hunt.com/9693"
    ],
    "257": [
        "http:///www.price-hunt.com/778"
    ],
    "263": [
        "http:///www.price-hunt.com/906"
    ],
    "271": [
        "http:///www.price-hunt.com/9827"
    ],
    "279": [
        "http:///www.price-hunt.com/9829"
    ],
    "280": [
        "http:///www.price-hunt.com/9887"
    ],
    "283": [
        "http:///www.price-hunt.com/9737"
    ],
    "284": [
        "http:///www.price-hunt.com/921"
    ],
    "288": [
        "http:///www.price-hunt.com/9802"
    ],
    "289": [
        "http:///www.price-hunt.com/9794"
    ],
    "290": [
        "http:///www.price-hunt.com/9796"
    ],
    "292": [
        "http:///www.price-hunt.com/9716"
    ],
    "296": [
        "http:///www.price-hunt.com/9699"
    ],
    "297": [
        "http:///www.price-hunt.com/9830"
    ],
    "300": [
        "http:///www.price-hunt.com/833"
    ],
    "302": [
        "http:///www.price-hunt.com/811"
    ],
    "313": [
        "http:///www.price-hunt.com/9735"
    ],
    "315": [
        "http:///www.price-hunt.com/9628"
    ],
    "318": [
        "http:///www.price-hunt.com/9819"
    ],
    "320": [
        "http:///www.price-hunt.com/9786"
    ],
    "322": [
        "http:///www.price-hunt.com/9731"
    ],
    "323": [
        "http:///www.price-hunt.com/9893"
    ],
    "352": [
        "http:///www.price-hunt.com/9667"
    ],
    "353": [
        "http:///www.price-hunt.com/9608"
    ],
    "356": [
        "http:///www.price-hunt.com/9842"
    ],
    "357": [
        "http:///www.price-hunt.com/9835"
    ],
    "362": [
        "http:///www.price-hunt.com/9795"
    ],
    "371": [
        "http:///www.price-hunt.com/9551"
    ],
    "386": [
        "http:///www.price-hunt.com/810"
    ],
    "395": [
        "http:///www.price-hunt.com/9903"
    ],
    "399": [
        "http:///www.price-hunt.com/840"
    ],
    "416": [
        "http:///www.price-hunt.com/9765"
    ],
    "423": [
        "http:///www.price-hunt.com/9662"
    ],
    "431": [
        "http:///www.price-hunt.com/806"
    ],
    "436": [
        "http:///www.price-hunt.com/9800"
    ],
    "437": [
        "http:///www.price-hunt.com/9846"
    ],
    "442": [
        "http:///www.price-hunt.com/826"
    ],
    "444": [
        "http:///www.price-hunt.com/9728"
    ],
    "447": [
        "http:///www.price-hunt.com/878"
    ],
    "448": [
        "http:///www.price-hunt.com/9584"
    ],
    "450": [
        "http:///www.price-hunt.com/9555"
    ],
    "453": [
        "http:///www.price-hunt.com/759"
    ],
    "454": [
        "http:///www.price-hunt.com/9774"
    ],
    "458": [
        "http:///www.price-hunt.com/9920"
    ],
    "459": [
        "http:///www.price-hunt.com/9873"
    ],
    "463": [
        "http:///www.price-hunt.com/9891"
    ],
    "465": [
        "http:///www.price-hunt.com/9839"
    ],
    "467": [
        "http:///www.price-hunt.com/9657"
    ],
    "471": [
        "http:///www.price-hunt.com/9594"
    ],
    "477": [
        "http:///www.price-hunt.com/9809"
    ],
    "479": [
        "http:///www.price-hunt.com/9863"
    ],
    "481": [
        "http:///www.price-hunt.com/9620"
    ],
    "482": [
        "http:///www.price-hunt.com/9557"
    ],
    "484": [
        "http:///www.price-hunt.com/9763"
    ],
    "486": [
        "http:///www.price-hunt.com/9871"
    ],
    "490": [
        "http:///www.price-hunt.com/9914"
    ],
    "492": [
        "http:///www.price-hunt.com/9792"
    ],
    "503": [
        "http:///www.price-hunt.com/845"
    ],
    "507": [
        "http:///www.price-hunt.com/9601"
    ],
    "509": [
        "http:///www.price-hunt.com/9554"
    ],
    "514": [
        "http:///www.price-hunt.com/9752"
    ],
    "517": [
        "http:///www.price-hunt.com/9644"
    ],
    "518": [
        "http:///www.price-hunt.com/9760"
    ],
    "519": [
        "http:///www.price-hunt.com/905"
    ],
    "521": [
        "http:///www.price-hunt.com/9541"
    ],
    "524": [
        "http:///www.price-hunt.com/865"
    ],
    "526": [
        "http:///www.price-hunt.com/9583"
    ],
    "527": [
        "http:///www.price-hunt.com/9909"
    ],
    "530": [
        "http:///www.price-hunt.com/9841",
        "http:///www.price-hunt.com/9925"
    ],
    "531": [
        "http:///www.price-hunt.com/9919"
    ],
    "532": [
        "http:///www.price-hunt.com/9718",
        "http:///www.price-hunt.com/9918"
    ],
    "533": [
        "http:///www.price-hunt.com/9729",
        "http:///www.price-hunt.com/9916"
    ],
    "534": [
        "http:///www.price-hunt.com/9892"
    ],
    "535": [
        "http:///www.price-hunt.com/9880"
    ],
    "536": [
        "http:///www.price-hunt.com/9866"
    ],
    "537": [
        "http:///www.price-hunt.com/9859"
    ],
    "538": [
        "http:///www.price-hunt.com/9856"
    ],
    "539": [
        "http:///www.price-hunt.com/9855"
    ],
    "540": [
        "http:///www.price-hunt.com/9838"
    ],
    "541": [
        "http:///www.price-hunt.com/9832"
    ],
    "542": [
        "http:///www.price-hunt.com/9831"
    ],
    "543": [
        "http:///www.price-hunt.com/9782"
    ],
    "544": [
        "http:///www.price-hunt.com/9768"
    ],
    "545": [
        "http:///www.price-hunt.com/9736"
    ],
    "546": [
        "http:///www.price-hunt.com/767",
        "http:///www.price-hunt.com/9580",
        "http:///www.price-hunt.com/9668",
        "http:///www.price-hunt.com/9719",
        "http:///www.price-hunt.com/9811"
    ],
    "547": [
        "http:///www.price-hunt.com/9712"
    ],
    "548": [
        "http:///www.price-hunt.com/9682"
    ],
    "549": [
        "http:///www.price-hunt.com/9579",
        "http:///www.price-hunt.com/9595",
        "http:///www.price-hunt.com/9675"
    ],
    "550": [
        "http:///www.price-hunt.com/9619"
    ],
    "551": [
        "http:///www.price-hunt.com/9614"
    ],
    "552": [
        "http:///www.price-hunt.com/9603"
    ],
    "553": [
        "http:///www.price-hunt.com/9588"
    ],
    "554": [
        "http:///www.price-hunt.com/9577"
    ],
    "555": [
        "http:///www.price-hunt.com/9569"
    ],
    "556": [
        "http:///www.price-hunt.com/9565"
    ],
    "557": [
        "http:///www.price-hunt.com/9548"
    ],
    "558": [
        "http:///www.price-hunt.com/939",
        "http:///www.price-hunt.com/9883"
    ],
    "559": [
        "http:///www.price-hunt.com/918"
    ],
    "560": [
        "http:///www.price-hunt.com/903"
    ],
    "561": [
        "http:///www.price-hunt.com/890",
        "http:///www.price-hunt.com/898"
    ],
    "562": [
        "http:///www.price-hunt.com/877"
    ],
    "563": [
        "http:///www.price-hunt.com/849"
    ],
    "564": [
        "http:///www.price-hunt.com/776"
    ],
    "565": [
        "http:///www.price-hunt.com/744",
        "http:///www.price-hunt.com/9750"
    ],
    "566": [
        "http:///www.price-hunt.com/729"
    ],
    "573": [
        "http:///www.price-hunt.com/9714"
    ],
    "574": [
        "http:///www.price-hunt.com/807"
    ],
    "575": [
        "http:///www.price-hunt.com/917"
    ],
    "576": [
        "http:///www.price-hunt.com/9787"
    ],
    "577": [
        "http:///www.price-hunt.com/9581"
    ],
    "578": [
        "http:///www.price-hunt.com/731"
    ],
    "582": [
        "http:///www.price-hunt.com/9840"
    ],
    "585": [
        "http:///www.price-hunt.com/862"
    ],
    "587": [
        "http:///www.price-hunt.com/774"
    ],
    "588": [
        "http:///www.price-hunt.com/9629"
    ],
    "591": [
        "http:///www.price-hunt.com/9598"
    ],
    "592": [
        "http:///www.price-hunt.com/860"
    ],
    "596": [
        "http:///www.price-hunt.com/9695"
    ],
    "598": [
        "http:///www.price-hunt.com/721"
    ],
    "599": [
        "http:///www.price-hunt.com/791"
    ],
    "683": [
        "http:///www.price-hunt.com/9815"
    ],
    "897": [
        "http:///www.price-hunt.com/926"
    ]
}