{
    "48": [
        "http:///www.canon-europe.com/78"
    ],
    "53": [
        "http:///www.canon-europe.com/92"
    ],
    "59": [
        "http:///www.canon-europe.com/11"
    ],
    "72": [
        "http:///www.canon-europe.com/3"
    ],
    "77": [
        "http:///www.canon-europe.com/99"
    ],
    "79": [
        "http:///www.canon-europe.com/111"
    ],
    "107": [
        "http:///www.canon-europe.com/109"
    ],
    "120": [
        "http:///www.canon-europe.com/95"
    ],
    "139": [
        "http:///www.canon-europe.com/53"
    ],
    "164": [
        "http:///www.canon-europe.com/14"
    ],
    "167": [
        "http:///www.canon-europe.com/160",
        "http:///www.canon-europe.com/27"
    ],
    "176": [
        "http:///www.canon-europe.com/128"
    ],
    "179": [
        "http:///www.canon-europe.com/154"
    ],
    "181": [
        "http:///www.canon-europe.com/126"
    ],
    "187": [
        "http:///www.canon-europe.com/12"
    ],
    "194": [
        "http:///www.canon-europe.com/34"
    ],
    "206": [
        "http:///www.canon-europe.com/89"
    ],
    "221": [
        "http:///www.canon-europe.com/33"
    ],
    "228": [
        "http:///www.canon-europe.com/105"
    ],
    "236": [
        "http:///www.canon-europe.com/157"
    ],
    "248": [
        "http:///www.canon-europe.com/85"
    ],
    "307": [
        "http:///www.canon-europe.com/91"
    ],
    "324": [
        "http:///www.canon-europe.com/131"
    ],
    "332": [
        "http:///www.canon-europe.com/133"
    ],
    "337": [
        "http:///www.canon-europe.com/39"
    ],
    "352": [
        "http:///www.canon-europe.com/79"
    ],
    "353": [
        "http:///www.canon-europe.com/145"
    ],
    "354": [
        "http:///www.canon-europe.com/70"
    ],
    "356": [
        "http:///www.canon-europe.com/21"
    ],
    "364": [
        "http:///www.canon-europe.com/61"
    ],
    "368": [
        "http:///www.canon-europe.com/112"
    ],
    "370": [
        "http:///www.canon-europe.com/29"
    ],
    "378": [
        "http:///www.canon-europe.com/15"
    ],
    "380": [
        "http:///www.canon-europe.com/82"
    ],
    "381": [
        "http:///www.canon-europe.com/24"
    ],
    "388": [
        "http:///www.canon-europe.com/108"
    ],
    "393": [
        "http:///www.canon-europe.com/140"
    ],
    "397": [
        "http:///www.canon-europe.com/66"
    ],
    "398": [
        "http:///www.canon-europe.com/146"
    ],
    "399": [
        "http:///www.canon-europe.com/129"
    ],
    "401": [
        "http:///www.canon-europe.com/169"
    ],
    "403": [
        "http:///www.canon-europe.com/13"
    ],
    "404": [
        "http:///www.canon-europe.com/6"
    ],
    "415": [
        "http:///www.canon-europe.com/113"
    ],
    "423": [
        "http:///www.canon-europe.com/115"
    ],
    "429": [
        "http:///www.canon-europe.com/5"
    ],
    "437": [
        "http:///www.canon-europe.com/42"
    ],
    "449": [
        "http:///www.canon-europe.com/51"
    ],
    "467": [
        "http:///www.canon-europe.com/41"
    ],
    "470": [
        "http:///www.canon-europe.com/4"
    ],
    "504": [
        "http:///www.canon-europe.com/54"
    ],
    "511": [
        "http:///www.canon-europe.com/138"
    ],
    "518": [
        "http:///www.canon-europe.com/62"
    ],
    "527": [
        "http:///www.canon-europe.com/147"
    ],
    "557": [
        "http:///www.canon-europe.com/150"
    ],
    "603": [
        "http:///www.canon-europe.com/50"
    ],
    "611": [
        "http:///www.canon-europe.com/9"
    ],
    "626": [
        "http:///www.canon-europe.com/65"
    ],
    "629": [
        "http:///www.canon-europe.com/57"
    ],
    "630": [
        "http:///www.canon-europe.com/46"
    ],
    "635": [
        "http:///www.canon-europe.com/31"
    ],
    "636": [
        "http:///www.canon-europe.com/74"
    ],
    "637": [
        "http:///www.canon-europe.com/93"
    ],
    "651": [
        "http:///www.canon-europe.com/19"
    ],
    "653": [
        "http:///www.canon-europe.com/2"
    ],
    "654": [
        "http:///www.canon-europe.com/100"
    ],
    "655": [
        "http:///www.canon-europe.com/152"
    ],
    "656": [
        "http:///www.canon-europe.com/94"
    ],
    "658": [
        "http:///www.canon-europe.com/101"
    ],
    "660": [
        "http:///www.canon-europe.com/25"
    ],
    "664": [
        "http:///www.canon-europe.com/49"
    ],
    "665": [
        "http:///www.canon-europe.com/122"
    ],
    "668": [
        "http:///www.canon-europe.com/136"
    ],
    "682": [
        "http:///www.canon-europe.com/23"
    ],
    "683": [
        "http:///www.canon-europe.com/7"
    ],
    "684": [
        "http:///www.canon-europe.com/110"
    ],
    "686": [
        "http:///www.canon-europe.com/47"
    ],
    "693": [
        "http:///www.canon-europe.com/69"
    ],
    "699": [
        "http:///www.canon-europe.com/64"
    ],
    "700": [
        "http:///www.canon-europe.com/58"
    ],
    "701": [
        "http:///www.canon-europe.com/48"
    ],
    "702": [
        "http:///www.canon-europe.com/121"
    ],
    "704": [
        "http:///www.canon-europe.com/67"
    ],
    "706": [
        "http:///www.canon-europe.com/171"
    ],
    "708": [
        "http:///www.canon-europe.com/162"
    ],
    "709": [
        "http:///www.canon-europe.com/114"
    ],
    "710": [
        "http:///www.canon-europe.com/60"
    ],
    "711": [
        "http:///www.canon-europe.com/168"
    ],
    "712": [
        "http:///www.canon-europe.com/30"
    ],
    "713": [
        "http:///www.canon-europe.com/87"
    ],
    "714": [
        "http:///www.canon-europe.com/116"
    ],
    "717": [
        "http:///www.canon-europe.com/155"
    ],
    "718": [
        "http:///www.canon-europe.com/120"
    ],
    "723": [
        "http:///www.canon-europe.com/167"
    ],
    "726": [
        "http:///www.canon-europe.com/73"
    ],
    "727": [
        "http:///www.canon-europe.com/156"
    ],
    "730": [
        "http:///www.canon-europe.com/86"
    ],
    "732": [
        "http:///www.canon-europe.com/96"
    ],
    "736": [
        "http:///www.canon-europe.com/17"
    ],
    "738": [
        "http:///www.canon-europe.com/165"
    ],
    "741": [
        "http:///www.canon-europe.com/80"
    ],
    "747": [
        "http:///www.canon-europe.com/44"
    ],
    "748": [
        "http:///www.canon-europe.com/63"
    ],
    "751": [
        "http:///www.canon-europe.com/35"
    ],
    "752": [
        "http:///www.canon-europe.com/117"
    ],
    "755": [
        "http:///www.canon-europe.com/84"
    ],
    "756": [
        "http:///www.canon-europe.com/97"
    ],
    "760": [
        "http:///www.canon-europe.com/26"
    ],
    "761": [
        "http:///www.canon-europe.com/125"
    ],
    "763": [
        "http:///www.canon-europe.com/143"
    ],
    "771": [
        "http:///www.canon-europe.com/130"
    ],
    "775": [
        "http:///www.canon-europe.com/90"
    ],
    "778": [
        "http:///www.canon-europe.com/81"
    ],
    "779": [
        "http:///www.canon-europe.com/135"
    ],
    "782": [
        "http:///www.canon-europe.com/104"
    ],
    "786": [
        "http:///www.canon-europe.com/102"
    ],
    "788": [
        "http:///www.canon-europe.com/132"
    ],
    "791": [
        "http:///www.canon-europe.com/71"
    ],
    "792": [
        "http:///www.canon-europe.com/98"
    ],
    "794": [
        "http:///www.canon-europe.com/45"
    ],
    "795": [
        "http:///www.canon-europe.com/159"
    ],
    "799": [
        "http:///www.canon-europe.com/119"
    ],
    "800": [
        "http:///www.canon-europe.com/68"
    ],
    "801": [
        "http:///www.canon-europe.com/72"
    ],
    "805": [
        "http:///www.canon-europe.com/16"
    ],
    "806": [
        "http:///www.canon-europe.com/134"
    ],
    "807": [
        "http:///www.canon-europe.com/75"
    ],
    "810": [
        "http:///www.canon-europe.com/161"
    ],
    "811": [
        "http:///www.canon-europe.com/8"
    ],
    "812": [
        "http:///www.canon-europe.com/83"
    ],
    "814": [
        "http:///www.canon-europe.com/151"
    ],
    "821": [
        "http:///www.canon-europe.com/37"
    ],
    "822": [
        "http:///www.canon-europe.com/43"
    ],
    "823": [
        "http:///www.canon-europe.com/40"
    ],
    "824": [
        "http:///www.canon-europe.com/123"
    ],
    "825": [
        "http:///www.canon-europe.com/32"
    ],
    "826": [
        "http:///www.canon-europe.com/20"
    ],
    "828": [
        "http:///www.canon-europe.com/55"
    ],
    "829": [
        "http:///www.canon-europe.com/38"
    ],
    "831": [
        "http:///www.canon-europe.com/36"
    ],
    "834": [
        "http:///www.canon-europe.com/141"
    ],
    "846": [
        "http:///www.canon-europe.com/164"
    ],
    "847": [
        "http:///www.canon-europe.com/106"
    ],
    "854": [
        "http:///www.canon-europe.com/103"
    ],
    "856": [
        "http:///www.canon-europe.com/137"
    ],
    "860": [
        "http:///www.canon-europe.com/124"
    ],
    "861": [
        "http:///www.canon-europe.com/163"
    ],
    "864": [
        "http:///www.canon-europe.com/76"
    ],
    "865": [
        "http:///www.canon-europe.com/59"
    ],
    "872": [
        "http:///www.canon-europe.com/88"
    ],
    "877": [
        "http:///www.canon-europe.com/118"
    ],
    "881": [
        "http:///www.canon-europe.com/77"
    ],
    "882": [
        "http:///www.canon-europe.com/28"
    ],
    "883": [
        "http:///www.canon-europe.com/22"
    ],
    "884": [
        "http:///www.canon-europe.com/170"
    ],
    "885": [
        "http:///www.canon-europe.com/149"
    ],
    "886": [
        "http:///www.canon-europe.com/148"
    ],
    "887": [
        "http:///www.canon-europe.com/0"
    ],
    "888": [
        "http:///www.canon-europe.com/127"
    ]
}