{
    "ENTITY#20": [
        "http:///www.canon-europe.com/78"
    ],
    "ENTITY#29": [
        "http:///www.canon-europe.com/10",
        "http:///www.canon-europe.com/95"
    ],
    "ENTITY#32": [
        "http:///www.canon-europe.com/119"
    ],
    "ENTITY#33": [
        "http:///www.canon-europe.com/150"
    ],
    "ENTITY#34": [
        "http:///www.canon-europe.com/109"
    ],
    "ENTITY#46": [
        "http:///www.canon-europe.com/138",
        "http:///www.canon-europe.com/59"
    ],
    "ENTITY#47": [
        "http:///www.canon-europe.com/121"
    ],
    "ENTITY#48": [
        "http:///www.canon-europe.com/99"
    ],
    "ENTITY#50": [
        "http:///www.canon-europe.com/155"
    ],
    "ENTITY#67": [
        "http:///www.canon-europe.com/21"
    ],
    "ENTITY#78": [
        "http:///www.canon-europe.com/12"
    ],
    "ENTITY#93": [
        "http:///www.canon-europe.com/92"
    ]
}