[
    {
        "spec": {
            "Brutto Rechnungsbetrag": "618,00\u00a0\u20ac",
            "Nettobetrag": "515,00\u00a0\u20ac",
            "zuz\u00fcglich 20% MWSt.": "103,00\u00a0\u20ac"
        },
        "url": "absatzplus.at//23152891"
    },
    {
        "spec": {
            "Brutto Rechnungsbetrag": "738,00\u00a0\u20ac",
            "Nettobetrag": "615,00\u00a0\u20ac",
            "zuz\u00fcglich 20% MWSt.": "123,00\u00a0\u20ac"
        },
        "url": "absatzplus.at//20446628"
    },
    {
        "spec": {
            "Brutto Rechnungsbetrag": "582,00\u00a0\u20ac",
            "Nettobetrag": "485,00\u00a0\u20ac",
            "zuz\u00fcglich 20% MWSt.": "97,00\u00a0\u20ac"
        },
        "url": "absatzplus.at//21993514"
    }
]