[
    {
        "spec": {
            "Brutto Rechnungsbetrag": "342,00\u00a0\u20ac",
            "Nettobetrag": "285,00\u00a0\u20ac",
            "zuz\u00fcglich 20% MWSt.": "57,00\u00a0\u20ac"
        },
        "url": "absatzplus.at//23238743"
    },
    {
        "spec": {
            "Brutto Rechnungsbetrag": "1,44\u00a0\u20ac",
            "Nettobetrag": "1,20\u00a0\u20ac",
            "zuz\u00fcglich 20% MWSt.": "0,24\u00a0\u20ac"
        },
        "url": "absatzplus.at//24404939"
    },
    {
        "spec": {
            "Brutto Rechnungsbetrag": "342,00\u00a0\u20ac",
            "Nettobetrag": "285,00\u00a0\u20ac",
            "zuz\u00fcglich 20% MWSt.": "57,00\u00a0\u20ac"
        },
        "url": "absatzplus.at//26231639"
    },
    {
        "spec": {
            "Brutto Rechnungsbetrag": "342,00\u00a0\u20ac",
            "Nettobetrag": "285,00\u00a0\u20ac",
            "zuz\u00fcglich 20% MWSt.": "57,00\u00a0\u20ac"
        },
        "url": "absatzplus.at//22157417"
    },
    {
        "spec": {
            "Brutto Rechnungsbetrag": "342,00\u00a0\u20ac",
            "Nettobetrag": "285,00\u00a0\u20ac",
            "zuz\u00fcglich 20% MWSt.": "57,00\u00a0\u20ac"
        },
        "url": "absatzplus.at//26872244"
    }
]