[
    {
        "spec": {
            "Brutto Rechnungsbetrag": "828,00\u00a0\u20ac",
            "Nettobetrag": "690,00\u00a0\u20ac",
            "zuz\u00fcglich 20% MWSt.": "138,00\u00a0\u20ac"
        },
        "url": "absatzplus.at//20543343"
    },
    {
        "spec": {
            "Brutto Rechnungsbetrag": "1 800,00\u00a0\u20ac",
            "Nettobetrag": "1 500,00\u00a0\u20ac",
            "zuz\u00fcglich 20% MWSt.": "300,00\u00a0\u20ac"
        },
        "url": "absatzplus.at//21557577"
    },
    {
        "spec": {
            "Brutto Rechnungsbetrag": "318,00\u00a0\u20ac",
            "Nettobetrag": "265,00\u00a0\u20ac",
            "zuz\u00fcglich 20% MWSt.": "53,00\u00a0\u20ac"
        },
        "url": "absatzplus.at//17621869"
    },
    {
        "spec": {
            "Brutto Rechnungsbetrag": "3,08\u00a0\u20ac",
            "Nettobetrag": "2,57\u00a0\u20ac",
            "zuz\u00fcglich 20% MWSt.": "0,51\u00a0\u20ac"
        },
        "url": "absatzplus.at//19399307"
    },
    {
        "spec": {
            "Brutto Rechnungsbetrag": "690,00\u00a0\u20ac",
            "Nettobetrag": "575,00\u00a0\u20ac",
            "zuz\u00fcglich 20% MWSt.": "115,00\u00a0\u20ac"
        },
        "url": "absatzplus.at//27358362"
    },
    {
        "spec": {
            "Brutto Rechnungsbetrag": "672,00\u00a0\u20ac",
            "Nettobetrag": "560,00\u00a0\u20ac",
            "zuz\u00fcglich 20% MWSt.": "112,00\u00a0\u20ac"
        },
        "url": "absatzplus.at//25453570"
    }
]