[
    {
        "spec": {
            "Brutto Rechnungsbetrag": "354,00\u00a0\u20ac",
            "Nettobetrag": "295,00\u00a0\u20ac",
            "zuz\u00fcglich 20% MWSt.": "59,00\u00a0\u20ac"
        },
        "url": "absatzplus.at//26420813"
    },
    {
        "spec": {
            "Brutto Rechnungsbetrag": "1 680,00\u00a0\u20ac",
            "Nettobetrag": "1 400,00\u00a0\u20ac",
            "zuz\u00fcglich 20% MWSt.": "280,00\u00a0\u20ac"
        },
        "url": "absatzplus.at//17599546"
    },
    {
        "spec": {
            "Brutto Rechnungsbetrag": "354,00\u00a0\u20ac",
            "Nettobetrag": "295,00\u00a0\u20ac",
            "zuz\u00fcglich 20% MWSt.": "59,00\u00a0\u20ac"
        },
        "url": "absatzplus.at//25682130"
    },
    {
        "spec": {
            "Brutto Rechnungsbetrag": "354,00\u00a0\u20ac",
            "Nettobetrag": "295,00\u00a0\u20ac",
            "zuz\u00fcglich 20% MWSt.": "59,00\u00a0\u20ac"
        },
        "url": "absatzplus.at//22483408"
    },
    {
        "spec": {
            "Brutto Rechnungsbetrag": "768,00\u00a0\u20ac",
            "Nettobetrag": "640,00\u00a0\u20ac",
            "zuz\u00fcglich 20% MWSt.": "128,00\u00a0\u20ac"
        },
        "url": "absatzplus.at//26901045"
    },
    {
        "spec": {
            "Brutto Rechnungsbetrag": "318,00\u00a0\u20ac",
            "Nettobetrag": "265,00\u00a0\u20ac",
            "zuz\u00fcglich 20% MWSt.": "53,00\u00a0\u20ac"
        },
        "url": "absatzplus.at//26886356"
    }
]