{
    "ENTITY#060": [
        "www.nexus-t.co.uk//65"
    ],
    "ENTITY#087": [
        "www.nexus-t.co.uk//105"
    ],
    "ENTITY#089": [
        "www.nexus-t.co.uk//5"
    ],
    "ENTITY#091": [
        "www.nexus-t.co.uk//45"
    ],
    "ENTITY#093": [
        "www.nexus-t.co.uk//74"
    ],
    "ENTITY#094": [
        "www.nexus-t.co.uk//114"
    ],
    "ENTITY#099": [
        "www.nexus-t.co.uk//40"
    ],
    "ENTITY#100": [
        "www.nexus-t.co.uk//92"
    ],
    "ENTITY#116": [
        "www.nexus-t.co.uk//26"
    ],
    "ENTITY#117": [
        "www.nexus-t.co.uk//66"
    ],
    "ENTITY#128": [
        "www.nexus-t.co.uk//71"
    ],
    "ENTITY#129": [
        "www.nexus-t.co.uk//124"
    ],
    "ENTITY#130": [
        "www.nexus-t.co.uk//95"
    ],
    "ENTITY#131": [
        "www.nexus-t.co.uk//73"
    ],
    "ENTITY#132": [
        "www.nexus-t.co.uk//87"
    ],
    "ENTITY#133": [
        "www.nexus-t.co.uk//100"
    ],
    "ENTITY#134": [
        "www.nexus-t.co.uk//24"
    ],
    "ENTITY#136": [
        "www.nexus-t.co.uk//69"
    ],
    "ENTITY#153": [
        "www.nexus-t.co.uk//9"
    ],
    "ENTITY#156": [
        "www.nexus-t.co.uk//111"
    ],
    "ENTITY#168": [
        "www.nexus-t.co.uk//125"
    ],
    "ENTITY#169": [
        "www.nexus-t.co.uk//70"
    ],
    "ENTITY#170": [
        "www.nexus-t.co.uk//140"
    ],
    "ENTITY#171": [
        "www.nexus-t.co.uk//108"
    ],
    "ENTITY#172": [
        "www.nexus-t.co.uk//136"
    ],
    "ENTITY#183": [
        "www.nexus-t.co.uk//50"
    ],
    "ENTITY#184": [
        "www.nexus-t.co.uk//4"
    ],
    "ENTITY#185": [
        "www.nexus-t.co.uk//33"
    ],
    "ENTITY#190": [
        "www.nexus-t.co.uk//32"
    ],
    "ENTITY#194": [
        "www.nexus-t.co.uk//94"
    ],
    "ENTITY#195": [
        "www.nexus-t.co.uk//27"
    ]
}