{
    "10828597": [
        "aandeauto.com//16971034"
    ],
    "11192240": [
        "aandeauto.com//12921920",
        "aandeauto.com//17002752",
        "aandeauto.com//9275940"
    ],
    "12882597": [
        "aandeauto.com//6103069",
        "aandeauto.com//6624883",
        "aandeauto.com//9591883"
    ],
    "13052092": [
        "aandeauto.com//7497345"
    ],
    "13217226": [
        "aandeauto.com//13656927"
    ],
    "15819986": [
        "aandeauto.com//18871"
    ],
    "16392772": [
        "aandeauto.com//2543716",
        "aandeauto.com//3730503",
        "aandeauto.com//4669763",
        "aandeauto.com//7919446"
    ],
    "2171846": [
        "aandeauto.com//2787599",
        "aandeauto.com//6580249"
    ],
    "2997456": [
        "aandeauto.com//12154183"
    ],
    "3014363": [
        "aandeauto.com//11333281",
        "aandeauto.com//11570190",
        "aandeauto.com//15002924",
        "aandeauto.com//3803466"
    ],
    "4518576": [
        "aandeauto.com//9482746"
    ],
    "4771815": [
        "aandeauto.com//17385374"
    ],
    "5479279": [
        "aandeauto.com//4368451"
    ],
    "5590926": [
        "aandeauto.com//10254861",
        "aandeauto.com//16949100",
        "aandeauto.com//8377702"
    ],
    "6987387": [
        "aandeauto.com//10999193",
        "aandeauto.com//12809831",
        "aandeauto.com//2237565",
        "aandeauto.com//5426396"
    ],
    "7561628": [
        "aandeauto.com//16906378",
        "aandeauto.com//4346484",
        "aandeauto.com//6002481",
        "aandeauto.com//6112443"
    ],
    "8897307": [
        "aandeauto.com//14069497",
        "aandeauto.com//16924526",
        "aandeauto.com//4757839",
        "aandeauto.com//6494862"
    ]
}