[
    {
        "spec": {
            "Engine": "5.4l V8 EFI Sohc 3v 5.4l",
            "Exterior Color": "Aluminum",
            "Fuel": "Gas",
            "Mileage": "115177",
            "Stock #": "3887"
        },
        "url": "aandeauto.com//17002752"
    },
    {
        "spec": {
            "Engine": "2.7l V6 MPI Dohc",
            "Exterior Color": "Gray",
            "Fuel": "GAS",
            "Mileage": "116265",
            "Stock #": "3527",
            "Transmission": "Auto"
        },
        "url": "aandeauto.com//10999193"
    },
    {
        "spec": {
            "Engine": "1.6l I-4 MPI Dohc",
            "Exterior Color": "White",
            "Fuel": "GAS",
            "Mileage": "122075",
            "Stock #": "2952",
            "Transmission": "Auto"
        },
        "url": "aandeauto.com//7919446"
    },
    {
        "spec": {
            "Engine": "5.4l V8 EFI Sohc 3v 5.4l",
            "Exterior Color": "Aluminum",
            "Fuel": "Gas",
            "Mileage": "115177",
            "Stock #": "3887"
        },
        "url": "aandeauto.com//9591883"
    },
    {
        "spec": {
            "Engine": "1.8l I-4 MPI Sohc",
            "Exterior Color": "Aluminum",
            "Fuel": "GAS",
            "Mileage": "83336",
            "Stock #": "2962",
            "Transmission": "Auto"
        },
        "url": "aandeauto.com//2787599"
    },
    {
        "spec": {
            "Engine": "3.5l V6 EFI Dohc 3.5l",
            "Exterior Color": "Black",
            "Fuel": "Gas",
            "Interior Color": "Black",
            "Mileage": "93924",
            "Stock #": "3583"
        },
        "url": "aandeauto.com//6494862"
    },
    {
        "spec": {
            "Engine": "1.8l I-4 MPI Sohc",
            "Exterior Color": "Aluminum",
            "Fuel": "GAS",
            "Mileage": "83336",
            "Stock #": "2962",
            "Transmission": "Auto"
        },
        "url": "aandeauto.com//6580249"
    },
    {
        "spec": {
            "Engine": "3.6l V6 MPI Dohc VVT Flex",
            "Exterior Color": "Black",
            "Fuel": "Flex",
            "Mileage": "59285",
            "Stock #": "3788"
        },
        "url": "aandeauto.com//7497345"
    },
    {
        "spec": {
            "Engine": "2.4l I-4 MPI",
            "Exterior Color": "Beige",
            "Fuel": "GAS",
            "Stock #": "2067",
            "Transmission": "Auto"
        },
        "url": "aandeauto.com//15002924"
    },
    {
        "spec": {
            "Engine": "2.4l I-4 MPI",
            "Exterior Color": "Beige",
            "Fuel": "GAS",
            "Stock #": "2067",
            "Transmission": "Auto"
        },
        "url": "aandeauto.com//16906378"
    },
    {
        "spec": {
            "Engine": "5.4l V8 EFI Sohc 3v 5.4l",
            "Exterior Color": "Aluminum",
            "Fuel": "Gas",
            "Mileage": "115177",
            "Stock #": "3887"
        },
        "url": "aandeauto.com//6103069"
    },
    {
        "spec": {
            "Engine": "5.4l V8 EFI Sohc 3v 5.4l",
            "Exterior Color": "Aluminum",
            "Fuel": "Gas",
            "Mileage": "115177",
            "Stock #": "3887"
        },
        "url": "aandeauto.com//12921920"
    },
    {
        "spec": {
            "Engine": "1.6l I-4 MPI Dohc",
            "Exterior Color": "White",
            "Fuel": "GAS",
            "Mileage": "122075",
            "Stock #": "2952",
            "Transmission": "Auto"
        },
        "url": "aandeauto.com//4669763"
    },
    {
        "spec": {
            "Engine": "1.8l I-4 MPI Sohc",
            "Exterior Color": "Aluminum",
            "Fuel": "GAS",
            "Mileage": "83336",
            "Stock #": "2962",
            "Transmission": "Auto"
        },
        "url": "aandeauto.com//4368451"
    },
    {
        "spec": {
            "Engine": "1.6l I-4 MPI Dohc",
            "Exterior Color": "White",
            "Fuel": "GAS",
            "Mileage": "122075",
            "Stock #": "2952",
            "Transmission": "Auto"
        },
        "url": "aandeauto.com//2543716"
    },
    {
        "spec": {
            "Engine": "3.5l V6 EFI Dohc 3.5l",
            "Exterior Color": "Black",
            "Fuel": "Gas",
            "Interior Color": "Black",
            "Mileage": "93924",
            "Stock #": "3583"
        },
        "url": "aandeauto.com//14069497"
    },
    {
        "spec": {
            "Engine": "2.7l V6 MPI Dohc",
            "Exterior Color": "Gray",
            "Fuel": "GAS",
            "Mileage": "116265",
            "Stock #": "3527",
            "Transmission": "Auto"
        },
        "url": "aandeauto.com//12809831"
    },
    {
        "spec": {
            "Engine": "2.4l I-4 MPI",
            "Exterior Color": "Beige",
            "Fuel": "GAS",
            "Stock #": "2067",
            "Transmission": "Auto"
        },
        "url": "aandeauto.com//11570190"
    },
    {
        "spec": {
            "Engine": "2.7l V6 MPI Dohc",
            "Exterior Color": "Gray",
            "Fuel": "GAS",
            "Mileage": "116265",
            "Stock #": "3527",
            "Transmission": "Auto"
        },
        "url": "aandeauto.com//5426396"
    },
    {
        "spec": {
            "Engine": "2.4l I-4 MPI",
            "Exterior Color": "Beige",
            "Fuel": "GAS",
            "Stock #": "2067",
            "Transmission": "Auto"
        },
        "url": "aandeauto.com//6112443"
    },
    {
        "spec": {
            "Engine": "3.5l V6 EFI Dohc 3.5l",
            "Exterior Color": "Black",
            "Fuel": "Gas",
            "Interior Color": "Black",
            "Mileage": "93924",
            "Stock #": "3583"
        },
        "url": "aandeauto.com//4757839"
    },
    {
        "spec": {
            "Engine": "5.4l V8 EFI Sohc 3v 5.4l",
            "Exterior Color": "Aluminum",
            "Fuel": "Gas",
            "Mileage": "115177",
            "Stock #": "3887"
        },
        "url": "aandeauto.com//6624883"
    },
    {
        "spec": {
            "Engine": "2.4l I-4 MPI",
            "Exterior Color": "Beige",
            "Fuel": "GAS",
            "Stock #": "2067",
            "Transmission": "Auto"
        },
        "url": "aandeauto.com//6002481"
    },
    {
        "spec": {
            "Engine": "5.4l V8 EFI Sohc 3v 5.4l",
            "Exterior Color": "Aluminum",
            "Fuel": "Gas",
            "Mileage": "115177",
            "Stock #": "3887"
        },
        "url": "aandeauto.com//9275940"
    },
    {
        "spec": {
            "Engine": "2.4l I-4 MPI",
            "Exterior Color": "Beige",
            "Fuel": "GAS",
            "Stock #": "2067",
            "Transmission": "Auto"
        },
        "url": "aandeauto.com//4346484"
    },
    {
        "spec": {
            "Engine": "2.4l I-4 MPI",
            "Exterior Color": "Beige",
            "Fuel": "GAS",
            "Stock #": "2067",
            "Transmission": "Auto"
        },
        "url": "aandeauto.com//11333281"
    },
    {
        "spec": {
            "Engine": "2.4l I-4 MPI",
            "Exterior Color": "Beige",
            "Fuel": "GAS",
            "Stock #": "2067",
            "Transmission": "Auto"
        },
        "url": "aandeauto.com//3803466"
    },
    {
        "spec": {
            "Engine": "2.7l V6 MPI Dohc",
            "Exterior Color": "Gray",
            "Fuel": "GAS",
            "Mileage": "116265",
            "Stock #": "3527",
            "Transmission": "Auto"
        },
        "url": "aandeauto.com//2237565"
    },
    {
        "spec": {
            "Engine": "5.3l V8 SFI Flex 5.3l",
            "Exterior Color": "Gold",
            "Fuel": "Flex",
            "Mileage": "108446",
            "Stock #": "3724"
        },
        "url": "aandeauto.com//10254861"
    },
    {
        "spec": {
            "Engine": "5.4l V8 EFI Sohc 3v 5.4l",
            "Exterior Color": "Black",
            "Fuel": "Gas",
            "Mileage": "121307",
            "Stock #": "3669"
        },
        "url": "aandeauto.com//16971034"
    },
    {
        "spec": {
            "Engine": "5.3l V8 SFI Flex 5.3l",
            "Exterior Color": "Gold",
            "Fuel": "Flex",
            "Mileage": "108446",
            "Stock #": "3724"
        },
        "url": "aandeauto.com//8377702"
    },
    {
        "spec": {
            "Engine": "5.3l V8 SFI Flex 5.3l",
            "Exterior Color": "Gold",
            "Fuel": "Flex",
            "Mileage": "108446",
            "Stock #": "3724"
        },
        "url": "aandeauto.com//16949100"
    },
    {
        "spec": {
            "Engine": "3.5l V6 EFI Dohc 3.5l",
            "Exterior Color": "Black",
            "Fuel": "Gas",
            "Interior Color": "Black",
            "Mileage": "93924",
            "Stock #": "3583"
        },
        "url": "aandeauto.com//16924526"
    },
    {
        "spec": {
            "Engine": "4.6l V8 EFI Sohc",
            "Exterior Color": "Black",
            "Fuel": "GAS",
            "Mileage": "89089",
            "Stock #": "3426",
            "Transmission": "Auto"
        },
        "url": "aandeauto.com//12154183"
    },
    {
        "spec": {
            "Engine": "3.0l V6 EFI 3.0l",
            "Exterior Color": "Black",
            "Fuel": "Gas",
            "Mileage": "118637",
            "Stock #": "3665"
        },
        "url": "aandeauto.com//13656927"
    },
    {
        "spec": {
            "Engine": "4.0l V6 EFI Dohc 4.0l",
            "Exterior Color": "Blue",
            "Fuel": "Gas",
            "Mileage": "42169",
            "Stock #": "3795"
        },
        "url": "aandeauto.com//18871"
    },
    {
        "spec": {
            "Engine": "4.0l V6 EFI Dohc 4.0l",
            "Exterior Color": "Blue",
            "Fuel": "Gas",
            "Mileage": "42169",
            "Stock #": "3795"
        },
        "url": "aandeauto.com//9482746"
    },
    {
        "spec": {
            "Engine": "1.6l I-4 MPI Dohc",
            "Exterior Color": "White",
            "Fuel": "GAS",
            "Mileage": "122075",
            "Stock #": "2952",
            "Transmission": "Auto"
        },
        "url": "aandeauto.com//3730503"
    },
    {
        "spec": {
            "Engine": "5.0l V8 Smpi Dohc Flex",
            "Exterior Color": "Aluminum",
            "Fuel": "GAS",
            "Mileage": "12030",
            "Stock #": "3484",
            "Transmission": "Auto"
        },
        "url": "aandeauto.com//17385374"
    }
]