{
    "2": [
        "http:///www.pcconnection.com/12361",
        "http:///www.pcconnection.com/12385",
        "http:///www.pcconnection.com/12405"
    ],
    "4": [
        "http:///www.pcconnection.com/12393",
        "http:///www.pcconnection.com/12419"
    ],
    "6": [
        "http:///www.pcconnection.com/12358"
    ],
    "7": [
        "http:///www.pcconnection.com/12423"
    ],
    "9": [
        "http:///www.pcconnection.com/12430"
    ],
    "10": [
        "http:///www.pcconnection.com/12417"
    ],
    "17": [
        "http:///www.pcconnection.com/4450"
    ],
    "20": [
        "http:///www.pcconnection.com/4396",
        "http:///www.pcconnection.com/4428"
    ],
    "23": [
        "http:///www.pcconnection.com/12171",
        "http:///www.pcconnection.com/12179",
        "http:///www.pcconnection.com/12390",
        "http:///www.pcconnection.com/12450"
    ],
    "24": [
        "http:///www.pcconnection.com/4461",
        "http:///www.pcconnection.com/4463"
    ],
    "26": [
        "http:///www.pcconnection.com/12446"
    ],
    "32": [
        "http:///www.pcconnection.com/4462",
        "http:///www.pcconnection.com/4469",
        "http:///www.pcconnection.com/4471"
    ],
    "33": [
        "http:///www.pcconnection.com/12162",
        "http:///www.pcconnection.com/12198"
    ],
    "35": [
        "http:///www.pcconnection.com/12369"
    ],
    "37": [
        "http:///www.pcconnection.com/4395",
        "http:///www.pcconnection.com/4423",
        "http:///www.pcconnection.com/4478"
    ],
    "39": [
        "http:///www.pcconnection.com/4442"
    ],
    "40": [
        "http:///www.pcconnection.com/12175"
    ],
    "41": [
        "http:///www.pcconnection.com/12181"
    ],
    "43": [
        "http:///www.pcconnection.com/12364",
        "http:///www.pcconnection.com/12386"
    ],
    "49": [
        "http:///www.pcconnection.com/12185",
        "http:///www.pcconnection.com/12187",
        "http:///www.pcconnection.com/12356"
    ],
    "51": [
        "http:///www.pcconnection.com/12400"
    ],
    "53": [
        "http:///www.pcconnection.com/12399"
    ],
    "54": [
        "http:///www.pcconnection.com/12362",
        "http:///www.pcconnection.com/12366",
        "http:///www.pcconnection.com/12395"
    ],
    "55": [
        "http:///www.pcconnection.com/12381",
        "http:///www.pcconnection.com/4446",
        "http:///www.pcconnection.com/4466"
    ],
    "56": [
        "http:///www.pcconnection.com/12420"
    ],
    "57": [
        "http:///www.pcconnection.com/12168",
        "http:///www.pcconnection.com/12178",
        "http:///www.pcconnection.com/12180",
        "http:///www.pcconnection.com/12189"
    ],
    "58": [
        "http:///www.pcconnection.com/12443"
    ],
    "60": [
        "http:///www.pcconnection.com/12404"
    ],
    "61": [
        "http:///www.pcconnection.com/12197",
        "http:///www.pcconnection.com/12429",
        "http:///www.pcconnection.com/12439"
    ],
    "64": [
        "http:///www.pcconnection.com/12167",
        "http:///www.pcconnection.com/12170"
    ],
    "65": [
        "http:///www.pcconnection.com/12397"
    ],
    "70": [
        "http:///www.pcconnection.com/4403",
        "http:///www.pcconnection.com/4433",
        "http:///www.pcconnection.com/4470"
    ],
    "71": [
        "http:///www.pcconnection.com/12434"
    ],
    "73": [
        "http:///www.pcconnection.com/12196"
    ],
    "74": [
        "http:///www.pcconnection.com/4458"
    ],
    "75": [
        "http:///www.pcconnection.com/12357"
    ],
    "79": [
        "http:///www.pcconnection.com/4449"
    ],
    "80": [
        "http:///www.pcconnection.com/12375"
    ],
    "81": [
        "http:///www.pcconnection.com/12195",
        "http:///www.pcconnection.com/12431",
        "http:///www.pcconnection.com/12438"
    ],
    "83": [
        "http:///www.pcconnection.com/12445",
        "http:///www.pcconnection.com/4424",
        "http:///www.pcconnection.com/4426"
    ],
    "92": [
        "http:///www.pcconnection.com/12115"
    ],
    "95": [
        "http:///www.pcconnection.com/12380",
        "http:///www.pcconnection.com/12437",
        "http:///www.pcconnection.com/12448"
    ],
    "99": [
        "http:///www.pcconnection.com/12424",
        "http:///www.pcconnection.com/12436",
        "http:///www.pcconnection.com/12441"
    ],
    "102": [
        "http:///www.pcconnection.com/12363",
        "http:///www.pcconnection.com/12432"
    ],
    "104": [
        "http:///www.pcconnection.com/12372",
        "http:///www.pcconnection.com/12402",
        "http:///www.pcconnection.com/12421"
    ],
    "106": [
        "http:///www.pcconnection.com/12193"
    ],
    "108": [
        "http:///www.pcconnection.com/4397",
        "http:///www.pcconnection.com/4399",
        "http:///www.pcconnection.com/4477"
    ],
    "111": [
        "http:///www.pcconnection.com/12452",
        "http:///www.pcconnection.com/4402",
        "http:///www.pcconnection.com/4432"
    ],
    "115": [
        "http:///www.pcconnection.com/12376"
    ],
    "117": [
        "http:///www.pcconnection.com/12418"
    ],
    "121": [
        "http:///www.pcconnection.com/12194",
        "http:///www.pcconnection.com/4405",
        "http:///www.pcconnection.com/4408",
        "http:///www.pcconnection.com/4415",
        "http:///www.pcconnection.com/4435",
        "http:///www.pcconnection.com/4455",
        "http:///www.pcconnection.com/4457",
        "http:///www.pcconnection.com/4476"
    ],
    "135": [
        "http:///www.pcconnection.com/12359",
        "http:///www.pcconnection.com/12396"
    ],
    "136": [
        "http:///www.pcconnection.com/12411",
        "http:///www.pcconnection.com/4453"
    ],
    "143": [
        "http:///www.pcconnection.com/12374",
        "http:///www.pcconnection.com/4473"
    ],
    "149": [
        "http:///www.pcconnection.com/12177",
        "http:///www.pcconnection.com/12414"
    ],
    "152": [
        "http:///www.pcconnection.com/4412",
        "http:///www.pcconnection.com/4416",
        "http:///www.pcconnection.com/4472",
        "http:///www.pcconnection.com/4474"
    ],
    "156": [
        "http:///www.pcconnection.com/12163"
    ],
    "157": [
        "http:///www.pcconnection.com/4398",
        "http:///www.pcconnection.com/4417"
    ],
    "158": [
        "http:///www.pcconnection.com/4406",
        "http:///www.pcconnection.com/4440",
        "http:///www.pcconnection.com/4452"
    ],
    "175": [
        "http:///www.pcconnection.com/4401",
        "http:///www.pcconnection.com/4409"
    ],
    "176": [
        "http:///www.pcconnection.com/4459"
    ],
    "182": [
        "http:///www.pcconnection.com/12360"
    ],
    "183": [
        "http:///www.pcconnection.com/12391"
    ],
    "193": [
        "http:///www.pcconnection.com/12192"
    ],
    "195": [
        "http:///www.pcconnection.com/4475"
    ],
    "201": [
        "http:///www.pcconnection.com/12365",
        "http:///www.pcconnection.com/12444"
    ],
    "205": [
        "http:///www.pcconnection.com/4419",
        "http:///www.pcconnection.com/4438",
        "http:///www.pcconnection.com/4441",
        "http:///www.pcconnection.com/4448"
    ],
    "215": [
        "http:///www.pcconnection.com/12173",
        "http:///www.pcconnection.com/12183",
        "http:///www.pcconnection.com/12191",
        "http:///www.pcconnection.com/12370"
    ],
    "230": [
        "http:///www.pcconnection.com/12169"
    ],
    "235": [
        "http:///www.pcconnection.com/4429"
    ],
    "244": [
        "http:///www.pcconnection.com/4422",
        "http:///www.pcconnection.com/4436",
        "http:///www.pcconnection.com/4439",
        "http:///www.pcconnection.com/4465",
        "http:///www.pcconnection.com/4467"
    ],
    "256": [
        "http:///www.pcconnection.com/12409"
    ],
    "258": [
        "http:///www.pcconnection.com/12408",
        "http:///www.pcconnection.com/12412"
    ],
    "290": [
        "http:///www.pcconnection.com/4410"
    ],
    "309": [
        "http:///www.pcconnection.com/12428"
    ],
    "336": [
        "http:///www.pcconnection.com/4411"
    ],
    "339": [
        "http:///www.pcconnection.com/12403"
    ],
    "376": [
        "http:///www.pcconnection.com/12165"
    ],
    "379": [
        "http:///www.pcconnection.com/12182"
    ],
    "386": [
        "http:///www.pcconnection.com/4430"
    ],
    "413": [
        "http:///www.pcconnection.com/12382",
        "http:///www.pcconnection.com/12398"
    ],
    "428": [
        "http:///www.pcconnection.com/4444"
    ],
    "453": [
        "http:///www.pcconnection.com/12415"
    ],
    "465": [
        "http:///www.pcconnection.com/12388"
    ],
    "490": [
        "http:///www.pcconnection.com/12186"
    ],
    "496": [
        "http:///www.pcconnection.com/12426"
    ],
    "533": [
        "http:///www.pcconnection.com/12199"
    ],
    "567": [
        "http:///www.pcconnection.com/4421"
    ],
    "568": [
        "http:///www.pcconnection.com/12422"
    ],
    "569": [
        "http:///www.pcconnection.com/12379",
        "http:///www.pcconnection.com/12410"
    ],
    "570": [
        "http:///www.pcconnection.com/12371"
    ],
    "571": [
        "http:///www.pcconnection.com/12164"
    ]
}