{
    "ENTITY#10": [
        "http:///www.pcconnection.com/12363",
        "http:///www.pcconnection.com/12432"
    ],
    "ENTITY#11": [
        "http:///www.pcconnection.com/4450"
    ],
    "ENTITY#14": [
        "http:///www.pcconnection.com/4453"
    ],
    "ENTITY#17": [
        "http:///www.pcconnection.com/12115"
    ],
    "ENTITY#18": [
        "http:///www.pcconnection.com/12364",
        "http:///www.pcconnection.com/12386"
    ],
    "ENTITY#21": [
        "http:///www.pcconnection.com/12163"
    ],
    "ENTITY#22": [
        "http:///www.pcconnection.com/12434"
    ],
    "ENTITY#40": [
        "http:///www.pcconnection.com/12380",
        "http:///www.pcconnection.com/12437",
        "http:///www.pcconnection.com/12448"
    ],
    "ENTITY#44": [
        "http:///www.pcconnection.com/12181"
    ],
    "ENTITY#45": [
        "http:///www.pcconnection.com/12360"
    ],
    "ENTITY#55": [
        "http:///www.pcconnection.com/4397",
        "http:///www.pcconnection.com/4399",
        "http:///www.pcconnection.com/4477"
    ],
    "ENTITY#57": [
        "http:///www.pcconnection.com/12169"
    ],
    "ENTITY#59": [
        "http:///www.pcconnection.com/12404"
    ],
    "ENTITY#6": [
        "http:///www.pcconnection.com/12185",
        "http:///www.pcconnection.com/12187",
        "http:///www.pcconnection.com/12356"
    ],
    "ENTITY#68": [
        "http:///www.pcconnection.com/12408",
        "http:///www.pcconnection.com/12412"
    ],
    "ENTITY#7": [
        "http:///www.pcconnection.com/4412",
        "http:///www.pcconnection.com/4416",
        "http:///www.pcconnection.com/4472",
        "http:///www.pcconnection.com/4474"
    ],
    "ENTITY#73": [
        "http:///www.pcconnection.com/12357"
    ],
    "ENTITY#76": [
        "http:///www.pcconnection.com/12197",
        "http:///www.pcconnection.com/12429",
        "http:///www.pcconnection.com/12439"
    ],
    "ENTITY#77": [
        "http:///www.pcconnection.com/12396",
        "http:///www.pcconnection.com/12409"
    ],
    "ENTITY#8": [
        "http:///www.pcconnection.com/12164",
        "http:///www.pcconnection.com/12194",
        "http:///www.pcconnection.com/4405",
        "http:///www.pcconnection.com/4408",
        "http:///www.pcconnection.com/4415",
        "http:///www.pcconnection.com/4435",
        "http:///www.pcconnection.com/4455",
        "http:///www.pcconnection.com/4457",
        "http:///www.pcconnection.com/4476"
    ],
    "ENTITY#87": [
        "http:///www.pcconnection.com/12175"
    ],
    "ENTITY#89": [
        "http:///www.pcconnection.com/12440",
        "http:///www.pcconnection.com/12449"
    ],
    "ENTITY#91": [
        "http:///www.pcconnection.com/12196"
    ],
    "ENTITY#92": [
        "http:///www.pcconnection.com/12393",
        "http:///www.pcconnection.com/12419"
    ],
    "ENTITY#93": [
        "http:///www.pcconnection.com/12399"
    ]
}