{
    "1117981": [
        "7sportinggoods.com//4007169"
    ],
    "1158577": [
        "7sportinggoods.com//216076"
    ],
    "1213146": [
        "7sportinggoods.com//13715035"
    ],
    "12432032": [
        "7sportinggoods.com//4822286"
    ],
    "1260719": [
        "7sportinggoods.com//12747211"
    ],
    "1304647": [
        "7sportinggoods.com//7201045"
    ],
    "1315094": [
        "7sportinggoods.com//678075"
    ],
    "1400615": [
        "7sportinggoods.com//8017290",
        "7sportinggoods.com//8433848"
    ],
    "1401650": [
        "7sportinggoods.com//15524033"
    ],
    "145801": [
        "7sportinggoods.com//2146425"
    ],
    "1498335": [
        "7sportinggoods.com//3415585"
    ],
    "160830": [
        "7sportinggoods.com//11074197"
    ],
    "160974": [
        "7sportinggoods.com//12352454"
    ],
    "1626592": [
        "7sportinggoods.com//2772828"
    ],
    "1719539": [
        "7sportinggoods.com//14633171"
    ],
    "1728379": [
        "7sportinggoods.com//432075"
    ],
    "1774348": [
        "7sportinggoods.com//7340870"
    ],
    "1795548": [
        "7sportinggoods.com//16605536"
    ],
    "27538": [
        "7sportinggoods.com//14182466"
    ],
    "299651": [
        "7sportinggoods.com//15900554"
    ],
    "313327": [
        "7sportinggoods.com//6763433"
    ],
    "382376": [
        "7sportinggoods.com//4845868"
    ],
    "493416": [
        "7sportinggoods.com//13990645"
    ],
    "545167": [
        "7sportinggoods.com//6530176"
    ],
    "774582": [
        "7sportinggoods.com//13472982"
    ],
    "786959": [
        "7sportinggoods.com//13680990"
    ],
    "864485": [
        "7sportinggoods.com//6198465"
    ],
    "895760": [
        "7sportinggoods.com//4170133"
    ],
    "9033307": [
        "7sportinggoods.com//4078651"
    ],
    "920924": [
        "7sportinggoods.com//5746352"
    ],
    "989910": [
        "7sportinggoods.com//1010701"
    ],
    "994857": [
        "7sportinggoods.com//1570546"
    ]
}