[
    {
        "spec": {
            "Qty": "Price",
            "\u00a012+\u00a0": "\u00a0US$ 10.96\u00a0",
            "\u00a04-5\u00a0": "\u00a0US$ 11.07\u00a0",
            "\u00a06-7\u00a0": "\u00a0US$ 11.03\u00a0",
            "\u00a08-11\u00a0": "\u00a0US$ 11.00\u00a0"
        },
        "url": "7sportinggoods.com//15900554"
    },
    {
        "spec": {
            "Qty": "Price",
            "\u00a012+\u00a0": "\u00a0US$ 13.59\u00a0",
            "\u00a04-5\u00a0": "\u00a0US$ 13.72\u00a0",
            "\u00a06-7\u00a0": "\u00a0US$ 13.67\u00a0",
            "\u00a08-11\u00a0": "\u00a0US$ 13.64\u00a0"
        },
        "url": "7sportinggoods.com//5746352"
    },
    {
        "spec": {
            "Qty": "Price",
            "\u00a012+\u00a0": "\u00a0US$ 62.08\u00a0",
            "\u00a04-5\u00a0": "\u00a0US$ 62.68\u00a0",
            "\u00a06-7\u00a0": "\u00a0US$ 62.46\u00a0",
            "\u00a08-11\u00a0": "\u00a0US$ 62.30\u00a0"
        },
        "url": "7sportinggoods.com//3415585"
    },
    {
        "spec": {
            "Qty": "Price",
            "\u00a012+\u00a0": "\u00a0US$ 62.08\u00a0",
            "\u00a04-5\u00a0": "\u00a0US$ 62.68\u00a0",
            "\u00a06-7\u00a0": "\u00a0US$ 62.46\u00a0",
            "\u00a08-11\u00a0": "\u00a0US$ 62.30\u00a0"
        },
        "url": "7sportinggoods.com//13990645"
    },
    {
        "spec": {
            "Qty": "Price",
            "\u00a012+\u00a0": "\u00a0US$ 19.93\u00a0",
            "\u00a04-5\u00a0": "\u00a0US$ 20.13\u00a0",
            "\u00a06-7\u00a0": "\u00a0US$ 20.05\u00a0",
            "\u00a08-11\u00a0": "\u00a0US$ 20.00\u00a0"
        },
        "url": "7sportinggoods.com//15524033"
    },
    {
        "spec": {
            "Qty": "Price",
            "\u00a012+\u00a0": "\u00a0US$ 62.08\u00a0",
            "\u00a04-5\u00a0": "\u00a0US$ 62.68\u00a0",
            "\u00a06-7\u00a0": "\u00a0US$ 62.46\u00a0",
            "\u00a08-11\u00a0": "\u00a0US$ 62.30\u00a0"
        },
        "url": "7sportinggoods.com//14633171"
    },
    {
        "spec": {
            "Qty": "Price",
            "\u00a012+\u00a0": "\u00a0US$ 19.93\u00a0",
            "\u00a04-5\u00a0": "\u00a0US$ 20.13\u00a0",
            "\u00a06-7\u00a0": "\u00a0US$ 20.05\u00a0",
            "\u00a08-11\u00a0": "\u00a0US$ 20.00\u00a0"
        },
        "url": "7sportinggoods.com//1570546"
    },
    {
        "spec": {
            "Qty": "Price",
            "\u00a012+\u00a0": "\u00a0US$ 28.10\u00a0",
            "\u00a04-5\u00a0": "\u00a0US$ 28.38\u00a0",
            "\u00a06-7\u00a0": "\u00a0US$ 28.27\u00a0",
            "\u00a08-11\u00a0": "\u00a0US$ 28.20\u00a0"
        },
        "url": "7sportinggoods.com//6763433"
    },
    {
        "spec": {
            "Qty": "Price",
            "\u00a012+\u00a0": "\u00a0US$ 33.89\u00a0",
            "\u00a04-5\u00a0": "\u00a0US$ 34.21\u00a0",
            "\u00a06-7\u00a0": "\u00a0US$ 34.09\u00a0",
            "\u00a08-11\u00a0": "\u00a0US$ 34.01\u00a0"
        },
        "url": "7sportinggoods.com//8017290"
    },
    {
        "spec": {
            "Qty": "Price",
            "\u00a012+\u00a0": "\u00a0US$ 28.10\u00a0",
            "\u00a04-5\u00a0": "\u00a0US$ 28.38\u00a0",
            "\u00a06-7\u00a0": "\u00a0US$ 28.27\u00a0",
            "\u00a08-11\u00a0": "\u00a0US$ 28.20\u00a0"
        },
        "url": "7sportinggoods.com//432075"
    },
    {
        "spec": {
            "Qty": "Price",
            "\u00a012+\u00a0": "\u00a0US$ 28.10\u00a0",
            "\u00a04-5\u00a0": "\u00a0US$ 28.38\u00a0",
            "\u00a06-7\u00a0": "\u00a0US$ 28.27\u00a0",
            "\u00a08-11\u00a0": "\u00a0US$ 28.20\u00a0"
        },
        "url": "7sportinggoods.com//12352454"
    },
    {
        "spec": {
            "Qty": "Price",
            "\u00a012+\u00a0": "\u00a0US$ 16.19\u00a0",
            "\u00a04-5\u00a0": "\u00a0US$ 16.35\u00a0",
            "\u00a06-7\u00a0": "\u00a0US$ 16.29\u00a0",
            "\u00a08-11\u00a0": "\u00a0US$ 16.25\u00a0"
        },
        "url": "7sportinggoods.com//1010701"
    },
    {
        "spec": {
            "Qty": "Price",
            "\u00a012+\u00a0": "\u00a0US$ 16.19\u00a0",
            "\u00a04-5\u00a0": "\u00a0US$ 16.35\u00a0",
            "\u00a06-7\u00a0": "\u00a0US$ 16.29\u00a0",
            "\u00a08-11\u00a0": "\u00a0US$ 16.25\u00a0"
        },
        "url": "7sportinggoods.com//13715035"
    },
    {
        "spec": {
            "Qty": "Price",
            "\u00a012+\u00a0": "\u00a0US$ 25.75\u00a0",
            "\u00a04-5\u00a0": "\u00a0US$ 26.00\u00a0",
            "\u00a06-7\u00a0": "\u00a0US$ 25.91\u00a0",
            "\u00a08-11\u00a0": "\u00a0US$ 25.85\u00a0"
        },
        "url": "7sportinggoods.com//678075"
    },
    {
        "spec": {
            "Qty": "Price",
            "\u00a012+\u00a0": "\u00a0US$ 33.89\u00a0",
            "\u00a04-5\u00a0": "\u00a0US$ 34.21\u00a0",
            "\u00a06-7\u00a0": "\u00a0US$ 34.09\u00a0",
            "\u00a08-11\u00a0": "\u00a0US$ 34.01\u00a0"
        },
        "url": "7sportinggoods.com//7201045"
    },
    {
        "spec": {
            "Qty": "Price",
            "\u00a012+\u00a0": "\u00a0US$ 21.10\u00a0",
            "\u00a04-5\u00a0": "\u00a0US$ 21.30\u00a0",
            "\u00a06-7\u00a0": "\u00a0US$ 21.23\u00a0",
            "\u00a08-11\u00a0": "\u00a0US$ 21.17\u00a0"
        },
        "url": "7sportinggoods.com//4845868"
    },
    {
        "spec": {
            "Qty": "Price",
            "\u00a012+\u00a0": "\u00a0US$ 33.89\u00a0",
            "\u00a04-5\u00a0": "\u00a0US$ 34.21\u00a0",
            "\u00a06-7\u00a0": "\u00a0US$ 34.09\u00a0",
            "\u00a08-11\u00a0": "\u00a0US$ 34.01\u00a0"
        },
        "url": "7sportinggoods.com//4170133"
    },
    {
        "spec": {
            "Qty": "Price",
            "\u00a012+\u00a0": "\u00a0US$ 21.10\u00a0",
            "\u00a04-5\u00a0": "\u00a0US$ 21.30\u00a0",
            "\u00a06-7\u00a0": "\u00a0US$ 21.23\u00a0",
            "\u00a08-11\u00a0": "\u00a0US$ 21.17\u00a0"
        },
        "url": "7sportinggoods.com//6198465"
    },
    {
        "spec": {
            "Qty": "Price",
            "\u00a012+\u00a0": "\u00a0US$ 37.69\u00a0",
            "\u00a04-5\u00a0": "\u00a0US$ 38.06\u00a0",
            "\u00a06-7\u00a0": "\u00a0US$ 37.92\u00a0",
            "\u00a08-11\u00a0": "\u00a0US$ 37.83\u00a0"
        },
        "url": "7sportinggoods.com//13680990"
    },
    {
        "spec": {
            "Qty": "Price",
            "\u00a012+\u00a0": "\u00a0US$ 33.89\u00a0",
            "\u00a04-5\u00a0": "\u00a0US$ 34.21\u00a0",
            "\u00a06-7\u00a0": "\u00a0US$ 34.09\u00a0",
            "\u00a08-11\u00a0": "\u00a0US$ 34.01\u00a0"
        },
        "url": "7sportinggoods.com//4822286"
    },
    {
        "spec": {
            "Qty": "Price",
            "\u00a012+\u00a0": "\u00a0US$ 33.89\u00a0",
            "\u00a04-5\u00a0": "\u00a0US$ 34.21\u00a0",
            "\u00a06-7\u00a0": "\u00a0US$ 34.09\u00a0",
            "\u00a08-11\u00a0": "\u00a0US$ 34.01\u00a0"
        },
        "url": "7sportinggoods.com//216076"
    },
    {
        "spec": {
            "Qty": "Price",
            "\u00a012+\u00a0": "\u00a0US$ 19.93\u00a0",
            "\u00a04-5\u00a0": "\u00a0US$ 20.13\u00a0",
            "\u00a06-7\u00a0": "\u00a0US$ 20.05\u00a0",
            "\u00a08-11\u00a0": "\u00a0US$ 20.00\u00a0"
        },
        "url": "7sportinggoods.com//2146425"
    },
    {
        "spec": {
            "Qty": "Price",
            "\u00a012+\u00a0": "\u00a0US$ 10.96\u00a0",
            "\u00a04-5\u00a0": "\u00a0US$ 11.07\u00a0",
            "\u00a06-7\u00a0": "\u00a0US$ 11.03\u00a0",
            "\u00a08-11\u00a0": "\u00a0US$ 11.00\u00a0"
        },
        "url": "7sportinggoods.com//4078651"
    },
    {
        "spec": {
            "Qty": "Price",
            "\u00a012+\u00a0": "\u00a0US$ 33.89\u00a0",
            "\u00a04-5\u00a0": "\u00a0US$ 34.21\u00a0",
            "\u00a06-7\u00a0": "\u00a0US$ 34.09\u00a0",
            "\u00a08-11\u00a0": "\u00a0US$ 34.01\u00a0"
        },
        "url": "7sportinggoods.com//7340870"
    },
    {
        "spec": {
            "Qty": "Price",
            "\u00a012+\u00a0": "\u00a0US$ 10.96\u00a0",
            "\u00a04-5\u00a0": "\u00a0US$ 11.07\u00a0",
            "\u00a06-7\u00a0": "\u00a0US$ 11.03\u00a0",
            "\u00a08-11\u00a0": "\u00a0US$ 11.00\u00a0"
        },
        "url": "7sportinggoods.com//4007169"
    },
    {
        "spec": {
            "Qty": "Price",
            "\u00a012+\u00a0": "\u00a0US$ 23.36\u00a0",
            "\u00a04-5\u00a0": "\u00a0US$ 23.58\u00a0",
            "\u00a06-7\u00a0": "\u00a0US$ 23.50\u00a0",
            "\u00a08-11\u00a0": "\u00a0US$ 23.44\u00a0"
        },
        "url": "7sportinggoods.com//16605536"
    },
    {
        "spec": {
            "Qty": "Price",
            "\u00a012+\u00a0": "\u00a0US$ 33.89\u00a0",
            "\u00a04-5\u00a0": "\u00a0US$ 34.21\u00a0",
            "\u00a06-7\u00a0": "\u00a0US$ 34.09\u00a0",
            "\u00a08-11\u00a0": "\u00a0US$ 34.01\u00a0"
        },
        "url": "7sportinggoods.com//8433848"
    },
    {
        "spec": {
            "Qty": "Price",
            "\u00a012+\u00a0": "\u00a0US$ 31.35\u00a0",
            "\u00a04-5\u00a0": "\u00a0US$ 31.66\u00a0",
            "\u00a06-7\u00a0": "\u00a0US$ 31.54\u00a0",
            "\u00a08-11\u00a0": "\u00a0US$ 31.46\u00a0"
        },
        "url": "7sportinggoods.com//14182466"
    },
    {
        "spec": {
            "Qty": "Price",
            "\u00a012+\u00a0": "\u00a0US$ 33.89\u00a0",
            "\u00a04-5\u00a0": "\u00a0US$ 34.21\u00a0",
            "\u00a06-7\u00a0": "\u00a0US$ 34.09\u00a0",
            "\u00a08-11\u00a0": "\u00a0US$ 34.01\u00a0"
        },
        "url": "7sportinggoods.com//11074197"
    },
    {
        "spec": {
            "Qty": "Price",
            "\u00a012+\u00a0": "\u00a0US$ 10.96\u00a0",
            "\u00a04-5\u00a0": "\u00a0US$ 11.07\u00a0",
            "\u00a06-7\u00a0": "\u00a0US$ 11.03\u00a0",
            "\u00a08-11\u00a0": "\u00a0US$ 11.00\u00a0"
        },
        "url": "7sportinggoods.com//13472982"
    },
    {
        "spec": {
            "Qty": "Price",
            "\u00a012+\u00a0": "\u00a0US$ 25.75\u00a0",
            "\u00a04-5\u00a0": "\u00a0US$ 26.00\u00a0",
            "\u00a06-7\u00a0": "\u00a0US$ 25.91\u00a0",
            "\u00a08-11\u00a0": "\u00a0US$ 25.85\u00a0"
        },
        "url": "7sportinggoods.com//6530176"
    },
    {
        "spec": {
            "Qty": "Price",
            "\u00a012+\u00a0": "\u00a0US$ 16.19\u00a0",
            "\u00a04-5\u00a0": "\u00a0US$ 16.35\u00a0",
            "\u00a06-7\u00a0": "\u00a0US$ 16.29\u00a0",
            "\u00a08-11\u00a0": "\u00a0US$ 16.25\u00a0"
        },
        "url": "7sportinggoods.com//12747211"
    },
    {
        "spec": {
            "Qty": "Price",
            "\u00a012+\u00a0": "\u00a0US$ 28.10\u00a0",
            "\u00a04-5\u00a0": "\u00a0US$ 28.38\u00a0",
            "\u00a06-7\u00a0": "\u00a0US$ 28.27\u00a0",
            "\u00a08-11\u00a0": "\u00a0US$ 28.20\u00a0"
        },
        "url": "7sportinggoods.com//2772828"
    }
]