[
    {
        "spec": {
            "Qty": "Price",
            "\u00a012+\u00a0": "\u00a0US$ 87.11\u00a0",
            "\u00a04-5\u00a0": "\u00a0US$ 87.95\u00a0",
            "\u00a06-7\u00a0": "\u00a0US$ 87.64\u00a0",
            "\u00a08-11\u00a0": "\u00a0US$ 87.42\u00a0"
        },
        "url": "7sportinggoods.com//12981157"
    },
    {
        "spec": {
            "Qty": "Price",
            "\u00a012+\u00a0": "\u00a0US$ 13.86\u00a0",
            "\u00a04-5\u00a0": "\u00a0US$ 13.99\u00a0",
            "\u00a06-7\u00a0": "\u00a0US$ 13.94\u00a0",
            "\u00a08-11\u00a0": "\u00a0US$ 13.91\u00a0"
        },
        "url": "7sportinggoods.com//15222843"
    },
    {
        "spec": {
            "Qty": "Price",
            "\u00a012+\u00a0": "\u00a0US$ 15.59\u00a0",
            "\u00a04-5\u00a0": "\u00a0US$ 15.74\u00a0",
            "\u00a06-7\u00a0": "\u00a0US$ 15.68\u00a0",
            "\u00a08-11\u00a0": "\u00a0US$ 15.64\u00a0"
        },
        "url": "7sportinggoods.com//10023591"
    }
]