[
    {
        "spec": {
            "Qty": "Price",
            "\u00a012+\u00a0": "\u00a0US$ 11.57\u00a0",
            "\u00a04-5\u00a0": "\u00a0US$ 11.68\u00a0",
            "\u00a06-7\u00a0": "\u00a0US$ 11.64\u00a0",
            "\u00a08-11\u00a0": "\u00a0US$ 11.61\u00a0"
        },
        "url": "7sportinggoods.com//15857100"
    },
    {
        "spec": {
            "Qty": "Price",
            "\u00a012+\u00a0": "\u00a0US$ 13.24\u00a0",
            "\u00a04-5\u00a0": "\u00a0US$ 13.37\u00a0",
            "\u00a06-7\u00a0": "\u00a0US$ 13.32\u00a0",
            "\u00a08-11\u00a0": "\u00a0US$ 13.29\u00a0"
        },
        "url": "7sportinggoods.com//12892950"
    },
    {
        "spec": {
            "Qty": "Price",
            "\u00a012+\u00a0": "\u00a0US$ 11.57\u00a0",
            "\u00a04-5\u00a0": "\u00a0US$ 11.68\u00a0",
            "\u00a06-7\u00a0": "\u00a0US$ 11.64\u00a0",
            "\u00a08-11\u00a0": "\u00a0US$ 11.61\u00a0"
        },
        "url": "7sportinggoods.com//15046405"
    },
    {
        "spec": {
            "Qty": "Price",
            "\u00a012+\u00a0": "\u00a0US$ 13.70\u00a0",
            "\u00a04-5\u00a0": "\u00a0US$ 13.83\u00a0",
            "\u00a06-7\u00a0": "\u00a0US$ 13.78\u00a0",
            "\u00a08-11\u00a0": "\u00a0US$ 13.75\u00a0"
        },
        "url": "7sportinggoods.com//11613464"
    },
    {
        "spec": {
            "Qty": "Price",
            "\u00a012+\u00a0": "\u00a0US$ 50.68\u00a0",
            "\u00a04-5\u00a0": "\u00a0US$ 51.17\u00a0",
            "\u00a06-7\u00a0": "\u00a0US$ 50.99\u00a0",
            "\u00a08-11\u00a0": "\u00a0US$ 50.86\u00a0"
        },
        "url": "7sportinggoods.com//9264507"
    },
    {
        "spec": {
            "Qty": "Price",
            "\u00a012+\u00a0": "\u00a0US$ 26.25\u00a0",
            "\u00a04-5\u00a0": "\u00a0US$ 26.51\u00a0",
            "\u00a06-7\u00a0": "\u00a0US$ 26.41\u00a0",
            "\u00a08-11\u00a0": "\u00a0US$ 26.35\u00a0"
        },
        "url": "7sportinggoods.com//12945663"
    },
    {
        "spec": {
            "Qty": "Price",
            "\u00a012+\u00a0": "\u00a0US$ 12.46\u00a0",
            "\u00a04-5\u00a0": "\u00a0US$ 12.58\u00a0",
            "\u00a06-7\u00a0": "\u00a0US$ 12.53\u00a0",
            "\u00a08-11\u00a0": "\u00a0US$ 12.50\u00a0"
        },
        "url": "7sportinggoods.com//4419648"
    },
    {
        "spec": {
            "Qty": "Price",
            "\u00a012+\u00a0": "\u00a0US$ 10.96\u00a0",
            "\u00a04-5\u00a0": "\u00a0US$ 11.07\u00a0",
            "\u00a06-7\u00a0": "\u00a0US$ 11.03\u00a0",
            "\u00a08-11\u00a0": "\u00a0US$ 11.00\u00a0"
        },
        "url": "7sportinggoods.com//11284079"
    },
    {
        "spec": {
            "Qty": "Price",
            "\u00a012+\u00a0": "\u00a0US$ 11.57\u00a0",
            "\u00a04-5\u00a0": "\u00a0US$ 11.68\u00a0",
            "\u00a06-7\u00a0": "\u00a0US$ 11.64\u00a0",
            "\u00a08-11\u00a0": "\u00a0US$ 11.61\u00a0"
        },
        "url": "7sportinggoods.com//13124515"
    }
]