[
    {
        "spec": {
            "Qty": "Price",
            "\u00a012+\u00a0": "\u00a0US$ 35.73\u00a0",
            "\u00a04-5\u00a0": "\u00a0US$ 36.08\u00a0",
            "\u00a06-7\u00a0": "\u00a0US$ 35.95\u00a0",
            "\u00a08-11\u00a0": "\u00a0US$ 35.86\u00a0"
        },
        "url": "7sportinggoods.com//17355866"
    },
    {
        "spec": {
            "Qty": "Price",
            "\u00a012+\u00a0": "\u00a0US$ 35.73\u00a0",
            "\u00a04-5\u00a0": "\u00a0US$ 36.08\u00a0",
            "\u00a06-7\u00a0": "\u00a0US$ 35.95\u00a0",
            "\u00a08-11\u00a0": "\u00a0US$ 35.86\u00a0"
        },
        "url": "7sportinggoods.com//10979032"
    },
    {
        "spec": {
            "Qty": "Price",
            "\u00a012+\u00a0": "\u00a0US$ 35.73\u00a0",
            "\u00a04-5\u00a0": "\u00a0US$ 36.08\u00a0",
            "\u00a06-7\u00a0": "\u00a0US$ 35.95\u00a0",
            "\u00a08-11\u00a0": "\u00a0US$ 35.86\u00a0"
        },
        "url": "7sportinggoods.com//1657517"
    },
    {
        "spec": {
            "Qty": "Price",
            "\u00a012+\u00a0": "\u00a0US$ 35.73\u00a0",
            "\u00a04-5\u00a0": "\u00a0US$ 36.08\u00a0",
            "\u00a06-7\u00a0": "\u00a0US$ 35.95\u00a0",
            "\u00a08-11\u00a0": "\u00a0US$ 35.86\u00a0"
        },
        "url": "7sportinggoods.com//7280400"
    },
    {
        "spec": {
            "Qty": "Price",
            "\u00a012+\u00a0": "\u00a0US$ 25.75\u00a0",
            "\u00a04-5\u00a0": "\u00a0US$ 26.00\u00a0",
            "\u00a06-7\u00a0": "\u00a0US$ 25.91\u00a0",
            "\u00a08-11\u00a0": "\u00a0US$ 25.85\u00a0"
        },
        "url": "7sportinggoods.com//5366684"
    }
]