[
    {
        "spec": {
            "Qty": "Price",
            "\u00a012+\u00a0": "\u00a0US$ 12.93\u00a0",
            "\u00a04-5\u00a0": "\u00a0US$ 13.05\u00a0",
            "\u00a06-7\u00a0": "\u00a0US$ 13.01\u00a0",
            "\u00a08-11\u00a0": "\u00a0US$ 12.97\u00a0"
        },
        "url": "7sportinggoods.com//13876673"
    },
    {
        "spec": {
            "Qty": "Price",
            "\u00a012+\u00a0": "\u00a0US$ 11.57\u00a0",
            "\u00a04-5\u00a0": "\u00a0US$ 11.68\u00a0",
            "\u00a06-7\u00a0": "\u00a0US$ 11.64\u00a0",
            "\u00a08-11\u00a0": "\u00a0US$ 11.61\u00a0"
        },
        "url": "7sportinggoods.com//5311219"
    },
    {
        "spec": {
            "Qty": "Price",
            "\u00a012+\u00a0": "\u00a0US$ 11.57\u00a0",
            "\u00a04-5\u00a0": "\u00a0US$ 11.68\u00a0",
            "\u00a06-7\u00a0": "\u00a0US$ 11.64\u00a0",
            "\u00a08-11\u00a0": "\u00a0US$ 11.61\u00a0"
        },
        "url": "7sportinggoods.com//6296432"
    }
]