{
    "ENTITY#14": [
        "http:///www.garricks.com.au/49",
        "http:///www.garricks.com.au/6",
        "http:///www.garricks.com.au/83"
    ],
    "ENTITY#19": [
        "http:///www.garricks.com.au/109",
        "http:///www.garricks.com.au/115",
        "http:///www.garricks.com.au/125",
        "http:///www.garricks.com.au/128"
    ],
    "ENTITY#22": [
        "http:///www.garricks.com.au/126"
    ],
    "ENTITY#23": [
        "http:///www.garricks.com.au/30"
    ],
    "ENTITY#29": [
        "http:///www.garricks.com.au/55"
    ],
    "ENTITY#30": [
        "http:///www.garricks.com.au/71"
    ],
    "ENTITY#4": [
        "http:///www.garricks.com.au/50"
    ],
    "ENTITY#44": [
        "http:///www.garricks.com.au/25",
        "http:///www.garricks.com.au/31",
        "http:///www.garricks.com.au/66"
    ],
    "ENTITY#48": [
        "http:///www.garricks.com.au/105"
    ],
    "ENTITY#55": [
        "http:///www.garricks.com.au/118",
        "http:///www.garricks.com.au/129",
        "http:///www.garricks.com.au/78"
    ],
    "ENTITY#57": [
        "http:///www.garricks.com.au/19"
    ],
    "ENTITY#6": [
        "http:///www.garricks.com.au/1",
        "http:///www.garricks.com.au/108",
        "http:///www.garricks.com.au/136",
        "http:///www.garricks.com.au/87",
        "http:///www.garricks.com.au/89"
    ],
    "ENTITY#61": [
        "http:///www.garricks.com.au/103",
        "http:///www.garricks.com.au/120"
    ],
    "ENTITY#64": [
        "http:///www.garricks.com.au/64"
    ],
    "ENTITY#68": [
        "http:///www.garricks.com.au/38"
    ],
    "ENTITY#7": [
        "http:///www.garricks.com.au/0",
        "http:///www.garricks.com.au/14",
        "http:///www.garricks.com.au/22",
        "http:///www.garricks.com.au/27",
        "http:///www.garricks.com.au/28",
        "http:///www.garricks.com.au/85",
        "http:///www.garricks.com.au/91"
    ],
    "ENTITY#72": [
        "http:///www.garricks.com.au/61"
    ],
    "ENTITY#73": [
        "http:///www.garricks.com.au/86"
    ],
    "ENTITY#75": [
        "http:///www.garricks.com.au/29"
    ],
    "ENTITY#76": [
        "http:///www.garricks.com.au/12"
    ],
    "ENTITY#86": [
        "http:///www.garricks.com.au/92"
    ],
    "ENTITY#91": [
        "http:///www.garricks.com.au/121"
    ]
}