[
    {
        "spec": {
            "<page title>": "Olympus OM-D E-M5 Silver w/14-42 IIR Lens",
            "image format": "M-43",
            "image stabilization": "IBIS (In Body Stabilization)",
            "lens mount": "Micro 4/3",
            "memory type": "SDHC-SDXC",
            "resolution": "16.1 mp",
            "sensor details": "CMOS",
            "video recording format": "Full HD",
            "viewfinder type": "EVF - Electronic OLED"
        },
        "url": "http:///www.garricks.com.au/0"
    },
    {
        "spec": {
            "<page title>": "Nikon D5300 Black w/ 18-55mm VR Lens",
            "flash unit": "Inbuilt",
            "image format": "DX -23.5 \u00d7 15.6mm",
            "lens mount": "Nikon",
            "memory type": "SDHC-SDXC",
            "resolution": "24.2mp",
            "sensor details": "CMOS",
            "viewfinder type": "Penta-Mirror"
        },
        "url": "http:///www.garricks.com.au/1"
    },
    {
        "spec": {
            "<page title>": "Canon EOS 70D Digital SLR Camera with 18-200mm IS Lens",
            "flash unit": "Inbuilt",
            "image format": "APS-C",
            "image stabilization": "Lens Specific",
            "lens mount": "Canon EF-S",
            "memory type": "SDHC-SDXC",
            "resolution": "20.2mp",
            "sensor details": "CMOS",
            "special attribute": "Dual Pixel CMOS Sendor\nWI-FI Enabled",
            "video recording format": "Full HD",
            "viewfinder type": "Pentaprism"
        },
        "url": "http:///www.garricks.com.au/10"
    },
    {
        "spec": {
            "<page title>": "Olympus TG-850 Digital Compact Camera",
            "image format": "1/2\"",
            "memory type": "SDHC-SDXC",
            "resolution": "16mp",
            "sensor details": "CMOS",
            "special attribute": "Weatherproof",
            "zoom range": "5x Optical"
        },
        "url": "http:///www.garricks.com.au/100"
    },
    {
        "spec": {
            "<page title>": "Panasonic FT25 Digital Compact Camera",
            "flash unit": "Inbuilt",
            "memory type": "SDHC-SDXC",
            "sensor details": "CCD",
            "special attribute": "Up to 7m waterproof",
            "viewfinder type": "LCD",
            "zoom range": "4x Optical"
        },
        "url": "http:///www.garricks.com.au/101"
    },
    {
        "spec": {
            "<page title>": "Olympus PEN E-PM2 w/ 14-42mm IIR Lens",
            "flash unit": "Bundled Clip On",
            "image format": "M-43",
            "lens mount": "Micro 4/3",
            "memory type": "SDHC-SDXC",
            "resolution": "16.1 mp",
            "sensor details": "CMOS",
            "special attribute": "WI-Fi Enabled",
            "video recording format": "Full HD",
            "viewfinder type": "LCD"
        },
        "url": "http:///www.garricks.com.au/102"
    },
    {
        "spec": {
            "<page title>": "Sony Alpha A6000 w/16-50 & 55-210mm Lens. Compact System Camera",
            "image format": "APS-C",
            "lens mount": "Sony E",
            "memory type": "Memory Stick PRO Duo / Memory Stick PRO-HG Duo/ SD memory card / SDHC memory card / SDXC memory card",
            "resolution": "24.3",
            "sensor details": "CMOS",
            "video recording format": "Full 1080p HD",
            "viewfinder type": "EVF - Electronic OLED"
        },
        "url": "http:///www.garricks.com.au/103"
    },
    {
        "spec": {
            "<page title>": "Sony Cybershot DSC-RX100 II Digital Compact Camera",
            "flash unit": "Inbuilt",
            "memory type": "SDHC-SDXC",
            "resolution": "20.2mp",
            "sensor details": "CMOS",
            "video recording format": "Full HD",
            "zoom range": "3.6x Optical"
        },
        "url": "http:///www.garricks.com.au/104"
    },
    {
        "spec": {
            "<page title>": "Canon PowerShot SX50 HS Digital Compact Camera",
            "image stabilization": "Intelligent IS",
            "memory type": "SDHC-SDXC",
            "resolution": "16mp",
            "sensor details": "12.1mp",
            "special attribute": "24mm Equivalent Wide Angle",
            "video recording format": "Full HD",
            "viewfinder type": "Electronic EVF",
            "zoom range": "50x Optical Zoom"
        },
        "url": "http:///www.garricks.com.au/105"
    },
    {
        "spec": {
            "<page title>": "Nikon D5300 Black - w/ 18-140mm VR ED Lens",
            "flash unit": "Inbuilt",
            "image format": "DX -23.5 \u00d7 15.6mm",
            "lens mount": "Nikon",
            "memory type": "SDHC-SDXC",
            "resolution": "24.2mp",
            "sensor details": "CMOS",
            "special attribute": "Expeed 4 Processor\nWi-Fi Enabled",
            "viewfinder type": "Penta-Mirror"
        },
        "url": "http:///www.garricks.com.au/108"
    },
    {
        "spec": {
            "<page title>": "Nikon D3300  w/ 18-55mm VR II Lens",
            "flash unit": "Inbuilt",
            "image format": "DX -23.5 \u00d7 15.6mm",
            "lens mount": "Nikon",
            "memory type": "SDHC-SDXC",
            "resolution": "24.2mp",
            "sensor details": "CMOS",
            "viewfinder type": "Penta-Mirror"
        },
        "url": "http:///www.garricks.com.au/109"
    },
    {
        "spec": {
            "<page title>": "Canon EOS 6D Premium Kit",
            "autofocus array": "11 af points",
            "image format": "Full Frame - FX",
            "lens mount": "Canon EF",
            "memory type": "SDHC-SDXC",
            "resolution": "20.2mp",
            "sensor details": "CMOS",
            "video recording format": "ALL-I H264 .MOV",
            "weight": "690g exc. Battery"
        },
        "url": "http:///www.garricks.com.au/11"
    },
    {
        "spec": {
            "<page title>": "Nikon Coolpix S2800 Digital Still Camera",
            "flash unit": "Inbuilt",
            "memory type": "SDHC-SDXC",
            "resolution": "20mp",
            "sensor details": "CCD",
            "viewfinder type": "Electronic",
            "zoom range": "5x Optical"
        },
        "url": "http:///www.garricks.com.au/111"
    },
    {
        "spec": {
            "<page title>": "Sony \u03b1 A65 Body",
            "flash unit": "Inbuilt",
            "image format": "APS-C",
            "lens mount": "Sony A",
            "memory type": "Memory Stick PRO Duo, Memory Stick PRO-HG Duo, Memory Stick XC-HG Duo, SD memory card, SDHC memory card, SDXC memory card",
            "resolution": "24.3 mp",
            "sensor details": "CMOS",
            "viewfinder type": "EVF - Electronic OLED"
        },
        "url": "http:///www.garricks.com.au/112"
    },
    {
        "spec": {
            "<page title>": "Sony Alpha A7 w/28-70 FF Lens Compact System Camera",
            "image format": "Full Frame - FX",
            "lens mount": "Sony E",
            "memory type": "Memory Stick PRO Duo / Memory Stick PRO-HG Duo/ SD memory card / SDHC memory card / SDXC memory card",
            "resolution": "36.4",
            "sensor details": "CMOS",
            "special attribute": "Wi-Fi Enabled",
            "video recording format": "Full 1080p HD",
            "viewfinder type": "EVF - Electronic OLED"
        },
        "url": "http:///www.garricks.com.au/114"
    },
    {
        "spec": {
            "<page title>": "Nikon D3300 Black Twin Lens Kit. 18-55mm & 55-200mm Lenses.",
            "flash unit": "Inbuilt",
            "image format": "DX -23.5 \u00d7 15.6mm",
            "lens mount": "Nikon",
            "memory type": "SDHC-SDXC",
            "resolution": "24.2mp",
            "sensor details": "CMOS",
            "viewfinder type": "Penta-Mirror"
        },
        "url": "http:///www.garricks.com.au/115"
    },
    {
        "spec": {
            "<page title>": "Olympus PEN E-P5 Black w/ 17mm f1.8 + VF-4 Viewfinder",
            "image format": "M-43",
            "image stabilization": "IBIS (In Body Stabilization)",
            "lens mount": "Micro 4/3",
            "memory type": "SDHC-SDXC",
            "resolution": "16.1 mp",
            "sensor details": "CMOS",
            "special attribute": "WI-Fi Enabled",
            "video recording format": "Full HD",
            "viewfinder type": "LCD"
        },
        "url": "http:///www.garricks.com.au/116"
    },
    {
        "spec": {
            "<page title>": "Nikon Df DSLR  with AF-S 50mm F/1.8g  (Black)",
            "image format": "Full Frame - FX",
            "lens mount": "Nikon",
            "memory type": "Dual CF/SD Card Slots",
            "resolution": "36.3mp",
            "sensor details": "CMOS",
            "video recording format": "Full HD",
            "viewfinder type": "Pentaprism",
            "weight": "900g"
        },
        "url": "http:///www.garricks.com.au/117"
    },
    {
        "spec": {
            "<page title>": "Olympus PEN E-PL5 Body",
            "flash unit": "Bundled Clip On",
            "image format": "M-43",
            "lens mount": "Micro 4/3",
            "memory type": "SDHC-SDXC",
            "resolution": "16.1 mp",
            "sensor details": "CMOS",
            "special attribute": "WI-Fi Enabled",
            "video recording format": "Full HD",
            "viewfinder type": "LCD"
        },
        "url": "http:///www.garricks.com.au/118"
    },
    {
        "spec": {
            "<page title>": "Nikon D610 Body Only Digital SLR Camera",
            "autofocus array": "45",
            "flash unit": "Inbuilt",
            "image format": "Full Frame - FX",
            "lens mount": "Nikon",
            "resolution": "24mp",
            "sensor details": "CMOS",
            "video recording format": "MPEG4"
        },
        "url": "http:///www.garricks.com.au/12"
    },
    {
        "spec": {
            "<page title>": "Sony Alpha A6000 w/16-50 Lens Compact System Camera",
            "image format": "APS-C",
            "lens mount": "Sony E",
            "memory type": "Memory Stick PRO Duo / Memory Stick PRO-HG Duo/ SD memory card / SDHC memory card / SDXC memory card",
            "resolution": "24.3",
            "sensor details": "CMOS",
            "video recording format": "Full 1080p HD",
            "viewfinder type": "EVF - Electronic OLED"
        },
        "url": "http:///www.garricks.com.au/120"
    },
    {
        "spec": {
            "<page title>": "Panasonic Lumix DMC-LX7 Digital Compact Camera",
            "memory type": "SDHC-SDXC",
            "resolution": "10.1mp",
            "sensor details": "CMOS",
            "zoom range": "3.8x Optical"
        },
        "url": "http:///www.garricks.com.au/121"
    },
    {
        "spec": {
            "<page title>": "Olympus SH-50 Black Digital Compact Camera",
            "flash unit": "Inbuilt",
            "memory type": "SDHC-SDXC",
            "resolution": "16mp",
            "sensor details": "CMOS",
            "zoom range": "24x Optical"
        },
        "url": "http:///www.garricks.com.au/122"
    },
    {
        "spec": {
            "<page title>": "Nikon V2 Black Body",
            "flash unit": "Integrated",
            "image format": "CX-13.2 mm x 8.8 mm",
            "lens mount": "Nikon 1",
            "memory type": "SDHC-SDXC",
            "resolution": "14.2mb",
            "sensor details": "CMOS",
            "video recording format": "1080p-30",
            "viewfinder type": "Electronic"
        },
        "url": "http:///www.garricks.com.au/123"
    },
    {
        "spec": {
            "<page title>": "Canon EOS 100D Body Only",
            "image format": "APS-C",
            "lens mount": "Canon EF-S",
            "memory type": "SDHC-SDXC",
            "resolution": "18mp",
            "sensor details": "CMOS",
            "video recording format": "MPEG4"
        },
        "url": "http:///www.garricks.com.au/124"
    },
    {
        "spec": {
            "<page title>": "Nikon D3300 Black Twin Lens Kit. 18-55mm & 55-300mm Lenses.",
            "flash unit": "Inbuilt",
            "image format": "DX -23.5 \u00d7 15.6mm",
            "lens mount": "Nikon",
            "memory type": "SDHC-SDXC",
            "resolution": "24.2mp",
            "sensor details": "CMOS",
            "viewfinder type": "Penta-Mirror"
        },
        "url": "http:///www.garricks.com.au/125"
    },
    {
        "spec": {
            "<page title>": "Sony ILCE A3000 w/ 18-55mm Lens",
            "flash unit": "Hot Shoe Accessory",
            "image format": "APS-C",
            "lens mount": "Sony E",
            "memory type": "Memory Stick PRO Duo / Memory Stick PRO-HG Duo/ SD memory card / SDHC memory card / SDXC memory card",
            "resolution": "20.1mp",
            "sensor details": "CMOS",
            "video recording format": "Full 1080p HD"
        },
        "url": "http:///www.garricks.com.au/126"
    },
    {
        "spec": {
            "<page title>": "Olympus OM-D E-M10 Black Body Compact System Camera",
            "image format": "M-43",
            "image stabilization": "IBIS (In Body Stabilization)",
            "lens mount": "Micro 4/3",
            "memory type": "SDHC-SDXC",
            "resolution": "16.1 mp",
            "sensor details": "CMOS",
            "video recording format": "Full HD",
            "viewfinder type": "EVF - Electronic OLED"
        },
        "url": "http:///www.garricks.com.au/127"
    },
    {
        "spec": {
            "<page title>": "Nikon D3300 Black Body Digital SLR",
            "flash unit": "Inbuilt",
            "image format": "DX -23.5 \u00d7 15.6mm",
            "lens mount": "Nikon",
            "memory type": "SDHC-SDXC",
            "resolution": "24.2mp",
            "sensor details": "CMOS",
            "viewfinder type": "Penta-Mirror",
            "weight": "460gm"
        },
        "url": "http:///www.garricks.com.au/128"
    },
    {
        "spec": {
            "<page title>": "Olympus PEN E-PL5 Twin Lens Kit",
            "flash unit": "Bundled Clip On",
            "image format": "M-43",
            "lens mount": "Micro 4/3",
            "memory type": "SDHC-SDXC",
            "resolution": "16.1 mp",
            "sensor details": "CMOS",
            "special attribute": "WI-Fi Enabled",
            "video recording format": "Full HD",
            "viewfinder type": "LCD"
        },
        "url": "http:///www.garricks.com.au/129"
    },
    {
        "spec": {
            "<page title>": "Olympus SZ-16 Black Digital Compact Camera",
            "flash unit": "Inbuilt",
            "memory type": "SDHC-SDXC",
            "resolution": "16mp",
            "sensor details": "CMOS",
            "zoom range": "24x Optical"
        },
        "url": "http:///www.garricks.com.au/13"
    },
    {
        "spec": {
            "<page title>": "Canon EOS 7D Body Only",
            "image format": "APS-C",
            "lens mount": "Canon EF-S",
            "memory type": "Compact Flash",
            "resolution": "18mp",
            "sensor details": "CMOS",
            "video recording format": "MPEG4"
        },
        "url": "http:///www.garricks.com.au/131"
    },
    {
        "spec": {
            "<page title>": "Nikon Coolpix P340 Digital Still Camera",
            "flash unit": "Inbuilt",
            "image format": "Other",
            "image stabilization": "Nikon VR (Lens)",
            "memory type": "SDHC-SDXC",
            "resolution": "12.2mp",
            "sensor details": "CMOS",
            "viewfinder type": "Electronic",
            "zoom range": "5x Optical"
        },
        "url": "http:///www.garricks.com.au/132"
    },
    {
        "spec": {
            "<page title>": "Olympus PEN E-P5 Black Body",
            "image format": "M-43",
            "image stabilization": "IBIS (In Body Stabilization)",
            "lens mount": "Micro 4/3",
            "memory type": "SDHC-SDXC",
            "resolution": "16.1 mp",
            "sensor details": "CMOS",
            "special attribute": "WI-Fi Enabled",
            "video recording format": "Full HD",
            "viewfinder type": "LCD"
        },
        "url": "http:///www.garricks.com.au/133"
    },
    {
        "spec": {
            "<page title>": "Canon EOS 6D Body Only",
            "autofocus array": "11 af points",
            "image format": "Full Frame - FX",
            "lens mount": "Canon EF",
            "memory type": "SDHC-SDXC",
            "resolution": "20.2mp",
            "sensor details": "CMOS",
            "video recording format": "ALL-I H264 .MOV",
            "weight": "690g exc. Battery"
        },
        "url": "http:///www.garricks.com.au/134"
    },
    {
        "spec": {
            "<page title>": "Olympus OM-D E-M10 Silver Body Compact System Camera",
            "image format": "M-43",
            "image stabilization": "IBIS (In Body Stabilization)",
            "lens mount": "Micro 4/3",
            "memory type": "SDHC-SDXC",
            "resolution": "16.1 mp",
            "sensor details": "CMOS",
            "video recording format": "Full HD",
            "viewfinder type": "EVF - Electronic OLED"
        },
        "url": "http:///www.garricks.com.au/135"
    },
    {
        "spec": {
            "<page title>": "Nikon D5300 Grey - w/ 18-55mm VR Lens",
            "flash unit": "Inbuilt",
            "image format": "DX -23.5 \u00d7 15.6mm",
            "lens mount": "Nikon",
            "memory type": "SDHC-SDXC",
            "resolution": "24.2mp",
            "sensor details": "CMOS",
            "special attribute": "Expeed 4 Processor\nWi-Fi Enabled",
            "viewfinder type": "Penta-Mirror"
        },
        "url": "http:///www.garricks.com.au/136"
    },
    {
        "spec": {
            "<page title>": "Panasonic XS1 Digital Compact Camera",
            "memory type": "SDHC-SDXC",
            "resolution": "16mp",
            "sensor details": "CCD",
            "zoom range": "5x Optical"
        },
        "url": "http:///www.garricks.com.au/137"
    },
    {
        "spec": {
            "<page title>": "Canon EOS 7D Platinum Kit",
            "image format": "APS-C",
            "lens mount": "Canon EF-S",
            "memory type": "Compact Flash",
            "resolution": "18mp",
            "sensor details": "CMOS",
            "video recording format": "MPEG4"
        },
        "url": "http:///www.garricks.com.au/138"
    },
    {
        "spec": {
            "<page title>": "Olympus OM-D E-M10 Silver with 14-42mm EZ and 40-150mm lenses",
            "image format": "M-43",
            "image stabilization": "IBIS (In Body Stabilization)",
            "lens mount": "Micro 4/3",
            "memory type": "SDHC-SDXC",
            "resolution": "16.1 mp",
            "sensor details": "CMOS",
            "video recording format": "Full HD",
            "viewfinder type": "EVF - Electronic OLED"
        },
        "url": "http:///www.garricks.com.au/139"
    },
    {
        "spec": {
            "<page title>": "Olympus OM-D E-M5 Silver Twin Lens Kit",
            "image format": "M-43",
            "image stabilization": "IBIS (In Body Stabilization)",
            "lens mount": "Micro 4/3",
            "memory type": "SDHC-SDXC",
            "resolution": "16.1 mp",
            "sensor details": "CMOS",
            "video recording format": "Full HD",
            "viewfinder type": "EVF - Electronic OLED"
        },
        "url": "http:///www.garricks.com.au/14"
    },
    {
        "spec": {
            "<page title>": "Canon EOS 70D Digital SLR Camera with STM 18-55mm Lens",
            "flash unit": "Inbuilt",
            "image format": "APS-C",
            "image stabilization": "Lens Specific",
            "lens mount": "Canon EF-S",
            "memory type": "SDHC-SDXC",
            "resolution": "20.2mp",
            "sensor details": "CMOS",
            "special attribute": "Dual Pixel CMOS Sendor\nWI-FI Enabled",
            "video recording format": "Full HD",
            "viewfinder type": "Pentaprism"
        },
        "url": "http:///www.garricks.com.au/140"
    },
    {
        "spec": {
            "<page title>": "Canon EOS 6D Advanced Kit",
            "autofocus array": "11 af points",
            "image format": "Full Frame - FX",
            "lens mount": "Canon EF",
            "memory type": "SDHC-SDXC",
            "resolution": "20.2mp",
            "sensor details": "CMOS",
            "video recording format": "ALL-I H264 .MOV",
            "weight": "690g exc. Battery"
        },
        "url": "http:///www.garricks.com.au/15"
    },
    {
        "spec": {
            "<page title>": "Olympus OM-D E-M1 Black Body Only",
            "image format": "M-43",
            "image stabilization": "IBIS (In Body Stabilization)",
            "lens mount": "Micro 4/3",
            "memory type": "SDHC-SDXC",
            "resolution": "16.1 mp",
            "sensor details": "CMOS",
            "video recording format": "Full HD",
            "viewfinder type": "EVF - Electronic OLED"
        },
        "url": "http:///www.garricks.com.au/16"
    },
    {
        "spec": {
            "<page title>": "Canon HFG25 Video Camera",
            "image format": "1/3\"",
            "memory type": "SDHC-SDXC",
            "resolution": "1080p",
            "sensor details": "CMOS",
            "video recording format": "AVCHD",
            "weight": "565"
        },
        "url": "http:///www.garricks.com.au/17"
    },
    {
        "spec": {
            "<page title>": "Nikon 1 AW1 w/ 11-27mm Lens",
            "flash unit": "Inbuilt",
            "image format": "Other",
            "lens mount": "Nikon",
            "memory type": "SDHC-SDXC",
            "resolution": "14.2mp",
            "sensor details": "CMOS",
            "special attribute": "Waterproof to 15mtr",
            "viewfinder type": "LCD"
        },
        "url": "http:///www.garricks.com.au/18"
    },
    {
        "spec": {
            "<page title>": "Nikon D800 Body",
            "image format": "Full Frame - FX",
            "lens mount": "Nikon",
            "memory type": "Dual CF/SD Card Slots",
            "resolution": "36.3mp",
            "sensor details": "CMOS",
            "video recording format": "Full HD",
            "viewfinder type": "Pentaprism",
            "weight": "900g"
        },
        "url": "http:///www.garricks.com.au/19"
    },
    {
        "spec": {
            "<page title>": "Nikon Coolpix A Digital Compact Camera",
            "flash unit": "Inbuilt",
            "image format": "DX -23.5 \u00d7 15.6mm",
            "memory type": "SDHC-SDXC",
            "resolution": "16.2mp",
            "sensor details": "CMOS",
            "special attribute": "Large DX Sensor",
            "video recording format": "1080p",
            "viewfinder type": "LCD",
            "zoom range": "28mm (equiv.) Prime Nikkor Lens"
        },
        "url": "http:///www.garricks.com.au/2"
    },
    {
        "spec": {
            "<page title>": "Nikon D5200 Black w/ 18-55mm VR Lens",
            "flash unit": "Inbuilt",
            "image format": "DX -23.5 \u00d7 15.6mm",
            "lens mount": "Nikon",
            "memory type": "SDHC-SDXC",
            "resolution": "24.1mp",
            "sensor details": "CMOS",
            "viewfinder type": "Penta-Mirror"
        },
        "url": "http:///www.garricks.com.au/20"
    },
    {
        "spec": {
            "<page title>": "Sony \u03b1 A99 Body",
            "flash unit": "Hot Shoe Accessory",
            "image format": "Full Frame - FX",
            "lens mount": "Sony A",
            "memory type": "Memory Stick PRO Duo, Memory Stick PRO-HG Duo, Memory Stick XC-HG Duo, SD memory card, SDHC memory card, SDXC memory card",
            "resolution": "24.3 mp",
            "sensor details": "CMOS",
            "special attribute": "Translucent Mirror Technology",
            "video recording format": "AVCHD",
            "viewfinder type": "High Res XGA OLED Tru-Finder"
        },
        "url": "http:///www.garricks.com.au/21"
    },
    {
        "spec": {
            "<page title>": "Olympus OM-D E-M5 Black Twin Kens Kit",
            "image format": "M-43",
            "image stabilization": "IBIS (In Body Stabilization)",
            "lens mount": "Micro 4/3",
            "memory type": "SDHC-SDXC",
            "resolution": "16.1 mp",
            "sensor details": "CMOS",
            "video recording format": "Full HD",
            "viewfinder type": "EVF - Electronic OLED"
        },
        "url": "http:///www.garricks.com.au/22"
    },
    {
        "spec": {
            "<page title>": "Canon IXUS 255 HS Digital Compact Camera",
            "flash unit": "Inbuilt",
            "image stabilization": "Intelligent IS",
            "memory type": "SDHC-SDXC",
            "resolution": "12mp",
            "sensor details": "CMOS",
            "special attribute": "Wi-Fi",
            "video recording format": "HD 720",
            "viewfinder type": "LCD",
            "zoom range": "10x Optical"
        },
        "url": "http:///www.garricks.com.au/24"
    },
    {
        "spec": {
            "<page title>": "Nikon D3200 Black Twin Lens Kit B",
            "flash unit": "Inbuilt",
            "image format": "DX -23.5 \u00d7 15.6mm",
            "lens mount": "Nikon",
            "memory type": "SDHC-SDXC",
            "resolution": "24.2mp",
            "sensor details": "CMOS",
            "viewfinder type": "Penta-Mirror"
        },
        "url": "http:///www.garricks.com.au/25"
    },
    {
        "spec": {
            "<page title>": "Nikon D7100 w/ 18-105mm VR ED Lens",
            "flash unit": "Inbuilt",
            "image format": "DX -23.5 \u00d7 15.6mm",
            "image stabilization": "Nikon VR Lens Stabilization",
            "lens mount": "Nikon",
            "memory type": "SDHC-SDXC",
            "resolution": "24.1mp",
            "sensor details": "CMOS",
            "video recording format": "Full HD 1080p",
            "viewfinder type": "Pentaprism"
        },
        "url": "http:///www.garricks.com.au/26"
    },
    {
        "spec": {
            "<page title>": "Olympus OM-D E-M5 Silver Weatherproof Kit",
            "image format": "M-43",
            "lens mount": "Micro 4/3",
            "memory type": "SDHC-SDXC",
            "sensor details": "CMOS"
        },
        "url": "http:///www.garricks.com.au/27"
    },
    {
        "spec": {
            "<page title>": "Olympus OM-D E-M5 Black w/14-42 IIR Lens",
            "image format": "M-43",
            "image stabilization": "IBIS (In Body Stabilization)",
            "lens mount": "Micro 4/3",
            "memory type": "SDHC-SDXC",
            "resolution": "16.1 mp",
            "sensor details": "CMOS",
            "video recording format": "Full HD",
            "viewfinder type": "EVF - Electronic OLED"
        },
        "url": "http:///www.garricks.com.au/28"
    },
    {
        "spec": {
            "<page title>": "Nikon D7000 w/ 18-105mm VR ED Lens",
            "flash unit": "Inbuilt",
            "image format": "DX -23.5 \u00d7 15.6mm",
            "image stabilization": "Nikon VR Lens Stabilization",
            "lens mount": "Nikon",
            "memory type": "SDHC-SDXC",
            "resolution": "16.2mp",
            "sensor details": "CMOS",
            "video recording format": "Full HD"
        },
        "url": "http:///www.garricks.com.au/29"
    },
    {
        "spec": {
            "<page title>": "Nikon D800E Body Only",
            "image format": "Full Frame - FX",
            "lens mount": "Nikon",
            "memory type": "Dual CF/SD Card Slots",
            "resolution": "36.3mp",
            "sensor details": "CMOS",
            "special attribute": "No Anti Aliasing Filter",
            "video recording format": "Full HD",
            "viewfinder type": "Pentaprism",
            "weight": "900g"
        },
        "url": "http:///www.garricks.com.au/3"
    },
    {
        "spec": {
            "<page title>": "Canon EOS 7D Premium Kit",
            "image format": "Full Frame - FX",
            "lens mount": "Canon EF",
            "memory type": "Compact Flash",
            "resolution": "18mp",
            "sensor details": "CMOS",
            "video recording format": "ALL-I H264 .MOV"
        },
        "url": "http:///www.garricks.com.au/30"
    },
    {
        "spec": {
            "<page title>": "Nikon D3200 Black w/ 18-55mm VR Lens",
            "flash unit": "Inbuilt",
            "image format": "DX -23.5 \u00d7 15.6mm",
            "lens mount": "Nikon",
            "memory type": "SDHC-SDXC",
            "resolution": "24.2mp",
            "sensor details": "CMOS",
            "viewfinder type": "Penta-Mirror"
        },
        "url": "http:///www.garricks.com.au/31"
    },
    {
        "spec": {
            "<page title>": "Nikon D5200 Body",
            "flash unit": "Inbuilt",
            "image format": "DX -23.5 \u00d7 15.6mm",
            "lens mount": "Nikon",
            "memory type": "SDHC-SDXC",
            "resolution": "24.1mp",
            "sensor details": "CMOS",
            "viewfinder type": "Penta-Mirror"
        },
        "url": "http:///www.garricks.com.au/32"
    },
    {
        "spec": {
            "<page title>": "Nikon D4s Body Only",
            "image format": "Full Frame - FX",
            "lens mount": "Nikon",
            "memory type": "DUAL - Compact Flash and XQD",
            "resolution": "16.2mp",
            "sensor details": "CMOS",
            "video recording format": "Full HD",
            "viewfinder type": "Pentaprism",
            "weight": "1180g"
        },
        "url": "http:///www.garricks.com.au/33"
    },
    {
        "spec": {
            "<page title>": "Olympus Stylus 1 Digital Compact Camera",
            "flash unit": "Inbuilt",
            "memory type": "SDHC-SDXC",
            "resolution": "12mp",
            "sensor details": "CMOS",
            "zoom range": "10x Optical Constant F/2.8 Aperture"
        },
        "url": "http:///www.garricks.com.au/34"
    },
    {
        "spec": {
            "<page title>": "Canon EOS 70D Body Only Digital SLR Camera",
            "flash unit": "Inbuilt",
            "image format": "APS-C",
            "image stabilization": "Lens Specific",
            "lens mount": "Canon EF-S",
            "memory type": "SDHC-SDXC",
            "resolution": "20.2mp",
            "sensor details": "CMOS",
            "special attribute": "Dual Pixel CMOS Sendor\nWI-FI Enabled",
            "video recording format": "Full HD",
            "viewfinder type": "Pentaprism"
        },
        "url": "http:///www.garricks.com.au/35"
    },
    {
        "spec": {
            "<page title>": "Olympus XZ-10 Black Digital Compact Camera",
            "flash unit": "Inbuilt",
            "memory type": "SDHC-SDXC",
            "resolution": "12mp",
            "sensor details": "CMOS",
            "zoom range": "5x Optical"
        },
        "url": "http:///www.garricks.com.au/36"
    },
    {
        "spec": {
            "<page title>": "Canon Powershot S200 Black Digital Compact Camera",
            "flash unit": "Inbuilt",
            "memory type": "Compact Flash",
            "resolution": "10.1 mp",
            "sensor details": "CCD",
            "viewfinder type": "LCD"
        },
        "url": "http:///www.garricks.com.au/37"
    },
    {
        "spec": {
            "<page title>": "Sony Cybershot DSC-WX300 Digital Compact Camera",
            "flash unit": "Inbuilt",
            "memory type": "SDHC-SDXC",
            "resolution": "18.2mp",
            "sensor details": "CMOS",
            "special attribute": "WI-Fi Enabled",
            "video recording format": "HD",
            "weight": "165g",
            "zoom range": "20x Optical"
        },
        "url": "http:///www.garricks.com.au/38"
    },
    {
        "spec": {
            "<page title>": "Canon EOS 100D w/ 18-55mm IS STM Lens",
            "image format": "APS-C",
            "lens mount": "Canon EF-S",
            "memory type": "SDHC-SDXC",
            "resolution": "18mp",
            "sensor details": "CMOS",
            "video recording format": "MPEG4"
        },
        "url": "http:///www.garricks.com.au/4"
    },
    {
        "spec": {
            "<page title>": "Panasonic Lumix DMC-FZ200 Digital Compact Camera",
            "flash unit": "Inbuilt",
            "memory type": "SDHC-SDXC",
            "resolution": "12.1mp",
            "sensor details": "CMOS",
            "special attribute": "Constant f2.8 aperture",
            "zoom range": "24x Optical"
        },
        "url": "http:///www.garricks.com.au/40"
    },
    {
        "spec": {
            "<page title>": "Olympus OM-D E-M1 Black PRO Kit",
            "image format": "M-43",
            "image stabilization": "IBIS (In Body Stabilization)",
            "lens mount": "Micro 4/3",
            "memory type": "SDHC-SDXC",
            "resolution": "16.1 mp",
            "sensor details": "CMOS",
            "video recording format": "Full HD",
            "viewfinder type": "EVF - Electronic OLED"
        },
        "url": "http:///www.garricks.com.au/41"
    },
    {
        "spec": {
            "<page title>": "Olympus PEN E-P5 Silver Body",
            "image format": "M-43",
            "image stabilization": "IBIS (In Body Stabilization)",
            "lens mount": "Micro 4/3",
            "memory type": "SDHC-SDXC",
            "resolution": "16.1 mp",
            "sensor details": "CMOS",
            "special attribute": "WI-Fi Enabled",
            "video recording format": "Full HD",
            "viewfinder type": "LCD"
        },
        "url": "http:///www.garricks.com.au/43"
    },
    {
        "spec": {
            "<page title>": "Olympus OM-D E-M10 Silver with 14-42mm EZ lens",
            "image format": "M-43",
            "image stabilization": "IBIS (In Body Stabilization)",
            "lens mount": "Micro 4/3",
            "memory type": "SDHC-SDXC",
            "resolution": "16.1 mp",
            "sensor details": "CMOS",
            "video recording format": "Full HD",
            "viewfinder type": "EVF - Electronic OLED"
        },
        "url": "http:///www.garricks.com.au/44"
    },
    {
        "spec": {
            "<page title>": "Nikon D7100 w/ 18-140mm Lens",
            "flash unit": "Inbuilt",
            "image format": "DX -23.5 \u00d7 15.6mm",
            "lens mount": "Nikon",
            "memory type": "SDHC-SDXC",
            "resolution": "24.1mp",
            "sensor details": "CMOS",
            "video recording format": "Full HD 1080p",
            "viewfinder type": "Pentaprism"
        },
        "url": "http:///www.garricks.com.au/45"
    },
    {
        "spec": {
            "<page title>": "Olympus PEN E-P5 Silver w/ 17mm f1.8 + VF-4 Viewfinder",
            "image format": "M-43",
            "image stabilization": "IBIS (In Body Stabilization)",
            "lens mount": "Micro 4/3",
            "memory type": "SDHC-SDXC",
            "resolution": "16.1 mp",
            "sensor details": "CMOS",
            "special attribute": "WI-Fi Enabled",
            "video recording format": "Full HD",
            "viewfinder type": "LCD"
        },
        "url": "http:///www.garricks.com.au/46"
    },
    {
        "spec": {
            "<page title>": "Sony \u03b1 A58 Twin Lens Kit",
            "flash unit": "Inbuilt",
            "image format": "APS-C",
            "lens mount": "Sony A",
            "memory type": "Memory Stick PRO Duo, Memory Stick PRO-HG Duo, Memory Stick XC-HG Duo, SD memory card, SDHC memory card, SDXC memory card",
            "resolution": "20 mp",
            "sensor details": "CMOS",
            "viewfinder type": "EVF - Electronic OLED"
        },
        "url": "http:///www.garricks.com.au/47"
    },
    {
        "spec": {
            "<page title>": "Olympus PEN E-P5 Black w/ 14-42mm II Lens",
            "image format": "M-43",
            "image stabilization": "IBIS (In Body Stabilization)",
            "lens mount": "Micro 4/3",
            "memory type": "SDHC-SDXC",
            "resolution": "16.1 mp",
            "sensor details": "CMOS",
            "special attribute": "WI-Fi Enabled",
            "video recording format": "Full HD",
            "viewfinder type": "LCD"
        },
        "url": "http:///www.garricks.com.au/48"
    },
    {
        "spec": {
            "<page title>": "Canon EOS 5D Mk III Premium Kit",
            "image format": "Full Frame - FX",
            "lens mount": "Canon EF",
            "memory type": "Dual CF/SD Card Slots",
            "resolution": "22.3mp",
            "sensor details": "CMOS",
            "video recording format": "ALL-I H264 .MOV"
        },
        "url": "http:///www.garricks.com.au/49"
    },
    {
        "spec": {
            "<page title>": "Sony Cybershot DSC-RX1R Digital Compact Camera",
            "flash unit": "Inbuilt",
            "memory type": "SDHC-SDXC",
            "resolution": "24.3mp",
            "sensor details": "CMOS",
            "special attribute": "Full Frame, NO AA filter",
            "video recording format": "Full HD"
        },
        "url": "http:///www.garricks.com.au/5"
    },
    {
        "spec": {
            "<page title>": "Nikon Coolpix S6800 Digital Still Camera",
            "flash unit": "Inbuilt",
            "memory type": "SDHC-SDXC",
            "resolution": "16mp",
            "sensor details": "CMOS",
            "viewfinder type": "Electronic",
            "zoom range": "12x Optical"
        },
        "url": "http:///www.garricks.com.au/50"
    },
    {
        "spec": {
            "<page title>": "Sony \u03b1 A58 w/ 18-55mm Lens",
            "flash unit": "Inbuilt",
            "image format": "APS-C",
            "lens mount": "Sony A",
            "memory type": "Memory Stick PRO Duo, Memory Stick PRO-HG Duo, Memory Stick XC-HG Duo, SD memory card, SDHC memory card, SDXC memory card",
            "resolution": "20 mp",
            "sensor details": "CMOS",
            "viewfinder type": "EVF - Electronic OLED"
        },
        "url": "http:///www.garricks.com.au/51"
    },
    {
        "spec": {
            "<page title>": "Nikon Df DSLR  Body Only (Black)",
            "image format": "Full Frame - FX",
            "lens mount": "Nikon",
            "memory type": "Dual CF/SD Card Slots",
            "resolution": "36.3mp",
            "sensor details": "CMOS",
            "video recording format": "Full HD",
            "viewfinder type": "Pentaprism",
            "weight": "900g"
        },
        "url": "http:///www.garricks.com.au/52"
    },
    {
        "spec": {
            "<page title>": "Canon EOS 700D w/18-55mm IS STM Lens",
            "image format": "APS-C",
            "lens mount": "Canon EF-S",
            "memory type": "SDHC-SDXC",
            "resolution": "18mp",
            "sensor details": "CMOS",
            "video recording format": "MPEG4",
            "weight": "575g"
        },
        "url": "http:///www.garricks.com.au/53"
    },
    {
        "spec": {
            "<page title>": "Canon EOS 600D w/ 18-55mm IS Lens",
            "image format": "APS-C",
            "lens mount": "Canon EF-S",
            "memory type": "SDHC-SDXC",
            "resolution": "18mp",
            "sensor details": "CMOS"
        },
        "url": "http:///www.garricks.com.au/54"
    },
    {
        "spec": {
            "<page title>": "Canon PowerShot G1X Digital Compact Camera",
            "flash unit": "Inbuilt",
            "image format": "1.5\"",
            "image stabilization": "Optical IS",
            "memory type": "SDHC-SDXC",
            "resolution": "14.3mp",
            "sensor details": "CMOS",
            "special attribute": "Large Image Sensor",
            "video recording format": "Full HD",
            "viewfinder type": "Optical",
            "zoom range": "4x Optical Zoom"
        },
        "url": "http:///www.garricks.com.au/55"
    },
    {
        "spec": {
            "<page title>": "Olympus PEN E-P5 Silver w/ 14-42mm II Lens",
            "image format": "M-43",
            "image stabilization": "IBIS (In Body Stabilization)",
            "lens mount": "Micro 4/3",
            "memory type": "SDHC-SDXC",
            "resolution": "16.1 mp",
            "sensor details": "CMOS",
            "special attribute": "WI-Fi Enabled",
            "video recording format": "Full HD",
            "viewfinder type": "LCD"
        },
        "url": "http:///www.garricks.com.au/56"
    },
    {
        "spec": {
            "<page title>": "Nikon Df DSLR  with AF-S 50mm F/1.8g  (Silver)",
            "image format": "Full Frame - FX",
            "lens mount": "Nikon",
            "memory type": "Dual CF/SD Card Slots",
            "resolution": "36.3mp",
            "sensor details": "CMOS",
            "video recording format": "Full HD",
            "viewfinder type": "Pentaprism",
            "weight": "900g"
        },
        "url": "http:///www.garricks.com.au/57"
    },
    {
        "spec": {
            "<page title>": "Nikon D7100 Body",
            "flash unit": "Inbuilt",
            "image format": "DX -23.5 \u00d7 15.6mm",
            "lens mount": "Nikon",
            "memory type": "SDHC-SDXC",
            "resolution": "24.1mp",
            "sensor details": "CMOS",
            "video recording format": "Full HD 1080p",
            "viewfinder type": "Pentaprism"
        },
        "url": "http:///www.garricks.com.au/59"
    },
    {
        "spec": {
            "<page title>": "Canon EOS 5D Mk III Body",
            "image format": "Full Frame - FX",
            "lens mount": "Canon EF",
            "memory type": "Dual CF/SD Card Slots",
            "resolution": "22mp",
            "sensor details": "CMOS",
            "video recording format": "ALL-I H264 .MOV",
            "weight": "860g"
        },
        "url": "http:///www.garricks.com.au/6"
    },
    {
        "spec": {
            "<page title>": "Sony DSC-HX300 Black Digital Compact Camera",
            "flash unit": "Inbuilt",
            "image stabilization": "Optical Steady Shot",
            "memory type": "SDHC-SDXC",
            "resolution": "20.4mp",
            "sensor details": "CMOS",
            "video recording format": "Full HD",
            "zoom range": "50x"
        },
        "url": "http:///www.garricks.com.au/60"
    },
    {
        "spec": {
            "<page title>": "Nikon D810 Body Only",
            "image format": "Full Frame - FX",
            "lens mount": "Nikon",
            "memory type": "Dual CF/SD Card Slots",
            "resolution": "36.3mp",
            "sensor details": "CMOS",
            "special attribute": "No Anti Aliasing Filter",
            "video recording format": "Full HD",
            "viewfinder type": "Pentaprism",
            "weight": "900g"
        },
        "url": "http:///www.garricks.com.au/61"
    },
    {
        "spec": {
            "<page title>": "Canon EOS 600D Body",
            "image format": "APS-C",
            "lens mount": "Canon EF-S",
            "memory type": "SDHC-SDXC",
            "sensor details": "CMOS"
        },
        "url": "http:///www.garricks.com.au/62"
    },
    {
        "spec": {
            "<page title>": "Sony DSC-HX50 Black Digital Compact Camera",
            "flash unit": "Inbuilt",
            "memory type": "SDHC-SDXC",
            "resolution": "20.4mp",
            "sensor details": "CMOS",
            "video recording format": "Full HD",
            "zoom range": "30x"
        },
        "url": "http:///www.garricks.com.au/63"
    },
    {
        "spec": {
            "<page title>": "Canon PowerShot SX510 HS Black Digital Compact Camera",
            "flash unit": "Inbuilt",
            "memory type": "SDHC-SDXC",
            "resolution": "12mp",
            "sensor details": "CMOS",
            "viewfinder type": "LCD",
            "zoom range": "30x Optical Zoom"
        },
        "url": "http:///www.garricks.com.au/64"
    },
    {
        "spec": {
            "<page title>": "Sony Alpha A7R Body Only Compact System Camera",
            "image format": "Full Frame - FX",
            "lens mount": "Sony E",
            "memory type": "Memory Stick PRO Duo / Memory Stick PRO-HG Duo/ SD memory card / SDHC memory card / SDXC memory card",
            "resolution": "36.4",
            "sensor details": "CMOS",
            "special attribute": "Wi-Fi Enabled",
            "video recording format": "Full 1080p HD",
            "viewfinder type": "EVF - Electronic OLED"
        },
        "url": "http:///www.garricks.com.au/65"
    },
    {
        "spec": {
            "<page title>": "Nikon D3200 w/ 18-105mm VR ED Lens",
            "flash unit": "Inbuilt",
            "image format": "DX -23.5 \u00d7 15.6mm",
            "lens mount": "Nikon",
            "memory type": "SDHC-SDXC",
            "resolution": "24.2mp",
            "sensor details": "CMOS",
            "viewfinder type": "Penta-Mirror"
        },
        "url": "http:///www.garricks.com.au/66"
    },
    {
        "spec": {
            "<page title>": "Olympus TG-835 Digital Compact Camera",
            "memory type": "SDHC-SDXC",
            "resolution": "16mp",
            "sensor details": "CMOS",
            "zoom range": "5x Optical"
        },
        "url": "http:///www.garricks.com.au/67"
    },
    {
        "spec": {
            "<page title>": "Olympus OM-D E-M10 Black with 14-42mm EZ & 40-150mm lenses.",
            "image format": "M-43",
            "image stabilization": "IBIS (In Body Stabilization)",
            "lens mount": "Micro 4/3",
            "memory type": "SDHC-SDXC",
            "resolution": "16.1 mp",
            "sensor details": "CMOS",
            "video recording format": "Full HD",
            "viewfinder type": "EVF - Electronic OLED"
        },
        "url": "http:///www.garricks.com.au/68"
    },
    {
        "spec": {
            "<page title>": "Olympus TG-630 Digital Compact Camera",
            "memory type": "SDHC-SDXC",
            "resolution": "12mp",
            "sensor details": "CMOS",
            "viewfinder type": "LCD",
            "weight": "480g",
            "zoom range": "5x Optical"
        },
        "url": "http:///www.garricks.com.au/69"
    },
    {
        "spec": {
            "<page title>": "Nikon D5200 Black w/ 18-105mm VR Lens",
            "flash unit": "Inbuilt",
            "image format": "DX -23.5 \u00d7 15.6mm",
            "lens mount": "Nikon",
            "memory type": "SDHC-SDXC",
            "resolution": "24.1mp",
            "sensor details": "CMOS",
            "viewfinder type": "Penta-Mirror"
        },
        "url": "http:///www.garricks.com.au/7"
    },
    {
        "spec": {
            "<page title>": "Canon EOS 600D Twin IS Lens Kit",
            "image format": "APS-C",
            "lens mount": "Canon EF-S",
            "memory type": "SDHC-SDXC",
            "sensor details": "CMOS"
        },
        "url": "http:///www.garricks.com.au/70"
    },
    {
        "spec": {
            "<page title>": "Nikon Coolpix P600 Digital Still Camera",
            "flash unit": "Inbuilt",
            "image format": "1/2\"",
            "image stabilization": "Nikon VR (Lens)",
            "memory type": "SDHC-SDXC",
            "resolution": "16.1mp",
            "sensor details": "CMOS",
            "special attribute": "Wi-Fi Enabled",
            "viewfinder type": "Electronic and vari-Angle LCD",
            "weight": "565gm",
            "zoom range": "60x Optical (120x Enhanced)"
        },
        "url": "http:///www.garricks.com.au/71"
    },
    {
        "spec": {
            "<page title>": "Canon EOS 700D Twin IS Lens Kit",
            "image format": "APS-C",
            "lens mount": "Canon EF-S",
            "memory type": "SDHC-SDXC",
            "resolution": "18mp",
            "sensor details": "CMOS",
            "video recording format": "MPEG4",
            "weight": "575g"
        },
        "url": "http:///www.garricks.com.au/72"
    },
    {
        "spec": {
            "<page title>": "Canon EOS 100D Twin Lens Kit",
            "image format": "APS-C",
            "lens mount": "Canon EF-S",
            "memory type": "SDHC-SDXC",
            "resolution": "18mp",
            "sensor details": "CMOS",
            "video recording format": "MPEG4"
        },
        "url": "http:///www.garricks.com.au/74"
    },
    {
        "spec": {
            "<page title>": "Canon EOS 700D Body Only",
            "image format": "APS-C",
            "lens mount": "Canon EF-S",
            "memory type": "SDHC-SDXC",
            "resolution": "18mp",
            "sensor details": "CMOS",
            "video recording format": "MPEG4",
            "weight": "575g"
        },
        "url": "http:///www.garricks.com.au/75"
    },
    {
        "spec": {
            "<page title>": "Sony \u03b1 A99 w/ Carl Zeiss 24-70mm F2.8 Lens",
            "flash unit": "Hot Shoe Accessory",
            "image format": "Full Frame - FX",
            "lens mount": "Sony A",
            "memory type": "Memory Stick PRO Duo, Memory Stick PRO-HG Duo, Memory Stick XC-HG Duo, SD memory card, SDHC memory card, SDXC memory card",
            "resolution": "24.3 mp",
            "sensor details": "CMOS",
            "special attribute": "Translucent Mirror Technology",
            "video recording format": "AVCHD",
            "viewfinder type": "High Res XGA OLED Tru-Finder"
        },
        "url": "http:///www.garricks.com.au/76"
    },
    {
        "spec": {
            "<page title>": "Olympus OM-D E-M10 Black with 14-42mm EZ lens",
            "image format": "M-43",
            "image stabilization": "IBIS (In Body Stabilization)",
            "lens mount": "Micro 4/3",
            "memory type": "SDHC-SDXC",
            "resolution": "16.1 mp",
            "sensor details": "CMOS",
            "video recording format": "Full HD",
            "viewfinder type": "EVF - Electronic OLED"
        },
        "url": "http:///www.garricks.com.au/77"
    },
    {
        "spec": {
            "<page title>": "Olympus PEN E-PL5 w/ 14-42mm II Lens",
            "flash unit": "Bundled Clip On",
            "image format": "M-43",
            "lens mount": "Micro 4/3",
            "memory type": "SDHC-SDXC",
            "resolution": "16.1 mp",
            "sensor details": "CMOS",
            "special attribute": "WI-Fi Enabled",
            "video recording format": "Full HD",
            "viewfinder type": "LCD"
        },
        "url": "http:///www.garricks.com.au/78"
    },
    {
        "spec": {
            "<page title>": "Olympus Stylus SP-100 Black Digital Compact Camera",
            "flash unit": "Inbuilt",
            "image format": "1/2\"",
            "image stabilization": "IS (Lens)",
            "memory type": "SDHC-SDXC",
            "resolution": "16mp",
            "sensor details": "CMOS",
            "zoom range": "50x Optical"
        },
        "url": "http:///www.garricks.com.au/79"
    },
    {
        "spec": {
            "<page title>": "Nikon D5200 Black Twin Lens Kit 18-55/55-300",
            "flash unit": "Inbuilt",
            "image format": "DX -23.5 \u00d7 15.6mm",
            "lens mount": "Nikon",
            "memory type": "SDHC-SDXC",
            "resolution": "24.1mp",
            "sensor details": "CMOS",
            "viewfinder type": "Penta-Mirror"
        },
        "url": "http:///www.garricks.com.au/8"
    },
    {
        "spec": {
            "<page title>": "Olympus OM-D E-M1 Black WP Kit",
            "image format": "M-43",
            "image stabilization": "IBIS (In Body Stabilization)",
            "lens mount": "Micro 4/3",
            "memory type": "SDHC-SDXC",
            "resolution": "16.1 mp",
            "sensor details": "CMOS",
            "video recording format": "Full HD",
            "viewfinder type": "EVF - Electronic OLED"
        },
        "url": "http:///www.garricks.com.au/80"
    },
    {
        "spec": {
            "<page title>": "Canon EOS 1Dx Digital SLR Body Only",
            "image format": "Full Frame - FX",
            "image stabilization": "IS (Lens)",
            "lens mount": "Canon EF",
            "memory type": "Dual CF",
            "resolution": "18.1mp",
            "sensor details": "CMOS",
            "video recording format": "ALL-I H264 .MOV",
            "weight": "1530g exc battery"
        },
        "url": "http:///www.garricks.com.au/81"
    },
    {
        "spec": {
            "<page title>": "Nikon Coolpix S9600 Digital Still Camera",
            "flash unit": "Inbuilt",
            "memory type": "SDHC-SDXC",
            "resolution": "16mp",
            "sensor details": "CMOS",
            "viewfinder type": "Electronic",
            "zoom range": "22x Optical"
        },
        "url": "http:///www.garricks.com.au/82"
    },
    {
        "spec": {
            "<page title>": "Canon EOS 5D Mk III Pro Kit",
            "image format": "Full Frame - FX",
            "lens mount": "Canon EF",
            "memory type": "Dual CF/SD Card Slots",
            "resolution": "22.3mp",
            "sensor details": "CMOS",
            "video recording format": "ALL-I H264 .MOV"
        },
        "url": "http:///www.garricks.com.au/83"
    },
    {
        "spec": {
            "<page title>": "Nikon V2 Black w/ 10-30mm F3.5-5.6 VR Lens",
            "flash unit": "Integrated",
            "image format": "CX-13.2 mm x 8.8 mm",
            "lens mount": "Nikon 1",
            "memory type": "SDHC-SDXC",
            "resolution": "14.2mb",
            "sensor details": "CMOS",
            "video recording format": "1080p-30",
            "viewfinder type": "Electronic"
        },
        "url": "http:///www.garricks.com.au/84"
    },
    {
        "spec": {
            "<page title>": "Olympus OM-D E-M5 Silver Body",
            "image format": "M-43",
            "image stabilization": "IBIS (In Body Stabilization)",
            "lens mount": "Micro 4/3",
            "memory type": "SDHC-SDXC",
            "resolution": "16.1 mp",
            "sensor details": "CMOS",
            "video recording format": "Full HD",
            "viewfinder type": "EVF - Electronic OLED"
        },
        "url": "http:///www.garricks.com.au/85"
    },
    {
        "spec": {
            "<page title>": "Nikon Coolpix P530 Digital Still Camera",
            "flash unit": "Inbuilt",
            "image format": "1/2\"",
            "image stabilization": "Nikon VR (Lens)",
            "memory type": "SDHC-SDXC",
            "resolution": "16.1mp",
            "sensor details": "CMOS",
            "special attribute": "Wi-Fi Enabled",
            "viewfinder type": "Electronic",
            "weight": "494gm",
            "zoom range": "42x Optical"
        },
        "url": "http:///www.garricks.com.au/86"
    },
    {
        "spec": {
            "<page title>": "Nikon D5300 Black Digital SLR Body",
            "flash unit": "Inbuilt",
            "image format": "DX -23.5 \u00d7 15.6mm",
            "lens mount": "Nikon",
            "memory type": "SDHC-SDXC",
            "resolution": "24.2mp",
            "sensor details": "CMOS",
            "special attribute": "Built in Wi-Fi",
            "viewfinder type": "Penta-Mirror"
        },
        "url": "http:///www.garricks.com.au/87"
    },
    {
        "spec": {
            "<page title>": "Canon EOS 70D Digital SLR Camera with STM 18-135mm Lens",
            "flash unit": "Inbuilt",
            "image format": "APS-C",
            "image stabilization": "Lens Specific",
            "lens mount": "Canon EF-S",
            "memory type": "SDHC-SDXC",
            "resolution": "20.2mp",
            "sensor details": "CMOS",
            "special attribute": "Dual Pixel CMOS Sendor\nWI-FI Enabled",
            "video recording format": "Full HD",
            "viewfinder type": "Pentaprism"
        },
        "url": "http:///www.garricks.com.au/88"
    },
    {
        "spec": {
            "<page title>": "Nikon D5300 Red - w/ 18-55mm VR Lens",
            "flash unit": "Inbuilt",
            "image format": "DX -23.5 \u00d7 15.6mm",
            "lens mount": "Nikon",
            "memory type": "SDHC-SDXC",
            "resolution": "24.2mp",
            "sensor details": "CMOS",
            "special attribute": "Expeed 4 Processor\nWi-Fi Enabled",
            "viewfinder type": "Penta-Mirror"
        },
        "url": "http:///www.garricks.com.au/89"
    },
    {
        "spec": {
            "<page title>": "Nikon D5200 Black Twin Lens Kit 18-55/55-200",
            "flash unit": "Inbuilt",
            "image format": "DX -23.5 \u00d7 15.6mm",
            "lens mount": "Nikon",
            "memory type": "SDHC-SDXC",
            "resolution": "24.1mp",
            "sensor details": "CMOS",
            "viewfinder type": "Penta-Mirror"
        },
        "url": "http:///www.garricks.com.au/9"
    },
    {
        "spec": {
            "<page title>": "Sony \u03b1 A77 Body",
            "flash unit": "Hot Shoe Accessory",
            "image format": "APS-C",
            "lens mount": "Sony A",
            "memory type": "Memory Stick PRO Duo, Memory Stick PRO-HG Duo, Memory Stick XC-HG Duo, SD memory card, SDHC memory card, SDXC memory card",
            "resolution": "24.3 mp",
            "sensor details": "CMOS",
            "viewfinder type": "EVF - Electronic OLED"
        },
        "url": "http:///www.garricks.com.au/90"
    },
    {
        "spec": {
            "<page title>": "Olympus OM-D E-M5 Black Body",
            "image format": "M-43",
            "image stabilization": "IBIS (In Body Stabilization)",
            "lens mount": "Micro 4/3",
            "memory type": "SDHC-SDXC",
            "resolution": "16.1 mp",
            "sensor details": "CMOS",
            "video recording format": "Full HD",
            "viewfinder type": "EVF - Electronic OLED"
        },
        "url": "http:///www.garricks.com.au/91"
    },
    {
        "spec": {
            "<page title>": "Nikon Coolpix S9700 Digital Still Camera",
            "flash unit": "Inbuilt",
            "image format": "1/2\"",
            "image stabilization": "Lens Shift & Electronic VR",
            "memory type": "SDHC-SDXC",
            "resolution": "16mp",
            "sensor details": "CMOS",
            "viewfinder type": "Electronic",
            "zoom range": "30x Optical"
        },
        "url": "http:///www.garricks.com.au/92"
    },
    {
        "spec": {
            "<page title>": "Nikon Coolpix S3600 Digital Still Camera",
            "flash unit": "Inbuilt",
            "memory type": "SDHC-SDXC",
            "resolution": "20mp",
            "sensor details": "CMOS",
            "viewfinder type": "Electronic",
            "zoom range": "8x Optical"
        },
        "url": "http:///www.garricks.com.au/93"
    },
    {
        "spec": {
            "<page title>": "Sony \u03b1 A99  w/ 28-75mm F2.8 Lens",
            "flash unit": "Hot Shoe Accessory",
            "image format": "Full Frame - FX",
            "lens mount": "Sony A",
            "memory type": "Memory Stick PRO Duo, Memory Stick PRO-HG Duo, Memory Stick XC-HG Duo, SD memory card, SDHC memory card, SDXC memory card",
            "resolution": "24.3 mp",
            "sensor details": "CMOS",
            "special attribute": "Translucent Mirror Technology",
            "video recording format": "AVCHD",
            "viewfinder type": "High Res XGA OLED Tru-Finder"
        },
        "url": "http:///www.garricks.com.au/94"
    },
    {
        "spec": {
            "<page title>": "Olympus TG-830 Digital Compact Camera",
            "memory type": "SDHC-SDXC",
            "resolution": "16mp",
            "sensor details": "CMOS",
            "zoom range": "5x Optical"
        },
        "url": "http:///www.garricks.com.au/95"
    },
    {
        "spec": {
            "<page title>": "Nikon Df DSLR  Body Only (Silver)",
            "image format": "Full Frame - FX",
            "lens mount": "Nikon",
            "memory type": "Dual CF/SD Card Slots",
            "resolution": "36.3mp",
            "sensor details": "CMOS",
            "video recording format": "Full HD",
            "viewfinder type": "Pentaprism",
            "weight": "900g"
        },
        "url": "http:///www.garricks.com.au/96"
    },
    {
        "spec": {
            "<page title>": "Sony \u03b1 A77 w/ 16-50mm F2.8 Lens",
            "flash unit": "Inbuilt",
            "image format": "APS-C",
            "lens mount": "Sony A",
            "memory type": "Memory Stick PRO Duo, Memory Stick PRO-HG Duo, Memory Stick XC-HG Duo, SD memory card, SDHC memory card, SDXC memory card",
            "resolution": "24.3 mp",
            "sensor details": "CMOS",
            "viewfinder type": "EVF - Electronic OLED"
        },
        "url": "http:///www.garricks.com.au/97"
    },
    {
        "spec": {
            "<page title>": "Olympus PEN E-PM2 Twin Kit",
            "flash unit": "Bundled Clip On",
            "image format": "M-43",
            "lens mount": "Micro 4/3",
            "memory type": "SDHC-SDXC",
            "resolution": "16.1 mp",
            "sensor details": "CMOS",
            "special attribute": "WI-Fi Enabled",
            "video recording format": "Full HD",
            "viewfinder type": "LCD"
        },
        "url": "http:///www.garricks.com.au/98"
    },
    {
        "spec": {
            "<page title>": "Canon EOS 700D Super Lens Kit",
            "image format": "APS-C",
            "lens mount": "Canon EF-S",
            "memory type": "SDHC-SDXC",
            "resolution": "18mp",
            "sensor details": "CMOS",
            "video recording format": "MPEG4",
            "weight": "575g Body Only"
        },
        "url": "http:///www.garricks.com.au/99"
    }
]