{
    "16": [
        "http:///www.garricks.com.au/92"
    ],
    "21": [
        "http:///www.garricks.com.au/50"
    ],
    "22": [
        "http:///www.garricks.com.au/93"
    ],
    "25": [
        "http:///www.garricks.com.au/132"
    ],
    "32": [
        "http:///www.garricks.com.au/100"
    ],
    "33": [
        "http:///www.garricks.com.au/2"
    ],
    "34": [
        "http:///www.garricks.com.au/71"
    ],
    "39": [
        "http:///www.garricks.com.au/11",
        "http:///www.garricks.com.au/134",
        "http:///www.garricks.com.au/15"
    ],
    "41": [
        "http:///www.garricks.com.au/25",
        "http:///www.garricks.com.au/31",
        "http:///www.garricks.com.au/66"
    ],
    "49": [
        "http:///www.garricks.com.au/1",
        "http:///www.garricks.com.au/108",
        "http:///www.garricks.com.au/136",
        "http:///www.garricks.com.au/87",
        "http:///www.garricks.com.au/89"
    ],
    "51": [
        "http:///www.garricks.com.au/124",
        "http:///www.garricks.com.au/4",
        "http:///www.garricks.com.au/74"
    ],
    "54": [
        "http:///www.garricks.com.au/10",
        "http:///www.garricks.com.au/140",
        "http:///www.garricks.com.au/35",
        "http:///www.garricks.com.au/88"
    ],
    "57": [
        "http:///www.garricks.com.au/20",
        "http:///www.garricks.com.au/32",
        "http:///www.garricks.com.au/7",
        "http:///www.garricks.com.au/8",
        "http:///www.garricks.com.au/9"
    ],
    "58": [
        "http:///www.garricks.com.au/104"
    ],
    "61": [
        "http:///www.garricks.com.au/12"
    ],
    "64": [
        "http:///www.garricks.com.au/26",
        "http:///www.garricks.com.au/45",
        "http:///www.garricks.com.au/59"
    ],
    "65": [
        "http:///www.garricks.com.au/5"
    ],
    "70": [
        "http:///www.garricks.com.au/127",
        "http:///www.garricks.com.au/135",
        "http:///www.garricks.com.au/139",
        "http:///www.garricks.com.au/44",
        "http:///www.garricks.com.au/68",
        "http:///www.garricks.com.au/77"
    ],
    "71": [
        "http:///www.garricks.com.au/126"
    ],
    "73": [
        "http:///www.garricks.com.au/121"
    ],
    "75": [
        "http:///www.garricks.com.au/86"
    ],
    "77": [
        "http:///www.garricks.com.au/105"
    ],
    "86": [
        "http:///www.garricks.com.au/40"
    ],
    "88": [
        "http:///www.garricks.com.au/82"
    ],
    "99": [
        "http:///www.garricks.com.au/53",
        "http:///www.garricks.com.au/72",
        "http:///www.garricks.com.au/75",
        "http:///www.garricks.com.au/99"
    ],
    "102": [
        "http:///www.garricks.com.au/114"
    ],
    "103": [
        "http:///www.garricks.com.au/54",
        "http:///www.garricks.com.au/62",
        "http:///www.garricks.com.au/70"
    ],
    "105": [
        "http:///www.garricks.com.au/90",
        "http:///www.garricks.com.au/97"
    ],
    "106": [
        "http:///www.garricks.com.au/109",
        "http:///www.garricks.com.au/115",
        "http:///www.garricks.com.au/125",
        "http:///www.garricks.com.au/128"
    ],
    "108": [
        "http:///www.garricks.com.au/118",
        "http:///www.garricks.com.au/129",
        "http:///www.garricks.com.au/78"
    ],
    "114": [
        "http:///www.garricks.com.au/61"
    ],
    "115": [
        "http:///www.garricks.com.au/60"
    ],
    "117": [
        "http:///www.garricks.com.au/123",
        "http:///www.garricks.com.au/84"
    ],
    "120": [
        "http:///www.garricks.com.au/55"
    ],
    "122": [
        "http:///www.garricks.com.au/131",
        "http:///www.garricks.com.au/138",
        "http:///www.garricks.com.au/30"
    ],
    "124": [
        "http:///www.garricks.com.au/47",
        "http:///www.garricks.com.au/51"
    ],
    "130": [
        "http:///www.garricks.com.au/29"
    ],
    "136": [
        "http:///www.garricks.com.au/49",
        "http:///www.garricks.com.au/6",
        "http:///www.garricks.com.au/83"
    ],
    "141": [
        "http:///www.garricks.com.au/112"
    ],
    "152": [
        "http:///www.garricks.com.au/0",
        "http:///www.garricks.com.au/14",
        "http:///www.garricks.com.au/22",
        "http:///www.garricks.com.au/27",
        "http:///www.garricks.com.au/28",
        "http:///www.garricks.com.au/85",
        "http:///www.garricks.com.au/91"
    ],
    "153": [
        "http:///www.garricks.com.au/63"
    ],
    "154": [
        "http:///www.garricks.com.au/64"
    ],
    "155": [
        "http:///www.garricks.com.au/101"
    ],
    "160": [
        "http:///www.garricks.com.au/21",
        "http:///www.garricks.com.au/76",
        "http:///www.garricks.com.au/94"
    ],
    "161": [
        "http:///www.garricks.com.au/81"
    ],
    "163": [
        "http:///www.garricks.com.au/111"
    ],
    "171": [
        "http:///www.garricks.com.au/37"
    ],
    "175": [
        "http:///www.garricks.com.au/16",
        "http:///www.garricks.com.au/41",
        "http:///www.garricks.com.au/80"
    ],
    "180": [
        "http:///www.garricks.com.au/102",
        "http:///www.garricks.com.au/98"
    ],
    "183": [
        "http:///www.garricks.com.au/65"
    ],
    "185": [
        "http:///www.garricks.com.au/137"
    ],
    "217": [
        "http:///www.garricks.com.au/36"
    ],
    "221": [
        "http:///www.garricks.com.au/24"
    ],
    "230": [
        "http:///www.garricks.com.au/19"
    ],
    "235": [
        "http:///www.garricks.com.au/3"
    ],
    "244": [
        "http:///www.garricks.com.au/116",
        "http:///www.garricks.com.au/133",
        "http:///www.garricks.com.au/43",
        "http:///www.garricks.com.au/46",
        "http:///www.garricks.com.au/48",
        "http:///www.garricks.com.au/56"
    ],
    "245": [
        "http:///www.garricks.com.au/117",
        "http:///www.garricks.com.au/52",
        "http:///www.garricks.com.au/57",
        "http:///www.garricks.com.au/96"
    ],
    "258": [
        "http:///www.garricks.com.au/38"
    ],
    "259": [
        "http:///www.garricks.com.au/33"
    ],
    "264": [
        "http:///www.garricks.com.au/122"
    ],
    "290": [
        "http:///www.garricks.com.au/34"
    ],
    "295": [
        "http:///www.garricks.com.au/103",
        "http:///www.garricks.com.au/120"
    ],
    "363": [
        "http:///www.garricks.com.au/69"
    ],
    "366": [
        "http:///www.garricks.com.au/95"
    ],
    "382": [
        "http:///www.garricks.com.au/13"
    ],
    "428": [
        "http:///www.garricks.com.au/79"
    ],
    "601": [
        "http:///www.garricks.com.au/67"
    ],
    "641": [
        "http:///www.garricks.com.au/18"
    ]
}