{
    "ENTITY#16": [
        "http:///www.camerafarm.com.au/749"
    ],
    "ENTITY#18": [
        "http:///www.camerafarm.com.au/711",
        "http:///www.camerafarm.com.au/764"
    ],
    "ENTITY#21": [
        "http:///www.camerafarm.com.au/754",
        "http:///www.camerafarm.com.au/807",
        "http:///www.camerafarm.com.au/822"
    ],
    "ENTITY#29": [
        "http:///www.camerafarm.com.au/784"
    ],
    "ENTITY#30": [
        "http:///www.camerafarm.com.au/716",
        "http:///www.camerafarm.com.au/821"
    ],
    "ENTITY#31": [
        "http:///www.camerafarm.com.au/802",
        "http:///www.camerafarm.com.au/817",
        "http:///www.camerafarm.com.au/819",
        "http:///www.camerafarm.com.au/827",
        "http:///www.camerafarm.com.au/828",
        "http:///www.camerafarm.com.au/832",
        "http:///www.camerafarm.com.au/835"
    ],
    "ENTITY#35": [
        "http:///www.camerafarm.com.au/737",
        "http:///www.camerafarm.com.au/803",
        "http:///www.camerafarm.com.au/838"
    ],
    "ENTITY#36": [
        "http:///www.camerafarm.com.au/730",
        "http:///www.camerafarm.com.au/760",
        "http:///www.camerafarm.com.au/785",
        "http:///www.camerafarm.com.au/813"
    ],
    "ENTITY#4": [
        "http:///www.camerafarm.com.au/718",
        "http:///www.camerafarm.com.au/804",
        "http:///www.camerafarm.com.au/834"
    ],
    "ENTITY#57": [
        "http:///www.camerafarm.com.au/796"
    ],
    "ENTITY#7": [
        "http:///www.camerafarm.com.au/715"
    ],
    "ENTITY#73": [
        "http:///www.camerafarm.com.au/724"
    ],
    "ENTITY#75": [
        "http:///www.camerafarm.com.au/710",
        "http:///www.camerafarm.com.au/721",
        "http:///www.camerafarm.com.au/739",
        "http:///www.camerafarm.com.au/758",
        "http:///www.camerafarm.com.au/811",
        "http:///www.camerafarm.com.au/814"
    ],
    "ENTITY#8": [
        "http:///www.camerafarm.com.au/740",
        "http:///www.camerafarm.com.au/769",
        "http:///www.camerafarm.com.au/777",
        "http:///www.camerafarm.com.au/783"
    ],
    "ENTITY#86": [
        "http:///www.camerafarm.com.au/789"
    ],
    "ENTITY#87": [
        "http:///www.camerafarm.com.au/746"
    ]
}