{
    "4": [
        "http:///www.camerafarm.com.au/829"
    ],
    "5": [
        "http:///www.camerafarm.com.au/737",
        "http:///www.camerafarm.com.au/803",
        "http:///www.camerafarm.com.au/838"
    ],
    "6": [
        "http:///www.camerafarm.com.au/731",
        "http:///www.camerafarm.com.au/772"
    ],
    "9": [
        "http:///www.camerafarm.com.au/770",
        "http:///www.camerafarm.com.au/836"
    ],
    "10": [
        "http:///www.camerafarm.com.au/830"
    ],
    "16": [
        "http:///www.camerafarm.com.au/789"
    ],
    "21": [
        "http:///www.camerafarm.com.au/718",
        "http:///www.camerafarm.com.au/804",
        "http:///www.camerafarm.com.au/834"
    ],
    "22": [
        "http:///www.camerafarm.com.au/712",
        "http:///www.camerafarm.com.au/727",
        "http:///www.camerafarm.com.au/767",
        "http:///www.camerafarm.com.au/781"
    ],
    "23": [
        "http:///www.camerafarm.com.au/714",
        "http:///www.camerafarm.com.au/717",
        "http:///www.camerafarm.com.au/743",
        "http:///www.camerafarm.com.au/817"
    ],
    "25": [
        "http:///www.camerafarm.com.au/812"
    ],
    "33": [
        "http:///www.camerafarm.com.au/757",
        "http:///www.camerafarm.com.au/806"
    ],
    "34": [
        "http:///www.camerafarm.com.au/716",
        "http:///www.camerafarm.com.au/821"
    ],
    "40": [
        "http:///www.camerafarm.com.au/746"
    ],
    "43": [
        "http:///www.camerafarm.com.au/711",
        "http:///www.camerafarm.com.au/764"
    ],
    "50": [
        "http:///www.camerafarm.com.au/745",
        "http:///www.camerafarm.com.au/788",
        "http:///www.camerafarm.com.au/824"
    ],
    "54": [
        "http:///www.camerafarm.com.au/720",
        "http:///www.camerafarm.com.au/752",
        "http:///www.camerafarm.com.au/759",
        "http:///www.camerafarm.com.au/793"
    ],
    "62": [
        "http:///www.camerafarm.com.au/774",
        "http:///www.camerafarm.com.au/823",
        "http:///www.camerafarm.com.au/831"
    ],
    "66": [
        "http:///www.camerafarm.com.au/730",
        "http:///www.camerafarm.com.au/760",
        "http:///www.camerafarm.com.au/785",
        "http:///www.camerafarm.com.au/813"
    ],
    "75": [
        "http:///www.camerafarm.com.au/724"
    ],
    "79": [
        "http:///www.camerafarm.com.au/751"
    ],
    "82": [
        "http:///www.camerafarm.com.au/733"
    ],
    "88": [
        "http:///www.camerafarm.com.au/734",
        "http:///www.camerafarm.com.au/763",
        "http:///www.camerafarm.com.au/787"
    ],
    "94": [
        "http:///www.camerafarm.com.au/741"
    ],
    "96": [
        "http:///www.camerafarm.com.au/792"
    ],
    "97": [
        "http:///www.camerafarm.com.au/732"
    ],
    "98": [
        "http:///www.camerafarm.com.au/818"
    ],
    "103": [
        "http:///www.camerafarm.com.au/729",
        "http:///www.camerafarm.com.au/773",
        "http:///www.camerafarm.com.au/810"
    ],
    "115": [
        "http:///www.camerafarm.com.au/771"
    ],
    "120": [
        "http:///www.camerafarm.com.au/784"
    ],
    "121": [
        "http:///www.camerafarm.com.au/738",
        "http:///www.camerafarm.com.au/740",
        "http:///www.camerafarm.com.au/769",
        "http:///www.camerafarm.com.au/777",
        "http:///www.camerafarm.com.au/783"
    ],
    "122": [
        "http:///www.camerafarm.com.au/798"
    ],
    "130": [
        "http:///www.camerafarm.com.au/710",
        "http:///www.camerafarm.com.au/721",
        "http:///www.camerafarm.com.au/739",
        "http:///www.camerafarm.com.au/758",
        "http:///www.camerafarm.com.au/811",
        "http:///www.camerafarm.com.au/814"
    ],
    "133": [
        "http:///www.camerafarm.com.au/749"
    ],
    "152": [
        "http:///www.camerafarm.com.au/715"
    ],
    "156": [
        "http:///www.camerafarm.com.au/754",
        "http:///www.camerafarm.com.au/807",
        "http:///www.camerafarm.com.au/822"
    ],
    "163": [
        "http:///www.camerafarm.com.au/728",
        "http:///www.camerafarm.com.au/735",
        "http:///www.camerafarm.com.au/790",
        "http:///www.camerafarm.com.au/841"
    ],
    "174": [
        "http:///www.camerafarm.com.au/816",
        "http:///www.camerafarm.com.au/820",
        "http:///www.camerafarm.com.au/825",
        "http:///www.camerafarm.com.au/826"
    ],
    "181": [
        "http:///www.camerafarm.com.au/755"
    ],
    "182": [
        "http:///www.camerafarm.com.au/837"
    ],
    "189": [
        "http:///www.camerafarm.com.au/779"
    ],
    "195": [
        "http:///www.camerafarm.com.au/843"
    ],
    "217": [
        "http:///www.camerafarm.com.au/723"
    ],
    "230": [
        "http:///www.camerafarm.com.au/796"
    ],
    "281": [
        "http:///www.camerafarm.com.au/582"
    ],
    "355": [
        "http:///www.camerafarm.com.au/802",
        "http:///www.camerafarm.com.au/819",
        "http:///www.camerafarm.com.au/827",
        "http:///www.camerafarm.com.au/828",
        "http:///www.camerafarm.com.au/832",
        "http:///www.camerafarm.com.au/835"
    ],
    "372": [
        "http:///www.camerafarm.com.au/747"
    ],
    "547": [
        "http:///www.camerafarm.com.au/775"
    ],
    "641": [
        "http:///www.camerafarm.com.au/766",
        "http:///www.camerafarm.com.au/780",
        "http:///www.camerafarm.com.au/805"
    ],
    "802": [
        "http:///www.camerafarm.com.au/761"
    ]
}