[
    {
        "spec": {
            "<page title>": "Canon EOS 700D SLR Camera + 18-55mm IS STM Lens (Black) | UK Digital Cameras",
            "brand": "Canon",
            "camera resolution": "18 Megapixels",
            "colour": "Black",
            "hd video": "Full HD (1080P)",
            "lcd size": "3.0\"",
            "mpn": "8596B027AA",
            "optical zoom range": "n/a",
            "variangle lcd": "Yes"
        },
        "url": "http:///www.ukdigitalcameras.co.uk/127"
    },
    {
        "spec": {
            "35mm equivalent": "24-1200mm",
            "<page title>": "Fuji Finepix S1 Digital Camera (Black) | UK Digital Cameras",
            "brand": "Fuji",
            "camera resolution": "16.0 Megapixels",
            "colour": "Black",
            "features": "Super-Zoom\nWide-Angle\nRaw Shooting",
            "hd video": "Full HD (1080P)",
            "included lens": "18x and higher",
            "lcd size": "3.0''",
            "lens tele mm": "1200",
            "lens wide mm": "24",
            "mpn": "P10NC12730A",
            "optical zoom": "50x",
            "optical zoom range": "18x and higher",
            "variangle lcd": "18x and higher"
        },
        "url": "http:///www.ukdigitalcameras.co.uk/130"
    },
    {
        "spec": {
            "35mm equivalent": "28-140mm",
            "<page title>": "Canon Powershot D30 (Blue) | UK Digital Cameras",
            "brand": "Canon",
            "camera resolution": "12 Megapixels",
            "colour": "Blue",
            "features": "Waterproof",
            "hd video": "Full HD (1080P)",
            "lcd size": "3.0\"'",
            "lens tele mm": "140",
            "lens wide mm": "28",
            "mpn": "9337B012AA",
            "optical zoom": "5",
            "optical zoom range": "4x to 7x",
            "waterproof depth": "25m"
        },
        "url": "http:///www.ukdigitalcameras.co.uk/133"
    },
    {
        "spec": {
            "35mm equivalent": "24-100mm",
            "<page title>": "Canon PowerShot G7 X Digital Camera | UK Digital Cameras",
            "brand": "Canon",
            "camera resolution": "20 Megapixels",
            "colour": "Black",
            "features": "Semi-Pro",
            "hd video": "Full HD (1080P)",
            "lcd size": "3.0\"",
            "lens tele mm": "100",
            "lens wide mm": "24",
            "mpn": "9546B009AA",
            "optical zoom": "4",
            "optical zoom range": "4x to 7x"
        },
        "url": "http:///www.ukdigitalcameras.co.uk/138"
    },
    {
        "spec": {
            "35mm equivalent": "24-120mm",
            "<page title>": "Canon PowerShot G1X Mark II (Black) | UK Digital Cameras",
            "brand": "Canon",
            "camera resolution": "12.8 Megapixels",
            "colour": "Black",
            "features": "Semi-Pro",
            "hd video": "Full HD (1080P)",
            "lcd size": "3.0\"",
            "lens tele mm": "120",
            "lens wide mm": "24",
            "mpn": "9167B012AA",
            "optical zoom": "5",
            "optical zoom range": "4x to 7x",
            "variangle lcd": "Yes"
        },
        "url": "http:///www.ukdigitalcameras.co.uk/144"
    },
    {
        "spec": {
            "35mm equivalent": "24-720mm",
            "<page title>": "Sony Cybershot HX60V Digital Camera (Black) | UK Digital Cameras",
            "brand": "Sony",
            "camera resolution": "20 Megapixels",
            "colour": "Black",
            "features": "Wide-Angle\nGPS\n3D Mode",
            "hd video": "Full HD (1080P)",
            "lcd size": "3.0''",
            "lens tele mm": "720",
            "lens wide mm": "24",
            "mpn": "DSCHX60V/B",
            "optical zoom": "30",
            "optical zoom range": "18x and higher"
        },
        "url": "http:///www.ukdigitalcameras.co.uk/151"
    },
    {
        "spec": {
            "35mm equivalent": "26-130mm",
            "<page title>": "Sony Cybershot TX30 Digital Camera (Blue) | UK Digital Cameras",
            "brand": "Sony",
            "camera resolution": "18 Megapixels",
            "colour": "Blue",
            "features": "3D Mode\nSlimline\nWide-Angle",
            "hd video": "Full HD (1080P)",
            "lcd size": "3.0''",
            "lens tele mm": "130",
            "lens wide mm": "26",
            "mpn": "DSCTX30L.CE3",
            "optical zoom": "5",
            "optical zoom range": "4x to 7x"
        },
        "url": "http:///www.ukdigitalcameras.co.uk/152"
    },
    {
        "spec": {
            "35mm equivalent": "24-1200mm",
            "<page title>": "Sony Cybershot HX400v Digital Camera (Black) | UK Digital Cameras",
            "brand": "Sony",
            "camera resolution": "20.4 Megapixels",
            "colour": "Black",
            "features": "Super-Zoom\nVari-Angle LCD",
            "hd video": "Full HD (1080P)",
            "lcd size": "3.0\"",
            "lens tele mm": "1200",
            "lens wide mm": "24",
            "mpn": "DSCHX400VB.CEH",
            "optical zoom": "50",
            "optical zoom range": "18x and higher",
            "variangle lcd": "Yes"
        },
        "url": "http:///www.ukdigitalcameras.co.uk/153"
    },
    {
        "spec": {
            "35mm equivalent": "28-100mm",
            "<page title>": "Sony Cybershot DSC-RX100 II Digital Camera (Black) | UK Digital Cameras",
            "brand": "Sony",
            "camera resolution": "20.2 Megapixels",
            "colour": "Black",
            "features": "Raw Shooting\nSemi-Pro\nWide-Angle",
            "hd video": "Full HD (1080P)",
            "lcd size": "3.0''",
            "lens tele mm": "100",
            "lens wide mm": "28",
            "mpn": "DSCRX100M2CDN.YG",
            "optical zoom": "3.6",
            "optical zoom range": "4x or less",
            "variangle lcd": "Yes"
        },
        "url": "http:///www.ukdigitalcameras.co.uk/158"
    },
    {
        "spec": {
            "35mm equivalent": "35mm",
            "<page title>": "Sony Cybershot DSC-RX1R Digital Camera (Black) | UK Digital Cameras",
            "brand": "Sony",
            "camera resolution": "24.3 Megapixels",
            "colour": "Black",
            "features": "Raw Shooting\nSemi-Pro\nWide-Angle",
            "hd video": "Full HD (1080P)",
            "lcd size": "3.0''",
            "lens wide mm": "35mm",
            "mpn": "DSCRX1R/B",
            "optical zoom": "n/a",
            "variangle lcd": "No"
        },
        "url": "http:///www.ukdigitalcameras.co.uk/159"
    },
    {
        "spec": {
            "35mm equivalent": "24-200mm",
            "<page title>": "Sony Cybershot RX10 Digital Camera (Black) | UK Digital Cameras",
            "brand": "Sony",
            "camera resolution": "20.2 Megapixels",
            "colour": "Black",
            "features": "Super-Zoom\nVari-Angle LCD",
            "hd video": "Full HD (1080P)",
            "lcd size": "3.0\"",
            "lens tele mm": "200",
            "lens wide mm": "24",
            "mpn": "DSCRX10.CEH",
            "optical zoom": "8",
            "optical zoom range": "8x to 11x",
            "variangle lcd": "Yes"
        },
        "url": "http:///www.ukdigitalcameras.co.uk/161"
    },
    {
        "spec": {
            "35mm equivalent": "28-100mm",
            "<page title>": "Sony Cybershot DSC-RX100 III Digital Camera (Black) | UK Digital Cameras",
            "brand": "Sony",
            "camera resolution": "20.1 Megapixels",
            "colour": "Black",
            "features": "Raw Shooting\nSemi-Pro\nWide-Angle",
            "hd video": "Full HD (1080P)",
            "lcd size": "3.0''",
            "lens tele mm": "100",
            "lens wide mm": "28",
            "mpn": "DSCRX100M3.CEH",
            "optical zoom": "3.6",
            "optical zoom range": "4x or less",
            "variangle lcd": "Yes"
        },
        "url": "http:///www.ukdigitalcameras.co.uk/165"
    },
    {
        "spec": {
            "35mm equivalent": "26-130mm",
            "<page title>": "Sony Cybershot TX30 Digital Camera (Black) | UK Digital Cameras",
            "brand": "Sony",
            "camera resolution": "18 Megapixels",
            "colour": "Black",
            "features": "3D Mode\nSlimline\nWide-Angle",
            "hd video": "Full HD (1080P)",
            "lcd size": "3.0''",
            "lens tele mm": "130",
            "lens wide mm": "26",
            "mpn": "DSC-TX30/B",
            "optical zoom": "5",
            "optical zoom range": "4x to 7x"
        },
        "url": "http:///www.ukdigitalcameras.co.uk/166"
    },
    {
        "spec": {
            "35mm equivalent": "28-100mm",
            "<page title>": "Sony Cybershot RX100 Digital Camera (Black) | UK Digital Cameras",
            "brand": "Sony",
            "camera resolution": "20.2 Megapixels",
            "colour": "Black",
            "features": "Raw Shooting\nSemi-Pro\nWide-Angle",
            "hd video": "Full HD (1080P)",
            "lcd size": "3.0''",
            "lens tele mm": "100",
            "lens wide mm": "28",
            "mpn": "DSCRX100.CEH",
            "optical zoom": "3.6",
            "optical zoom range": "4x or less",
            "variangle lcd": "No"
        },
        "url": "http:///www.ukdigitalcameras.co.uk/167"
    },
    {
        "spec": {
            "35mm equivalent": "26-130mm",
            "<page title>": "Sony Cybershot TX30 Digital Camera (Orange) | UK Digital Cameras",
            "brand": "Sony",
            "camera resolution": "18 Megapixels",
            "colour": "Orange",
            "features": "Wide-Angle\n3D Mode\nSlimline",
            "hd video": "Full HD (1080P)",
            "lcd size": "3.0''",
            "lens tele mm": "130",
            "lens wide mm": "26",
            "mpn": "DSCTX30D.CE3",
            "optical zoom": "5",
            "optical zoom range": "4x to 7x"
        },
        "url": "http:///www.ukdigitalcameras.co.uk/170"
    },
    {
        "spec": {
            "35mm equivalent": "24-1200mm",
            "<page title>": "Fuji Finepix S9200 Digital Camera (Red) | UK Digital Cameras",
            "brand": "Fuji",
            "camera resolution": "16.2 Megapixels",
            "colour": "Black",
            "features": "Manual Controls\nSemi-Pro\nSuper-Zoom",
            "hd video": "Full HD (1080P)",
            "included lens": "18x and higher",
            "lcd size": "3.0\"",
            "lens tele mm": "1200",
            "lens wide mm": "24",
            "mpn": "P10NC12710A",
            "optical zoom": "50",
            "optical zoom range": "18x and higher"
        },
        "url": "http:///www.ukdigitalcameras.co.uk/176"
    },
    {
        "spec": {
            "35mm equivalent": "24-1200mm",
            "<page title>": "Fuji Finepix S9200 Digital Camera (White) | UK Digital Cameras",
            "brand": "Fuji",
            "camera resolution": "16.2 Megapixels",
            "colour": "White",
            "features": "Manual Controls\nSemi-Pro\nSuper-Zoom",
            "hd video": "Full HD (1080P)",
            "included lens": "18x and higher",
            "lcd size": "3.0''",
            "lens tele mm": "1200",
            "lens wide mm": "24",
            "mpn": "P10NC12720A",
            "optical zoom": "50",
            "optical zoom range": "18x and higher"
        },
        "url": "http:///www.ukdigitalcameras.co.uk/178"
    },
    {
        "spec": {
            "35mm equivalent": "21-1365mm",
            "<page title>": "Canon Powershot SX60 HS Digital Camera (Black) | UK Digital Cameras",
            "brand": "Canon",
            "camera resolution": "16 Megapixels",
            "colour": "Black",
            "features": "Semi-Pro\nSuper-Zoom\nWide-Angle",
            "hd video": "Full HD (1080P)",
            "included lens": "21-1365mm",
            "lcd size": "3.0\"",
            "lens tele mm": "1365",
            "lens wide mm": "21",
            "mpn": "9543B009AA",
            "optical zoom": "65",
            "optical zoom range": "18x and higher",
            "variangle lcd": "Yes"
        },
        "url": "http:///www.ukdigitalcameras.co.uk/2"
    },
    {
        "spec": {
            "35mm equivalent": "25-300mm",
            "<page title>": "Nikon Coolpix S6400 Digital Camera (Silver) | UK Digital Cameras",
            "brand": "Nikon",
            "camera resolution": "16.0 Megapixels",
            "colour": "Silver",
            "features": "Slimline\nWide-Angle",
            "hd video": "Full HD (1080p)",
            "included lens": "12x 17x",
            "lcd size": "3.0\"",
            "lens tele mm": "300",
            "lens wide mm": "25",
            "mpn": "VNA190E1",
            "optical zoom": "12",
            "optical zoom range": "12x to 17x"
        },
        "url": "http:///www.ukdigitalcameras.co.uk/214"
    },
    {
        "spec": {
            "35mm equivalent": "24-480mm",
            "<page title>": "Panasonic Lumix TZ55 Digital Camera (Red) | UK Digital Cameras",
            "brand": "Panasonic",
            "camera resolution": "16 Megapixels",
            "colour": "Red",
            "features": "Compact Super-Zoom",
            "hd video": "Full HD (1080P)",
            "lcd size": "3.0''",
            "lens tele mm": "480",
            "lens wide mm": "24",
            "mpn": "DMC-TZ55EB-R",
            "optical zoom": "20",
            "optical zoom range": "18x and higher",
            "variangle lcd": "Yes"
        },
        "url": "http:///www.ukdigitalcameras.co.uk/215"
    },
    {
        "spec": {
            "35mm equivalent": "28-128mm",
            "<page title>": "Panasonic Lumix FT5 Digital Camera (Black) | UK Digital Cameras",
            "brand": "Panasonic",
            "camera resolution": "16.1 Megapixels",
            "colour": "Black",
            "features": "GPS\nWaterproof",
            "hd video": "Full HD (1080P)",
            "included lens": "4x to 7x",
            "lcd size": "3.0\"",
            "lens tele mm": "128mm",
            "lens wide mm": "28mm",
            "mpn": "DMC-FT5EB-K",
            "optical zoom": "4.6x",
            "optical zoom range": "4x to 7x",
            "waterproof depth": "13m"
        },
        "url": "http:///www.ukdigitalcameras.co.uk/216"
    },
    {
        "spec": {
            "35mm equivalent": "23-483",
            "<page title>": "Samsung WB350F Digital Camera (Brown) | UK Digital Cameras",
            "brand": "Samsung",
            "camera resolution": "16 Megapixels",
            "colour": "Brown",
            "features": "Compact Super-Zoom\nWide-Angle",
            "hd video": "Full HD (1080P)",
            "lcd size": "3.0\"",
            "lens tele mm": "483",
            "lens wide mm": "23",
            "mpn": "EC-WB350FBPNE1",
            "optical zoom": "21",
            "optical zoom range": "18x and higher"
        },
        "url": "http:///www.ukdigitalcameras.co.uk/217"
    },
    {
        "spec": {
            "35mm equivalent": "25-450mm",
            "<page title>": "Canon Powershot SX600 HS Digital Camera (White) | UK Digital Cameras",
            "brand": "Canon",
            "camera resolution": "16 Megapixels",
            "colour": "White",
            "features": "Compact Super-Zoom",
            "hd video": "Full HD (1080p)",
            "lcd size": "3.0\"",
            "lens tele mm": "450",
            "lens wide mm": "25",
            "mpn": "9341B011",
            "optical zoom": "18",
            "optical zoom range": "18x and higher"
        },
        "url": "http:///www.ukdigitalcameras.co.uk/218"
    },
    {
        "spec": {
            "35mm equivalent": "25-550mm",
            "<page title>": "Nikon Coolpix S9600 Digital Camera (Red) | UK Digital Cameras",
            "brand": "Nikon",
            "camera resolution": "16 Megapixels",
            "colour": "Red",
            "features": "Compact Super-Zoom\nWide-Angle",
            "hd video": "Full HD (1080P)",
            "lcd size": "3.0''",
            "lens tele mm": "550",
            "lens wide mm": "25",
            "mpn": "VNA502E1",
            "optical zoom": "22",
            "optical zoom range": "18x and higher"
        },
        "url": "http:///www.ukdigitalcameras.co.uk/219"
    },
    {
        "spec": {
            "35mm equivalent": "24-1200mm",
            "<page title>": "Fuji Finepix S1 Black (White Boxed) | UK Digital Cameras",
            "brand": "Fuji",
            "camera resolution": "16.0 Megapixels",
            "colour": "Black",
            "features": "Raw Shooting\nWide-Angle\nSuper-Zoom",
            "hd video": "Full HD (1080P)",
            "included lens": "18x and higher",
            "lcd size": "3.0''",
            "lens tele mm": "1200",
            "lens wide mm": "24",
            "mpn": "P10NC12730A",
            "optical zoom": "50x",
            "optical zoom range": "18x and higher",
            "variangle lcd": "18x and higher"
        },
        "url": "http:///www.ukdigitalcameras.co.uk/220"
    },
    {
        "spec": {
            "35mm equivalent": "25-100mm",
            "<page title>": "Fuji XQ1 Digital Camera (Black) | UK Digital Cameras",
            "brand": "Fuji",
            "camera resolution": "12 Megapixels",
            "colour": "Black",
            "features": "Raw Shooting\nWide-Angle",
            "hd video": "Full HD (1080P)",
            "lcd size": "3.0\"",
            "lens tele mm": "100",
            "lens wide mm": "25",
            "mpn": "P10NC11760A",
            "optical zoom": "4"
        },
        "url": "http:///www.ukdigitalcameras.co.uk/221"
    },
    {
        "spec": {
            "35mm equivalent": "24-720mm",
            "<page title>": "Fuji FinePix S4800 Digital Camera (White) | UK Digital Cameras",
            "brand": "Fuji",
            "camera resolution": "16.0 Megapixels",
            "colour": "White",
            "features": "Manual Controls\nSemi-Pro\nSuper-Zoom",
            "hd video": "Full HD (1080P)",
            "included lens": "18x and higher",
            "lcd size": "3.0''",
            "lens tele mm": "720",
            "lens wide mm": "24",
            "mpn": "P10NC09950A",
            "optical zoom": "30",
            "optical zoom range": "18x and higher"
        },
        "url": "http:///www.ukdigitalcameras.co.uk/222"
    },
    {
        "spec": {
            "35mm equivalent": "25-300mm",
            "<page title>": "Nikon Coolpix S6800 Digital Camera (White) | UK Digital Cameras",
            "brand": "Nikon",
            "camera resolution": "16 Megapixels",
            "colour": "White",
            "features": "Slimline",
            "hd video": "Full HD (1080P)",
            "lcd size": "3.0''",
            "lens tele mm": "300",
            "lens wide mm": "25",
            "mpn": "VNA522E1",
            "optical zoom": "23",
            "optical zoom range": "18x and higher"
        },
        "url": "http:///www.ukdigitalcameras.co.uk/223"
    },
    {
        "spec": {
            "35mm equivalent": "24-110mm",
            "<page title>": "Nikon Coolpix AW120 Digital Camera (Camo) | UK Digital Cameras",
            "brand": "Nikon",
            "camera resolution": "16 Megapixels",
            "colour": "Camo",
            "features": "Compact\nWaterproof",
            "hd video": "Full HD (1080P)",
            "lcd size": "3.0\"",
            "lens tele mm": "120",
            "lens wide mm": "24",
            "mpn": "VNA593E1",
            "optical zoom": "5",
            "optical zoom range": "4x to 7x",
            "variangle lcd": "No",
            "waterproof depth": "18m"
        },
        "url": "http:///www.ukdigitalcameras.co.uk/224"
    },
    {
        "spec": {
            "35mm equivalent": "25-750mm",
            "<page title>": "Nikon Coolpix S9700 Digital Camera (Black) | UK Digital Cameras",
            "brand": "Nikon",
            "camera resolution": "16 Megapixels",
            "colour": "Black",
            "features": "Compact Super-Zoom\nWide-Angle\nWi-Fi",
            "hd video": "Full HD (1080P)",
            "lcd size": "3.0''",
            "lens tele mm": "750",
            "lens wide mm": "25",
            "mpn": "VNA650E1",
            "optical zoom": "30",
            "optical zoom range": "18x and higher"
        },
        "url": "http:///www.ukdigitalcameras.co.uk/225"
    },
    {
        "spec": {
            "35mm equivalent": "24-240mm",
            "<page title>": "Canon Ixus 155 Digital Camera (Black) | UK Digital Cameras",
            "brand": "Canon",
            "camera resolution": "20 Megapixels",
            "colour": "Black",
            "features": "Slimline",
            "hd video": "HD (720p)",
            "lcd size": "2.7\"",
            "lens tele mm": "120",
            "lens wide mm": "24",
            "mpn": "9357B006",
            "optical zoom": "10x",
            "optical zoom range": "8x to 11x"
        },
        "url": "http:///www.ukdigitalcameras.co.uk/226"
    },
    {
        "spec": {
            "35mm equivalent": "25-200mm",
            "<page title>": "Nikon Coolpix S3600 Digital Camera (Silver) | UK Digital Cameras",
            "brand": "Nikon",
            "camera resolution": "20 Megapixels",
            "colour": "Black",
            "features": "Slimline",
            "hd video": "HD (720P)",
            "lcd size": "2.7''",
            "lens tele mm": "200",
            "lens wide mm": "25",
            "mpn": "VNA551E1",
            "optical zoom": "8",
            "optical zoom range": "8x to 11x"
        },
        "url": "http:///www.ukdigitalcameras.co.uk/227"
    },
    {
        "spec": {
            "35mm equivalent": "24-1440mm",
            "<page title>": "Nikon Coolpix P600 Digital Camera (Red) | UK Digital Cameras",
            "brand": "Nikon",
            "camera resolution": "16.1 Megapixels",
            "colour": "Red",
            "features": "Wi-Fi",
            "hd video": "Full HD (1080P)",
            "lcd size": "3.0''",
            "lens tele mm": "1440",
            "lens wide mm": "24",
            "mpn": "VNA481E1",
            "optical zoom": "60x",
            "optical zoom range": "18x and higher"
        },
        "url": "http:///www.ukdigitalcameras.co.uk/228"
    },
    {
        "spec": {
            "35mm equivalent": "25-300mm",
            "<page title>": "Nikon Coolpix S6800 Digital Camera (Pink) | UK Digital Cameras",
            "brand": "Nikon",
            "camera resolution": "16 Megapixels",
            "colour": "Pink",
            "features": "Slimline",
            "hd video": "Full HD (1080P)",
            "lcd size": "3.0''",
            "lens tele mm": "300",
            "lens wide mm": "25",
            "mpn": "VNA523E1",
            "optical zoom": "23",
            "optical zoom range": "18x and higher"
        },
        "url": "http:///www.ukdigitalcameras.co.uk/229"
    },
    {
        "spec": {
            "35mm equivalent": "25-200mm",
            "<page title>": "Nikon Coolpix S5300 Digital Camera (Black) | UK Digital Cameras",
            "brand": "Nikon",
            "camera resolution": "16 Megapixels",
            "colour": "Black",
            "features": "Slimline",
            "hd video": "Full HD (1080P)",
            "lcd size": "3.0''",
            "lens tele mm": "200",
            "lens wide mm": "25",
            "mpn": "VNA291E1",
            "optical zoom": "8",
            "optical zoom range": "8x to 11x"
        },
        "url": "http:///www.ukdigitalcameras.co.uk/230"
    },
    {
        "spec": {
            "35mm equivalent": "24-720mm",
            "<page title>": "Panasonic Lumix TZ60 Digital Camera (Black) | UK Digital Cameras",
            "brand": "Panasonic",
            "camera resolution": "18.1 Megapixels",
            "colour": "Black",
            "features": "Compact Super-Zoom\nWi-Fi",
            "hd video": "Full HD (1080P)",
            "lcd size": "3.0''",
            "lens tele mm": "720",
            "lens wide mm": "24",
            "mpn": "DMC-TZ60EB-K",
            "optical zoom": "30",
            "optical zoom range": "18x and higher"
        },
        "url": "http:///www.ukdigitalcameras.co.uk/231"
    },
    {
        "spec": {
            "35mm equivalent": "28-200mm",
            "<page title>": "Panasonic Lumix DMC-LF1 Digital Camera (Black) | UK Digital Cameras",
            "brand": "Panasonic",
            "camera resolution": "12.1 Megapixels",
            "colour": "Black",
            "features": "Raw Shooting\nSemi-Pro\nWide-Angle",
            "hd video": "Full HD (1080P)",
            "lcd size": "3.0''",
            "lens tele mm": "200",
            "lens wide mm": "28",
            "mpn": "DMC-LF1EB-K",
            "optical zoom": "7.1",
            "optical zoom range": "4x to 7x",
            "variangle lcd": "No"
        },
        "url": "http:///www.ukdigitalcameras.co.uk/232"
    },
    {
        "spec": {
            "35mm equivalent": "25-100mm",
            "<page title>": "Panasonic Lumix FT25 Digital Camera (Blue) | UK Digital Cameras",
            "brand": "Panasonic",
            "camera resolution": "16.1 Megapixels",
            "colour": "Blue",
            "features": "Waterproof",
            "hd video": "HD (720P)",
            "included lens": "4x to 7x",
            "lcd size": "3.0\"",
            "lens tele mm": "100mm",
            "lens wide mm": "25mm",
            "mpn": "DMC-FT25EB-A",
            "optical zoom": "4x",
            "optical zoom range": "4x to 7x",
            "waterproof depth": "7m"
        },
        "url": "http:///www.ukdigitalcameras.co.uk/233"
    },
    {
        "spec": {
            "35mm equivalent": "25-300mm",
            "<page title>": "Canon Ixus 265 HS Digital Camera (Black) | UK Digital Cameras",
            "brand": "Canon",
            "camera resolution": "16 Megapixels",
            "colour": "Black",
            "features": "Slimline",
            "hd video": "Full HD (1080p)",
            "lcd size": "3.0\"",
            "lens tele mm": "120",
            "lens wide mm": "25-300",
            "mpn": "8207B008AA",
            "optical zoom": "12x",
            "optical zoom range": "12x to 17x"
        },
        "url": "http:///www.ukdigitalcameras.co.uk/234"
    },
    {
        "spec": {
            "35mm equivalent": "25-750mm",
            "<page title>": "Nikon Coolpix S9700 Digital Camera (White) | UK Digital Cameras",
            "brand": "Nikon",
            "camera resolution": "16 Megapixels",
            "colour": "White",
            "features": "Compact Super-Zoom\nWi-Fi\nWide-Angle",
            "hd video": "Full HD (1080P)",
            "lcd size": "3.0''",
            "lens tele mm": "750",
            "lens wide mm": "25",
            "mpn": "VNA652E1",
            "optical zoom": "30",
            "optical zoom range": "18x and higher"
        },
        "url": "http:///www.ukdigitalcameras.co.uk/235"
    },
    {
        "spec": {
            "35mm equivalent": "25-550mm",
            "<page title>": "Nikon Coolpix S02 Digital Camera (Blue) | UK Digital Cameras",
            "brand": "Nikon",
            "camera resolution": "13 Megapixels",
            "colour": "Blue",
            "hd video": "Full HD (1080P)",
            "lcd size": "2.7''",
            "lens tele mm": "90",
            "lens wide mm": "30",
            "mpn": "VNA453E1",
            "optical zoom": "3",
            "optical zoom range": "4x or less"
        },
        "url": "http:///www.ukdigitalcameras.co.uk/236"
    },
    {
        "spec": {
            "35mm equivalent": "24-120mm",
            "<page title>": "Panasonic Lumix LX100 Digital Camera (Silver) | UK Digital Cameras",
            "brand": "Panasonic",
            "camera resolution": "12.8 Megapixels",
            "colour": "Silver",
            "features": "Raw Shooting\nSemi-Pro\nWide-Angle",
            "hd video": "4K HD",
            "lcd size": "3.0''",
            "lens tele mm": "120",
            "lens wide mm": "24",
            "mpn": "DMC-LX100EBS",
            "optical zoom": "3.1",
            "optical zoom range": "4x or less",
            "variangle lcd": "No"
        },
        "url": "http:///www.ukdigitalcameras.co.uk/237"
    },
    {
        "spec": {
            "35mm equivalent": "23-483",
            "<page title>": "Samsung Galaxy 2 Digital Camera (Black) | UK Digital Cameras",
            "brand": "Samsung",
            "camera resolution": "16 Megapixels",
            "colour": "Black",
            "features": "Compact Super-Zoom\nWide-Angle",
            "lcd size": "4.8\"",
            "lens tele mm": "483",
            "lens wide mm": "23",
            "mpn": "EK-GC200ZKABTU",
            "optical zoom": "21",
            "optical zoom range": "18x and higher"
        },
        "url": "http:///www.ukdigitalcameras.co.uk/238"
    },
    {
        "spec": {
            "<page title>": "Fuji X-E2 Camera + 18-55mm Lens (Black) | UK Digital Cameras",
            "brand": "Fuji",
            "camera resolution": "16.3 Megapixels",
            "colour": "Black",
            "features": "Raw Shooting\nWide-Angle",
            "hd video": "Full HD (1080P)",
            "lcd size": "3.0\"",
            "mpn": "P10NC11740A"
        },
        "url": "http:///www.ukdigitalcameras.co.uk/239"
    },
    {
        "spec": {
            "<page title>": "Nikon D3200 Digital SLR + 18-55mm VR Lens Kit | UK Digital Cameras",
            "brand": "Nikon",
            "camera resolution": "24.2 Megapixels",
            "colour": "Black",
            "hd video": "Full HD (1080P)",
            "lcd size": "3.0\"",
            "mpn": "VBA330K001",
            "variangle lcd": "No"
        },
        "url": "http:///www.ukdigitalcameras.co.uk/240"
    },
    {
        "spec": {
            "35mm equivalent": "24-1200mm",
            "<page title>": "Olympus SP-100EE Digital Camera (Black) | UK Digital Cameras",
            "brand": "Olympus",
            "camera resolution": "16 Megapixels",
            "colour": "Black",
            "features": "Macro Mode",
            "hd video": "Full HD (1080p)",
            "lcd size": "3.0\"",
            "lens tele mm": "1200",
            "lens wide mm": "24",
            "mpn": "V103070BE000",
            "optical zoom": "50x",
            "optical zoom range": "18x and higher"
        },
        "url": "http:///www.ukdigitalcameras.co.uk/241"
    },
    {
        "spec": {
            "35mm equivalent": "25-550mm",
            "<page title>": "Nikon Coolpix S9600 Digital Camera (White) | UK Digital Cameras",
            "brand": "Nikon",
            "camera resolution": "16 Megapixels",
            "colour": "White",
            "features": "Compact Super-Zoom\nWide-Angle",
            "hd video": "Full HD (1080P)",
            "lcd size": "3.0''",
            "lens tele mm": "550",
            "lens wide mm": "25",
            "mpn": "VNA501E1",
            "optical zoom": "22",
            "optical zoom range": "18x and higher"
        },
        "url": "http:///www.ukdigitalcameras.co.uk/242"
    },
    {
        "spec": {
            "35mm equivalent": "21-105mm",
            "<page title>": "Olympus TG-850 Tough Digital Camera (Silver) | UK Digital Cameras",
            "brand": "Olympus",
            "camera resolution": "16 Megapixels",
            "colour": "Silver",
            "features": "Compact\nWaterproof",
            "hd video": "Full HD (1080P)",
            "lcd size": "3.0''",
            "lens tele mm": "105",
            "lens wide mm": "21",
            "mpn": "V104150BE000",
            "optical zoom": "5",
            "optical zoom range": "4x to 7x",
            "waterproof depth": "10m"
        },
        "url": "http:///www.ukdigitalcameras.co.uk/243"
    },
    {
        "spec": {
            "35mm equivalent": "23-481",
            "<page title>": "Samsung Galaxy GC100 Digital Camera (White) | UK Digital Cameras",
            "brand": "Samsung",
            "camera resolution": "16 Megapixels",
            "colour": "White",
            "features": "Compact Super-Zoom\nGPS\nWide-Angle",
            "lcd size": "4.8\"",
            "lens tele mm": "481",
            "lens wide mm": "23",
            "mpn": "EK-GC100ZWABTU",
            "optical zoom": "21",
            "optical zoom range": "18x and higher"
        },
        "url": "http:///www.ukdigitalcameras.co.uk/245"
    },
    {
        "spec": {
            "35mm equivalent": "25-100mm",
            "<page title>": "Fuji XQ1 Digital Camera (Silver) | UK Digital Cameras",
            "brand": "Fuji",
            "camera resolution": "12 Megapixels",
            "colour": "Silver",
            "features": "Raw Shooting\nWide-Angle",
            "hd video": "Full HD (1080P)",
            "lcd size": "3.0\"",
            "lens tele mm": "100",
            "lens wide mm": "25",
            "mpn": "P10NC11770A",
            "optical zoom": "4"
        },
        "url": "http:///www.ukdigitalcameras.co.uk/246"
    },
    {
        "spec": {
            "35mm equivalent": "24-480mm",
            "<page title>": "Panasonic Lumix TZ55 Digital Camera (Black) | UK Digital Cameras",
            "brand": "Panasonic",
            "camera resolution": "16 Megapixels",
            "colour": "Black",
            "features": "Compact Super-Zoom",
            "hd video": "Full HD (1080P)",
            "lcd size": "3.0''",
            "lens tele mm": "480",
            "lens wide mm": "24",
            "mpn": "DMC-TZ55EB-K",
            "optical zoom": "20",
            "optical zoom range": "18x and higher",
            "variangle lcd": "Yes"
        },
        "url": "http:///www.ukdigitalcameras.co.uk/248"
    },
    {
        "spec": {
            "35mm equivalent": "25-600mm",
            "<page title>": "Panasonic Lumix FZ200 Digital Camera (Black) | UK Digital Cameras",
            "brand": "Panasonic",
            "camera resolution": "12.1 Megapixels",
            "colour": "Black",
            "features": "Manual Controls\nSuper-Zoom",
            "hd video": "Full HD (1080P)",
            "lcd size": "3.0''",
            "lens tele mm": "600",
            "lens wide mm": "25",
            "mpn": "DMC-FZ200EBK",
            "optical zoom": "24",
            "optical zoom range": "18x and higher",
            "variangle lcd": "Yes"
        },
        "url": "http:///www.ukdigitalcameras.co.uk/249"
    },
    {
        "spec": {
            "35mm equivalent": "24-120mm",
            "<page title>": "Panasonic Lumix LX100 Digital Camera (Black) | UK Digital Cameras",
            "brand": "Panasonic",
            "camera resolution": "12.8 Megapixels",
            "colour": "Black",
            "features": "Raw Shooting\nWide-Angle\nSemi-Pro",
            "hd video": "4K HD",
            "lcd size": "3.0''",
            "lens tele mm": "120",
            "lens wide mm": "24",
            "mpn": "DMC-LX100EBK",
            "optical zoom": "3.1",
            "optical zoom range": "4x or less",
            "variangle lcd": "No"
        },
        "url": "http:///www.ukdigitalcameras.co.uk/250"
    },
    {
        "spec": {
            "35mm equivalent": "25-600mm",
            "<page title>": "Olympus SH-1 Digital Camera (White) | UK Digital Cameras",
            "brand": "Olympus",
            "camera resolution": "16 Megapixels",
            "colour": "White",
            "features": "Compact Super-Zoom",
            "hd video": "Full HD (1080P)",
            "lcd size": "3.0''",
            "lens tele mm": "600",
            "lens wide mm": "25",
            "mpn": "V107080WE000",
            "optical zoom": "24",
            "optical zoom range": "18x and higher"
        },
        "url": "http:///www.ukdigitalcameras.co.uk/251"
    },
    {
        "spec": {
            "35mm equivalent": "22-580mm",
            "<page title>": "Pentax Optio X5 Digital Camera (Black) | UK Digital Cameras",
            "brand": "Pentax",
            "camera resolution": "16 Megapixels",
            "colour": "Black",
            "features": "Super-Zoom",
            "hd video": "Full HD (1080P)",
            "lcd size": "3.0\"",
            "lens tele mm": "580",
            "lens wide mm": "22",
            "mpn": "12762",
            "optical zoom": "26",
            "optical zoom range": "18x and higher",
            "variangle lcd": "Yes"
        },
        "url": "http:///www.ukdigitalcameras.co.uk/252"
    },
    {
        "spec": {
            "35mm equivalent": "21-105mm",
            "<page title>": "Olympus TG-850 Tough Digital Camera (White) | UK Digital Cameras",
            "brand": "Olympus",
            "camera resolution": "16 Megapixels",
            "colour": "White",
            "features": "Compact\nWaterproof",
            "hd video": "Full HD (1080P)",
            "lcd size": "3.0''",
            "lens tele mm": "105",
            "lens wide mm": "21",
            "mpn": "V104150WE000",
            "optical zoom": "5",
            "optical zoom range": "4x to 7x",
            "waterproof depth": "10m"
        },
        "url": "http:///www.ukdigitalcameras.co.uk/253"
    },
    {
        "spec": {
            "35mm equivalent": "25-400mm",
            "<page title>": "Panasonic Lumix FZ1000 4K Digital Camera (Black) | UK Digital Cameras",
            "brand": "Panasonic",
            "camera resolution": "20.1 Megapixels",
            "colour": "Black",
            "features": "Raw Shooting\nManual Controls\nSemi-Pro\nSuper-Zoom",
            "hd video": "4K HD",
            "included lens": "18x and higher",
            "lcd size": "3.0\"",
            "lens tele mm": "400",
            "lens wide mm": "25",
            "mpn": "DMC-FZ1000EB",
            "optical zoom": "16",
            "optical zoom range": "12x to 17x"
        },
        "url": "http:///www.ukdigitalcameras.co.uk/254"
    },
    {
        "spec": {
            "35mm equivalent": "25-200mm",
            "<page title>": "Nikon Coolpix S3600 Digital Camera (Black) | UK Digital Cameras",
            "brand": "Nikon",
            "camera resolution": "20 Megapixels",
            "colour": "Black",
            "features": "Slimline",
            "hd video": "HD (720P)",
            "lcd size": "2.7''",
            "lens tele mm": "200",
            "lens wide mm": "25",
            "mpn": "VNA551E1",
            "optical zoom": "8",
            "optical zoom range": "8x to 11x"
        },
        "url": "http:///www.ukdigitalcameras.co.uk/255"
    },
    {
        "spec": {
            "35mm equivalent": "25-200mm",
            "<page title>": "Nikon Coolpix S5300 Digital Camera (Plum) | UK Digital Cameras",
            "brand": "Nikon",
            "camera resolution": "16 Megapixels",
            "colour": "Plum",
            "features": "Slimline",
            "hd video": "Full HD (1080P)",
            "lcd size": "3.0''",
            "lens tele mm": "200",
            "lens wide mm": "25",
            "mpn": "VNA542E1",
            "optical zoom": "8",
            "optical zoom range": "8x to 11x"
        },
        "url": "http:///www.ukdigitalcameras.co.uk/256"
    },
    {
        "spec": {
            "35mm equivalent": "25-450mm",
            "<page title>": "Canon Powershot SX600 HS Digital Camera (Red) | UK Digital Cameras",
            "brand": "Canon",
            "camera resolution": "16 Megapixels",
            "colour": "Red",
            "features": "Compact Super-Zoom",
            "hd video": "Full HD (1080p)",
            "lcd size": "3.0\"",
            "lens tele mm": "450",
            "lens wide mm": "25",
            "mpn": "9342B011",
            "optical zoom": "18",
            "optical zoom range": "18x and higher"
        },
        "url": "http:///www.ukdigitalcameras.co.uk/257"
    },
    {
        "spec": {
            "35mm equivalent": "24-1200mm",
            "<page title>": "Fuji Finepix S9200 Digital Camera (Black) | UK Digital Cameras",
            "brand": "Fuji",
            "camera resolution": "16.2 Megapixels",
            "colour": "Black",
            "features": "Manual Controls\nSemi-Pro\nSuper-Zoom",
            "hd video": "Full HD (1080P)",
            "included lens": "18x and higher",
            "lcd size": "3.0\"",
            "lens tele mm": "1200",
            "lens wide mm": "24",
            "mpn": "P10NC12610A",
            "optical zoom": "50",
            "optical zoom range": "18x and higher"
        },
        "url": "http:///www.ukdigitalcameras.co.uk/258"
    },
    {
        "spec": {
            "35mm equivalent": "24-480mm",
            "<page title>": "Panasonic Lumix TZ55 Digital Camera (White) | UK Digital Cameras",
            "brand": "Panasonic",
            "camera resolution": "16 Megapixels",
            "colour": "White",
            "features": "Compact Super-Zoom",
            "hd video": "Full HD (1080P)",
            "lcd size": "3.0''",
            "lens tele mm": "480",
            "lens wide mm": "24",
            "mpn": "DMC-TZ55EB-W",
            "optical zoom": "20",
            "optical zoom range": "18x and higher",
            "variangle lcd": "Yes"
        },
        "url": "http:///www.ukdigitalcameras.co.uk/259"
    },
    {
        "spec": {
            "35mm equivalent": "23-481",
            "<page title>": "Samsung Galaxy GC100 Digital Camera (Black) | UK Digital Cameras",
            "brand": "Samsung",
            "camera resolution": "16 Megapixels",
            "colour": "Black",
            "features": "Wide-Angle\nCompact Super-Zoom\nGPS",
            "lcd size": "4.8\"",
            "lens tele mm": "481",
            "lens wide mm": "23",
            "mpn": "EK-GC100ZKABTU",
            "optical zoom": "21",
            "optical zoom range": "18x and higher"
        },
        "url": "http:///www.ukdigitalcameras.co.uk/260"
    },
    {
        "spec": {
            "35mm equivalent": "25-550mm",
            "<page title>": "Nikon Coolpix S02 Digital Camera (Silver) | UK Digital Cameras",
            "brand": "Nikon",
            "camera resolution": "13 Megapixels",
            "colour": "Silver",
            "hd video": "Full HD (1080P)",
            "lcd size": "2.7''",
            "lens tele mm": "90",
            "lens wide mm": "30",
            "mpn": "VNA450E1",
            "optical zoom": "3",
            "optical zoom range": "4x or less"
        },
        "url": "http:///www.ukdigitalcameras.co.uk/261"
    },
    {
        "spec": {
            "35mm equivalent": "28-224mm",
            "<page title>": "Canon Ixus 150 Digital Camera (Red) | UK Digital Cameras",
            "brand": "Canon",
            "camera resolution": "16 Megapixels",
            "colour": "Red",
            "features": "Slimline",
            "hd video": "HD (720p)",
            "lcd size": "2.7\"",
            "lens tele mm": "224",
            "lens wide mm": "28",
            "mpn": "9148B006",
            "optical zoom": "8x",
            "optical zoom range": "8x to 11x"
        },
        "url": "http:///www.ukdigitalcameras.co.uk/262"
    },
    {
        "spec": {
            "35mm equivalent": "25-200mm",
            "<page title>": "Nikon Coolpix S3600 Digital Camera (Pink) | UK Digital Cameras",
            "brand": "Nikon",
            "camera resolution": "20 Megapixels",
            "colour": "Pink",
            "features": "Slimline",
            "hd video": "HD (720P)",
            "lcd size": "2.7''",
            "lens tele mm": "200",
            "lens wide mm": "25",
            "mpn": "VNA554E1",
            "optical zoom": "8",
            "optical zoom range": "8x to 11x"
        },
        "url": "http:///www.ukdigitalcameras.co.uk/263"
    },
    {
        "spec": {
            "35mm equivalent": "20-1200mm",
            "<page title>": "Panasonic Lumix FZ72 + DMW-LT55E + DMW-LA8 Kit | UK Digital Cameras",
            "brand": "Panasonic",
            "camera resolution": "16.1 Megapixels",
            "colour": "Black",
            "features": "Raw Shooting\nManual Controls\nSemi-Pro\nSuper-Zoom",
            "hd video": "Full HD (1080P)",
            "included lens": "18x and higher",
            "lcd size": "3.0\"",
            "lens tele mm": "2040",
            "lens wide mm": "20",
            "mpn": "DMC-FZ72LENSKIT",
            "optical zoom": "102x",
            "optical zoom range": "18x and higher"
        },
        "url": "http:///www.ukdigitalcameras.co.uk/265"
    },
    {
        "spec": {
            "35mm equivalent": "25-550mm",
            "<page title>": "Nikon Coolpix S02 Digital Camera (Pink) | UK Digital Cameras",
            "brand": "Nikon",
            "camera resolution": "13 Megapixels",
            "colour": "Pink",
            "hd video": "Full HD (1080P)",
            "lcd size": "2.7''",
            "lens tele mm": "90",
            "lens wide mm": "30",
            "mpn": "VNA452E1",
            "optical zoom": "3",
            "optical zoom range": "4x or less"
        },
        "url": "http:///www.ukdigitalcameras.co.uk/266"
    },
    {
        "spec": {
            "35mm equivalent": "25-300mm",
            "<page title>": "Canon Ixus 265 HS Digital Camera (Pink) | UK Digital Cameras",
            "brand": "Canon",
            "camera resolution": "16 Megapixels",
            "colour": "Pink",
            "features": "Slimline",
            "hd video": "Full HD (1080p)",
            "lcd size": "3.0\"",
            "lens tele mm": "120",
            "lens wide mm": "25-300",
            "mpn": "9354B007AA",
            "optical zoom": "12x",
            "optical zoom range": "12x to 17x"
        },
        "url": "http:///www.ukdigitalcameras.co.uk/267"
    },
    {
        "spec": {
            "35mm equivalent": "24-1008mm",
            "<page title>": "Canon Powershot SX520 HS Digital Camera (Black) | UK Digital Cameras",
            "brand": "Canon",
            "camera resolution": "16 Megapixels",
            "colour": "Black",
            "features": "Compact Super-Zoom",
            "hd video": "Full HD (1080p)",
            "lcd size": "3.0\"",
            "lens tele mm": "1008",
            "lens wide mm": "24",
            "mpn": "9544B002",
            "optical zoom": "42",
            "optical zoom range": "18x and higher"
        },
        "url": "http:///www.ukdigitalcameras.co.uk/268"
    },
    {
        "spec": {
            "35mm equivalent": "25-200mm",
            "<page title>": "Nikon Coolpix S6700 Digital Camera (Black) | UK Digital Cameras",
            "brand": "Nikon",
            "camera resolution": "20 Megapixels",
            "colour": "Black",
            "features": "Slimline",
            "hd video": "HD (720P)",
            "lcd size": "3.0''",
            "lens tele mm": "200",
            "lens wide mm": "25",
            "mpn": "VNA660E1",
            "optical zoom": "8",
            "optical zoom range": "8x to 11x"
        },
        "url": "http:///www.ukdigitalcameras.co.uk/269"
    },
    {
        "spec": {
            "35mm equivalent": "28-128mm",
            "<page title>": "Panasonic Lumix FT5 Digital Camera (Orange) | UK Digital Cameras",
            "brand": "Panasonic",
            "camera resolution": "16.1 Megapixels",
            "colour": "Orange",
            "features": "GPS\nWaterproof",
            "hd video": "Full HD (1080P)",
            "included lens": "4x to 7x",
            "lcd size": "3.0\\\\\\\"",
            "lens tele mm": "128mm",
            "lens wide mm": "28mm",
            "mpn": "DMC-FT5EB-D",
            "optical zoom": "4.6x",
            "optical zoom range": "4x to 7x",
            "waterproof depth": "13m"
        },
        "url": "http:///www.ukdigitalcameras.co.uk/270"
    },
    {
        "spec": {
            "35mm equivalent": "28-128mm",
            "<page title>": "Panasonic Lumix FT5 Digital Camera (Silver) | UK Digital Cameras",
            "brand": "Panasonic",
            "camera resolution": "16.1 Megapixels",
            "colour": "Silver",
            "features": "GPS\nWaterproof",
            "hd video": "Full HD (1080P)",
            "included lens": "4x to 7x",
            "lcd size": "3.0",
            "lens tele mm": "128mm",
            "lens wide mm": "28mm",
            "mpn": "DMC-FT5EB-S",
            "optical zoom": "4.6x",
            "optical zoom range": "4x to 7x",
            "waterproof depth": "13m"
        },
        "url": "http:///www.ukdigitalcameras.co.uk/271"
    },
    {
        "spec": {
            "35mm equivalent": "22-924mm",
            "<page title>": "Panasonic Lumix LZ40 Digital Camera (Black) | UK Digital Cameras",
            "brand": "Panasonic",
            "camera resolution": "20 Megapixels",
            "colour": "Black",
            "features": "Manual Controls\nSemi-Pro\nSuper-Zoom",
            "hd video": "HD (720P)",
            "included lens": "18x and higher",
            "lcd size": "3.0''",
            "lens tele mm": "924",
            "lens wide mm": "22",
            "mpn": "DMC-LZ40EB-K",
            "optical zoom": "42x",
            "optical zoom range": "18x and higher"
        },
        "url": "http:///www.ukdigitalcameras.co.uk/272"
    },
    {
        "spec": {
            "35mm equivalent": "28-140mm",
            "<page title>": "Canon Powershot G16 Digital Camera (Black) | UK Digital Cameras",
            "brand": "Canon",
            "camera resolution": "12.1 Megapixels",
            "colour": "Black",
            "features": "Semi-Pro",
            "hd video": "Full HD (1080P)",
            "lcd size": "3.0\"",
            "lens tele mm": "140",
            "lens wide mm": "28",
            "mpn": "8406B012AA",
            "optical zoom": "5",
            "optical zoom range": "4x to 7x"
        },
        "url": "http:///www.ukdigitalcameras.co.uk/273"
    },
    {
        "spec": {
            "35mm equivalent": "20-1200mm",
            "<page title>": "Panasonic Lumix FZ72 Digital Camera (Black) | UK Digital Cameras",
            "brand": "Panasonic",
            "camera resolution": "16.1 Megapixels",
            "colour": "Black",
            "features": "Manual Controls\nRaw Shooting\nSemi-Pro\nSuper-Zoom",
            "hd video": "Full HD (1080P)",
            "included lens": "18x and higher",
            "lcd size": "3.0\"",
            "lens tele mm": "1200",
            "lens wide mm": "20",
            "optical zoom": "60x",
            "optical zoom range": "18x and higher"
        },
        "url": "http:///www.ukdigitalcameras.co.uk/274"
    },
    {
        "spec": {
            "35mm equivalent": "25-300mm",
            "<page title>": "Nikon Coolpix S6800 Digital Camera (Black) | UK Digital Cameras",
            "brand": "Nikon",
            "camera resolution": "16 Megapixels",
            "colour": "Black",
            "features": "Slimline",
            "hd video": "Full HD (1080P)",
            "lcd size": "3.0''",
            "lens tele mm": "300",
            "lens wide mm": "25",
            "mpn": "VNA520E1",
            "optical zoom": "23",
            "optical zoom range": "18x and higher"
        },
        "url": "http:///www.ukdigitalcameras.co.uk/276"
    },
    {
        "spec": {
            "<page title>": "Ricoh GR Digital Camera (Black) | UK Digital Cameras",
            "brand": "Ricoh",
            "camera resolution": "16 Megapixels",
            "colour": "Black",
            "features": "Semi-Pro",
            "hd video": "Full HD (1080P)",
            "lcd size": "3.0\"",
            "mpn": "175749"
        },
        "url": "http:///www.ukdigitalcameras.co.uk/277"
    },
    {
        "spec": {
            "35mm equivalent": "25-750mm",
            "<page title>": "Nikon Coolpix S9700 Digital Camera (Red) | UK Digital Cameras",
            "brand": "Nikon",
            "camera resolution": "16 Megapixels",
            "colour": "Red",
            "features": "Compact Super-Zoom\nWi-Fi\nWide-Angle",
            "hd video": "Full HD (1080P)",
            "lcd size": "3.0''",
            "lens tele mm": "750",
            "lens wide mm": "25",
            "mpn": "VNA651E1",
            "optical zoom": "30",
            "optical zoom range": "18x and higher"
        },
        "url": "http:///www.ukdigitalcameras.co.uk/278"
    },
    {
        "spec": {
            "35mm equivalent": "24-288mm",
            "<page title>": "Panasonic Lumix SZ8 Digital Camera (Black) | UK Digital Cameras",
            "brand": "Panasonic",
            "camera resolution": "16 Megapixels",
            "colour": "Black",
            "features": "Slimline",
            "hd video": "HD (720P)",
            "lcd size": "3.0''",
            "lens tele mm": "288",
            "lens wide mm": "24",
            "mpn": "DMC-SZ8EB-K",
            "optical zoom": "12",
            "optical zoom range": "12x to17x"
        },
        "url": "http:///www.ukdigitalcameras.co.uk/279"
    },
    {
        "spec": {
            "35mm equivalent": "25-600mm",
            "<page title>": "Olympus SH-1 Digital Camera (Black) | UK Digital Cameras",
            "brand": "Olympus",
            "camera resolution": "16 Megapixels",
            "colour": "Black",
            "features": "Compact Super-Zoom",
            "hd video": "Full HD (1080P)",
            "lcd size": "3.0''",
            "lens tele mm": "600",
            "lens wide mm": "25",
            "mpn": "V107080BE00",
            "optical zoom": "24",
            "optical zoom range": "18x and higher"
        },
        "url": "http:///www.ukdigitalcameras.co.uk/280"
    },
    {
        "spec": {
            "35mm equivalent": "25-600mm",
            "<page title>": "Olympus SH-1 Digital Camera (Silver) | UK Digital Cameras",
            "brand": "Olympus",
            "camera resolution": "16 Megapixels",
            "colour": "Silver",
            "features": "Compact Super-Zoom",
            "hd video": "Full HD (1080P)",
            "lcd size": "3.0''",
            "lens tele mm": "600",
            "lens wide mm": "25",
            "mpn": "V107080SE00",
            "optical zoom": "24",
            "optical zoom range": "18x and higher"
        },
        "url": "http:///www.ukdigitalcameras.co.uk/281"
    },
    {
        "spec": {
            "35mm equivalent": "24-1200mm",
            "<page title>": "Canon Powershot SX50 HS Digital Camera (Black) | UK Digital Cameras",
            "brand": "Canon",
            "camera resolution": "12 Megapixels",
            "colour": "Black",
            "features": "Semi-Pro\nSuper-Zoom\nWide-Angle",
            "hd video": "Full HD (1080P)",
            "included lens": "24-1200mm",
            "lcd size": "2.8\"",
            "lens tele mm": "1200",
            "lens wide mm": "24",
            "mpn": "6352B012AA",
            "optical zoom": "50",
            "optical zoom range": "18x and higher",
            "variangle lcd": "Yes"
        },
        "url": "http:///www.ukdigitalcameras.co.uk/282"
    },
    {
        "spec": {
            "35mm equivalent": "23mm",
            "<page title>": "Fuji X100T Digital Camera (Silver) | UK Digital Cameras",
            "brand": "Fuji",
            "camera resolution": "16 Megapixels",
            "colour": "Silver",
            "features": "Raw Shooting\nWide-Angle",
            "hd video": "Full HD (1080P)",
            "lcd size": "2.8''",
            "lens tele mm": "23",
            "lens wide mm": "23",
            "mpn": "P10NC13260A"
        },
        "url": "http:///www.ukdigitalcameras.co.uk/283"
    },
    {
        "spec": {
            "35mm equivalent": "24-1440mm",
            "<page title>": "Nikon Coolpix P600 Digital Camera (Black) | UK Digital Cameras",
            "brand": "Nikon",
            "camera resolution": "16.1 Megapixels",
            "colour": "Black",
            "features": "Wi-Fi",
            "hd video": "Full HD (1080P)",
            "lcd size": "3.0''",
            "lens tele mm": "1440",
            "lens wide mm": "24",
            "mpn": "VNA480E1",
            "optical zoom": "60x",
            "optical zoom range": "18x and higher"
        },
        "url": "http:///www.ukdigitalcameras.co.uk/284"
    },
    {
        "spec": {
            "35mm equivalent": "25-300mm",
            "<page title>": "Canon Ixus 265 HS Digital Camera (Purple) | UK Digital Cameras",
            "brand": "Canon",
            "camera resolution": "16 Megapixels",
            "colour": "Purple",
            "features": "Slimline",
            "hd video": "Full HD (1080p)",
            "lcd size": "3.0\"",
            "lens tele mm": "120",
            "lens wide mm": "25-300",
            "mpn": "9351B007AA",
            "optical zoom": "12x",
            "optical zoom range": "12x to 17x"
        },
        "url": "http:///www.ukdigitalcameras.co.uk/285"
    },
    {
        "spec": {
            "35mm equivalent": "24-120mm",
            "<page title>": "Nikon Coolpix P340 (Black) | UK Digital Cameras",
            "brand": "Nikon",
            "camera resolution": "12 Megapixels",
            "colour": "Black",
            "features": "Compact\nHigh-Speed Shooting\nWide-Angle",
            "hd video": "Full HD (1080P)",
            "lcd size": "3.0''",
            "lens tele mm": "100",
            "lens wide mm": "24",
            "mpn": "VNA490E1",
            "optical zoom": "5",
            "optical zoom range": "4x to 7x"
        },
        "url": "http:///www.ukdigitalcameras.co.uk/286"
    },
    {
        "spec": {
            "35mm equivalent": "25-300mm",
            "<page title>": "Canon Ixus 265 HS Digital Camera (Silver) | UK Digital Cameras",
            "brand": "Canon",
            "camera resolution": "16 Megapixels",
            "colour": "Silver",
            "features": "Slimline",
            "hd video": "Full HD (1080p)",
            "lcd size": "3.0\"",
            "lens tele mm": "120",
            "lens wide mm": "25-300",
            "mpn": "9348B007AA",
            "optical zoom": "12x",
            "optical zoom range": "12x to 17x"
        },
        "url": "http:///www.ukdigitalcameras.co.uk/287"
    },
    {
        "spec": {
            "35mm equivalent": "24-120mm",
            "<page title>": "Canon Powershot S120 Digital Camera (Black) | UK Digital Cameras",
            "brand": "Canon",
            "camera resolution": "12 Megapixels",
            "colour": "Black",
            "features": "Manual Controls\nSemi-Pro\nWide-Angle",
            "hd video": "Full HD (1080P)",
            "lcd size": "3.0\\\"",
            "lens tele mm": "120",
            "lens wide mm": "24",
            "mpn": "8407B012AA",
            "optical zoom": "5",
            "variangle lcd": "No"
        },
        "url": "http:///www.ukdigitalcameras.co.uk/288"
    },
    {
        "spec": {
            "<page title>": "Sony Cybershot DSC-WX350 Digital Camera (Black) | UK Digital Cameras",
            "brand": "Sony",
            "camera resolution": "18.2 Megapixels",
            "colour": "Black",
            "features": "Slimline",
            "hd video": "Full HD (1080P)",
            "lcd size": "3.0''",
            "mpn": "DSCWX350B.CEH",
            "optical zoom": "20",
            "optical zoom range": "18x and higher"
        },
        "url": "http:///www.ukdigitalcameras.co.uk/289"
    },
    {
        "spec": {
            "35mm equivalent": "24-720mm",
            "<page title>": "Canon Powershot SX400 IS Digital Camera (Black) | UK Digital Cameras",
            "brand": "Canon",
            "camera resolution": "16 Megapixels",
            "colour": "Black",
            "features": "Compact Super-Zoom",
            "hd video": "Full HD (1280 x 720p)",
            "lcd size": "3.0''",
            "lens tele mm": "720",
            "lens wide mm": "24",
            "mpn": "9545B002",
            "optical zoom": "30",
            "optical zoom range": "18x and higher"
        },
        "url": "http:///www.ukdigitalcameras.co.uk/290"
    },
    {
        "spec": {
            "35mm equivalent": "24-1000mm",
            "<page title>": "Nikon Coolpix P530 Digital Camera (Black) | UK Digital Cameras",
            "brand": "Nikon",
            "camera resolution": "16 Megapixels",
            "colour": "Black",
            "features": "Super-Zoom\nWide-Angle",
            "hd video": "Full HD (1080P)",
            "lcd size": "3.0''",
            "lens tele mm": "1000",
            "lens wide mm": "24",
            "mpn": "VNA640E1",
            "optical zoom": "42",
            "optical zoom range": "18x and higher"
        },
        "url": "http:///www.ukdigitalcameras.co.uk/291"
    },
    {
        "spec": {
            "35mm equivalent": "25-450mm",
            "<page title>": "Canon Powershot SX600 HS Digital Camera (Black) | UK Digital Cameras",
            "brand": "Canon",
            "camera resolution": "16 Megapixels",
            "colour": "Black",
            "features": "Compact Super-Zoom",
            "hd video": "Full HD (1080p)",
            "lcd size": "3.0\"",
            "lens tele mm": "450",
            "lens wide mm": "25",
            "mpn": "9340B011",
            "optical zoom": "18",
            "optical zoom range": "18x and higher"
        },
        "url": "http:///www.ukdigitalcameras.co.uk/292"
    },
    {
        "spec": {
            "35mm equivalent": "24-110mm",
            "<page title>": "Nikon Coolpix AW120 Digital Camera (Black) | UK Digital Cameras",
            "brand": "Nikon",
            "camera resolution": "16 Megapixels",
            "colour": "Black",
            "features": "Compact\nWaterproof",
            "hd video": "Full HD (1080P)",
            "lcd size": "3.0\"",
            "lens tele mm": "120",
            "lens wide mm": "24",
            "mpn": "VNA311E1",
            "optical zoom": "5",
            "optical zoom range": "4x to 7x",
            "variangle lcd": "No",
            "waterproof depth": "18m"
        },
        "url": "http:///www.ukdigitalcameras.co.uk/293"
    },
    {
        "spec": {
            "35mm equivalent": "21-105mm",
            "<page title>": "Olympus TG-850 Tough Digital Camera (Black) | UK Digital Cameras",
            "brand": "Olympus",
            "camera resolution": "16 Megapixels",
            "colour": "Black",
            "features": "Compact\nWaterproof",
            "hd video": "Full HD (1080P)",
            "lcd size": "3.0''",
            "lens tele mm": "105",
            "lens wide mm": "21",
            "mpn": "V104150SE00",
            "optical zoom": "5",
            "optical zoom range": "4x to 7x",
            "waterproof depth": "10m"
        },
        "url": "http:///www.ukdigitalcameras.co.uk/294"
    },
    {
        "spec": {
            "35mm equivalent": "23mm",
            "<page title>": "Fuji X100S Digital Camera (Silver) | UK Digital Cameras",
            "brand": "Fuji",
            "camera resolution": "16 Megapixels",
            "colour": "Black",
            "features": "Raw Shooting\nWide-Angle",
            "hd video": "Full HD (1080P)",
            "lcd size": "2.8''",
            "lens tele mm": "23",
            "lens wide mm": "23",
            "mpn": "P10NC09330A"
        },
        "url": "http:///www.ukdigitalcameras.co.uk/295"
    },
    {
        "spec": {
            "35mm equivalent": "25-200mm",
            "<page title>": "Nikon Coolpix S3600 Digital Camera (Blue) | UK Digital Cameras",
            "brand": "Nikon",
            "camera resolution": "20 Megapixels",
            "colour": "Black",
            "features": "Slimline",
            "hd video": "HD (720P)",
            "lcd size": "2.7''",
            "lens tele mm": "200",
            "lens wide mm": "25",
            "mpn": "VNA551E1",
            "optical zoom": "8",
            "optical zoom range": "8x to 11x"
        },
        "url": "http:///www.ukdigitalcameras.co.uk/297"
    },
    {
        "spec": {
            "35mm equivalent": "28-140mm",
            "<page title>": "Fuji Finepix XP70 Digital Camera (Blue) | UK Digital Cameras",
            "brand": "Fuji",
            "camera resolution": "16.4 Megapixels",
            "colour": "Blue",
            "features": "Compact\nWifi\nWaterproof",
            "hd video": "Full HD (1080P)",
            "lcd size": "2.7''",
            "lens tele mm": "140",
            "lens wide mm": "28",
            "mpn": "P10NC12630A",
            "optical zoom": "5",
            "optical zoom range": "4x to 7x",
            "waterproof depth": "6m"
        },
        "url": "http:///www.ukdigitalcameras.co.uk/298"
    },
    {
        "spec": {
            "35mm equivalent": "24-120mm",
            "<page title>": "Nikon Coolpix P340 (White) | UK Digital Cameras",
            "brand": "Nikon",
            "camera resolution": "12 Megapixels",
            "colour": "White",
            "features": "Compact\nHigh-Speed Shooting\nWide-Angle",
            "hd video": "Full HD (1080P)",
            "lcd size": "3.0''",
            "lens tele mm": "100",
            "lens wide mm": "24",
            "mpn": "VNA491E1",
            "optical zoom": "5",
            "optical zoom range": "4x to 7x"
        },
        "url": "http:///www.ukdigitalcameras.co.uk/299"
    },
    {
        "spec": {
            "35mm equivalent": "24-1248mm",
            "<page title>": "Pentax XG-1 Digital Camera (Black) | UK Digital Cameras",
            "brand": "Pentax",
            "camera resolution": "16 Megapixels",
            "colour": "Black",
            "features": "Super-Zoom",
            "hd video": "Full HD (1080P)",
            "lcd size": "3.0\"",
            "lens tele mm": "1248",
            "lens wide mm": "24",
            "mpn": "07987",
            "optical zoom": "52",
            "optical zoom range": "18x and higher",
            "variangle lcd": "No"
        },
        "url": "http:///www.ukdigitalcameras.co.uk/300"
    },
    {
        "spec": {
            "35mm equivalent": "28-200mm",
            "<page title>": "Nikon Coolpix P7800 Digital Camera (Black) | UK Digital Cameras",
            "brand": "Nikon",
            "camera resolution": "12.2 Megapixels",
            "colour": "Black",
            "features": "Compact\nSemi-Pro",
            "hd video": "Full HD (1080P)",
            "lcd size": "3.0\"",
            "lens tele mm": "200",
            "lens wide mm": "28",
            "mpn": "VNA670E1",
            "optical zoom": "7.1",
            "optical zoom range": "4x to 7x",
            "variangle lcd": "No"
        },
        "url": "http:///www.ukdigitalcameras.co.uk/301"
    },
    {
        "spec": {
            "35mm equivalent": "25-300mm",
            "<page title>": "Nikon Coolpix S6800 Digital Camera (Red) | UK Digital Cameras",
            "brand": "Nikon",
            "camera resolution": "16 Megapixels",
            "colour": "Red",
            "features": "Slimline",
            "hd video": "Full HD (1080P)",
            "lcd size": "3.0''",
            "lens tele mm": "300",
            "lens wide mm": "25",
            "mpn": "VNA521E1",
            "optical zoom": "23",
            "optical zoom range": "18x and higher"
        },
        "url": "http:///www.ukdigitalcameras.co.uk/302"
    },
    {
        "spec": {
            "35mm equivalent": "25-550mm",
            "<page title>": "Nikon Coolpix S9600 Digital Camera (Black) | UK Digital Cameras",
            "brand": "Nikon",
            "camera resolution": "16 Megapixels",
            "colour": "Black",
            "features": "Compact Super-Zoom\nWide-Angle",
            "hd video": "Full HD (1080P)",
            "lcd size": "3.0''",
            "lens tele mm": "550",
            "lens wide mm": "25",
            "mpn": "VNA500E1",
            "optical zoom": "22",
            "optical zoom range": "18x and higher"
        },
        "url": "http:///www.ukdigitalcameras.co.uk/303"
    },
    {
        "spec": {
            "35mm equivalent": "25-550mm",
            "<page title>": "Nikon Coolpix S02 Digital Camera (White) | UK Digital Cameras",
            "brand": "Nikon",
            "camera resolution": "13 Megapixels",
            "colour": "White",
            "hd video": "Full HD (1080P)",
            "lcd size": "2.7''",
            "lens tele mm": "90",
            "lens wide mm": "30",
            "mpn": "VNA451E1",
            "optical zoom": "3",
            "optical zoom range": "4x or less"
        },
        "url": "http:///www.ukdigitalcameras.co.uk/305"
    },
    {
        "spec": {
            "35mm equivalent": "24-1200mm",
            "<page title>": "Fuji Finepix S9200 Black (White Boxed) | UK Digital Cameras",
            "brand": "Fuji",
            "camera resolution": "16.2 Megapixels",
            "colour": "Black",
            "features": "Manual Controls\nSemi-Pro\nSuper-Zoom",
            "hd video": "Full HD (1080P)",
            "included lens": "18x and higher",
            "lcd size": "3.0\"",
            "lens tele mm": "1200",
            "lens wide mm": "24",
            "mpn": "P10NC12610A",
            "optical zoom": "50",
            "optical zoom range": "18x and higher"
        },
        "url": "http:///www.ukdigitalcameras.co.uk/306"
    },
    {
        "spec": {
            "35mm equivalent": "24-110mm",
            "<page title>": "Nikon Coolpix AW120 Digital Camera (Orange) | UK Digital Cameras",
            "brand": "Nikon",
            "camera resolution": "16 Megapixels",
            "colour": "Orange",
            "features": "Compact\nWaterproof",
            "hd video": "Full HD (1080P)",
            "lcd size": "3.0\"",
            "lens tele mm": "120",
            "lens wide mm": "24",
            "mpn": "VNA592E1",
            "optical zoom": "5",
            "optical zoom range": "4x to 7x",
            "variangle lcd": "No",
            "waterproof depth": "18m"
        },
        "url": "http:///www.ukdigitalcameras.co.uk/307"
    },
    {
        "spec": {
            "35mm equivalent": "25-100mm",
            "<page title>": "Ricoh WG-4 Digital Camera (Lime Yellow) | UK Digital Cameras",
            "brand": "Ricoh",
            "camera resolution": "16 Megapixels",
            "colour": "Yellow",
            "features": "Waterproof",
            "hd video": "Full HD (1080P)",
            "lcd size": "3.0\"",
            "lens tele mm": "100",
            "lens wide mm": "25",
            "mpn": "08586",
            "optical zoom": "4x",
            "optical zoom range": "4x to 7x",
            "variangle lcd": "No",
            "waterproof depth": "14m"
        },
        "url": "http:///www.ukdigitalcameras.co.uk/308"
    },
    {
        "spec": {
            "35mm equivalent": "24-90mm",
            "<page title>": "Panasonic Lumix LX7 Digital Camera (Black) | UK Digital Cameras",
            "brand": "Panasonic",
            "camera resolution": "10.1 Megapixels",
            "colour": "Black",
            "features": "Raw Shooting\nSemi-Pro\nWide-Angle",
            "hd video": "Full HD (1080P)",
            "lcd size": "3.0''",
            "lens tele mm": "90",
            "lens wide mm": "24",
            "mpn": "DMC-LX5EB-K",
            "optical zoom": "3.8",
            "optical zoom range": "4x or less",
            "variangle lcd": "No"
        },
        "url": "http:///www.ukdigitalcameras.co.uk/34"
    },
    {
        "spec": {
            "35mm equivalent": "25-200mm",
            "<page title>": "Nikon Coolpix S6700 Digital Camera (Red) | UK Digital Cameras",
            "brand": "Nikon",
            "camera resolution": "20 Megapixels",
            "colour": "Red",
            "features": "Slimline",
            "hd video": "HD (720P)",
            "lcd size": "3.0''",
            "lens tele mm": "200",
            "lens wide mm": "25",
            "mpn": "VNA661E1",
            "optical zoom": "8",
            "optical zoom range": "8x to 11x"
        },
        "url": "http:///www.ukdigitalcameras.co.uk/35"
    },
    {
        "spec": {
            "35mm equivalent": "23-483",
            "<page title>": "Samsung Galaxy 2 Digital Camera (White) | UK Digital Cameras",
            "brand": "Samsung",
            "camera resolution": "16 Megapixels",
            "colour": "White",
            "features": "Compact Super-Zoom\nWide-Angle",
            "lcd size": "4.8\"",
            "lens tele mm": "483",
            "lens wide mm": "23",
            "mpn": "EK-GC200ZWABTU",
            "optical zoom": "21",
            "optical zoom range": "18x and higher"
        },
        "url": "http:///www.ukdigitalcameras.co.uk/36"
    },
    {
        "spec": {
            "35mm equivalent": "28-112mm",
            "<page title>": "Fuji FinePix X30 Digital Camera (Black) | UK Digital Cameras",
            "brand": "Fuji",
            "camera resolution": "12 Megapixels",
            "colour": "Black",
            "features": "Raw Shooting\nWide-Angle",
            "hd video": "Full HD (1080P)",
            "lcd size": "3.0\"",
            "lens tele mm": "112",
            "lens wide mm": "28",
            "mpn": "P10NC13270A"
        },
        "url": "http:///www.ukdigitalcameras.co.uk/37"
    },
    {
        "spec": {
            "35mm equivalent": "25-750mm",
            "<page title>": "Canon Powershot SX700 HS Digital Camera (Black) | UK Digital Cameras",
            "brand": "Canon",
            "camera resolution": "16 Megapixels",
            "colour": "Black",
            "features": "Compact Super-Zoom",
            "hd video": "Full HD (1080p)",
            "lcd size": "3.0\"",
            "lens tele mm": "750",
            "lens wide mm": "25",
            "mpn": "9338B014AA",
            "optical zoom": "30",
            "optical zoom range": "18x and higher"
        },
        "url": "http:///www.ukdigitalcameras.co.uk/38"
    },
    {
        "spec": {
            "35mm equivalent": "23-483",
            "<page title>": "Samsung WB350F Digital Camera (White) | UK Digital Cameras",
            "brand": "Samsung",
            "camera resolution": "16 Megapixels",
            "colour": "White",
            "features": "Compact Super-Zoom\nWide-Angle",
            "hd video": "Full HD (1080P)",
            "lcd size": "3.0\"",
            "lens tele mm": "483",
            "lens wide mm": "23",
            "mpn": "EC-WB350FBPWE1",
            "optical zoom": "21",
            "optical zoom range": "18x and higher"
        },
        "url": "http:///www.ukdigitalcameras.co.uk/39"
    },
    {
        "spec": {
            "35mm equivalent": "23mm",
            "<page title>": "Fuji X100T Digital Camera (Black) | UK Digital Cameras",
            "brand": "Fuji",
            "camera resolution": "16 Megapixels",
            "colour": "Black",
            "features": "Raw Shooting\nWide-Angle",
            "hd video": "Full HD (1080P)",
            "lcd size": "2.8''",
            "lens tele mm": "23",
            "lens wide mm": "23",
            "mpn": "P10NC13250A"
        },
        "url": "http:///www.ukdigitalcameras.co.uk/40"
    },
    {
        "spec": {
            "35mm equivalent": "28-224mm",
            "<page title>": "Canon Ixus 140 HS Digital Camera (Red) | UK Digital Cameras",
            "brand": "Canon",
            "camera resolution": "16 Megapixels",
            "colour": "Red",
            "features": "Slimline",
            "hd video": "HD (720P)",
            "lcd size": "3.0\"",
            "lens tele mm": "224",
            "lens wide mm": "28",
            "mpn": "8198B006AA",
            "optical zoom": "5x",
            "optical zoom range": "4x to 7x"
        },
        "url": "http:///www.ukdigitalcameras.co.uk/41"
    },
    {
        "spec": {
            "35mm equivalent": "28-224mm",
            "<page title>": "Canon Ixus 140 HS Digital Camera (Silver) | UK Digital Cameras",
            "brand": "Canon",
            "camera resolution": "16 Megapixels",
            "colour": "Silver",
            "features": "Slimline",
            "hd video": "HD (720P)",
            "lcd size": "3.0\"",
            "lens tele mm": "224",
            "lens wide mm": "28",
            "mpn": "8195B010AA",
            "optical zoom": "5x",
            "optical zoom range": "4x to 7x"
        },
        "url": "http:///www.ukdigitalcameras.co.uk/42"
    },
    {
        "spec": {
            "35mm equivalent": "24-720mm",
            "<page title>": "Canon Powershot SX400 IS Digital Camera (Red) | UK Digital Cameras",
            "brand": "Canon",
            "camera resolution": "16 Megapixels",
            "colour": "Red",
            "features": "Compact Super-Zoom",
            "hd video": "Full HD (1280 x 720p)",
            "lcd size": "3.0''",
            "lens tele mm": "720",
            "lens wide mm": "24",
            "mpn": "9769B002",
            "optical zoom": "30",
            "optical zoom range": "18x and higher"
        },
        "url": "http:///www.ukdigitalcameras.co.uk/43"
    },
    {
        "spec": {
            "35mm equivalent": "28-140mm",
            "<page title>": "Ricoh WG20 Digital Camera (White) | UK Digital Cameras",
            "brand": "Ricoh",
            "camera resolution": "14 Megapixels",
            "colour": "White",
            "features": "Waterproof",
            "hd video": "HD (720P)",
            "lcd size": "2.7\"",
            "lens tele mm": "140",
            "lens wide mm": "28",
            "mpn": "08061",
            "optical zoom": "5",
            "optical zoom range": "4x to 7x",
            "variangle lcd": "No",
            "waterproof depth": "10m"
        },
        "url": "http:///www.ukdigitalcameras.co.uk/44"
    },
    {
        "spec": {
            "35mm equivalent": "23-483",
            "<page title>": "Samsung WB350F Digital Camera (Black) | UK Digital Cameras",
            "brand": "Samsung",
            "camera resolution": "16 Megapixels",
            "colour": "Black",
            "features": "Compact Super-Zoom\nWide-Angle",
            "hd video": "Full HD (1080P)",
            "lcd size": "3.0\"",
            "lens tele mm": "483",
            "lens wide mm": "23",
            "mpn": "EC-WB350FBPBE1",
            "optical zoom": "21",
            "optical zoom range": "18x and higher"
        },
        "url": "http:///www.ukdigitalcameras.co.uk/45"
    },
    {
        "spec": {
            "35mm equivalent": "25-100mm",
            "<page title>": "Olympus Stylus Tough TG-3 Digital Camera (Red) | UK Digital Cameras",
            "brand": "Olympus",
            "camera resolution": "16 Megapixels",
            "colour": "Red",
            "features": "Compact\nExtreme Sports\nShockproof\nWaterproof",
            "hd video": "Full HD (1080P)",
            "included lens": "4x to 7x",
            "lcd size": "3.0\"",
            "lens tele mm": "100mm",
            "lens wide mm": "25mm",
            "mpn": "V104120RE000",
            "optical zoom": "4",
            "optical zoom range": "4x to 7x",
            "variangle lcd": "No",
            "waterproof depth": "15m"
        },
        "url": "http:///www.ukdigitalcameras.co.uk/46"
    },
    {
        "spec": {
            "35mm equivalent": "25-100mm",
            "<page title>": "Ricoh WG-4 GPS Digital Camera (Black) | UK Digital Cameras",
            "brand": "Ricoh",
            "camera resolution": "16 Megapixels",
            "colour": "Black",
            "features": "GPS\nWaterproof",
            "hd video": "Full HD (1080P)",
            "lcd size": "3.0\"",
            "lens tele mm": "100",
            "lens wide mm": "25",
            "mpn": "08541",
            "optical zoom": "4x",
            "optical zoom range": "4x to 7x",
            "variangle lcd": "No",
            "waterproof depth": "14m"
        },
        "url": "http:///www.ukdigitalcameras.co.uk/47"
    },
    {
        "spec": {
            "35mm equivalent": "28-224mm",
            "<page title>": "Canon Ixus 150 Digital Camera (Grey) | UK Digital Cameras",
            "brand": "Canon",
            "camera resolution": "16 Megapixels",
            "colour": "Grey",
            "features": "Slimline",
            "hd video": "HD (720p)",
            "lcd size": "2.7\"",
            "lens tele mm": "224",
            "lens wide mm": "28",
            "mpn": "9145B006",
            "optical zoom": "8x",
            "optical zoom range": "8x to 11x"
        },
        "url": "http:///www.ukdigitalcameras.co.uk/48"
    },
    {
        "spec": {
            "35mm equivalent": "25-100mm",
            "<page title>": "Ricoh WG-4 GPS Digital Camera (Blue) | UK Digital Cameras",
            "brand": "Ricoh",
            "camera resolution": "16 Megapixels",
            "colour": "Blue",
            "features": "GPS\nWaterproof",
            "hd video": "Full HD (1080P)",
            "lcd size": "3.0\"",
            "lens tele mm": "100",
            "lens wide mm": "25",
            "mpn": "08556",
            "optical zoom": "4x",
            "optical zoom range": "4x to 7x",
            "variangle lcd": "No",
            "waterproof depth": "14m"
        },
        "url": "http:///www.ukdigitalcameras.co.uk/49"
    },
    {
        "spec": {
            "35mm equivalent": "25-750mm",
            "<page title>": "Canon Powershot SX700 HS Digital Camera (Red) | UK Digital Cameras",
            "brand": "Canon",
            "camera resolution": "16 Megapixels",
            "colour": "Red",
            "features": "Compact Super-Zoom",
            "hd video": "Full HD (1080p)",
            "lcd size": "3.0\"",
            "lens tele mm": "750",
            "lens wide mm": "25",
            "mpn": "9339B014AA",
            "optical zoom": "30",
            "optical zoom range": "18x and higher"
        },
        "url": "http:///www.ukdigitalcameras.co.uk/50"
    },
    {
        "spec": {
            "35mm equivalent": "25-100mm",
            "<page title>": "Ricoh WG-4 Digital Camera (Silver) | UK Digital Cameras",
            "brand": "Ricoh",
            "camera resolution": "16 Megapixels",
            "colour": "Black",
            "features": "Waterproof",
            "hd video": "Full HD (1080P)",
            "lcd size": "3.0\"",
            "lens tele mm": "100",
            "lens wide mm": "25",
            "mpn": "08571",
            "optical zoom": "4x",
            "optical zoom range": "4x to 7x",
            "variangle lcd": "No",
            "waterproof depth": "14m"
        },
        "url": "http:///www.ukdigitalcameras.co.uk/51"
    },
    {
        "spec": {
            "35mm equivalent": "25-300mm",
            "<page title>": "Nikon Coolpix S6400 Digital Camera (Purple) | UK Digital Cameras",
            "brand": "Nikon",
            "camera resolution": "16.0 Megapixels",
            "colour": "Purple",
            "features": "Slimline\nWide-Angle",
            "hd video": "Full HD (1080p)",
            "included lens": "12x 17x",
            "lcd size": "3.0\"",
            "lens tele mm": "300",
            "lens wide mm": "25",
            "mpn": "VNA194E1",
            "optical zoom": "12",
            "optical zoom range": "12x to 17x"
        },
        "url": "http:///www.ukdigitalcameras.co.uk/52"
    },
    {
        "spec": {
            "35mm equivalent": "25-100mm",
            "<page title>": "Olympus Stylus Tough TG-3 Digital Camera (Black) | UK Digital Cameras",
            "brand": "Olympus",
            "camera resolution": "16 Megapixels",
            "colour": "Black",
            "features": "Compact\nExtreme Sports\nShockproof\nWaterproof",
            "hd video": "Full HD (1080P)",
            "included lens": "4x to 7x",
            "lcd size": "3.0\"",
            "lens tele mm": "100mm",
            "lens wide mm": "25mm",
            "mpn": "V104140BE000",
            "optical zoom": "4",
            "optical zoom range": "4x to 7x",
            "variangle lcd": "No",
            "waterproof depth": "15m"
        },
        "url": "http:///www.ukdigitalcameras.co.uk/53"
    },
    {
        "spec": {
            "35mm equivalent": "28-140mm",
            "<page title>": "Fuji Finepix XP70 Digital Camera (Orange) | UK Digital Cameras",
            "brand": "Fuji",
            "camera resolution": "16.4 Megapixels",
            "colour": "Orange",
            "features": "Compact\nWaterproof\nWifi",
            "hd video": "Full HD (1080P)",
            "lcd size": "2.7''",
            "lens tele mm": "140",
            "lens wide mm": "28",
            "mpn": "P10NC12620A",
            "optical zoom": "5",
            "optical zoom range": "4x to 7x",
            "waterproof depth": "6m"
        },
        "url": "http:///www.ukdigitalcameras.co.uk/54"
    },
    {
        "spec": {
            "35mm equivalent": "28-112mm",
            "<page title>": "Fuji FinePix X30 Digital Camera (Silver) | UK Digital Cameras",
            "brand": "Fuji",
            "camera resolution": "12 Megapixels",
            "colour": "Silver",
            "features": "Raw Shooting\nWide-Angle",
            "hd video": "Full HD (1080P)",
            "lcd size": "3.0\"",
            "lens tele mm": "112",
            "lens wide mm": "28",
            "mpn": "P10NC13280A"
        },
        "url": "http:///www.ukdigitalcameras.co.uk/55"
    }
]