{
    "ENTITY#11": [
        "http:///www.ukdigitalcameras.co.uk/176",
        "http:///www.ukdigitalcameras.co.uk/178",
        "http:///www.ukdigitalcameras.co.uk/258",
        "http:///www.ukdigitalcameras.co.uk/306"
    ],
    "ENTITY#12": [
        "http:///www.ukdigitalcameras.co.uk/221",
        "http:///www.ukdigitalcameras.co.uk/246"
    ],
    "ENTITY#17": [
        "http:///www.ukdigitalcameras.co.uk/130",
        "http:///www.ukdigitalcameras.co.uk/220"
    ],
    "ENTITY#20": [
        "http:///www.ukdigitalcameras.co.uk/133"
    ],
    "ENTITY#29": [
        "http:///www.ukdigitalcameras.co.uk/144"
    ],
    "ENTITY#30": [
        "http:///www.ukdigitalcameras.co.uk/228",
        "http:///www.ukdigitalcameras.co.uk/284"
    ],
    "ENTITY#4": [
        "http:///www.ukdigitalcameras.co.uk/223",
        "http:///www.ukdigitalcameras.co.uk/229",
        "http:///www.ukdigitalcameras.co.uk/276",
        "http:///www.ukdigitalcameras.co.uk/302"
    ],
    "ENTITY#40": [
        "http:///www.ukdigitalcameras.co.uk/152",
        "http:///www.ukdigitalcameras.co.uk/166",
        "http:///www.ukdigitalcameras.co.uk/170"
    ],
    "ENTITY#42": [
        "http:///www.ukdigitalcameras.co.uk/2"
    ],
    "ENTITY#44": [
        "http:///www.ukdigitalcameras.co.uk/240"
    ],
    "ENTITY#48": [
        "http:///www.ukdigitalcameras.co.uk/282"
    ],
    "ENTITY#50": [
        "http:///www.ukdigitalcameras.co.uk/138"
    ],
    "ENTITY#73": [
        "http:///www.ukdigitalcameras.co.uk/291"
    ],
    "ENTITY#86": [
        "http:///www.ukdigitalcameras.co.uk/225",
        "http:///www.ukdigitalcameras.co.uk/235",
        "http:///www.ukdigitalcameras.co.uk/278"
    ],
    "ENTITY#87": [
        "http:///www.ukdigitalcameras.co.uk/301"
    ],
    "ENTITY#90": [
        "http:///www.ukdigitalcameras.co.uk/237",
        "http:///www.ukdigitalcameras.co.uk/250"
    ],
    "ENTITY#91": [
        "http:///www.ukdigitalcameras.co.uk/34"
    ],
    "ENTITY#92": [
        "http:///www.ukdigitalcameras.co.uk/218",
        "http:///www.ukdigitalcameras.co.uk/257",
        "http:///www.ukdigitalcameras.co.uk/292"
    ],
    "ENTITY#93": [
        "http:///www.ukdigitalcameras.co.uk/288"
    ]
}