{
    "0": [
        "http:///www.ukdigitalcameras.co.uk/215",
        "http:///www.ukdigitalcameras.co.uk/248",
        "http:///www.ukdigitalcameras.co.uk/259"
    ],
    "1": [
        "http:///www.ukdigitalcameras.co.uk/217",
        "http:///www.ukdigitalcameras.co.uk/39",
        "http:///www.ukdigitalcameras.co.uk/45"
    ],
    "2": [
        "http:///www.ukdigitalcameras.co.uk/234",
        "http:///www.ukdigitalcameras.co.uk/267",
        "http:///www.ukdigitalcameras.co.uk/285",
        "http:///www.ukdigitalcameras.co.uk/287"
    ],
    "3": [
        "http:///www.ukdigitalcameras.co.uk/237",
        "http:///www.ukdigitalcameras.co.uk/250"
    ],
    "4": [
        "http:///www.ukdigitalcameras.co.uk/218",
        "http:///www.ukdigitalcameras.co.uk/257",
        "http:///www.ukdigitalcameras.co.uk/292"
    ],
    "7": [
        "http:///www.ukdigitalcameras.co.uk/289"
    ],
    "9": [
        "http:///www.ukdigitalcameras.co.uk/38",
        "http:///www.ukdigitalcameras.co.uk/50"
    ],
    "10": [
        "http:///www.ukdigitalcameras.co.uk/238",
        "http:///www.ukdigitalcameras.co.uk/36"
    ],
    "11": [
        "http:///www.ukdigitalcameras.co.uk/265",
        "http:///www.ukdigitalcameras.co.uk/274"
    ],
    "12": [
        "http:///www.ukdigitalcameras.co.uk/295"
    ],
    "13": [
        "http:///www.ukdigitalcameras.co.uk/262",
        "http:///www.ukdigitalcameras.co.uk/48"
    ],
    "16": [
        "http:///www.ukdigitalcameras.co.uk/225",
        "http:///www.ukdigitalcameras.co.uk/235",
        "http:///www.ukdigitalcameras.co.uk/278"
    ],
    "17": [
        "http:///www.ukdigitalcameras.co.uk/176",
        "http:///www.ukdigitalcameras.co.uk/178",
        "http:///www.ukdigitalcameras.co.uk/258",
        "http:///www.ukdigitalcameras.co.uk/306"
    ],
    "18": [
        "http:///www.ukdigitalcameras.co.uk/283",
        "http:///www.ukdigitalcameras.co.uk/40"
    ],
    "19": [
        "http:///www.ukdigitalcameras.co.uk/230",
        "http:///www.ukdigitalcameras.co.uk/256"
    ],
    "20": [
        "http:///www.ukdigitalcameras.co.uk/46",
        "http:///www.ukdigitalcameras.co.uk/53"
    ],
    "21": [
        "http:///www.ukdigitalcameras.co.uk/223",
        "http:///www.ukdigitalcameras.co.uk/229",
        "http:///www.ukdigitalcameras.co.uk/276",
        "http:///www.ukdigitalcameras.co.uk/302"
    ],
    "22": [
        "http:///www.ukdigitalcameras.co.uk/227",
        "http:///www.ukdigitalcameras.co.uk/255",
        "http:///www.ukdigitalcameras.co.uk/263",
        "http:///www.ukdigitalcameras.co.uk/297"
    ],
    "23": [
        "http:///www.ukdigitalcameras.co.uk/224",
        "http:///www.ukdigitalcameras.co.uk/293",
        "http:///www.ukdigitalcameras.co.uk/307"
    ],
    "24": [
        "http:///www.ukdigitalcameras.co.uk/251",
        "http:///www.ukdigitalcameras.co.uk/280",
        "http:///www.ukdigitalcameras.co.uk/281"
    ],
    "25": [
        "http:///www.ukdigitalcameras.co.uk/286",
        "http:///www.ukdigitalcameras.co.uk/299"
    ],
    "27": [
        "http:///www.ukdigitalcameras.co.uk/308",
        "http:///www.ukdigitalcameras.co.uk/47",
        "http:///www.ukdigitalcameras.co.uk/49",
        "http:///www.ukdigitalcameras.co.uk/51"
    ],
    "28": [
        "http:///www.ukdigitalcameras.co.uk/269",
        "http:///www.ukdigitalcameras.co.uk/35"
    ],
    "29": [
        "http:///www.ukdigitalcameras.co.uk/221",
        "http:///www.ukdigitalcameras.co.uk/246"
    ],
    "31": [
        "http:///www.ukdigitalcameras.co.uk/44"
    ],
    "32": [
        "http:///www.ukdigitalcameras.co.uk/243",
        "http:///www.ukdigitalcameras.co.uk/253",
        "http:///www.ukdigitalcameras.co.uk/294"
    ],
    "34": [
        "http:///www.ukdigitalcameras.co.uk/228",
        "http:///www.ukdigitalcameras.co.uk/284"
    ],
    "35": [
        "http:///www.ukdigitalcameras.co.uk/277"
    ],
    "36": [
        "http:///www.ukdigitalcameras.co.uk/144"
    ],
    "37": [
        "http:///www.ukdigitalcameras.co.uk/298",
        "http:///www.ukdigitalcameras.co.uk/54"
    ],
    "38": [
        "http:///www.ukdigitalcameras.co.uk/37",
        "http:///www.ukdigitalcameras.co.uk/55"
    ],
    "40": [
        "http:///www.ukdigitalcameras.co.uk/301"
    ],
    "41": [
        "http:///www.ukdigitalcameras.co.uk/240"
    ],
    "46": [
        "http:///www.ukdigitalcameras.co.uk/167"
    ],
    "48": [
        "http:///www.ukdigitalcameras.co.uk/133"
    ],
    "53": [
        "http:///www.ukdigitalcameras.co.uk/288"
    ],
    "58": [
        "http:///www.ukdigitalcameras.co.uk/158"
    ],
    "65": [
        "http:///www.ukdigitalcameras.co.uk/159"
    ],
    "72": [
        "http:///www.ukdigitalcameras.co.uk/41",
        "http:///www.ukdigitalcameras.co.uk/42"
    ],
    "73": [
        "http:///www.ukdigitalcameras.co.uk/34"
    ],
    "74": [
        "http:///www.ukdigitalcameras.co.uk/300"
    ],
    "75": [
        "http:///www.ukdigitalcameras.co.uk/291"
    ],
    "76": [
        "http:///www.ukdigitalcameras.co.uk/290",
        "http:///www.ukdigitalcameras.co.uk/43"
    ],
    "77": [
        "http:///www.ukdigitalcameras.co.uk/282"
    ],
    "78": [
        "http:///www.ukdigitalcameras.co.uk/279"
    ],
    "79": [
        "http:///www.ukdigitalcameras.co.uk/273"
    ],
    "80": [
        "http:///www.ukdigitalcameras.co.uk/272"
    ],
    "81": [
        "http:///www.ukdigitalcameras.co.uk/216",
        "http:///www.ukdigitalcameras.co.uk/270",
        "http:///www.ukdigitalcameras.co.uk/271"
    ],
    "82": [
        "http:///www.ukdigitalcameras.co.uk/268"
    ],
    "83": [
        "http:///www.ukdigitalcameras.co.uk/236",
        "http:///www.ukdigitalcameras.co.uk/261",
        "http:///www.ukdigitalcameras.co.uk/266",
        "http:///www.ukdigitalcameras.co.uk/305"
    ],
    "84": [
        "http:///www.ukdigitalcameras.co.uk/254"
    ],
    "85": [
        "http:///www.ukdigitalcameras.co.uk/252"
    ],
    "86": [
        "http:///www.ukdigitalcameras.co.uk/249"
    ],
    "87": [
        "http:///www.ukdigitalcameras.co.uk/245",
        "http:///www.ukdigitalcameras.co.uk/260"
    ],
    "88": [
        "http:///www.ukdigitalcameras.co.uk/219",
        "http:///www.ukdigitalcameras.co.uk/242",
        "http:///www.ukdigitalcameras.co.uk/303"
    ],
    "89": [
        "http:///www.ukdigitalcameras.co.uk/241"
    ],
    "90": [
        "http:///www.ukdigitalcameras.co.uk/232"
    ],
    "91": [
        "http:///www.ukdigitalcameras.co.uk/231"
    ],
    "92": [
        "http:///www.ukdigitalcameras.co.uk/130",
        "http:///www.ukdigitalcameras.co.uk/220"
    ],
    "93": [
        "http:///www.ukdigitalcameras.co.uk/214",
        "http:///www.ukdigitalcameras.co.uk/52"
    ],
    "94": [
        "http:///www.ukdigitalcameras.co.uk/2"
    ],
    "95": [
        "http:///www.ukdigitalcameras.co.uk/152",
        "http:///www.ukdigitalcameras.co.uk/166",
        "http:///www.ukdigitalcameras.co.uk/170"
    ],
    "96": [
        "http:///www.ukdigitalcameras.co.uk/165"
    ],
    "97": [
        "http:///www.ukdigitalcameras.co.uk/161"
    ],
    "98": [
        "http:///www.ukdigitalcameras.co.uk/138"
    ],
    "99": [
        "http:///www.ukdigitalcameras.co.uk/127"
    ],
    "104": [
        "http:///www.ukdigitalcameras.co.uk/226"
    ],
    "125": [
        "http:///www.ukdigitalcameras.co.uk/239"
    ],
    "137": [
        "http:///www.ukdigitalcameras.co.uk/222"
    ],
    "155": [
        "http:///www.ukdigitalcameras.co.uk/233"
    ],
    "186": [
        "http:///www.ukdigitalcameras.co.uk/153"
    ],
    "189": [
        "http:///www.ukdigitalcameras.co.uk/151"
    ]
}