{
    "ENTITY#022": [
        "www.xpcpro.com//246"
    ],
    "ENTITY#025": [
        "www.xpcpro.com//274"
    ],
    "ENTITY#026": [
        "www.xpcpro.com//304"
    ],
    "ENTITY#027": [
        "www.xpcpro.com//319"
    ],
    "ENTITY#028": [
        "www.xpcpro.com//179",
        "www.xpcpro.com//1"
    ],
    "ENTITY#032": [
        "www.xpcpro.com//140"
    ],
    "ENTITY#033": [
        "www.xpcpro.com//134"
    ],
    "ENTITY#034": [
        "www.xpcpro.com//271"
    ],
    "ENTITY#035": [
        "www.xpcpro.com//67"
    ],
    "ENTITY#036": [
        "www.xpcpro.com//155"
    ],
    "ENTITY#037": [
        "www.xpcpro.com//253"
    ],
    "ENTITY#039": [
        "www.xpcpro.com//185"
    ],
    "ENTITY#041": [
        "www.xpcpro.com//234"
    ],
    "ENTITY#050": [
        "www.xpcpro.com//296"
    ],
    "ENTITY#062": [
        "www.xpcpro.com//73"
    ],
    "ENTITY#068": [
        "www.xpcpro.com//162",
        "www.xpcpro.com//242"
    ],
    "ENTITY#080": [
        "www.xpcpro.com//282"
    ],
    "ENTITY#082": [
        "www.xpcpro.com//11",
        "www.xpcpro.com//95"
    ],
    "ENTITY#083": [
        "www.xpcpro.com//72"
    ],
    "ENTITY#084": [
        "www.xpcpro.com//133",
        "www.xpcpro.com//325"
    ],
    "ENTITY#087": [
        "www.xpcpro.com//314"
    ],
    "ENTITY#089": [
        "www.xpcpro.com//104"
    ],
    "ENTITY#090": [
        "www.xpcpro.com//110"
    ],
    "ENTITY#091": [
        "www.xpcpro.com//283"
    ],
    "ENTITY#092": [
        "www.xpcpro.com//195",
        "www.xpcpro.com//198"
    ],
    "ENTITY#095": [
        "www.xpcpro.com//227",
        "www.xpcpro.com//97"
    ],
    "ENTITY#099": [
        "www.xpcpro.com//117"
    ],
    "ENTITY#108": [
        "www.xpcpro.com//39"
    ],
    "ENTITY#127": [
        "www.xpcpro.com//101",
        "www.xpcpro.com//245"
    ],
    "ENTITY#134": [
        "www.xpcpro.com//200"
    ],
    "ENTITY#141": [
        "www.xpcpro.com//166"
    ],
    "ENTITY#145": [
        "www.xpcpro.com//210"
    ],
    "ENTITY#164": [
        "www.xpcpro.com//223"
    ],
    "ENTITY#176": [
        "www.xpcpro.com//121"
    ],
    "ENTITY#177": [
        "www.xpcpro.com//161"
    ],
    "ENTITY#189": [
        "www.xpcpro.com//300"
    ],
    "ENTITY#193": [
        "www.xpcpro.com//275"
    ]
}