{
    "ENTITY#002": [
        "ce.yikus.com//1219"
    ],
    "ENTITY#005": [
        "ce.yikus.com//357"
    ],
    "ENTITY#030": [
        "ce.yikus.com//580"
    ],
    "ENTITY#031": [
        "ce.yikus.com//1316"
    ],
    "ENTITY#034": [
        "ce.yikus.com//1364"
    ],
    "ENTITY#044": [
        "ce.yikus.com//743"
    ],
    "ENTITY#087": [
        "ce.yikus.com//533"
    ],
    "ENTITY#102": [
        "ce.yikus.com//251"
    ],
    "ENTITY#104": [
        "ce.yikus.com//896"
    ],
    "ENTITY#108": [
        "ce.yikus.com//1352"
    ],
    "ENTITY#117": [
        "ce.yikus.com//988"
    ],
    "ENTITY#119": [
        "ce.yikus.com//226"
    ],
    "ENTITY#124": [
        "ce.yikus.com//36",
        "ce.yikus.com//670"
    ],
    "ENTITY#127": [
        "ce.yikus.com//199",
        "ce.yikus.com//967"
    ],
    "ENTITY#130": [
        "ce.yikus.com//1199"
    ],
    "ENTITY#135": [
        "ce.yikus.com//301",
        "ce.yikus.com//1014",
        "ce.yikus.com//170"
    ],
    "ENTITY#136": [
        "ce.yikus.com//728"
    ],
    "ENTITY#142": [
        "ce.yikus.com//147"
    ],
    "ENTITY#143": [
        "ce.yikus.com//193"
    ],
    "ENTITY#146": [
        "ce.yikus.com//568"
    ],
    "ENTITY#152": [
        "ce.yikus.com//686"
    ],
    "ENTITY#156": [
        "ce.yikus.com//25"
    ],
    "ENTITY#158": [
        "ce.yikus.com//1049"
    ],
    "ENTITY#165": [
        "ce.yikus.com//1309"
    ],
    "ENTITY#170": [
        "ce.yikus.com//968"
    ],
    "ENTITY#171": [
        "ce.yikus.com//14"
    ],
    "ENTITY#172": [
        "ce.yikus.com//1133",
        "ce.yikus.com//118"
    ],
    "ENTITY#180": [
        "ce.yikus.com//581"
    ],
    "ENTITY#182": [
        "ce.yikus.com//250"
    ],
    "ENTITY#183": [
        "ce.yikus.com//1289"
    ],
    "ENTITY#185": [
        "ce.yikus.com//528"
    ]
}