{
    "1266944": [
        "01.ee//18822679"
    ],
    "1471776": [
        "01.ee//18983167"
    ],
    "180186": [
        "01.ee//22994563"
    ],
    "186104": [
        "01.ee//20929452"
    ],
    "372673": [
        "01.ee//22427791"
    ],
    "3959671": [
        "01.ee//18685423",
        "01.ee//22038459"
    ],
    "402493": [
        "01.ee//18261860"
    ],
    "448685": [
        "01.ee//17783868"
    ],
    "70253": [
        "01.ee//25368283"
    ],
    "72447": [
        "01.ee//24140199"
    ],
    "751016": [
        "01.ee//20494538"
    ],
    "769457": [
        "01.ee//22750419"
    ],
    "78146": [
        "01.ee//18923046"
    ],
    "828132": [
        "01.ee//25954034"
    ],
    "840934": [
        "01.ee//22359784"
    ],
    "9172205": [
        "01.ee//23891651"
    ],
    "920963": [
        "01.ee//17847952"
    ],
    "921587": [
        "01.ee//26087239"
    ],
    "977570": [
        "01.ee//19575548"
    ],
    "988591": [
        "01.ee//27393062"
    ]
}