[
    {
        "spec": {
            "EAN": "0884962780497",
            "Kirjeldus": "Tint HP300 3-color (F4280)",
            "Koosk\u00f5las": "Deskjet D1660, D1663, D1668, D2563, D2660, D2680, D5560, F2420, F2430, F2480, F2483, F2488, F4210, F4230, F4235, F4250, F4273, F4274, F4275, F4283, F4288, F4292, F4293, F4435, F4440, F4480, F4580; Envy 100 D410, 11X D411, 120; Photosmart C4640, C4650, C46",
            "Kulumaterjalid": "Ink cartridge",
            "Lisatud kogus": "1-pack",
            "Printimise tehnoloogia": "Ink-jetInk-jet",
            "Product Description": "HP 300 - colour (cyan, magenta, yellow) - original - ink cartridge",
            "Tippkoormus": "Up to 165 pagesUp to 165 pages",
            "Toode t\u00fc\u00fcp": "Ink cartridge",
            "Tr\u00fcki v\u00e4rvus": "Colour (cyan, magenta, yellow)",
            "V\u00e4rvus": "Colour (cyan, magenta, yellow)"
        },
        "url": "01.ee//19655386"
    },
    {
        "spec": {
            "EAN": "5031713026846",
            "Product Description": "OKI - black - original - toner cartridge",
            "\u0412\u043a\u043b\u044e\u0447\u0435\u043d\u044b Qty": "1-pack"
        },
        "url": "01.ee//20227043"
    },
    {
        "spec": {
            "EAN": "0039281036026",
            "Product Description": "Konica Minolta - cyan - original - toner cartridge",
            "\u0412\u043a\u043b\u044e\u0447\u0435\u043d\u044b Qty": "1-pack"
        },
        "url": "01.ee//27541081"
    },
    {
        "spec": {
            "EAN": "5025232501762",
            "Kirjeldus": "Dual Touch Replacement Stylus (for Digitizer)/",
            "Product Description": "Panasonic CF-VNP012U - notebook stylus",
            "Toode t\u00fc\u00fcp": "Notebook stylusNotebook stylus"
        },
        "url": "01.ee//17913927"
    },
    {
        "spec": {
            "EAN": "0039281036026",
            "Koosk\u00f5las": "Magicolor 2400, 2400W, 2430 DL, 2450, 2450D, 2450DX, 2480 MF, 2490 MF, 2500W, 2530DL, 2550, 2550 DN, 2550 EN, 2590 MFKonica Minolta magicolor 2400, 2400W, 2430 DL, 2450, 2450D, 2450DX, 2480 MF, 2490 MF, 2500W, 2530DL, 2550, 2550 DN, 2550 EN, 2590 MF",
            "Kulumaterjalid": "Toner cartridge",
            "Lisatud kogus": "1-pack",
            "Printimise tehnoloogia": "LaserLaser",
            "Product Description": "Konica Minolta - cyan - original - toner cartridge",
            "Tippkoormus": "Up to 1500 pagesUp to 1500 pages",
            "Toode t\u00fc\u00fcp": "Toner cartridge",
            "Tr\u00fcki v\u00e4rvus": "Cyan",
            "V\u00e4rvus": "Cyan"
        },
        "url": "01.ee//24104550"
    },
    {
        "spec": {
            "EAN": "0884962780497",
            "Product Description": "HP 300 - colour (cyan, magenta, yellow) - original - ink cartridge",
            "\u0412\u043a\u043b\u044e\u0447\u0435\u043d\u044b Qty": "1-pack"
        },
        "url": "01.ee//19716201"
    },
    {
        "spec": {
            "EAN": "0884962780589",
            "Product Description": "HP 350 - black - original - ink cartridge",
            "\u0412\u043a\u043b\u044e\u0447\u0435\u043d\u044b Qty": "1-pack"
        },
        "url": "01.ee//23945015"
    },
    {
        "spec": {
            "EAN": "5031713026846",
            "Koosk\u00f5las": "C9600dn, 9600hdn, 9600hdtn, 9600hn Color Signage, 9600n, 9650dn, 9650dtn, 9650eXpress, 9650hdn, 9650hdtn, 9650hn Color Signage, 9650n, 9800 MFP, 9800hdn, 9800hdtn, 9800hn, 9850 MFP, 9850hdn, 9850hdtnOKI C9600dn, 9600hdn, 9600hdtn, 9600hn Color Signag",
            "Kulumaterjalid": "Toner cartridge",
            "Laevanduse k\u00f5rgus": "11.7 cm",
            "Laevanduse laius": "48.4 cm",
            "Laevanduse s\u00fcgavus": "10.2 cm",
            "Lisatud kogus": "1-pack",
            "Printimise tehnoloogia": "LEDLED",
            "Product Description": "OKI - black - original - toner cartridge",
            "Shipping Weight": "1 kg",
            "Tippkoormus": "Up to 15000 pages at 5% coverageUp to 15000 pages at 5% coverage",
            "Toode t\u00fc\u00fcp": "Toner cartridge",
            "Tr\u00fcki v\u00e4rvus": "Black",
            "V\u00e4rvus": "Black"
        },
        "url": "01.ee//23621854"
    },
    {
        "spec": {
            "EAN": "0095205428193",
            "Koosk\u00f5las": "Phaser 6360DA, 6360DB, 6360DN, 6360DT, 6360DX, 6360NXerox Phaser 6360DA, 6360DB, 6360DN, 6360DT, 6360DX, 6360N",
            "Kulumaterjalid": "Toner cartridge",
            "Laevanduse k\u00f5rgus": "14.5 cm",
            "Laevanduse laius": "8.4 cm",
            "Laevanduse s\u00fcgavus": "39.4 cm",
            "Lisatud kogus": "1-pack",
            "Printimise tehnoloogia": "LaserLaser",
            "Product Description": "Xerox - high capacity - magenta - original - toner cartridge",
            "Shipping Weight": "680 g",
            "Tippkoormus": "Up to 12000 pages at 5% coverageUp to 12000 pages at 5% coverage",
            "Toode t\u00fc\u00fcp": "Toner cartridge",
            "Tr\u00fcki v\u00e4rvus": "Magenta",
            "V\u00e4rvus": "Magenta"
        },
        "url": "01.ee//24181191"
    },
    {
        "spec": {
            "EAN": "0884962780589",
            "Kirjeldus": "HP 350. Printing colours: Black, BCP bubble graphic colour: black. Package dimensions (WxDxH): 116 x 36 x 115 - HP 350 Black Inkjet Print Cartridge with Vivera Ink produces laser-quality results for everyday printing. Enjoy outstanding value when you choose this Original HP inkjet print cartridge designed for moderate, occasional printing. - For moderate, occasional printing, choose the HP 350 Black Inkjet Print Cartridge with Vivera Ink. Make a smart choice to meet your individual printing and budget needs with Original HP Supplies. Get HP reliability at an affordable price. - Enjoy your social life! You want a hassle-free cartridge that prints whenever you need it. HP 350 Black Inkjet Print Cartridge with Vivera Ink is a practical solution to your everyday printing needs. Get outstanding HP quality and reliability. - Mark your documents with a highlighter pen \u2013 this enhanced black ink offers greater resistance to highlighter pen smear and provides darker black text. Superior fade resistance lets you archive documents and important papers for decades.",
            "Koosk\u00f5las": "Deskjet D4260; Officejet J5730, J5780; Photosmart C4480, C4580HP Deskjet D4260HP Officejet J5730, J5780HP Photosmart C4480, C4580",
            "Kulumaterjalid": "Ink cartridge",
            "Laevanduse k\u00f5rgus": "11.5 cm",
            "Laevanduse laius": "11.6 cm",
            "Laevanduse s\u00fcgavus": "3.6 cm",
            "Lisatud kogus": "1-pack",
            "Printimise tehnoloogia": "Ink-jetInk-jet",
            "Product Description": "HP 350 - black - original - ink cartridge",
            "Shipping Weight": "50 g",
            "Tippkoormus": "Up to 200 pagesUp to 200 pages",
            "Toode t\u00fc\u00fcp": "Ink cartridge",
            "Tr\u00fcki v\u00e4rvus": "Black",
            "V\u00e4rvus": "Black"
        },
        "url": "01.ee//22843287"
    }
]