{
    "ENTITY#002": [
        "www.ohc24.ch//318"
    ],
    "ENTITY#003": [
        "www.ohc24.ch//304",
        "www.ohc24.ch//624",
        "www.ohc24.ch//186"
    ],
    "ENTITY#004": [
        "www.ohc24.ch//721",
        "www.ohc24.ch//51"
    ],
    "ENTITY#013": [
        "www.ohc24.ch//843"
    ],
    "ENTITY#014": [
        "www.ohc24.ch//351",
        "www.ohc24.ch//683",
        "www.ohc24.ch//720",
        "www.ohc24.ch//315",
        "www.ohc24.ch//453"
    ],
    "ENTITY#018": [
        "www.ohc24.ch//811"
    ],
    "ENTITY#019": [
        "www.ohc24.ch//443",
        "www.ohc24.ch//160",
        "www.ohc24.ch//89",
        "www.ohc24.ch//18"
    ],
    "ENTITY#020": [
        "www.ohc24.ch//412"
    ],
    "ENTITY#022": [
        "www.ohc24.ch//780"
    ],
    "ENTITY#025": [
        "www.ohc24.ch//574"
    ],
    "ENTITY#027": [
        "www.ohc24.ch//162"
    ],
    "ENTITY#032": [
        "www.ohc24.ch//654"
    ],
    "ENTITY#033": [
        "www.ohc24.ch//100"
    ],
    "ENTITY#035": [
        "www.ohc24.ch//377"
    ],
    "ENTITY#038": [
        "www.ohc24.ch//83",
        "www.ohc24.ch//316"
    ],
    "ENTITY#062": [
        "www.ohc24.ch//183"
    ],
    "ENTITY#080": [
        "www.ohc24.ch//278"
    ],
    "ENTITY#085": [
        "www.ohc24.ch//509"
    ],
    "ENTITY#088": [
        "www.ohc24.ch//647"
    ],
    "ENTITY#093": [
        "www.ohc24.ch//107"
    ],
    "ENTITY#117": [
        "www.ohc24.ch//826"
    ],
    "ENTITY#124": [
        "www.ohc24.ch//872"
    ],
    "ENTITY#125": [
        "www.ohc24.ch//404"
    ],
    "ENTITY#132": [
        "www.ohc24.ch//359"
    ],
    "ENTITY#133": [
        "www.ohc24.ch//385"
    ],
    "ENTITY#134": [
        "www.ohc24.ch//831"
    ],
    "ENTITY#140": [
        "www.ohc24.ch//471",
        "www.ohc24.ch//868",
        "www.ohc24.ch//260"
    ],
    "ENTITY#151": [
        "www.ohc24.ch//437"
    ],
    "ENTITY#156": [
        "www.ohc24.ch//22"
    ],
    "ENTITY#157": [
        "www.ohc24.ch//184"
    ],
    "ENTITY#183": [
        "www.ohc24.ch//450"
    ],
    "ENTITY#193": [
        "www.ohc24.ch//397"
    ],
    "ENTITY#197": [
        "www.ohc24.ch//492"
    ],
    "ENTITY#200": [
        "www.ohc24.ch//772"
    ],
    "ENTITY#202": [
        "www.ohc24.ch//365"
    ],
    "ENTITY#203": [
        "www.ohc24.ch//301",
        "www.ohc24.ch//480"
    ],
    "ENTITY#204": [
        "www.ohc24.ch//775"
    ],
    "ENTITY#205": [
        "www.ohc24.ch//209",
        "www.ohc24.ch//363"
    ],
    "ENTITY#206": [
        "www.ohc24.ch//529"
    ],
    "ENTITY#207": [
        "www.ohc24.ch//332",
        "www.ohc24.ch//673"
    ],
    "ENTITY#208": [
        "www.ohc24.ch//820"
    ],
    "ENTITY#209": [
        "www.ohc24.ch//325"
    ],
    "ENTITY#211": [
        "www.ohc24.ch//512"
    ],
    "ENTITY#212": [
        "www.ohc24.ch//705"
    ],
    "ENTITY#213": [
        "www.ohc24.ch//797"
    ],
    "ENTITY#223": [
        "www.ohc24.ch//777",
        "www.ohc24.ch//116"
    ],
    "ENTITY#224": [
        "www.ohc24.ch//482",
        "www.ohc24.ch//212"
    ],
    "ENTITY#225": [
        "www.ohc24.ch//239"
    ]
}