{
    "ENTITY#002": [
        "www.getprice.com.au//280"
    ],
    "ENTITY#023": [
        "www.getprice.com.au//310"
    ],
    "ENTITY#029": [
        "www.getprice.com.au//390"
    ],
    "ENTITY#032": [
        "www.getprice.com.au//192"
    ],
    "ENTITY#034": [
        "www.getprice.com.au//257"
    ],
    "ENTITY#035": [
        "www.getprice.com.au//311"
    ],
    "ENTITY#037": [
        "www.getprice.com.au//149"
    ],
    "ENTITY#040": [
        "www.getprice.com.au//381"
    ],
    "ENTITY#044": [
        "www.getprice.com.au//225"
    ],
    "ENTITY#045": [
        "www.getprice.com.au//356"
    ],
    "ENTITY#046": [
        "www.getprice.com.au//241"
    ],
    "ENTITY#048": [
        "www.getprice.com.au//298",
        "www.getprice.com.au//304",
        "www.getprice.com.au//347",
        "www.getprice.com.au//195",
        "www.getprice.com.au//198",
        "www.getprice.com.au//306",
        "www.getprice.com.au//376"
    ],
    "ENTITY#050": [
        "www.getprice.com.au//249"
    ],
    "ENTITY#062": [
        "www.getprice.com.au//167"
    ],
    "ENTITY#079": [
        "www.getprice.com.au//394"
    ],
    "ENTITY#083": [
        "www.getprice.com.au//365"
    ],
    "ENTITY#085": [
        "www.getprice.com.au//158"
    ],
    "ENTITY#086": [
        "www.getprice.com.au//244"
    ],
    "ENTITY#087": [
        "www.getprice.com.au//227"
    ],
    "ENTITY#093": [
        "www.getprice.com.au//300"
    ],
    "ENTITY#094": [
        "www.getprice.com.au//386"
    ],
    "ENTITY#099": [
        "www.getprice.com.au//213"
    ],
    "ENTITY#100": [
        "www.getprice.com.au//281"
    ],
    "ENTITY#104": [
        "www.getprice.com.au//142"
    ],
    "ENTITY#107": [
        "www.getprice.com.au//287"
    ],
    "ENTITY#117": [
        "www.getprice.com.au//260"
    ],
    "ENTITY#123": [
        "www.getprice.com.au//285"
    ],
    "ENTITY#124": [
        "www.getprice.com.au//269"
    ],
    "ENTITY#126": [
        "www.getprice.com.au//233"
    ],
    "ENTITY#128": [
        "www.getprice.com.au//181"
    ],
    "ENTITY#129": [
        "www.getprice.com.au//206"
    ],
    "ENTITY#130": [
        "www.getprice.com.au//326"
    ],
    "ENTITY#133": [
        "www.getprice.com.au//395"
    ],
    "ENTITY#138": [
        "www.getprice.com.au//145"
    ],
    "ENTITY#141": [
        "www.getprice.com.au//218"
    ],
    "ENTITY#143": [
        "www.getprice.com.au//350"
    ],
    "ENTITY#145": [
        "www.getprice.com.au//354"
    ],
    "ENTITY#150": [
        "www.getprice.com.au//390"
    ],
    "ENTITY#153": [
        "www.getprice.com.au//361"
    ],
    "ENTITY#154": [
        "www.getprice.com.au//173"
    ],
    "ENTITY#155": [
        "www.getprice.com.au//554"
    ],
    "ENTITY#157": [
        "www.getprice.com.au//374"
    ],
    "ENTITY#158": [
        "www.getprice.com.au//284"
    ],
    "ENTITY#165": [
        "www.getprice.com.au//340"
    ],
    "ENTITY#166": [
        "www.getprice.com.au//388"
    ],
    "ENTITY#167": [
        "www.getprice.com.au//335"
    ],
    "ENTITY#168": [
        "www.getprice.com.au//277"
    ],
    "ENTITY#169": [
        "www.getprice.com.au//291"
    ],
    "ENTITY#170": [
        "www.getprice.com.au//555"
    ],
    "ENTITY#182": [
        "www.getprice.com.au//200"
    ],
    "ENTITY#183": [
        "www.getprice.com.au//264"
    ],
    "ENTITY#186": [
        "www.getprice.com.au//183"
    ],
    "ENTITY#189": [
        "www.getprice.com.au//171"
    ],
    "ENTITY#194": [
        "www.getprice.com.au//319"
    ],
    "ENTITY#195": [
        "www.getprice.com.au//187"
    ],
    "ENTITY#196": [
        "www.getprice.com.au//143"
    ],
    "ENTITY#197": [
        "www.getprice.com.au//324"
    ],
    "ENTITY#198": [
        "www.getprice.com.au//240"
    ],
    "ENTITY#200": [
        "www.getprice.com.au//392",
        "www.getprice.com.au//265"
    ],
    "ENTITY#221": [
        "www.getprice.com.au//556",
        "www.getprice.com.au//377"
    ]
}