{
    "1": [
        "http:///buy.net/5725",
        "http:///buy.net/6071",
        "http:///buy.net/6241",
        "http:///buy.net/6546",
        "http:///buy.net/6764"
    ],
    "2": [
        "http:///buy.net/5643"
    ],
    "4": [
        "http:///buy.net/6078",
        "http:///buy.net/6145"
    ],
    "5": [
        "http:///buy.net/6204",
        "http:///buy.net/6601"
    ],
    "6": [
        "http:///buy.net/5752",
        "http:///buy.net/6510"
    ],
    "7": [
        "http:///buy.net/5508"
    ],
    "9": [
        "http:///buy.net/5972",
        "http:///buy.net/6368"
    ],
    "12": [
        "http:///buy.net/6378"
    ],
    "14": [
        "http:///buy.net/6147",
        "http:///buy.net/6167"
    ],
    "16": [
        "http:///buy.net/5842",
        "http:///buy.net/6478"
    ],
    "17": [
        "http:///buy.net/5687"
    ],
    "20": [
        "http:///buy.net/6272"
    ],
    "21": [
        "http:///buy.net/4309",
        "http:///buy.net/5403"
    ],
    "22": [
        "http:///buy.net/5393",
        "http:///buy.net/5762"
    ],
    "23": [
        "http:///buy.net/5951",
        "http:///buy.net/6006",
        "http:///buy.net/6384"
    ],
    "24": [
        "http:///buy.net/5925"
    ],
    "25": [
        "http:///buy.net/5563"
    ],
    "26": [
        "http:///buy.net/6428"
    ],
    "29": [
        "http:///buy.net/5514"
    ],
    "32": [
        "http:///buy.net/6038",
        "http:///buy.net/6138"
    ],
    "34": [
        "http:///buy.net/5966",
        "http:///buy.net/6228"
    ],
    "36": [
        "http:///buy.net/6212"
    ],
    "41": [
        "http:///buy.net/5698",
        "http:///buy.net/5857"
    ],
    "42": [
        "http:///buy.net/5946"
    ],
    "43": [
        "http:///buy.net/5986",
        "http:///buy.net/5994"
    ],
    "44": [
        "http:///buy.net/5459",
        "http:///buy.net/6594"
    ],
    "46": [
        "http:///buy.net/5596",
        "http:///buy.net/5909"
    ],
    "48": [
        "http:///buy.net/6753"
    ],
    "49": [
        "http:///buy.net/4319",
        "http:///buy.net/5819",
        "http:///buy.net/6120",
        "http:///buy.net/6296",
        "http:///buy.net/6305",
        "http:///buy.net/6324",
        "http:///buy.net/6670"
    ],
    "53": [
        "http:///buy.net/6088",
        "http:///buy.net/6545"
    ],
    "54": [
        "http:///buy.net/5849",
        "http:///buy.net/6338",
        "http:///buy.net/6618"
    ],
    "56": [
        "http:///buy.net/6615"
    ],
    "57": [
        "http:///buy.net/5759"
    ],
    "59": [
        "http:///buy.net/5504"
    ],
    "61": [
        "http:///buy.net/6207",
        "http:///buy.net/6425",
        "http:///buy.net/6433",
        "http:///buy.net/6536"
    ],
    "62": [
        "http:///buy.net/5878",
        "http:///buy.net/6049"
    ],
    "64": [
        "http:///buy.net/5761",
        "http:///buy.net/5895",
        "http:///buy.net/5943",
        "http:///buy.net/6025",
        "http:///buy.net/6759"
    ],
    "66": [
        "http:///buy.net/5803"
    ],
    "68": [
        "http:///buy.net/5411"
    ],
    "70": [
        "http:///buy.net/4233",
        "http:///buy.net/5631",
        "http:///buy.net/5705",
        "http:///buy.net/6299"
    ],
    "71": [
        "http:///buy.net/6783"
    ],
    "73": [
        "http:///buy.net/6171"
    ],
    "75": [
        "http:///buy.net/5904"
    ],
    "79": [
        "http:///buy.net/6423"
    ],
    "80": [
        "http:///buy.net/6362"
    ],
    "81": [
        "http:///buy.net/6598"
    ],
    "87": [
        "http:///buy.net/6180"
    ],
    "90": [
        "http:///buy.net/5666"
    ],
    "91": [
        "http:///buy.net/5475",
        "http:///buy.net/5645",
        "http:///buy.net/6064"
    ],
    "92": [
        "http:///buy.net/6110"
    ],
    "94": [
        "http:///buy.net/4293"
    ],
    "95": [
        "http:///buy.net/5413"
    ],
    "97": [
        "http:///buy.net/6674"
    ],
    "99": [
        "http:///buy.net/5773"
    ],
    "100": [
        "http:///buy.net/6135",
        "http:///buy.net/6785"
    ],
    "102": [
        "http:///buy.net/5464",
        "http:///buy.net/6531"
    ],
    "103": [
        "http:///buy.net/5391",
        "http:///buy.net/5503",
        "http:///buy.net/6448"
    ],
    "106": [
        "http:///buy.net/5368",
        "http:///buy.net/6363",
        "http:///buy.net/6507"
    ],
    "107": [
        "http:///buy.net/5473",
        "http:///buy.net/6287"
    ],
    "110": [
        "http:///buy.net/5427",
        "http:///buy.net/6370"
    ],
    "115": [
        "http:///buy.net/5549"
    ],
    "118": [
        "http:///buy.net/5814",
        "http:///buy.net/5892",
        "http:///buy.net/6156",
        "http:///buy.net/6179"
    ],
    "119": [
        "http:///buy.net/6239"
    ],
    "120": [
        "http:///buy.net/6293"
    ],
    "121": [
        "http:///buy.net/5381",
        "http:///buy.net/6689"
    ],
    "122": [
        "http:///buy.net/6578"
    ],
    "123": [
        "http:///buy.net/6308"
    ],
    "125": [
        "http:///buy.net/5545",
        "http:///buy.net/5613",
        "http:///buy.net/5640",
        "http:///buy.net/6077",
        "http:///buy.net/6259"
    ],
    "128": [
        "http:///buy.net/6511",
        "http:///buy.net/6555"
    ],
    "130": [
        "http:///buy.net/5791"
    ],
    "133": [
        "http:///buy.net/6028",
        "http:///buy.net/6201"
    ],
    "135": [
        "http:///buy.net/5598"
    ],
    "136": [
        "http:///buy.net/5439",
        "http:///buy.net/5855",
        "http:///buy.net/6502"
    ],
    "137": [
        "http:///buy.net/5733",
        "http:///buy.net/6519"
    ],
    "139": [
        "http:///buy.net/6625"
    ],
    "140": [
        "http:///buy.net/6125",
        "http:///buy.net/6589"
    ],
    "143": [
        "http:///buy.net/6696"
    ],
    "146": [
        "http:///buy.net/6053"
    ],
    "147": [
        "http:///buy.net/6666"
    ],
    "148": [
        "http:///buy.net/5608"
    ],
    "149": [
        "http:///buy.net/5461",
        "http:///buy.net/5602",
        "http:///buy.net/6335",
        "http:///buy.net/6681"
    ],
    "152": [
        "http:///buy.net/5372"
    ],
    "154": [
        "http:///buy.net/5901"
    ],
    "155": [
        "http:///buy.net/6355"
    ],
    "159": [
        "http:///buy.net/6142",
        "http:///buy.net/6685"
    ],
    "161": [
        "http:///buy.net/6698"
    ],
    "165": [
        "http:///buy.net/5751"
    ],
    "166": [
        "http:///buy.net/5370"
    ],
    "170": [
        "http:///buy.net/5688"
    ],
    "172": [
        "http:///buy.net/5754"
    ],
    "174": [
        "http:///buy.net/6153"
    ],
    "175": [
        "http:///buy.net/5648"
    ],
    "176": [
        "http:///buy.net/6528"
    ],
    "180": [
        "http:///buy.net/5556",
        "http:///buy.net/5622"
    ],
    "182": [
        "http:///buy.net/6036"
    ],
    "183": [
        "http:///buy.net/5881"
    ],
    "185": [
        "http:///buy.net/5455",
        "http:///buy.net/5720"
    ],
    "194": [
        "http:///buy.net/6420"
    ],
    "195": [
        "http:///buy.net/5987"
    ],
    "196": [
        "http:///buy.net/6627"
    ],
    "197": [
        "http:///buy.net/5449",
        "http:///buy.net/6065"
    ],
    "201": [
        "http:///buy.net/5635",
        "http:///buy.net/5975",
        "http:///buy.net/6310"
    ],
    "202": [
        "http:///buy.net/6032"
    ],
    "203": [
        "http:///buy.net/5691"
    ],
    "204": [
        "http:///buy.net/5871",
        "http:///buy.net/6716"
    ],
    "209": [
        "http:///buy.net/5572"
    ],
    "211": [
        "http:///buy.net/4247"
    ],
    "220": [
        "http:///buy.net/5388"
    ],
    "226": [
        "http:///buy.net/6767"
    ],
    "232": [
        "http:///buy.net/5937"
    ],
    "240": [
        "http:///buy.net/5810"
    ],
    "244": [
        "http:///buy.net/5775",
        "http:///buy.net/6123",
        "http:///buy.net/6501",
        "http:///buy.net/6542"
    ],
    "245": [
        "http:///buy.net/5628",
        "http:///buy.net/5727",
        "http:///buy.net/5941",
        "http:///buy.net/6399",
        "http:///buy.net/6743"
    ],
    "248": [
        "http:///buy.net/5935"
    ],
    "250": [
        "http:///buy.net/5723",
        "http:///buy.net/6091"
    ],
    "256": [
        "http:///buy.net/6051",
        "http:///buy.net/6408"
    ],
    "259": [
        "http:///buy.net/6229"
    ],
    "264": [
        "http:///buy.net/5481"
    ],
    "267": [
        "http:///buy.net/5793"
    ],
    "269": [
        "http:///buy.net/6455"
    ],
    "273": [
        "http:///buy.net/5575"
    ],
    "282": [
        "http:///buy.net/5536",
        "http:///buy.net/6656"
    ],
    "289": [
        "http:///buy.net/5641"
    ],
    "292": [
        "http:///buy.net/5797"
    ],
    "295": [
        "http:///buy.net/6117",
        "http:///buy.net/6417",
        "http:///buy.net/6447"
    ],
    "306": [
        "http:///buy.net/6749"
    ],
    "309": [
        "http:///buy.net/5957"
    ],
    "311": [
        "http:///buy.net/6054"
    ],
    "329": [
        "http:///buy.net/5932"
    ],
    "336": [
        "http:///buy.net/4272"
    ],
    "353": [
        "http:///buy.net/6717"
    ],
    "355": [
        "http:///buy.net/6003"
    ],
    "363": [
        "http:///buy.net/6170"
    ],
    "366": [
        "http:///buy.net/5528",
        "http:///buy.net/6087"
    ],
    "373": [
        "http:///buy.net/5362"
    ],
    "374": [
        "http:///buy.net/5964",
        "http:///buy.net/6174"
    ],
    "376": [
        "http:///buy.net/6185",
        "http:///buy.net/6525"
    ],
    "383": [
        "http:///buy.net/6588"
    ],
    "401": [
        "http:///buy.net/4239"
    ],
    "408": [
        "http:///buy.net/6286"
    ],
    "410": [
        "http:///buy.net/5860"
    ],
    "411": [
        "http:///buy.net/5699"
    ],
    "413": [
        "http:///buy.net/5714"
    ],
    "426": [
        "http:///buy.net/5663"
    ],
    "428": [
        "http:///buy.net/6082"
    ],
    "465": [
        "http:///buy.net/6131"
    ],
    "466": [
        "http:///buy.net/6130"
    ],
    "487": [
        "http:///buy.net/5923",
        "http:///buy.net/6196"
    ],
    "489": [
        "http:///buy.net/6687"
    ],
    "490": [
        "http:///buy.net/6027"
    ],
    "496": [
        "http:///buy.net/6208"
    ],
    "531": [
        "http:///buy.net/6328"
    ],
    "542": [
        "http:///buy.net/5865"
    ],
    "544": [
        "http:///buy.net/5861"
    ],
    "571": [
        "http:///buy.net/5897"
    ],
    "586": [
        "http:///buy.net/6221"
    ],
    "595": [
        "http:///buy.net/6694"
    ],
    "604": [
        "http:///buy.net/5561",
        "http:///buy.net/6356"
    ],
    "605": [
        "http:///buy.net/6269"
    ],
    "606": [
        "http:///buy.net/5990"
    ],
    "608": [
        "http:///buy.net/5838"
    ],
    "615": [
        "http:///buy.net/5867"
    ],
    "618": [
        "http:///buy.net/5431"
    ],
    "641": [
        "http:///buy.net/4299",
        "http:///buy.net/5483"
    ],
    "648": [
        "http:///buy.net/5729"
    ],
    "665": [
        "http:///buy.net/5389"
    ],
    "668": [
        "http:///buy.net/6015",
        "http:///buy.net/6473"
    ],
    "671": [
        "http:///buy.net/5852"
    ],
    "681": [
        "http:///buy.net/5889"
    ],
    "707": [
        "http:///buy.net/6152"
    ],
    "720": [
        "http:///buy.net/6059"
    ],
    "728": [
        "http:///buy.net/5784"
    ],
    "737": [
        "http:///buy.net/6279"
    ],
    "739": [
        "http:///buy.net/5526"
    ],
    "753": [
        "http:///buy.net/5837",
        "http:///buy.net/6257"
    ],
    "758": [
        "http:///buy.net/6729"
    ],
    "857": [
        "http:///buy.net/5487"
    ],
    "876": [
        "http:///buy.net/5992"
    ],
    "897": [
        "http:///buy.net/4330"
    ],
    "898": [
        "http:///buy.net/5998"
    ]
}