{
    "ENTITY#1": [
        "http:///buy.net/4236"
    ],
    "ENTITY#10": [
        "http:///buy.net/5464"
    ],
    "ENTITY#11": [
        "http:///buy.net/5466",
        "http:///buy.net/5687"
    ],
    "ENTITY#12": [
        "http:///buy.net/5514"
    ],
    "ENTITY#13": [
        "http:///buy.net/5641"
    ],
    "ENTITY#14": [
        "http:///buy.net/5439",
        "http:///buy.net/5855",
        "http:///buy.net/6502"
    ],
    "ENTITY#15": [
        "http:///buy.net/5970"
    ],
    "ENTITY#16": [
        "http:///buy.net/6028",
        "http:///buy.net/6201"
    ],
    "ENTITY#17": [
        "http:///buy.net/6110"
    ],
    "ENTITY#19": [
        "http:///buy.net/5368",
        "http:///buy.net/6363",
        "http:///buy.net/6507"
    ],
    "ENTITY#2": [
        "http:///buy.net/4266"
    ],
    "ENTITY#20": [
        "http:///buy.net/6753"
    ],
    "ENTITY#22": [
        "http:///buy.net/6783"
    ],
    "ENTITY#29": [
        "http:///buy.net/6212",
        "http:///buy.net/6293"
    ],
    "ENTITY#3": [
        "http:///buy.net/4287"
    ],
    "ENTITY#30": [
        "http:///buy.net/5966",
        "http:///buy.net/6228"
    ],
    "ENTITY#31": [
        "http:///buy.net/6003"
    ],
    "ENTITY#34": [
        "http:///buy.net/5473",
        "http:///buy.net/6287"
    ],
    "ENTITY#35": [
        "http:///buy.net/6204",
        "http:///buy.net/6601"
    ],
    "ENTITY#36": [
        "http:///buy.net/5803"
    ],
    "ENTITY#4": [
        "http:///buy.net/4309",
        "http:///buy.net/5403"
    ],
    "ENTITY#40": [
        "http:///buy.net/5413"
    ],
    "ENTITY#42": [
        "http:///buy.net/4293"
    ],
    "ENTITY#44": [
        "http:///buy.net/5698",
        "http:///buy.net/5857"
    ],
    "ENTITY#45": [
        "http:///buy.net/6036"
    ],
    "ENTITY#5": [
        "http:///buy.net/4312"
    ],
    "ENTITY#6": [
        "http:///buy.net/4319",
        "http:///buy.net/5819",
        "http:///buy.net/6120",
        "http:///buy.net/6296",
        "http:///buy.net/6305",
        "http:///buy.net/6324",
        "http:///buy.net/6670"
    ],
    "ENTITY#61": [
        "http:///buy.net/6117",
        "http:///buy.net/6417",
        "http:///buy.net/6447"
    ],
    "ENTITY#62": [
        "http:///buy.net/6156",
        "http:///buy.net/6179"
    ],
    "ENTITY#64": [
        "http:///buy.net/5901"
    ],
    "ENTITY#7": [
        "http:///buy.net/5372"
    ],
    "ENTITY#73": [
        "http:///buy.net/5904"
    ],
    "ENTITY#74": [
        "http:///buy.net/6687"
    ],
    "ENTITY#75": [
        "http:///buy.net/5791"
    ],
    "ENTITY#76": [
        "http:///buy.net/6207",
        "http:///buy.net/6425",
        "http:///buy.net/6433",
        "http:///buy.net/6536"
    ],
    "ENTITY#77": [
        "http:///buy.net/6051",
        "http:///buy.net/6408"
    ],
    "ENTITY#79": [
        "http:///buy.net/6511",
        "http:///buy.net/6555"
    ],
    "ENTITY#8": [
        "http:///buy.net/5381",
        "http:///buy.net/6689"
    ],
    "ENTITY#80": [
        "http:///buy.net/5889"
    ],
    "ENTITY#83": [
        "http:///buy.net/5946"
    ],
    "ENTITY#86": [
        "http:///buy.net/5842",
        "http:///buy.net/6478"
    ],
    "ENTITY#88": [
        "http:///buy.net/5427",
        "http:///buy.net/6370"
    ],
    "ENTITY#89": [
        "http:///buy.net/5891"
    ],
    "ENTITY#9": [
        "http:///buy.net/5389"
    ],
    "ENTITY#91": [
        "http:///buy.net/6171"
    ],
    "ENTITY#92": [
        "http:///buy.net/6078",
        "http:///buy.net/6145"
    ],
    "ENTITY#93": [
        "http:///buy.net/6088",
        "http:///buy.net/6545"
    ]
}