[
    {
        "spec": {
            "Diam\u00e8tre filament": "1,75 mm",
            "Dimensions externes": "616 x 590 x 760 mm",
            "Mat\u00e9riaux d'impression": "PLA, PLA+, ABS, PET, PETG, HIPS Nylon, PC, PVA , FLEX, WoodFill, BronzeFill, TPU",
            "Nombre de filaments": "2",
            "Poids": "53 kg",
            "Qualit\u00e9 d'impression": "10 microns",
            "Taille de la buse": "0,4 mm",
            "Volume d'impression": "305x305x305 mm"
        },
        "url": "3dsynergie.com//4778909"
    },
    {
        "spec": {
            "Diam\u00e8tre filament": "1,75 mm",
            "Dimensions externes": "616 x 590 x 1112 mm",
            "Mat\u00e9riaux d'impression": "PLA, PLA+, ABS, PET, PETG, HIPS Nylon, PC, PVA , FLEX, WoodFill, BronzeFill, TPU",
            "Nombre de filaments": "2",
            "Poids": "65",
            "Qualit\u00e9 d'impression": "10 microns",
            "Taille de la buse": "0,4 mm",
            "Volume d'impression": "305x305x610 mm"
        },
        "url": "3dsynergie.com//9723982"
    },
    {
        "spec": {
            "Diam\u00e8tre filament": "1.75mm",
            "Dimensions externes": "528x441x410 mm (Longueur x Largeur x Hauteur)",
            "Mat\u00e9riaux d'impression": "PLA",
            "Nombre de filaments": "1",
            "Poids": "16kg",
            "Qualit\u00e9 d'impression": "100 \u00e0 300 microns",
            "Taille de la buse": "0.4mm",
            "Volume d'impression": "7,5L - 252x199x150 mm (Longueur x Largeur x Hauteur)"
        },
        "url": "3dsynergie.com//8512774"
    }
]