{
    "ENTITY#022": [
        "www.planet-computer.it//249"
    ],
    "ENTITY#025": [
        "www.planet-computer.it//16"
    ],
    "ENTITY#026": [
        "www.planet-computer.it//288"
    ],
    "ENTITY#027": [
        "www.planet-computer.it//247"
    ],
    "ENTITY#028": [
        "www.planet-computer.it//275"
    ],
    "ENTITY#032": [
        "www.planet-computer.it//151"
    ],
    "ENTITY#033": [
        "www.planet-computer.it//204"
    ],
    "ENTITY#034": [
        "www.planet-computer.it//203"
    ],
    "ENTITY#036": [
        "www.planet-computer.it//55"
    ],
    "ENTITY#037": [
        "www.planet-computer.it//244"
    ],
    "ENTITY#039": [
        "www.planet-computer.it//160"
    ],
    "ENTITY#040": [
        "www.planet-computer.it//130"
    ],
    "ENTITY#041": [
        "www.planet-computer.it//224"
    ],
    "ENTITY#043": [
        "www.planet-computer.it//17"
    ],
    "ENTITY#044": [
        "www.planet-computer.it//156"
    ],
    "ENTITY#045": [
        "www.planet-computer.it//28"
    ],
    "ENTITY#050": [
        "www.planet-computer.it//165"
    ],
    "ENTITY#062": [
        "www.planet-computer.it//201"
    ],
    "ENTITY#087": [
        "www.planet-computer.it//223"
    ],
    "ENTITY#089": [
        "www.planet-computer.it//280"
    ],
    "ENTITY#090": [
        "www.planet-computer.it//248"
    ],
    "ENTITY#091": [
        "www.planet-computer.it//48"
    ],
    "ENTITY#093": [
        "www.planet-computer.it//147"
    ],
    "ENTITY#099": [
        "www.planet-computer.it//27"
    ],
    "ENTITY#118": [
        "www.planet-computer.it//255"
    ],
    "ENTITY#134": [
        "www.planet-computer.it//211"
    ],
    "ENTITY#136": [
        "www.planet-computer.it//13"
    ],
    "ENTITY#139": [
        "www.planet-computer.it//153"
    ],
    "ENTITY#194": [
        "www.planet-computer.it//138"
    ],
    "ENTITY#196": [
        "www.planet-computer.it//40",
        "www.planet-computer.it//33"
    ],
    "ENTITY#198": [
        "www.planet-computer.it//141",
        "www.planet-computer.it//102"
    ],
    "ENTITY#199": [
        "www.planet-computer.it//256"
    ],
    "ENTITY#200": [
        "www.planet-computer.it//239"
    ]
}