{
    "ENTITY#023": [
        "ca.pcpartpicker.com//563"
    ],
    "ENTITY#030": [
        "ca.pcpartpicker.com//544"
    ],
    "ENTITY#031": [
        "ca.pcpartpicker.com//182"
    ],
    "ENTITY#032": [
        "ca.pcpartpicker.com//244"
    ],
    "ENTITY#033": [
        "ca.pcpartpicker.com//534"
    ],
    "ENTITY#034": [
        "ca.pcpartpicker.com//625"
    ],
    "ENTITY#035": [
        "ca.pcpartpicker.com//322"
    ],
    "ENTITY#043": [
        "ca.pcpartpicker.com//25"
    ],
    "ENTITY#044": [
        "ca.pcpartpicker.com//706"
    ],
    "ENTITY#045": [
        "ca.pcpartpicker.com//430"
    ],
    "ENTITY#046": [
        "ca.pcpartpicker.com//611"
    ],
    "ENTITY#076": [
        "ca.pcpartpicker.com//400"
    ],
    "ENTITY#079": [
        "ca.pcpartpicker.com//264"
    ],
    "ENTITY#081": [
        "ca.pcpartpicker.com//44",
        "ca.pcpartpicker.com//537"
    ],
    "ENTITY#085": [
        "ca.pcpartpicker.com//589"
    ],
    "ENTITY#087": [
        "ca.pcpartpicker.com//660"
    ],
    "ENTITY#090": [
        "ca.pcpartpicker.com//445"
    ],
    "ENTITY#091": [
        "ca.pcpartpicker.com//331"
    ],
    "ENTITY#093": [
        "ca.pcpartpicker.com//487"
    ],
    "ENTITY#099": [
        "ca.pcpartpicker.com//657"
    ],
    "ENTITY#100": [
        "ca.pcpartpicker.com//402"
    ],
    "ENTITY#102": [
        "ca.pcpartpicker.com//55"
    ],
    "ENTITY#104": [
        "ca.pcpartpicker.com//186"
    ],
    "ENTITY#107": [
        "ca.pcpartpicker.com//99",
        "ca.pcpartpicker.com//364"
    ],
    "ENTITY#112": [
        "ca.pcpartpicker.com//102",
        "ca.pcpartpicker.com//101"
    ],
    "ENTITY#113": [
        "ca.pcpartpicker.com//644"
    ],
    "ENTITY#117": [
        "ca.pcpartpicker.com//284"
    ],
    "ENTITY#119": [
        "ca.pcpartpicker.com//23"
    ],
    "ENTITY#120": [
        "ca.pcpartpicker.com//665"
    ],
    "ENTITY#122": [
        "ca.pcpartpicker.com//179"
    ],
    "ENTITY#123": [
        "ca.pcpartpicker.com//698"
    ],
    "ENTITY#124": [
        "ca.pcpartpicker.com//594"
    ],
    "ENTITY#126": [
        "ca.pcpartpicker.com//711"
    ],
    "ENTITY#128": [
        "ca.pcpartpicker.com//228"
    ],
    "ENTITY#129": [
        "ca.pcpartpicker.com//5"
    ],
    "ENTITY#130": [
        "ca.pcpartpicker.com//436"
    ],
    "ENTITY#131": [
        "ca.pcpartpicker.com//677"
    ],
    "ENTITY#132": [
        "ca.pcpartpicker.com//281"
    ],
    "ENTITY#134": [
        "ca.pcpartpicker.com//192"
    ],
    "ENTITY#136": [
        "ca.pcpartpicker.com//566"
    ],
    "ENTITY#138": [
        "ca.pcpartpicker.com//63"
    ],
    "ENTITY#139": [
        "ca.pcpartpicker.com//605"
    ],
    "ENTITY#140": [
        "ca.pcpartpicker.com//409"
    ],
    "ENTITY#141": [
        "ca.pcpartpicker.com//214"
    ],
    "ENTITY#142": [
        "ca.pcpartpicker.com//555"
    ],
    "ENTITY#143": [
        "ca.pcpartpicker.com//175"
    ],
    "ENTITY#144": [
        "ca.pcpartpicker.com//235"
    ],
    "ENTITY#145": [
        "ca.pcpartpicker.com//620"
    ],
    "ENTITY#150": [
        "ca.pcpartpicker.com//308"
    ],
    "ENTITY#153": [
        "ca.pcpartpicker.com//397"
    ],
    "ENTITY#155": [
        "ca.pcpartpicker.com//303"
    ],
    "ENTITY#157": [
        "ca.pcpartpicker.com//184"
    ],
    "ENTITY#159": [
        "ca.pcpartpicker.com//475"
    ],
    "ENTITY#163": [
        "ca.pcpartpicker.com//39"
    ],
    "ENTITY#164": [
        "ca.pcpartpicker.com//521"
    ],
    "ENTITY#165": [
        "ca.pcpartpicker.com//363"
    ],
    "ENTITY#166": [
        "ca.pcpartpicker.com//66"
    ],
    "ENTITY#167": [
        "ca.pcpartpicker.com//59"
    ],
    "ENTITY#168": [
        "ca.pcpartpicker.com//339"
    ],
    "ENTITY#171": [
        "ca.pcpartpicker.com//491"
    ],
    "ENTITY#173": [
        "ca.pcpartpicker.com//411"
    ],
    "ENTITY#174": [
        "ca.pcpartpicker.com//200"
    ],
    "ENTITY#175": [
        "ca.pcpartpicker.com//197"
    ],
    "ENTITY#176": [
        "ca.pcpartpicker.com//593"
    ],
    "ENTITY#177": [
        "ca.pcpartpicker.com//240"
    ],
    "ENTITY#187": [
        "ca.pcpartpicker.com//561"
    ],
    "ENTITY#188": [
        "ca.pcpartpicker.com//382"
    ],
    "ENTITY#189": [
        "ca.pcpartpicker.com//295"
    ],
    "ENTITY#190": [
        "ca.pcpartpicker.com//469"
    ],
    "ENTITY#192": [
        "ca.pcpartpicker.com//375"
    ],
    "ENTITY#194": [
        "ca.pcpartpicker.com//6"
    ],
    "ENTITY#195": [
        "ca.pcpartpicker.com//405"
    ],
    "ENTITY#196": [
        "ca.pcpartpicker.com//122",
        "ca.pcpartpicker.com//73"
    ],
    "ENTITY#198": [
        "ca.pcpartpicker.com//17",
        "ca.pcpartpicker.com//476"
    ],
    "ENTITY#200": [
        "ca.pcpartpicker.com//432"
    ],
    "ENTITY#225": [
        "ca.pcpartpicker.com//630"
    ],
    "ENTITY#232": [
        "ca.pcpartpicker.com//449"
    ],
    "ENTITY#233": [
        "ca.pcpartpicker.com//149"
    ],
    "ENTITY#235": [
        "ca.pcpartpicker.com//305"
    ]
}