{
    "6": [
        "http:///www.gosale.com/821"
    ],
    "9": [
        "http:///www.gosale.com/399",
        "http:///www.gosale.com/477"
    ],
    "12": [
        "http:///www.gosale.com/1446"
    ],
    "16": [
        "http:///www.gosale.com/402"
    ],
    "17": [
        "http:///www.gosale.com/1074"
    ],
    "20": [
        "http:///www.gosale.com/1459"
    ],
    "23": [
        "http:///www.gosale.com/458",
        "http:///www.gosale.com/799"
    ],
    "25": [
        "http:///www.gosale.com/1093"
    ],
    "32": [
        "http:///www.gosale.com/1313",
        "http:///www.gosale.com/815"
    ],
    "34": [
        "http:///www.gosale.com/1209",
        "http:///www.gosale.com/917"
    ],
    "35": [
        "http:///www.gosale.com/1243"
    ],
    "39": [
        "http:///www.gosale.com/1007",
        "http:///www.gosale.com/1015",
        "http:///www.gosale.com/1042",
        "http:///www.gosale.com/1151",
        "http:///www.gosale.com/1184",
        "http:///www.gosale.com/1393",
        "http:///www.gosale.com/1440",
        "http:///www.gosale.com/1475"
    ],
    "40": [
        "http:///www.gosale.com/611"
    ],
    "41": [
        "http:///www.gosale.com/1122",
        "http:///www.gosale.com/1263",
        "http:///www.gosale.com/1296",
        "http:///www.gosale.com/848"
    ],
    "42": [
        "http:///www.gosale.com/1020"
    ],
    "43": [
        "http:///www.gosale.com/1011",
        "http:///www.gosale.com/1182",
        "http:///www.gosale.com/1259",
        "http:///www.gosale.com/1282",
        "http:///www.gosale.com/1324",
        "http:///www.gosale.com/1332",
        "http:///www.gosale.com/1339",
        "http:///www.gosale.com/1345",
        "http:///www.gosale.com/1425",
        "http:///www.gosale.com/1461",
        "http:///www.gosale.com/524",
        "http:///www.gosale.com/754",
        "http:///www.gosale.com/812",
        "http:///www.gosale.com/838",
        "http:///www.gosale.com/852",
        "http:///www.gosale.com/954",
        "http:///www.gosale.com/970",
        "http:///www.gosale.com/982"
    ],
    "44": [
        "http:///www.gosale.com/419",
        "http:///www.gosale.com/880"
    ],
    "45": [
        "http:///www.gosale.com/1394"
    ],
    "46": [
        "http:///www.gosale.com/759"
    ],
    "49": [
        "http:///www.gosale.com/1008",
        "http:///www.gosale.com/1244",
        "http:///www.gosale.com/1377"
    ],
    "50": [
        "http:///www.gosale.com/495",
        "http:///www.gosale.com/749",
        "http:///www.gosale.com/886",
        "http:///www.gosale.com/919"
    ],
    "51": [
        "http:///www.gosale.com/1082",
        "http:///www.gosale.com/1117",
        "http:///www.gosale.com/1218",
        "http:///www.gosale.com/1307",
        "http:///www.gosale.com/1438",
        "http:///www.gosale.com/883"
    ],
    "53": [
        "http:///www.gosale.com/1412"
    ],
    "54": [
        "http:///www.gosale.com/1271",
        "http:///www.gosale.com/948",
        "http:///www.gosale.com/960"
    ],
    "57": [
        "http:///www.gosale.com/551",
        "http:///www.gosale.com/832"
    ],
    "59": [
        "http:///www.gosale.com/616"
    ],
    "60": [
        "http:///www.gosale.com/1484"
    ],
    "61": [
        "http:///www.gosale.com/1067",
        "http:///www.gosale.com/1405",
        "http:///www.gosale.com/733",
        "http:///www.gosale.com/987"
    ],
    "62": [
        "http:///www.gosale.com/460",
        "http:///www.gosale.com/625"
    ],
    "63": [
        "http:///www.gosale.com/1200"
    ],
    "64": [
        "http:///www.gosale.com/1460",
        "http:///www.gosale.com/937"
    ],
    "65": [
        "http:///www.gosale.com/1395"
    ],
    "66": [
        "http:///www.gosale.com/1153",
        "http:///www.gosale.com/1270",
        "http:///www.gosale.com/985"
    ],
    "67": [
        "http:///www.gosale.com/884"
    ],
    "70": [
        "http:///www.gosale.com/1230",
        "http:///www.gosale.com/1371",
        "http:///www.gosale.com/547",
        "http:///www.gosale.com/612"
    ],
    "75": [
        "http:///www.gosale.com/874"
    ],
    "77": [
        "http:///www.gosale.com/1276",
        "http:///www.gosale.com/526"
    ],
    "79": [
        "http:///www.gosale.com/472",
        "http:///www.gosale.com/543"
    ],
    "81": [
        "http:///www.gosale.com/1100",
        "http:///www.gosale.com/1223",
        "http:///www.gosale.com/508",
        "http:///www.gosale.com/736"
    ],
    "84": [
        "http:///www.gosale.com/1146",
        "http:///www.gosale.com/1247"
    ],
    "86": [
        "http:///www.gosale.com/846"
    ],
    "91": [
        "http:///www.gosale.com/421"
    ],
    "92": [
        "http:///www.gosale.com/1001"
    ],
    "93": [
        "http:///www.gosale.com/1329",
        "http:///www.gosale.com/1453",
        "http:///www.gosale.com/768"
    ],
    "99": [
        "http:///www.gosale.com/1123",
        "http:///www.gosale.com/1448",
        "http:///www.gosale.com/1478",
        "http:///www.gosale.com/488",
        "http:///www.gosale.com/851",
        "http:///www.gosale.com/918"
    ],
    "102": [
        "http:///www.gosale.com/498"
    ],
    "103": [
        "http:///www.gosale.com/1021",
        "http:///www.gosale.com/1073",
        "http:///www.gosale.com/1104",
        "http:///www.gosale.com/1105",
        "http:///www.gosale.com/1252",
        "http:///www.gosale.com/1404",
        "http:///www.gosale.com/504",
        "http:///www.gosale.com/766",
        "http:///www.gosale.com/800",
        "http:///www.gosale.com/854"
    ],
    "105": [
        "http:///www.gosale.com/1014",
        "http:///www.gosale.com/1032",
        "http:///www.gosale.com/1033",
        "http:///www.gosale.com/1060",
        "http:///www.gosale.com/1229",
        "http:///www.gosale.com/1251",
        "http:///www.gosale.com/1280",
        "http:///www.gosale.com/722"
    ],
    "106": [
        "http:///www.gosale.com/1312",
        "http:///www.gosale.com/847"
    ],
    "107": [
        "http:///www.gosale.com/877"
    ],
    "109": [
        "http:///www.gosale.com/860"
    ],
    "114": [
        "http:///www.gosale.com/1245"
    ],
    "115": [
        "http:///www.gosale.com/1012",
        "http:///www.gosale.com/1118",
        "http:///www.gosale.com/483",
        "http:///www.gosale.com/946"
    ],
    "116": [
        "http:///www.gosale.com/1069"
    ],
    "118": [
        "http:///www.gosale.com/1178",
        "http:///www.gosale.com/515",
        "http:///www.gosale.com/516",
        "http:///www.gosale.com/774",
        "http:///www.gosale.com/858",
        "http:///www.gosale.com/899"
    ],
    "119": [
        "http:///www.gosale.com/1455",
        "http:///www.gosale.com/876"
    ],
    "120": [
        "http:///www.gosale.com/1422"
    ],
    "122": [
        "http:///www.gosale.com/1241",
        "http:///www.gosale.com/1265",
        "http:///www.gosale.com/586",
        "http:///www.gosale.com/785",
        "http:///www.gosale.com/817"
    ],
    "123": [
        "http:///www.gosale.com/592",
        "http:///www.gosale.com/996"
    ],
    "125": [
        "http:///www.gosale.com/1056",
        "http:///www.gosale.com/1201",
        "http:///www.gosale.com/409",
        "http:///www.gosale.com/437"
    ],
    "128": [
        "http:///www.gosale.com/1360",
        "http:///www.gosale.com/1436",
        "http:///www.gosale.com/1489",
        "http:///www.gosale.com/734",
        "http:///www.gosale.com/802"
    ],
    "130": [
        "http:///www.gosale.com/1066",
        "http:///www.gosale.com/1439"
    ],
    "131": [
        "http:///www.gosale.com/1070",
        "http:///www.gosale.com/1221",
        "http:///www.gosale.com/775"
    ],
    "132": [
        "http:///www.gosale.com/597"
    ],
    "133": [
        "http:///www.gosale.com/1442",
        "http:///www.gosale.com/1469"
    ],
    "134": [
        "http:///www.gosale.com/1466"
    ],
    "135": [
        "http:///www.gosale.com/1128"
    ],
    "136": [
        "http:///www.gosale.com/1359",
        "http:///www.gosale.com/1362",
        "http:///www.gosale.com/1490",
        "http:///www.gosale.com/482",
        "http:///www.gosale.com/798",
        "http:///www.gosale.com/943"
    ],
    "138": [
        "http:///www.gosale.com/1188",
        "http:///www.gosale.com/1400",
        "http:///www.gosale.com/1468",
        "http:///www.gosale.com/794"
    ],
    "142": [
        "http:///www.gosale.com/1177",
        "http:///www.gosale.com/1379",
        "http:///www.gosale.com/431",
        "http:///www.gosale.com/752",
        "http:///www.gosale.com/903"
    ],
    "143": [
        "http:///www.gosale.com/1386",
        "http:///www.gosale.com/1429",
        "http:///www.gosale.com/819",
        "http:///www.gosale.com/922"
    ],
    "144": [
        "http:///www.gosale.com/781"
    ],
    "147": [
        "http:///www.gosale.com/950"
    ],
    "149": [
        "http:///www.gosale.com/1457"
    ],
    "152": [
        "http:///www.gosale.com/1097",
        "http:///www.gosale.com/544",
        "http:///www.gosale.com/608"
    ],
    "154": [
        "http:///www.gosale.com/1416",
        "http:///www.gosale.com/1445"
    ],
    "156": [
        "http:///www.gosale.com/407",
        "http:///www.gosale.com/479",
        "http:///www.gosale.com/930"
    ],
    "157": [
        "http:///www.gosale.com/593"
    ],
    "159": [
        "http:///www.gosale.com/1348",
        "http:///www.gosale.com/396"
    ],
    "161": [
        "http:///www.gosale.com/1399"
    ],
    "164": [
        "http:///www.gosale.com/585"
    ],
    "165": [
        "http:///www.gosale.com/412"
    ],
    "166": [
        "http:///www.gosale.com/413",
        "http:///www.gosale.com/837"
    ],
    "167": [
        "http:///www.gosale.com/1375",
        "http:///www.gosale.com/784"
    ],
    "168": [
        "http:///www.gosale.com/836"
    ],
    "169": [
        "http:///www.gosale.com/492"
    ],
    "170": [
        "http:///www.gosale.com/1176"
    ],
    "172": [
        "http:///www.gosale.com/856"
    ],
    "173": [
        "http:///www.gosale.com/432",
        "http:///www.gosale.com/610"
    ],
    "174": [
        "http:///www.gosale.com/885"
    ],
    "175": [
        "http:///www.gosale.com/968"
    ],
    "176": [
        "http:///www.gosale.com/1125",
        "http:///www.gosale.com/823"
    ],
    "177": [
        "http:///www.gosale.com/1302",
        "http:///www.gosale.com/626",
        "http:///www.gosale.com/898"
    ],
    "180": [
        "http:///www.gosale.com/1447",
        "http:///www.gosale.com/962"
    ],
    "181": [
        "http:///www.gosale.com/435"
    ],
    "182": [
        "http:///www.gosale.com/439",
        "http:///www.gosale.com/632",
        "http:///www.gosale.com/813"
    ],
    "183": [
        "http:///www.gosale.com/1215"
    ],
    "187": [
        "http:///www.gosale.com/489"
    ],
    "188": [
        "http:///www.gosale.com/629"
    ],
    "192": [
        "http:///www.gosale.com/910"
    ],
    "193": [
        "http:///www.gosale.com/875"
    ],
    "194": [
        "http:///www.gosale.com/936"
    ],
    "198": [
        "http:///www.gosale.com/773"
    ],
    "201": [
        "http:///www.gosale.com/1277",
        "http:///www.gosale.com/932"
    ],
    "202": [
        "http:///www.gosale.com/894"
    ],
    "204": [
        "http:///www.gosale.com/816"
    ],
    "206": [
        "http:///www.gosale.com/589"
    ],
    "207": [
        "http:///www.gosale.com/1197",
        "http:///www.gosale.com/965"
    ],
    "208": [
        "http:///www.gosale.com/550"
    ],
    "209": [
        "http:///www.gosale.com/481",
        "http:///www.gosale.com/915"
    ],
    "210": [
        "http:///www.gosale.com/1094",
        "http:///www.gosale.com/1198",
        "http:///www.gosale.com/1288",
        "http:///www.gosale.com/1488",
        "http:///www.gosale.com/901",
        "http:///www.gosale.com/907",
        "http:///www.gosale.com/969",
        "http:///www.gosale.com/984",
        "http:///www.gosale.com/997"
    ],
    "212": [
        "http:///www.gosale.com/1147",
        "http:///www.gosale.com/1328",
        "http:///www.gosale.com/905"
    ],
    "213": [
        "http:///www.gosale.com/729"
    ],
    "214": [
        "http:///www.gosale.com/420"
    ],
    "216": [
        "http:///www.gosale.com/1199",
        "http:///www.gosale.com/559"
    ],
    "218": [
        "http:///www.gosale.com/1205"
    ],
    "219": [
        "http:///www.gosale.com/1364"
    ],
    "220": [
        "http:///www.gosale.com/1026"
    ],
    "222": [
        "http:///www.gosale.com/1051",
        "http:///www.gosale.com/1062"
    ],
    "223": [
        "http:///www.gosale.com/1424"
    ],
    "225": [
        "http:///www.gosale.com/1050",
        "http:///www.gosale.com/403"
    ],
    "228": [
        "http:///www.gosale.com/748"
    ],
    "230": [
        "http:///www.gosale.com/555"
    ],
    "231": [
        "http:///www.gosale.com/470"
    ],
    "233": [
        "http:///www.gosale.com/747"
    ],
    "235": [
        "http:///www.gosale.com/1175"
    ],
    "236": [
        "http:///www.gosale.com/578"
    ],
    "240": [
        "http:///www.gosale.com/1432",
        "http:///www.gosale.com/909"
    ],
    "246": [
        "http:///www.gosale.com/1451"
    ],
    "248": [
        "http:///www.gosale.com/574",
        "http:///www.gosale.com/762"
    ],
    "250": [
        "http:///www.gosale.com/441",
        "http:///www.gosale.com/567",
        "http:///www.gosale.com/920"
    ],
    "251": [
        "http:///www.gosale.com/1449"
    ],
    "254": [
        "http:///www.gosale.com/873"
    ],
    "255": [
        "http:///www.gosale.com/1310"
    ],
    "256": [
        "http:///www.gosale.com/569",
        "http:///www.gosale.com/630"
    ],
    "258": [
        "http:///www.gosale.com/398"
    ],
    "259": [
        "http:///www.gosale.com/743"
    ],
    "261": [
        "http:///www.gosale.com/1487"
    ],
    "262": [
        "http:///www.gosale.com/951"
    ],
    "263": [
        "http:///www.gosale.com/890"
    ],
    "265": [
        "http:///www.gosale.com/600"
    ],
    "266": [
        "http:///www.gosale.com/938"
    ],
    "269": [
        "http:///www.gosale.com/1232"
    ],
    "277": [
        "http:///www.gosale.com/1140",
        "http:///www.gosale.com/1433"
    ],
    "278": [
        "http:///www.gosale.com/1387"
    ],
    "280": [
        "http:///www.gosale.com/1148"
    ],
    "285": [
        "http:///www.gosale.com/1471"
    ],
    "286": [
        "http:///www.gosale.com/744"
    ],
    "287": [
        "http:///www.gosale.com/1262",
        "http:///www.gosale.com/1456",
        "http:///www.gosale.com/568"
    ],
    "289": [
        "http:///www.gosale.com/849"
    ],
    "292": [
        "http:///www.gosale.com/1351"
    ],
    "293": [
        "http:///www.gosale.com/1335"
    ],
    "295": [
        "http:///www.gosale.com/395",
        "http:///www.gosale.com/450",
        "http:///www.gosale.com/806"
    ],
    "298": [
        "http:///www.gosale.com/935"
    ],
    "299": [
        "http:///www.gosale.com/845"
    ],
    "300": [
        "http:///www.gosale.com/1336",
        "http:///www.gosale.com/867"
    ],
    "302": [
        "http:///www.gosale.com/1016",
        "http:///www.gosale.com/1054",
        "http:///www.gosale.com/1139",
        "http:///www.gosale.com/1171",
        "http:///www.gosale.com/1321"
    ],
    "304": [
        "http:///www.gosale.com/1119",
        "http:///www.gosale.com/1315",
        "http:///www.gosale.com/765"
    ],
    "306": [
        "http:///www.gosale.com/596"
    ],
    "311": [
        "http:///www.gosale.com/1045",
        "http:///www.gosale.com/1284"
    ],
    "320": [
        "http:///www.gosale.com/990"
    ],
    "322": [
        "http:///www.gosale.com/1030",
        "http:///www.gosale.com/1059",
        "http:///www.gosale.com/1115",
        "http:///www.gosale.com/1254",
        "http:///www.gosale.com/1316",
        "http:///www.gosale.com/1361",
        "http:///www.gosale.com/1366",
        "http:///www.gosale.com/1401",
        "http:///www.gosale.com/521",
        "http:///www.gosale.com/531",
        "http:///www.gosale.com/727",
        "http:///www.gosale.com/739",
        "http:///www.gosale.com/779",
        "http:///www.gosale.com/826",
        "http:///www.gosale.com/942"
    ],
    "323": [
        "http:///www.gosale.com/497"
    ],
    "326": [
        "http:///www.gosale.com/424"
    ],
    "328": [
        "http:///www.gosale.com/1409"
    ],
    "330": [
        "http:///www.gosale.com/1036",
        "http:///www.gosale.com/1043",
        "http:///www.gosale.com/1109",
        "http:///www.gosale.com/1152",
        "http:///www.gosale.com/1167",
        "http:///www.gosale.com/1228",
        "http:///www.gosale.com/1238",
        "http:///www.gosale.com/1264",
        "http:///www.gosale.com/1299",
        "http:///www.gosale.com/1353",
        "http:///www.gosale.com/1391",
        "http:///www.gosale.com/1397",
        "http:///www.gosale.com/1481",
        "http:///www.gosale.com/1495",
        "http:///www.gosale.com/735",
        "http:///www.gosale.com/777",
        "http:///www.gosale.com/790",
        "http:///www.gosale.com/865",
        "http:///www.gosale.com/912",
        "http:///www.gosale.com/988"
    ],
    "331": [
        "http:///www.gosale.com/1287",
        "http:///www.gosale.com/443",
        "http:///www.gosale.com/590",
        "http:///www.gosale.com/601",
        "http:///www.gosale.com/843",
        "http:///www.gosale.com/958"
    ],
    "332": [
        "http:///www.gosale.com/1023",
        "http:///www.gosale.com/1430"
    ],
    "336": [
        "http:///www.gosale.com/1124",
        "http:///www.gosale.com/1349"
    ],
    "337": [
        "http:///www.gosale.com/1260"
    ],
    "338": [
        "http:///www.gosale.com/1398"
    ],
    "340": [
        "http:///www.gosale.com/1065"
    ],
    "341": [
        "http:///www.gosale.com/400"
    ],
    "343": [
        "http:///www.gosale.com/1304"
    ],
    "345": [
        "http:///www.gosale.com/1106",
        "http:///www.gosale.com/1108",
        "http:///www.gosale.com/1113",
        "http:///www.gosale.com/1137",
        "http:///www.gosale.com/1157",
        "http:///www.gosale.com/1164",
        "http:///www.gosale.com/1246",
        "http:///www.gosale.com/1384",
        "http:///www.gosale.com/1479",
        "http:///www.gosale.com/1482",
        "http:///www.gosale.com/1483",
        "http:///www.gosale.com/723",
        "http:///www.gosale.com/741",
        "http:///www.gosale.com/792",
        "http:///www.gosale.com/795",
        "http:///www.gosale.com/797",
        "http:///www.gosale.com/897",
        "http:///www.gosale.com/924",
        "http:///www.gosale.com/957",
        "http:///www.gosale.com/980"
    ],
    "347": [
        "http:///www.gosale.com/1000",
        "http:///www.gosale.com/1041",
        "http:///www.gosale.com/1226"
    ],
    "348": [
        "http:///www.gosale.com/1006"
    ],
    "356": [
        "http:///www.gosale.com/1272",
        "http:///www.gosale.com/1314",
        "http:///www.gosale.com/573"
    ],
    "360": [
        "http:///www.gosale.com/464"
    ],
    "364": [
        "http:///www.gosale.com/520",
        "http:///www.gosale.com/807"
    ],
    "368": [
        "http:///www.gosale.com/1373"
    ],
    "370": [
        "http:///www.gosale.com/927"
    ],
    "371": [
        "http:///www.gosale.com/1194",
        "http:///www.gosale.com/507"
    ],
    "373": [
        "http:///www.gosale.com/1112",
        "http:///www.gosale.com/842"
    ],
    "377": [
        "http:///www.gosale.com/452"
    ],
    "378": [
        "http:///www.gosale.com/476"
    ],
    "380": [
        "http:///www.gosale.com/500"
    ],
    "381": [
        "http:///www.gosale.com/1476"
    ],
    "383": [
        "http:///www.gosale.com/1285"
    ],
    "388": [
        "http:///www.gosale.com/502",
        "http:///www.gosale.com/994"
    ],
    "390": [
        "http:///www.gosale.com/1079"
    ],
    "391": [
        "http:///www.gosale.com/1129",
        "http:///www.gosale.com/1196",
        "http:///www.gosale.com/501",
        "http:///www.gosale.com/549",
        "http:///www.gosale.com/726"
    ],
    "393": [
        "http:///www.gosale.com/1116",
        "http:///www.gosale.com/425",
        "http:///www.gosale.com/539"
    ],
    "394": [
        "http:///www.gosale.com/1498"
    ],
    "397": [
        "http:///www.gosale.com/1183"
    ],
    "404": [
        "http:///www.gosale.com/1057",
        "http:///www.gosale.com/1367",
        "http:///www.gosale.com/1380",
        "http:///www.gosale.com/772",
        "http:///www.gosale.com/810"
    ],
    "405": [
        "http:///www.gosale.com/1467"
    ],
    "409": [
        "http:///www.gosale.com/633"
    ],
    "412": [
        "http:///www.gosale.com/459"
    ],
    "417": [
        "http:///www.gosale.com/1222",
        "http:///www.gosale.com/575"
    ],
    "419": [
        "http:///www.gosale.com/1190"
    ],
    "422": [
        "http:///www.gosale.com/518"
    ],
    "429": [
        "http:///www.gosale.com/493"
    ],
    "430": [
        "http:///www.gosale.com/1046",
        "http:///www.gosale.com/859"
    ],
    "434": [
        "http:///www.gosale.com/947"
    ],
    "437": [
        "http:///www.gosale.com/840"
    ],
    "438": [
        "http:///www.gosale.com/1211"
    ],
    "442": [
        "http:///www.gosale.com/1027",
        "http:///www.gosale.com/1080"
    ],
    "443": [
        "http:///www.gosale.com/527"
    ],
    "444": [
        "http:///www.gosale.com/1389"
    ],
    "448": [
        "http:///www.gosale.com/1180",
        "http:///www.gosale.com/1369",
        "http:///www.gosale.com/973"
    ],
    "449": [
        "http:///www.gosale.com/1005",
        "http:///www.gosale.com/1127",
        "http:///www.gosale.com/1372"
    ],
    "456": [
        "http:///www.gosale.com/825"
    ],
    "469": [
        "http:///www.gosale.com/1231"
    ],
    "470": [
        "http:///www.gosale.com/853"
    ],
    "479": [
        "http:///www.gosale.com/448"
    ],
    "483": [
        "http:///www.gosale.com/1003"
    ],
    "488": [
        "http:///www.gosale.com/1462"
    ],
    "491": [
        "http:///www.gosale.com/1431"
    ],
    "498": [
        "http:///www.gosale.com/1306"
    ],
    "504": [
        "http:///www.gosale.com/1019"
    ],
    "508": [
        "http:///www.gosale.com/1010"
    ],
    "511": [
        "http:///www.gosale.com/818"
    ],
    "518": [
        "http:///www.gosale.com/1099",
        "http:///www.gosale.com/397"
    ],
    "519": [
        "http:///www.gosale.com/1450"
    ],
    "520": [
        "http:///www.gosale.com/1477"
    ],
    "522": [
        "http:///www.gosale.com/1463"
    ],
    "528": [
        "http:///www.gosale.com/468"
    ],
    "536": [
        "http:///www.gosale.com/789"
    ],
    "537": [
        "http:///www.gosale.com/1095"
    ],
    "545": [
        "http:///www.gosale.com/1258"
    ],
    "548": [
        "http:///www.gosale.com/1358"
    ],
    "553": [
        "http:///www.gosale.com/510"
    ],
    "570": [
        "http:///www.gosale.com/1273",
        "http:///www.gosale.com/429"
    ],
    "584": [
        "http:///www.gosale.com/1216"
    ],
    "586": [
        "http:///www.gosale.com/1141"
    ],
    "597": [
        "http:///www.gosale.com/725"
    ],
    "607": [
        "http:///www.gosale.com/581"
    ],
    "611": [
        "http:///www.gosale.com/986",
        "http:///www.gosale.com/989"
    ],
    "612": [
        "http:///www.gosale.com/983"
    ],
    "613": [
        "http:///www.gosale.com/1048",
        "http:///www.gosale.com/462",
        "http:///www.gosale.com/755",
        "http:///www.gosale.com/981"
    ],
    "614": [
        "http:///www.gosale.com/976"
    ],
    "615": [
        "http:///www.gosale.com/1419",
        "http:///www.gosale.com/560",
        "http:///www.gosale.com/967"
    ],
    "616": [
        "http:///www.gosale.com/963"
    ],
    "617": [
        "http:///www.gosale.com/959"
    ],
    "618": [
        "http:///www.gosale.com/955"
    ],
    "619": [
        "http:///www.gosale.com/934"
    ],
    "620": [
        "http:///www.gosale.com/928"
    ],
    "621": [
        "http:///www.gosale.com/902",
        "http:///www.gosale.com/952"
    ],
    "622": [
        "http:///www.gosale.com/892"
    ],
    "623": [
        "http:///www.gosale.com/1378",
        "http:///www.gosale.com/888",
        "http:///www.gosale.com/925"
    ],
    "624": [
        "http:///www.gosale.com/882"
    ],
    "625": [
        "http:///www.gosale.com/857"
    ],
    "626": [
        "http:///www.gosale.com/830"
    ],
    "627": [
        "http:///www.gosale.com/1411",
        "http:///www.gosale.com/751",
        "http:///www.gosale.com/827"
    ],
    "628": [
        "http:///www.gosale.com/1160",
        "http:///www.gosale.com/1435",
        "http:///www.gosale.com/771",
        "http:///www.gosale.com/783"
    ],
    "629": [
        "http:///www.gosale.com/1497",
        "http:///www.gosale.com/565",
        "http:///www.gosale.com/769",
        "http:///www.gosale.com/871"
    ],
    "630": [
        "http:///www.gosale.com/732",
        "http:///www.gosale.com/979"
    ],
    "631": [
        "http:///www.gosale.com/1255",
        "http:///www.gosale.com/1323",
        "http:///www.gosale.com/541",
        "http:///www.gosale.com/721"
    ],
    "632": [
        "http:///www.gosale.com/619"
    ],
    "633": [
        "http:///www.gosale.com/579"
    ],
    "634": [
        "http:///www.gosale.com/566"
    ],
    "635": [
        "http:///www.gosale.com/552",
        "http:///www.gosale.com/595"
    ],
    "636": [
        "http:///www.gosale.com/1136",
        "http:///www.gosale.com/534"
    ],
    "637": [
        "http:///www.gosale.com/523"
    ],
    "638": [
        "http:///www.gosale.com/1061",
        "http:///www.gosale.com/1154",
        "http:///www.gosale.com/474",
        "http:///www.gosale.com/512"
    ],
    "639": [
        "http:///www.gosale.com/494"
    ],
    "640": [
        "http:///www.gosale.com/484"
    ],
    "641": [
        "http:///www.gosale.com/457",
        "http:///www.gosale.com/478"
    ],
    "642": [
        "http:///www.gosale.com/475"
    ],
    "643": [
        "http:///www.gosale.com/463"
    ],
    "644": [
        "http:///www.gosale.com/453"
    ],
    "645": [
        "http:///www.gosale.com/444"
    ],
    "646": [
        "http:///www.gosale.com/440",
        "http:///www.gosale.com/449"
    ],
    "647": [
        "http:///www.gosale.com/1064",
        "http:///www.gosale.com/1441"
    ],
    "648": [
        "http:///www.gosale.com/1233",
        "http:///www.gosale.com/1437"
    ],
    "649": [
        "http:///www.gosale.com/1374",
        "http:///www.gosale.com/737"
    ],
    "650": [
        "http:///www.gosale.com/1058",
        "http:///www.gosale.com/1365"
    ],
    "651": [
        "http:///www.gosale.com/1341"
    ],
    "652": [
        "http:///www.gosale.com/1044",
        "http:///www.gosale.com/1309"
    ],
    "653": [
        "http:///www.gosale.com/1303",
        "http:///www.gosale.com/929"
    ],
    "654": [
        "http:///www.gosale.com/1274",
        "http:///www.gosale.com/745"
    ],
    "655": [
        "http:///www.gosale.com/1240",
        "http:///www.gosale.com/401"
    ],
    "656": [
        "http:///www.gosale.com/1212"
    ],
    "657": [
        "http:///www.gosale.com/1210"
    ],
    "658": [
        "http:///www.gosale.com/1204",
        "http:///www.gosale.com/591"
    ],
    "659": [
        "http:///www.gosale.com/1187"
    ],
    "660": [
        "http:///www.gosale.com/1172",
        "http:///www.gosale.com/961"
    ],
    "661": [
        "http:///www.gosale.com/1150"
    ],
    "662": [
        "http:///www.gosale.com/1138"
    ],
    "663": [
        "http:///www.gosale.com/1121"
    ],
    "664": [
        "http:///www.gosale.com/1114"
    ],
    "665": [
        "http:///www.gosale.com/1086",
        "http:///www.gosale.com/1465"
    ],
    "666": [
        "http:///www.gosale.com/1052"
    ],
    "667": [
        "http:///www.gosale.com/1049"
    ],
    "668": [
        "http:///www.gosale.com/1047",
        "http:///www.gosale.com/1428"
    ],
    "669": [
        "http:///www.gosale.com/1029"
    ],
    "670": [
        "http:///www.gosale.com/1024"
    ],
    "671": [
        "http:///www.gosale.com/1002"
    ],
    "679": [
        "http:///www.gosale.com/1318"
    ],
    "680": [
        "http:///www.gosale.com/499"
    ],
    "682": [
        "http:///www.gosale.com/972"
    ],
    "684": [
        "http:///www.gosale.com/588"
    ],
    "686": [
        "http:///www.gosale.com/1480"
    ],
    "691": [
        "http:///www.gosale.com/490"
    ],
    "693": [
        "http:///www.gosale.com/417"
    ],
    "698": [
        "http:///www.gosale.com/1283"
    ],
    "699": [
        "http:///www.gosale.com/724"
    ],
    "700": [
        "http:///www.gosale.com/778"
    ],
    "704": [
        "http:///www.gosale.com/879"
    ],
    "706": [
        "http:///www.gosale.com/804"
    ],
    "708": [
        "http:///www.gosale.com/895"
    ],
    "709": [
        "http:///www.gosale.com/750"
    ],
    "710": [
        "http:///www.gosale.com/850"
    ],
    "711": [
        "http:///www.gosale.com/418"
    ],
    "712": [
        "http:///www.gosale.com/1256"
    ],
    "713": [
        "http:///www.gosale.com/1363"
    ],
    "714": [
        "http:///www.gosale.com/1491"
    ],
    "717": [
        "http:///www.gosale.com/1334"
    ],
    "723": [
        "http:///www.gosale.com/1305"
    ],
    "726": [
        "http:///www.gosale.com/572"
    ],
    "730": [
        "http:///www.gosale.com/1444"
    ],
    "732": [
        "http:///www.gosale.com/1410"
    ],
    "747": [
        "http:///www.gosale.com/1407"
    ],
    "748": [
        "http:///www.gosale.com/1417"
    ],
    "751": [
        "http:///www.gosale.com/1239"
    ],
    "752": [
        "http:///www.gosale.com/1091"
    ],
    "763": [
        "http:///www.gosale.com/405"
    ],
    "771": [
        "http:///www.gosale.com/563"
    ],
    "782": [
        "http:///www.gosale.com/1170"
    ],
    "786": [
        "http:///www.gosale.com/445"
    ],
    "791": [
        "http:///www.gosale.com/1038"
    ],
    "792": [
        "http:///www.gosale.com/571"
    ],
    "794": [
        "http:///www.gosale.com/1018"
    ],
    "805": [
        "http:///www.gosale.com/1279"
    ],
    "811": [
        "http:///www.gosale.com/438"
    ],
    "812": [
        "http:///www.gosale.com/786"
    ],
    "821": [
        "http:///www.gosale.com/428"
    ],
    "823": [
        "http:///www.gosale.com/761"
    ],
    "826": [
        "http:///www.gosale.com/953"
    ],
    "828": [
        "http:///www.gosale.com/1192"
    ],
    "831": [
        "http:///www.gosale.com/887"
    ],
    "856": [
        "http:///www.gosale.com/624"
    ],
    "861": [
        "http:///www.gosale.com/1227"
    ],
    "865": [
        "http:///www.gosale.com/1085"
    ],
    "886": [
        "http:///www.gosale.com/451"
    ]
}