{
    "ENTITY#10": [
        "http:///www.gosale.com/498"
    ],
    "ENTITY#11": [
        "http:///www.gosale.com/1074"
    ],
    "ENTITY#13": [
        "http:///www.gosale.com/849"
    ],
    "ENTITY#14": [
        "http:///www.gosale.com/1359",
        "http:///www.gosale.com/1362",
        "http:///www.gosale.com/1490",
        "http:///www.gosale.com/482",
        "http:///www.gosale.com/770",
        "http:///www.gosale.com/798",
        "http:///www.gosale.com/943"
    ],
    "ENTITY#16": [
        "http:///www.gosale.com/1442",
        "http:///www.gosale.com/1469"
    ],
    "ENTITY#17": [
        "http:///www.gosale.com/1001"
    ],
    "ENTITY#18": [
        "http:///www.gosale.com/1011",
        "http:///www.gosale.com/1182",
        "http:///www.gosale.com/1259",
        "http:///www.gosale.com/1282",
        "http:///www.gosale.com/1324",
        "http:///www.gosale.com/1332",
        "http:///www.gosale.com/1339",
        "http:///www.gosale.com/1345",
        "http:///www.gosale.com/1425",
        "http:///www.gosale.com/1461",
        "http:///www.gosale.com/524",
        "http:///www.gosale.com/754",
        "http:///www.gosale.com/812",
        "http:///www.gosale.com/838",
        "http:///www.gosale.com/852",
        "http:///www.gosale.com/954",
        "http:///www.gosale.com/970",
        "http:///www.gosale.com/982"
    ],
    "ENTITY#19": [
        "http:///www.gosale.com/1312"
    ],
    "ENTITY#21": [
        "http:///www.gosale.com/407",
        "http:///www.gosale.com/479",
        "http:///www.gosale.com/930"
    ],
    "ENTITY#25": [
        "http:///www.gosale.com/440",
        "http:///www.gosale.com/449"
    ],
    "ENTITY#26": [
        "http:///www.gosale.com/1427"
    ],
    "ENTITY#29": [
        "http:///www.gosale.com/1422",
        "http:///www.gosale.com/793"
    ],
    "ENTITY#30": [
        "http:///www.gosale.com/1209",
        "http:///www.gosale.com/917"
    ],
    "ENTITY#34": [
        "http:///www.gosale.com/877"
    ],
    "ENTITY#36": [
        "http:///www.gosale.com/1153",
        "http:///www.gosale.com/1270",
        "http:///www.gosale.com/985"
    ],
    "ENTITY#37": [
        "http:///www.gosale.com/1378",
        "http:///www.gosale.com/888",
        "http:///www.gosale.com/925"
    ],
    "ENTITY#38": [
        "http:///www.gosale.com/890"
    ],
    "ENTITY#44": [
        "http:///www.gosale.com/1122",
        "http:///www.gosale.com/1263",
        "http:///www.gosale.com/1296",
        "http:///www.gosale.com/848"
    ],
    "ENTITY#45": [
        "http:///www.gosale.com/439",
        "http:///www.gosale.com/632",
        "http:///www.gosale.com/813"
    ],
    "ENTITY#46": [
        "http:///www.gosale.com/818"
    ],
    "ENTITY#48": [
        "http:///www.gosale.com/1276",
        "http:///www.gosale.com/526"
    ],
    "ENTITY#50": [
        "http:///www.gosale.com/1334"
    ],
    "ENTITY#51": [
        "http:///www.gosale.com/1177",
        "http:///www.gosale.com/1379",
        "http:///www.gosale.com/431",
        "http:///www.gosale.com/752",
        "http:///www.gosale.com/903"
    ],
    "ENTITY#57": [
        "http:///www.gosale.com/555"
    ],
    "ENTITY#6": [
        "http:///www.gosale.com/1008",
        "http:///www.gosale.com/1244",
        "http:///www.gosale.com/1377"
    ],
    "ENTITY#60": [
        "http:///www.gosale.com/462"
    ],
    "ENTITY#61": [
        "http:///www.gosale.com/395",
        "http:///www.gosale.com/450",
        "http:///www.gosale.com/806"
    ],
    "ENTITY#62": [
        "http:///www.gosale.com/515",
        "http:///www.gosale.com/516",
        "http:///www.gosale.com/774",
        "http:///www.gosale.com/858",
        "http:///www.gosale.com/899"
    ],
    "ENTITY#63": [
        "http:///www.gosale.com/953"
    ],
    "ENTITY#64": [
        "http:///www.gosale.com/1416",
        "http:///www.gosale.com/1445"
    ],
    "ENTITY#67": [
        "http:///www.gosale.com/1272",
        "http:///www.gosale.com/1314",
        "http:///www.gosale.com/573"
    ],
    "ENTITY#68": [
        "http:///www.gosale.com/398"
    ],
    "ENTITY#7": [
        "http:///www.gosale.com/1097",
        "http:///www.gosale.com/544",
        "http:///www.gosale.com/608"
    ],
    "ENTITY#72": [
        "http:///www.gosale.com/1245"
    ],
    "ENTITY#73": [
        "http:///www.gosale.com/874"
    ],
    "ENTITY#75": [
        "http:///www.gosale.com/1066",
        "http:///www.gosale.com/1439"
    ],
    "ENTITY#76": [
        "http:///www.gosale.com/1067",
        "http:///www.gosale.com/1405",
        "http:///www.gosale.com/733",
        "http:///www.gosale.com/987"
    ],
    "ENTITY#77": [
        "http:///www.gosale.com/569",
        "http:///www.gosale.com/630"
    ],
    "ENTITY#78": [
        "http:///www.gosale.com/489"
    ],
    "ENTITY#79": [
        "http:///www.gosale.com/1360",
        "http:///www.gosale.com/1436",
        "http:///www.gosale.com/1489",
        "http:///www.gosale.com/734",
        "http:///www.gosale.com/802"
    ],
    "ENTITY#80": [
        "http:///www.gosale.com/470"
    ],
    "ENTITY#81": [
        "http:///www.gosale.com/729"
    ],
    "ENTITY#82": [
        "http:///www.gosale.com/1262",
        "http:///www.gosale.com/1456",
        "http:///www.gosale.com/568"
    ],
    "ENTITY#83": [
        "http:///www.gosale.com/1020"
    ],
    "ENTITY#84": [
        "http:///www.gosale.com/1002"
    ],
    "ENTITY#85": [
        "http:///www.gosale.com/892"
    ],
    "ENTITY#86": [
        "http:///www.gosale.com/402"
    ],
    "ENTITY#87": [
        "http:///www.gosale.com/611"
    ],
    "ENTITY#9": [
        "http:///www.gosale.com/1086"
    ],
    "ENTITY#93": [
        "http:///www.gosale.com/1412"
    ]
}