[
    {
        "spec": {
            "Cerclages": "cercl\u00e9e",
            "Compatible verres progressifs": "non",
            "Couleurs": "rouge",
            "Genre": "Unisexe",
            "Mati\u00e8re": "M\u00e9tal",
            "Mat\u00e9riauDesc": "m\u00e9tal",
            "Taille": "T45",
            "Visage Petit": "oui"
        },
        "url": "1001optic.com//5577044"
    },
    {
        "spec": {
            "Cerclages": "nylor",
            "Compatible verres progressifs": "non",
            "Couleurs": "gris",
            "Genre": "Homme",
            "Mati\u00e8re": "M\u00e9tal",
            "Taille": "T46",
            "Visage Petit": "oui"
        },
        "url": "1001optic.com//3614448"
    },
    {
        "spec": {
            "Cerclages": "nylor",
            "Compatible verres progressifs": "non",
            "Couleurs": "bleu",
            "Genre": "Unisexe",
            "Mati\u00e8re": "M\u00e9tal",
            "Mat\u00e9riauDesc": "m\u00e9tal",
            "Taille": "T46",
            "Visage Petit": "oui"
        },
        "url": "1001optic.com//5980867"
    },
    {
        "spec": {
            "Cerclages": "nylor",
            "Compatible verres progressifs": "oui",
            "Couleurs": "bleu",
            "Genre": "Unisexe",
            "Mati\u00e8re": "M\u00e9tal",
            "Mat\u00e9riauDesc": "m\u00e9tal",
            "Taille": "T50"
        },
        "url": "1001optic.com//14590818"
    },
    {
        "spec": {
            "Cerclages": "nylor",
            "Compatible verres progressifs": "non",
            "Couleurs": "bleu",
            "Genre": "Homme",
            "Mati\u00e8re": "M\u00e9tal",
            "Mat\u00e9riauDesc": "m\u00e9tal",
            "Taille": "T50"
        },
        "url": "1001optic.com//11013272"
    },
    {
        "spec": {
            "Cerclages": "cercl\u00e9e",
            "Compatible verres progressifs": "oui",
            "Couleurs": "Ecaille Blond",
            "Genre": "Unisexe",
            "Mati\u00e8re": "Plastique",
            "Taille": "T51"
        },
        "url": "1001optic.com//5260452"
    }
]