[
    {
        "spec": {
            "Cerclages": "cercl\u00e9e",
            "Compatible verres progressifs": "oui",
            "Couleurs": "violet",
            "Genre": "Femme",
            "Mati\u00e8re": "Plastique",
            "Mat\u00e9riauDesc": "plastique",
            "Taille": "T52"
        },
        "url": "1001optic.com//15930113"
    },
    {
        "spec": {
            "Cerclages": "cercl\u00e9e",
            "Compatible verres progressifs": "oui",
            "Couleurs": "violet",
            "Genre": "Femme",
            "Mati\u00e8re": "Plastique",
            "Mat\u00e9riauDesc": "plastique",
            "Taille": "T52"
        },
        "url": "1001optic.com//5601532"
    },
    {
        "spec": {
            "Cerclages": "cercl\u00e9e",
            "Compatible verres progressifs": "oui",
            "Couleurs": "gris",
            "Genre": "Homme",
            "Mati\u00e8re": "Plastique",
            "Mat\u00e9riauDesc": "plastique",
            "Taille": "T52"
        },
        "url": "1001optic.com//14965798"
    },
    {
        "spec": {
            "Cerclages": "cercl\u00e9e",
            "Compatible verres progressifs": "oui",
            "Couleurs": "\u00e9caille",
            "Genre": "Femme",
            "Mati\u00e8re": "Plastique",
            "Taille": "T50"
        },
        "url": "1001optic.com//3270614"
    }
]