[
    {
        "spec": {
            "Brand": "Krinner USA, Inc.",
            "Color": "Green",
            "Item Size": "20 x 6 x 6 inches",
            "Item Weight": "7 pounds",
            "Manufacturer": "Krinner USA, Inc.",
            "Model": "KRI94720",
            "Package Size": "21.5 x 5.5 x 5.5 inches",
            "Package Weight": "21 pounds",
            "UPC": "798837986801",
            "Units in Package": "1"
        },
        "url": "4thefort.com//13112783"
    },
    {
        "spec": {
            "Brand": "Wooden Mallet",
            "Color": "Medium Oak",
            "Item Size": "9 x 8.5 x 8.5 inches",
            "Item Weight": "0.16 pounds",
            "Manufacturer": "Wooden Mallet",
            "Model": "36HCRNMO",
            "Package Size": "10.8 x 7.9 x 7.9 inches",
            "Package Weight": "13.05 pounds",
            "UPC": "878963001934",
            "Units in Package": "1"
        },
        "url": "4thefort.com//12087618"
    },
    {
        "spec": {
            "Brand": "Good Tidings",
            "Color": "Green",
            "Manufacturer": "Good Tidings",
            "Model": "XTS3",
            "UPC": "836370002289"
        },
        "url": "4thefort.com//6109781"
    },
    {
        "spec": {
            "Brand": "Kurt Adler",
            "Color": "Clear",
            "Item Size": "2.25 x 6.75 x 6.75 inches",
            "Item Weight": "0 pounds",
            "Manufacturer": "Kurt S. Adler Inc.",
            "Model": "YAMW3730",
            "Package Size": "3 x 2.3 x 2.3 inches",
            "Package Weight": "0.1 pounds",
            "UPC": "086131657351",
            "Units in Package": "1"
        },
        "url": "4thefort.com//13799433"
    },
    {
        "spec": {
            "Item Size": "6.5 x 10.5 x 10.5 inches",
            "Item Weight": "4 pounds",
            "Package Size": "7.9 x 5.6 x 5.6 inches",
            "Package Weight": "3.5 pounds",
            "Units in Package": "1"
        },
        "url": "4thefort.com//12014529"
    },
    {
        "spec": {
            "Brand": "Dimensions Crafts",
            "Color": "Multicolor",
            "Item Size": "4.75 x 6.5 x 6.5 inches",
            "Item Weight": "0.49 pounds",
            "Manufacturer": "EKS",
            "Model": "70-08904",
            "Package Size": "5.1 x 0.6 x 0.6 inches",
            "Package Weight": "0.1 pounds",
            "UPC": "088677089047",
            "Units in Package": "1"
        },
        "url": "4thefort.com//11340342"
    }
]