{
    "13217313": [
        "4thefort.com//9308199"
    ],
    "3829227": [
        "4thefort.com//9902845"
    ],
    "3829228": [
        "4thefort.com//16713126"
    ],
    "3829264": [
        "4thefort.com//12523133"
    ],
    "4215030": [
        "4thefort.com//13162907"
    ],
    "5813518": [
        "4thefort.com//15715743"
    ],
    "5813564": [
        "4thefort.com//2671435"
    ],
    "5813613": [
        "4thefort.com//7684981"
    ],
    "6665383": [
        "4thefort.com//10032854"
    ],
    "8318607": [
        "4thefort.com//534424"
    ],
    "8318616": [
        "4thefort.com//11263842"
    ],
    "8318932": [
        "4thefort.com//10887784"
    ]
}