[
    {
        "spec": {
            "Brand": "Lighting EVER",
            "Color": "Daylight White",
            "Manufacturer": "Lighting EVER",
            "Model": "Lig-2596",
            "UPC": "885374833801"
        },
        "url": "4thefort.com//9308199"
    },
    {
        "spec": {
            "Brand": "Kurt Adler",
            "Color": "Natural",
            "Item Size": "10.6 x 2.7 x 2.7 inches",
            "Item Weight": "0.16 pounds",
            "Manufacturer": "Kurt Adler",
            "Model": "UL1219/NAT",
            "Package Size": "10.6 x 2.2 x 2.2 inches",
            "Package Weight": "0.7 pounds",
            "UPC": "773822007938",
            "Units in Package": "1"
        },
        "url": "4thefort.com//2535296"
    },
    {
        "spec": {
            "Brand": "GKI Bethlehem Lighting",
            "Color": "Multicolor",
            "Item Size": "8 x 36 x 36 inches",
            "Item Weight": "2.5 pounds",
            "Manufacturer": "GKI/Bethlehem Lighting",
            "Model": "100023926",
            "Package Size": "13.8 x 6.8 x 6.8 inches",
            "Package Weight": "2.8 pounds",
            "UPC": "795919050214",
            "Units in Package": "1"
        },
        "url": "4thefort.com//15763078"
    },
    {
        "spec": {
            "Brand": "Keystone",
            "Color": "White",
            "Item Size": "7 x 11 x 11 inches",
            "Item Weight": "0.02 pounds",
            "Manufacturer": "Keystone",
            "Model": "08-5000",
            "Package Size": "7.3 x 6.8 x 6.8 inches",
            "Package Weight": "1.55 pounds",
            "UPC": "739485480716",
            "Units in Package": "1"
        },
        "url": "4thefort.com//10032854"
    },
    {
        "spec": {
            "Brand": "National Tree Company",
            "Color": "Green",
            "Item Size": "30 x 30 x 30 inches",
            "Item Weight": "21.61 pounds",
            "Manufacturer": "National Tree - Drop Ship",
            "Model": "KW7-300-75",
            "Package Size": "13.7 x 11 x 11 inches",
            "Package Weight": "21.38 pounds",
            "UPC": "729083175770",
            "Units in Package": "1"
        },
        "url": "4thefort.com//534424"
    },
    {
        "spec": {
            "Brand": "National Tree Company",
            "Color": "Green",
            "Item Size": "65 x 65 x 65 inches",
            "Item Weight": "2.25 pounds",
            "Manufacturer": "National Tree - Drop Ship",
            "Model": "NRV7-300-90",
            "Package Size": "17.5 x 16.7 x 16.7 inches",
            "Package Weight": "56 pounds",
            "UPC": "641752950641",
            "Units in Package": "1"
        },
        "url": "4thefort.com//15715743"
    },
    {
        "spec": {
            "Brand": "National Tree Company",
            "Color": "Green",
            "Item Size": "52 x 52 x 52 inches",
            "Item Weight": "33 pounds",
            "Manufacturer": "National Tree - Drop Ship",
            "Model": "NRV7-300-75",
            "Package Size": "14 x 13.5 x 13.5 inches",
            "Package Weight": "37.25 pounds",
            "UPC": "729083021701",
            "Units in Package": "1"
        },
        "url": "4thefort.com//7684981"
    },
    {
        "spec": {
            "Brand": "Homestarry",
            "Color": "Warm White",
            "Manufacturer": "Homestarry",
            "Model": "HS-B-SL-011",
            "UPC": "704256217358"
        },
        "url": "4thefort.com//13548252"
    },
    {
        "spec": {
            "Brand": "Deneve",
            "Color": "White",
            "Manufacturer": "Deneve",
            "Model": "DNV-200-10111",
            "UPC": "689466744040"
        },
        "url": "4thefort.com//16713126"
    },
    {
        "spec": {
            "Brand": "HitLights",
            "Color": "Warm White",
            "Manufacturer": "HIT International Consulting, LLC",
            "Model": "LS3528_WW_WP",
            "UPC": "706693540242"
        },
        "url": "4thefort.com//12075268"
    },
    {
        "spec": {
            "Brand": "National Tree Company",
            "Color": "Green",
            "Item Size": "32 x 54 x 54 inches",
            "Item Weight": "12 pounds",
            "Manufacturer": "National Tree",
            "Model": "NRV7-300-45",
            "Package Size": "8.9 x 8.4 x 8.4 inches",
            "Package Weight": "12.05 pounds",
            "UPC": "641752951310",
            "Units in Package": "1"
        },
        "url": "4thefort.com//2671435"
    },
    {
        "spec": {
            "Item Size": "6 x 4 x 4 inches",
            "Item Weight": "1 pounds",
            "Package Size": "6 x 3.6 x 3.6 inches",
            "Package Weight": "1 pounds",
            "Units in Package": "1"
        },
        "url": "4thefort.com//13162907"
    },
    {
        "spec": {
            "Brand": "Deneve",
            "Color": "Black",
            "Manufacturer": "Deneve",
            "Model": "DNV-200-10112",
            "UPC": "689466744057"
        },
        "url": "4thefort.com//9902845"
    },
    {
        "spec": {
            "Brand": "Deneve",
            "Color": "Green",
            "Manufacturer": "Deneve",
            "Model": "DNV-200-10102",
            "UPC": "689466693904"
        },
        "url": "4thefort.com//12523133"
    },
    {
        "spec": {
            "Brand": "INST",
            "Color": "Warm white",
            "Manufacturer": "INST",
            "Model": "828077004413",
            "UPC": "828077004413"
        },
        "url": "4thefort.com//1748294"
    },
    {
        "spec": {
            "Brand": "National Tree Company",
            "Color": "Green",
            "Item Size": "28 x 28 x 28 inches",
            "Item Weight": "6 pounds",
            "Manufacturer": "National Tree - Drop Ship",
            "Model": "KW7-300-65",
            "Package Size": "12.2 x 9.8 x 9.8 inches",
            "Package Weight": "15.4 pounds",
            "UPC": "642890074954",
            "Units in Package": "1"
        },
        "url": "4thefort.com//11263842"
    },
    {
        "spec": {
            "Brand": "National Tree Company",
            "Color": "Green",
            "Item Size": "24 x 24 x 24 inches",
            "Item Weight": "8.6 pounds",
            "Manufacturer": "National Tree - Drop Ship",
            "Model": "KW7-300-45",
            "Package Size": "10.4 x 8.2 x 8.2 inches",
            "Package Weight": "8.65 pounds",
            "UPC": "785934119157",
            "Units in Package": "1"
        },
        "url": "4thefort.com//10887784"
    }
]