{
    "11160420": [
        "a5kusedcars.com//1321853",
        "a5kusedcars.com//6988862"
    ],
    "12225393": [
        "a5kusedcars.com//1337362",
        "a5kusedcars.com//1807319",
        "a5kusedcars.com//3446075"
    ],
    "14085657": [
        "a5kusedcars.com//161650",
        "a5kusedcars.com//7660646"
    ],
    "15137522": [
        "a5kusedcars.com//134367",
        "a5kusedcars.com//5209655",
        "a5kusedcars.com//8521468"
    ],
    "15486053": [
        "a5kusedcars.com//13300273",
        "a5kusedcars.com//14437621",
        "a5kusedcars.com//3636888"
    ],
    "1935937": [
        "a5kusedcars.com//10652612"
    ],
    "1990764": [
        "a5kusedcars.com//15229952"
    ],
    "2903250": [
        "a5kusedcars.com//1129891",
        "a5kusedcars.com//2022157"
    ],
    "2938837": [
        "a5kusedcars.com//1853118",
        "a5kusedcars.com//5247429",
        "a5kusedcars.com//6159991",
        "a5kusedcars.com//964675"
    ],
    "3400424": [
        "a5kusedcars.com//13376229",
        "a5kusedcars.com//5284127",
        "a5kusedcars.com//9774867"
    ],
    "3467358": [
        "a5kusedcars.com//14819795",
        "a5kusedcars.com//17513685",
        "a5kusedcars.com//1933122"
    ],
    "3508394": [
        "a5kusedcars.com//17369506",
        "a5kusedcars.com//2527006",
        "a5kusedcars.com//5057509"
    ],
    "5898728": [
        "a5kusedcars.com//1097488"
    ],
    "6482459": [
        "a5kusedcars.com//2607477",
        "a5kusedcars.com//6707330"
    ],
    "7601861": [
        "a5kusedcars.com//10345065",
        "a5kusedcars.com//14938793",
        "a5kusedcars.com//9038688"
    ],
    "8082151": [
        "a5kusedcars.com//16265072"
    ]
}