[
    {
        "spec": {
            "Engine": "2.5l H-4 EFI Dohc 2.5l",
            "Exterior Color": "White",
            "Fuel": "GAS",
            "Stock #": "6827",
            "Transmission": "Auto"
        },
        "url": "a5kusedcars.com//3446075"
    },
    {
        "spec": {
            "Engine": "3.0l V6 EFI Flex 3.0l",
            "Exterior Color": "Burgundy",
            "Fuel": "Flex",
            "Interior Color": "Grey",
            "Mileage": "150090",
            "Stock #": "6803",
            "Transmission": "5 Speed"
        },
        "url": "a5kusedcars.com//964675"
    },
    {
        "spec": {
            "Engine": "3.6l V6 SFI 3.6l",
            "Exterior Color": "Black",
            "Fuel": "GAS",
            "Interior Color": "Black",
            "Mileage": "203440",
            "Stock #": "6778",
            "Transmission": "Auto"
        },
        "url": "a5kusedcars.com//17513685"
    },
    {
        "spec": {
            "Engine": "3.6l V6 SFI 3.6l",
            "Exterior Color": "Black",
            "Fuel": "GAS",
            "Interior Color": "Black",
            "Mileage": "203440",
            "Stock #": "6778",
            "Transmission": "Auto"
        },
        "url": "a5kusedcars.com//134367"
    },
    {
        "spec": {
            "Engine": "3.6l V6 SFI 3.6l",
            "Exterior Color": "Black",
            "Fuel": "GAS",
            "Interior Color": "Black",
            "Mileage": "203440",
            "Stock #": "6778",
            "Transmission": "Auto"
        },
        "url": "a5kusedcars.com//1129891"
    },
    {
        "spec": {
            "Engine": "3.6l V6 SFI 3.6l",
            "Exterior Color": "Black",
            "Fuel": "GAS",
            "Interior Color": "Black",
            "Mileage": "203440",
            "Stock #": "6778",
            "Transmission": "Auto"
        },
        "url": "a5kusedcars.com//16265072"
    },
    {
        "spec": {
            "Engine": "3.6l V6 SFI 3.6l",
            "Exterior Color": "Black",
            "Fuel": "GAS",
            "Interior Color": "Black",
            "Mileage": "203440",
            "Stock #": "6778",
            "Transmission": "Auto"
        },
        "url": "a5kusedcars.com//14437621"
    },
    {
        "spec": {
            "Engine": "3.6l V6 SFI 3.6l",
            "Exterior Color": "Black",
            "Fuel": "GAS",
            "Interior Color": "Black",
            "Mileage": "203440",
            "Stock #": "6778",
            "Transmission": "Auto"
        },
        "url": "a5kusedcars.com//5284127"
    },
    {
        "spec": {
            "Engine": "3.6l V6 SFI 3.6l",
            "Exterior Color": "Black",
            "Fuel": "GAS",
            "Interior Color": "Black",
            "Mileage": "203440",
            "Stock #": "6778",
            "Transmission": "Auto"
        },
        "url": "a5kusedcars.com//6159991"
    },
    {
        "spec": {
            "Engine": "3.6l V6 SFI 3.6l",
            "Exterior Color": "Black",
            "Fuel": "GAS",
            "Interior Color": "Black",
            "Mileage": "203440",
            "Stock #": "6778",
            "Transmission": "Auto"
        },
        "url": "a5kusedcars.com//1097488"
    },
    {
        "spec": {
            "Engine": "3.6l V6 SFI 3.6l",
            "Exterior Color": "Black",
            "Fuel": "GAS",
            "Interior Color": "Black",
            "Mileage": "203440",
            "Stock #": "6778",
            "Transmission": "Auto"
        },
        "url": "a5kusedcars.com//2607477"
    },
    {
        "spec": {
            "Engine": "3.6l V6 SFI 3.6l",
            "Exterior Color": "Black",
            "Fuel": "GAS",
            "Interior Color": "Black",
            "Mileage": "203440",
            "Stock #": "6778",
            "Transmission": "Auto"
        },
        "url": "a5kusedcars.com//1337362"
    },
    {
        "spec": {
            "Engine": "3.6l V6 SFI 3.6l",
            "Exterior Color": "Black",
            "Fuel": "GAS",
            "Interior Color": "Black",
            "Mileage": "203440",
            "Stock #": "6778",
            "Transmission": "Auto"
        },
        "url": "a5kusedcars.com//1321853"
    },
    {
        "spec": {
            "Engine": "3.6l V6 SFI 3.6l",
            "Exterior Color": "Black",
            "Fuel": "GAS",
            "Interior Color": "Black",
            "Mileage": "203440",
            "Stock #": "6778",
            "Transmission": "Auto"
        },
        "url": "a5kusedcars.com//15229952"
    },
    {
        "spec": {
            "Engine": "3.8l V6 MFI 3.8l",
            "Exterior Color": "Burgundy",
            "Fuel": "GAS",
            "Mileage": "114619",
            "Stock #": "6676",
            "Transmission": "Auto"
        },
        "url": "a5kusedcars.com//10345065"
    },
    {
        "spec": {
            "Engine": "1.8l I-4 MPI Dohc T/C 1.8",
            "Exterior Color": "Green",
            "Fuel": "Gas",
            "Interior Color": "Beige",
            "Mileage": "207030",
            "Stock #": "6624",
            "Transmission": "Manual"
        },
        "url": "a5kusedcars.com//3636888"
    },
    {
        "spec": {
            "Engine": "1.8l I-4 MPI Dohc T/C 1.8",
            "Exterior Color": "Green",
            "Fuel": "Gas",
            "Interior Color": "Beige",
            "Mileage": "207030",
            "Stock #": "6624",
            "Transmission": "Manual"
        },
        "url": "a5kusedcars.com//7660646"
    },
    {
        "spec": {
            "Engine": "4.6l V8 EFI Sohc 4.6l",
            "Exterior Color": "Red",
            "Fuel": "GAS",
            "Mileage": "175695",
            "Stock #": "6811",
            "Transmission": "Auto"
        },
        "url": "a5kusedcars.com//2022157"
    },
    {
        "spec": {
            "Engine": "1.5l I4 EFI Dohc HYB Vvti",
            "Exterior Color": "Silver",
            "Fuel": "Hybrid",
            "Mileage": "187496",
            "Stock #": "6725"
        },
        "url": "a5kusedcars.com//10652612"
    },
    {
        "spec": {
            "Engine": "4.6l V8 EFI Sohc 4.6l",
            "Exterior Color": "Red",
            "Fuel": "GAS",
            "Mileage": "175695",
            "Stock #": "6811",
            "Transmission": "Auto"
        },
        "url": "a5kusedcars.com//6707330"
    },
    {
        "spec": {
            "Engine": "3.0l V6 EFI Flex 3.0l",
            "Exterior Color": "Burgundy",
            "Fuel": "Flex",
            "Interior Color": "Grey",
            "Mileage": "150090",
            "Stock #": "6803",
            "Transmission": "5 Speed"
        },
        "url": "a5kusedcars.com//5247429"
    },
    {
        "spec": {
            "Engine": "1.8l I-4 MPI Dohc T/C 1.8",
            "Exterior Color": "Green",
            "Fuel": "Gas",
            "Interior Color": "Beige",
            "Mileage": "207030",
            "Stock #": "6624",
            "Transmission": "Manual"
        },
        "url": "a5kusedcars.com//1933122"
    },
    {
        "spec": {
            "Engine": "1.8l I-4 MPI Dohc T/C 1.8",
            "Exterior Color": "Green",
            "Fuel": "Gas",
            "Interior Color": "Beige",
            "Mileage": "207030",
            "Stock #": "6624",
            "Transmission": "Manual"
        },
        "url": "a5kusedcars.com//161650"
    },
    {
        "spec": {
            "Engine": "2.4l I-4 MPI Sohc 2.4l",
            "Exterior Color": "Orange",
            "Fuel": "GAS",
            "Interior Color": "Black",
            "Mileage": "121303",
            "Stock #": "6770",
            "Transmission": "Auto"
        },
        "url": "a5kusedcars.com//2527006"
    },
    {
        "spec": {
            "Engine": "3.8l V6 MFI 3.8l",
            "Exterior Color": "Burgundy",
            "Fuel": "GAS",
            "Interior Color": "Black",
            "Mileage": "114619",
            "Stock #": "6676",
            "Transmission": "Auto"
        },
        "url": "a5kusedcars.com//1853118"
    },
    {
        "spec": {
            "Engine": "3.8l V6 MFI 3.8l",
            "Exterior Color": "Burgundy",
            "Fuel": "GAS",
            "Interior Color": "Black",
            "Mileage": "114619",
            "Stock #": "6676",
            "Transmission": "Auto"
        },
        "url": "a5kusedcars.com//9774867"
    },
    {
        "spec": {
            "Engine": "2.4l I-4 MPI Sohc 2.4l",
            "Exterior Color": "Orange",
            "Fuel": "GAS",
            "Interior Color": "Black",
            "Mileage": "121303",
            "Stock #": "6770",
            "Transmission": "Auto"
        },
        "url": "a5kusedcars.com//17369506"
    },
    {
        "spec": {
            "Engine": "3.6l V6 SFI 3.6l",
            "Exterior Color": "Black",
            "Fuel": "GAS",
            "Interior Color": "Black",
            "Mileage": "203440",
            "Stock #": "6778",
            "Transmission": "Auto"
        },
        "url": "a5kusedcars.com//6988862"
    },
    {
        "spec": {
            "Engine": "3.8l V6 MFI 3.8l",
            "Exterior Color": "Burgundy",
            "Fuel": "GAS",
            "Interior Color": "Black",
            "Mileage": "114619",
            "Stock #": "6676",
            "Transmission": "Auto"
        },
        "url": "a5kusedcars.com//5057509"
    },
    {
        "spec": {
            "Engine": "1.8l I-4 MPI Dohc T/C 1.8",
            "Exterior Color": "Green",
            "Fuel": "Gas",
            "Interior Color": "Beige",
            "Mileage": "207030",
            "Stock #": "6624",
            "Transmission": "Manual"
        },
        "url": "a5kusedcars.com//1807319"
    },
    {
        "spec": {
            "Engine": "2.5l I-4 MPI Dohc 2.5l",
            "Exterior Color": "White",
            "Fuel": "GAS",
            "Interior Color": "Grey",
            "Mileage": "180000",
            "Stock #": "6797",
            "Transmission": "Auto"
        },
        "url": "a5kusedcars.com//13376229"
    },
    {
        "spec": {
            "Engine": "3.8l V6 MFI 3.8l",
            "Exterior Color": "Burgundy",
            "Fuel": "GAS",
            "Mileage": "114619",
            "Stock #": "6676",
            "Transmission": "Auto"
        },
        "url": "a5kusedcars.com//14938793"
    },
    {
        "spec": {
            "Engine": "3.8l V6 MFI 3.8l",
            "Exterior Color": "Burgundy",
            "Fuel": "GAS",
            "Interior Color": "Black",
            "Mileage": "114619",
            "Stock #": "6676",
            "Transmission": "Auto"
        },
        "url": "a5kusedcars.com//14819795"
    },
    {
        "spec": {
            "Engine": "3.8l V6 MFI 3.8l",
            "Exterior Color": "Burgundy",
            "Fuel": "GAS",
            "Interior Color": "Black",
            "Mileage": "114619",
            "Stock #": "6676",
            "Transmission": "Auto"
        },
        "url": "a5kusedcars.com//13300273"
    },
    {
        "spec": {
            "Engine": "3.8l V6 MFI 3.8l",
            "Exterior Color": "Burgundy",
            "Fuel": "GAS",
            "Interior Color": "Black",
            "Mileage": "114619",
            "Stock #": "6676",
            "Transmission": "Auto"
        },
        "url": "a5kusedcars.com//9038688"
    },
    {
        "spec": {
            "Engine": "4.2l I-6 MPI Dohc 4.2l",
            "Exterior Color": "Silver",
            "Fuel": "GAS",
            "Interior Color": "Grey",
            "Mileage": "207403",
            "Stock #": "6794",
            "Transmission": "Auto"
        },
        "url": "a5kusedcars.com//5209655"
    },
    {
        "spec": {
            "Engine": "4.2l I-6 MPI Dohc 4.2l",
            "Exterior Color": "Silver",
            "Fuel": "GAS",
            "Interior Color": "Grey",
            "Mileage": "207403",
            "Stock #": "6794",
            "Transmission": "Auto"
        },
        "url": "a5kusedcars.com//8521468"
    }
]