{
    "11762595": [
        "2wayradioshop.co.uk//4905537"
    ],
    "11789840": [
        "2wayradioshop.co.uk//2985409"
    ],
    "4787184": [
        "2wayradioshop.co.uk//8056501"
    ],
    "4787896": [
        "2wayradioshop.co.uk//13714315"
    ],
    "4788050": [
        "2wayradioshop.co.uk//3510706"
    ],
    "4788887": [
        "2wayradioshop.co.uk//2392554"
    ],
    "5284023": [
        "2wayradioshop.co.uk//10606282"
    ],
    "5285165": [
        "2wayradioshop.co.uk//12138624"
    ],
    "5286372": [
        "2wayradioshop.co.uk//16477411"
    ],
    "5286528": [
        "2wayradioshop.co.uk//7955102"
    ],
    "5468046": [
        "2wayradioshop.co.uk//16920248"
    ],
    "5695461": [
        "2wayradioshop.co.uk//5175183"
    ],
    "5695870": [
        "2wayradioshop.co.uk//14655900"
    ],
    "5735531": [
        "2wayradioshop.co.uk//17199687"
    ],
    "5736900": [
        "2wayradioshop.co.uk//3557691"
    ],
    "6447555": [
        "2wayradioshop.co.uk//5527658"
    ],
    "6543475": [
        "2wayradioshop.co.uk//12890383"
    ],
    "6543788": [
        "2wayradioshop.co.uk//10181069"
    ],
    "6862845": [
        "2wayradioshop.co.uk//218936"
    ]
}