[
    {
        "spec": {
            "Chemistry:": "LiIon",
            "IP Rating:": "IP 54",
            "Intelligent:": "No",
            "Memory Effect:": "No",
            "No. of Charge cycle:": "400",
            "Operating Tem Range (\u00b0c):": "-20 to +60",
            "Operational Time (Hrs):": "9 (based on\u00a05/5/90 duty cycle with battery saver\u00a0enabled)",
            "Requires Maintenance:": "Yes",
            "Weight (g):": "45"
        },
        "url": "2wayradioshop.co.uk//2392554"
    },
    {
        "spec": {
            "Capacity (mAH):": "2075mAH (Typ)",
            "Chemistry:": "LiIon",
            "Energy Density (mAH/cm\u00b3):": "14.8",
            "Intelligent:": "No",
            "Intrinsic Safety Std:": "No",
            "Memory Effect:": "None",
            "Number of Charge Cycles:": "300",
            "Operating Temp Range:": "-10C to +60C",
            "Operational Time (Hrs):": "13.5 (DP1000\u00a0Analogue)",
            "Requires Maintenance:": "No"
        },
        "url": "2wayradioshop.co.uk//17199687"
    },
    {
        "spec": {
            "Chemistry:": "LiIon",
            "IP Rating:": "IP 54",
            "Intelligent:": "No",
            "Memory Effect:": "No",
            "No. of Charge cycle:": "400",
            "Operating Tem Range (\u00b0c):": "-10 to +60",
            "Operational Time (Hrs):": "11.5 (based on\u00a05/5/90 duty cycle with battery saver\u00a0enabled)",
            "Requires Maintenance:": "Yes",
            "Weight (g):": "38"
        },
        "url": "2wayradioshop.co.uk//16920248"
    },
    {
        "spec": {
            "Capacity (mAH):": "2300mAH (Typical)",
            "Chemistry:": "\u00a0Li-Ion",
            "Dimensions HxWxD (mm):": "120.94 x 60.36 x 23.35",
            "Energy Density (mAH/cm\u00b3):": "12.85",
            "Intelligent:": "No",
            "Intrinsic Safety Std:": "No",
            "Memory Effect:": "No",
            "Number of Charge Cycles:": "300",
            "Operating Temp Range:": "-10 - +60 deg C",
            "Operational Time (Hrs):": "14.5 (DP1000Analogue)",
            "Requires Maintenace:": "\u00a0No",
            "Weight (g):": "138"
        },
        "url": "2wayradioshop.co.uk//14655900"
    },
    {
        "spec": {
            "Capacity:": "1800mAh",
            "Chemistry:": "Li-ion",
            "Memory Effect:": "None",
            "Requires Maintenance:": "No",
            "Weight:": "59g"
        },
        "url": "2wayradioshop.co.uk//8056501"
    },
    {
        "spec": {
            "Chemistry:": "Li-ion",
            "Energy Density:": "23.87",
            "IP Rating:": "IP68",
            "Intelligent:": "Yes",
            "Intrinsic Safety STD:\u00a0": "No",
            "Memory Effect:": "No",
            "No. of Charge cycle:": "300",
            "Requires Maintenance:": "No",
            "Weight:": "155g"
        },
        "url": "2wayradioshop.co.uk//218936"
    },
    {
        "spec": {
            "Capacity (mAH):": "2900mAH (Typical) / 2800mAH (Minimum)",
            "Chemistry:": "Li-Ion",
            "Dimensions HxWxD (mm):": "123.40 x 57.4 x 25.52",
            "Energy Density (mAH/cm\u00b3):": "15.49",
            "IP Rating:": "\u00a0IP54",
            "Intelligent:": "No",
            "Memory Effect:": "None",
            "Number of charge Cycles:": "300",
            "Operating Tem Range:": "\u00a0-10C to +60C",
            "Operational Time (Hrs):": "19 (max)",
            "Requires Maintenance:": "No",
            "Weight (g):": "160"
        },
        "url": "2wayradioshop.co.uk//12890383"
    },
    {
        "spec": {
            "Capacity:": "1600mAh",
            "Chemistry:": "Li-Ion",
            "Energy Density:": "15.6",
            "IP Rating:": "IP 68",
            "Intelligent:": "Yes",
            "Memory Effect:\u00a0": "No",
            "Number of Charge Cycles:": "500",
            "Requires Maintenance:": "No",
            "Weight:\u00a0": "125g"
        },
        "url": "2wayradioshop.co.uk//5527658"
    },
    {
        "spec": {
            "Capacity:": "2900mAh",
            "Chemistry:": "Li-Ion",
            "Energy Density:": "21.5",
            "IP Rating:": "IP 68",
            "Intelligent:": "Yes",
            "Intrinsic Safety std:\u00a0": "TIA4950",
            "Memory Effect:\u00a0": "No",
            "Number of Charge Cycles:": "300",
            "Requires Maintenance:": "No",
            "Weight:\u00a0": "207g"
        },
        "url": "2wayradioshop.co.uk//3510706"
    },
    {
        "spec": {
            "Capacity:": "2500mAh",
            "Chemistry:": "Li-Ion",
            "Energy Density:": "16.57",
            "IP Rating:": "IP 67",
            "Intelligent:": "Yes",
            "Intrinsic Safety std:\u00a0": "Yes UL-TIA4950",
            "Memory Effect:\u00a0": "No",
            "Number of Charge Cycles:": "300",
            "Requires Maintenance:": "No",
            "Weight:\u00a0": "210g"
        },
        "url": "2wayradioshop.co.uk//2985409"
    },
    {
        "spec": {
            "Capacity (mAH):": "1500mAH (Typical)",
            "Chemistry:": "Li-ION",
            "Dimensions HxWxD (mm):": "120 x 52 x12",
            "Energy Density (mAH/cm\u00b3):": "24.1",
            "Intelligent:": "No",
            "Intrinsic Safety Std:": "No",
            "Memory Effect:": "No",
            "Number of Charge Cycles:": "400",
            "Operating Tem Range:": "(-10 - +60 deg C)",
            "Operational Time (Hrs):": "14 (max)",
            "Requires Maintenace:": "No",
            "Weight (g):": "125"
        },
        "url": "2wayradioshop.co.uk//10606282"
    },
    {
        "spec": {
            "Chemistry:": "Lilon",
            "Dimensions HxWxD (mm):": "135x54.48x20.8",
            "IP Rating:": "IP67 (IP64 within ATEX Environment)",
            "Intelligent:": "Yes",
            "Memory Effect:": "No",
            "No. of Charge cycle:": "500",
            "Operating Tem Range (\u00b0c):": "\u00a0-10 to +50",
            "Operational Time (Hrs):": "16 (max)",
            "Requires Maintenance:": "Yes"
        },
        "url": "2wayradioshop.co.uk//4905537"
    },
    {
        "spec": {
            "Capacity (mAH):": "2075mAH (Typical)",
            "Chemistry:": "NiMH",
            "Dimensions HxWxD (mm):": "121 x 55.7 x 22.35",
            "Energy Density (mAH/cm\u00b3):": "13.3",
            "Intelligent:": "Yes",
            "Intrinsic Safety Std:": "No",
            "Memory Effect:": "Low",
            "Number of Charge Cycles:": "400",
            "Operating Tem Range:": "(-20 - +60 deg C)",
            "Operational Time (Hrs):": "14 (max)",
            "Requires Maintenace:": "Yes",
            "Weight (g):": "280"
        },
        "url": "2wayradioshop.co.uk//12138624"
    },
    {
        "spec": {
            "Capacity (mAH):": "2900mAH (Typical) / 2800mAH (Minimum)",
            "Chemistry:": "Li-Ion",
            "Dimensions HxWxD (mm):": "120.69 x 60.36 x 23.35",
            "IP Rating:": "IP54",
            "Intelligent:": "No",
            "Intrinsic Safety Std:": "No",
            "Memory Effect:": "\u00a0No",
            "Number of Charge Cycles:": "\u00a0300",
            "Operating Temp Range:": "-10 - +60 deg C",
            "Operational Time (Hrs):": "18 (DP1000 Analogue)",
            "Requires Maintenace:": "No",
            "Weight (g):": "145"
        },
        "url": "2wayradioshop.co.uk//3557691"
    },
    {
        "spec": {
            "Capacity (mAH):": "2075mAh (Typ)",
            "Chemistry:": "LiIon",
            "Dimensions HxWxD (mm):": "123.40 x 57.4 x 25.52",
            "Energy Density (mAH/cm\u00b3):": "11.34",
            "Intelligent:": "No",
            "Intrinsic Safety Std:": "No",
            "Memory Effect:": "None",
            "Number of Charge Cycles:": "300",
            "Operating Temp Range:": "-10C to +60C",
            "Operational Time (Hrs):": "14",
            "Requires Maintenance:": "No",
            "Weight (g):": "140"
        },
        "url": "2wayradioshop.co.uk//10181069"
    },
    {
        "spec": {
            "Capacity (mAH):": "2200mAH (Typical)",
            "Chemistry:": "NiMH",
            "Dimensions HxWxD (mm):": "120 x 52 x 22",
            "Energy Density (mAH/cm\u00b3):": "13.9",
            "Intelligent:": "No",
            "Intrinsic Safety Std:": "No",
            "Memory Effect:": "Yes",
            "Number of Charge Cycles:": "400",
            "Operating Tem Range:": "(-20 - +60 deg C)",
            "Operational Time (Hrs):": "14 (max)",
            "Requires Maintenace:": "Yes",
            "Weight (g):": "215"
        },
        "url": "2wayradioshop.co.uk//16477411"
    },
    {
        "spec": {
            "Capacity:": "2900mAh",
            "Chemistry:": "Li-ion",
            "Energy Density:": "21.5",
            "Intelligent:": "Yes",
            "Intrinsic Safety Std:": "TIA4950",
            "Memory Effect:": "No",
            "No. of Charge Cycle:": "300",
            "Requires Maintenance:": "No",
            "Weight:": "207g"
        },
        "url": "2wayradioshop.co.uk//13714315"
    },
    {
        "spec": {
            "Capacity (mAH):": "1600mAH (Typical)",
            "Chemistry:": "Li-Ion",
            "Dimensions HxWxD (mm):": "120.94 x 60.29 x 20.61",
            "Energy Density (mAH/cm\u00b3):": "9.98",
            "Intelligent:": "No",
            "Intrinsic Safety Std:": "No",
            "Memory Effect:": "No",
            "Number of Charge Cycles:": "400",
            "Operating Temp Range:": "-10 - +60 deg C",
            "Operational Time (Hrs):": "10.5 (DP1000 Analogue)",
            "Requires Maintenace:": "No",
            "Weight (g):": "\u00a0147"
        },
        "url": "2wayradioshop.co.uk//5175183"
    },
    {
        "spec": {
            "Capacity (mAH):": "1300mAH (Typical)",
            "Chemistry:": "NiMH",
            "Dimensions HxWxD (mm):": "120 x 52 x 12",
            "Energy Density (mAH/cm\u00b3):": "18.7",
            "Intelligent:": "No",
            "Intrinsic Safety Std:": "No",
            "Memory Effect:": "\u00a0Yes",
            "Number of Charge Cycles:": "400",
            "Operating Tem Range:": "(-20 - +60 deg C)",
            "Operational Time (Hrs):": "10 (max)",
            "Requires Maintenace:": "Yes",
            "Weight (g):": "204"
        },
        "url": "2wayradioshop.co.uk//7955102"
    }
]