[
    {
        "spec": {
            "Chemistry:": "NiCd / NiMH / LiIon\u00a0",
            "Maintenance system:": "Yes",
            "Operating voltage AC:": "230 Volts",
            "Weight": ".3.6kg"
        },
        "url": "2wayradioshop.co.uk//15236037"
    },
    {
        "spec": {
            "Charger Type:": "Rapid",
            "Chemistry:": "Li-ION/NiMH",
            "Dimensions HxWxD (mm):": "70x70x70",
            "Display:": "No",
            "Line Cord:": "Other",
            "Maintenance System:": "No",
            "Number of Pockets:": "1",
            "Operating Voltage:": "12 - 24 volt",
            "Weight (Kg):": "0.3 with Bracket"
        },
        "url": "2wayradioshop.co.uk//3628372"
    },
    {
        "spec": {
            "Chemistry:": "NiCd / NiMH / LiIon\u00a0",
            "Maintenance system:": "Yes",
            "Operating voltage AC:": "230 Volts",
            "Weight": ".3.6kg"
        },
        "url": "2wayradioshop.co.uk//4453250"
    },
    {
        "spec": {
            "Charger Type:": "Non IMPRES",
            "Chemistry:": "\u00a0LiIon",
            "Display:": "No",
            "Line Cord:": "\u00a0EU",
            "Maintenance system:": "No",
            "Weight(g):": "249g"
        },
        "url": "2wayradioshop.co.uk//2293370"
    },
    {
        "spec": {
            "Charger Type:": "Rapid",
            "Chemistry:": "Li-ION/NiCd/NiMH",
            "Dimensions HxWxD (mm):": "55 x 35 x 60",
            "Display:": "No",
            "Line Cord:": "Other",
            "Maintenance System:": "No",
            "Number of Pockets:": "1",
            "Operating Voltage AC:": "10.8 - 16 VDC",
            "Weight (Kg):": "0.16"
        },
        "url": "2wayradioshop.co.uk//1992112"
    },
    {
        "spec": {
            "Charger Type:": "Non-IMPRES",
            "Chemistry:": "LiIon",
            "Dimensions HxWxD (mm):": "66x450x92",
            "Display:": "No",
            "Line Cord:": "UK",
            "Maintenance system:": "No",
            "Operating voltage AC:": "100-240",
            "Weight(g):": "900"
        },
        "url": "2wayradioshop.co.uk//5921078"
    },
    {
        "spec": {
            "Charger Type:": "Rapid",
            "Chemistry:": "Li-ION/NiMH",
            "Dimensions HxWxD (mm):": "70x70x70",
            "Display:": "No",
            "Line Cord:": "Other",
            "Maintenance System:": "No",
            "Number of Pockets :": "1",
            "Operating Voltage:": "12 - 32 volt",
            "Weight (Kg):": "0.3 with Bracket"
        },
        "url": "2wayradioshop.co.uk//14994803"
    },
    {
        "spec": {
            "Charger Type:": "Rapid",
            "Chemistry:": "Li-ION/NiCd/NiMH",
            "Dimensions HxWxD (mm):": "50 x 100 x 110",
            "Display:": "\u00a0No",
            "Line Cord:": "UK",
            "Maintenance System:": "No",
            "Number of Pockets:": "1",
            "Operating Voltage AC:": "230 V",
            "Weight (g):": "0.4"
        },
        "url": "2wayradioshop.co.uk//13941879"
    },
    {
        "spec": {
            "Charger Type:": "Non IMPRES",
            "Chemistry:": "Li-ion",
            "Display:": "No",
            "Line Cord:": "UK",
            "Maintenance system:": "No",
            "Operating Voltage:": "90-264",
            "Weight:": "140g"
        },
        "url": "2wayradioshop.co.uk//4765961"
    },
    {
        "spec": {
            "Charger Type:": "Rapid",
            "Chemistry:": "Li-ION/NiCd/NiMH",
            "Dimensions HxWxD (mm):": "50 x 100 x 110",
            "Display:": "No",
            "Line Cord:": "Euro",
            "Maintenance System:": "No",
            "Number of Pockets:": "1",
            "Operating Voltage AC:": "230 V",
            "Weight (g):": "0.4"
        },
        "url": "2wayradioshop.co.uk//17479463"
    },
    {
        "spec": {
            "Charger Type:": "Non-IMPRES",
            "Chemistry:": "LiIon",
            "Display:": "No",
            "Line Cord:": "EU",
            "Maintenance system:": "No",
            "Operating voltage AC:": "100-240",
            "Weight(g):": "900"
        },
        "url": "2wayradioshop.co.uk//6882669"
    },
    {
        "spec": {
            "Charger Type:": "Rapid",
            "Chemistry:": "Li-ION/NiCd/NiMH",
            "Dimensions HxWxD (mm):": "50 x 100 x110",
            "Display:": "No",
            "Line Cord:": "N/A",
            "Maintenance System:": "No",
            "Number of Pockets:": "1",
            "Operating Voltage AC:": "N/A",
            "Weight (g):": "0.4"
        },
        "url": "2wayradioshop.co.uk//15900600"
    }
]