{
    "11787962": [
        "2wayradioshop.co.uk//14994803"
    ],
    "12942419": [
        "2wayradioshop.co.uk//15900600"
    ],
    "2379072": [
        "2wayradioshop.co.uk//1992112"
    ],
    "2651588": [
        "2wayradioshop.co.uk//15236037"
    ],
    "2651603": [
        "2wayradioshop.co.uk//4453250"
    ],
    "6633044": [
        "2wayradioshop.co.uk//17479463"
    ],
    "6633077": [
        "2wayradioshop.co.uk//13941879"
    ],
    "7115406": [
        "2wayradioshop.co.uk//6882669"
    ],
    "7117361": [
        "2wayradioshop.co.uk//2293370"
    ],
    "7446141": [
        "2wayradioshop.co.uk//3628372"
    ],
    "7457970": [
        "2wayradioshop.co.uk//5921078"
    ],
    "7462959": [
        "2wayradioshop.co.uk//4765961"
    ]
}