{
    "11629414": [
        "2wayradioshop.co.uk//14468933"
    ],
    "11629445": [
        "2wayradioshop.co.uk//17090706"
    ],
    "11630903": [
        "2wayradioshop.co.uk//2132625"
    ],
    "11631023": [
        "2wayradioshop.co.uk//5428071"
    ],
    "11631071": [
        "2wayradioshop.co.uk//13384287"
    ],
    "11631086": [
        "2wayradioshop.co.uk//2200580"
    ],
    "11631574": [
        "2wayradioshop.co.uk//2314875"
    ],
    "11674920": [
        "2wayradioshop.co.uk//13025565"
    ],
    "11674999": [
        "2wayradioshop.co.uk//5651081"
    ],
    "11675405": [
        "2wayradioshop.co.uk//16095451"
    ],
    "11675487": [
        "2wayradioshop.co.uk//4449984"
    ],
    "11675515": [
        "2wayradioshop.co.uk//10530599"
    ],
    "11675897": [
        "2wayradioshop.co.uk//1711615"
    ],
    "11675909": [
        "2wayradioshop.co.uk//1472175"
    ],
    "11675963": [
        "2wayradioshop.co.uk//10790133"
    ],
    "11750306": [
        "2wayradioshop.co.uk//6733991"
    ],
    "11838069": [
        "2wayradioshop.co.uk//3684505"
    ],
    "11838079": [
        "2wayradioshop.co.uk//1406614"
    ],
    "12727272": [
        "2wayradioshop.co.uk//407740"
    ],
    "12734303": [
        "2wayradioshop.co.uk//5161329"
    ],
    "13625865": [
        "2wayradioshop.co.uk//8439548"
    ],
    "13789250": [
        "2wayradioshop.co.uk//13473691"
    ],
    "13789276": [
        "2wayradioshop.co.uk//3092977"
    ],
    "13789383": [
        "2wayradioshop.co.uk//11044951"
    ],
    "13789831": [
        "2wayradioshop.co.uk//15891853"
    ],
    "13789899": [
        "2wayradioshop.co.uk//13074877"
    ],
    "13789922": [
        "2wayradioshop.co.uk//15145504"
    ],
    "13790023": [
        "2wayradioshop.co.uk//12638933"
    ],
    "13801549": [
        "2wayradioshop.co.uk//6479905"
    ],
    "13801574": [
        "2wayradioshop.co.uk//10036932"
    ],
    "13801591": [
        "2wayradioshop.co.uk//9639804"
    ],
    "13802008": [
        "2wayradioshop.co.uk//7981631"
    ],
    "2666149": [
        "2wayradioshop.co.uk//8372199"
    ],
    "2669289": [
        "2wayradioshop.co.uk//1335394"
    ],
    "2669304": [
        "2wayradioshop.co.uk//7701894"
    ],
    "2771499": [
        "2wayradioshop.co.uk//4980409"
    ],
    "2771504": [
        "2wayradioshop.co.uk//12243322"
    ],
    "3116855": [
        "2wayradioshop.co.uk//5083758"
    ],
    "3116881": [
        "2wayradioshop.co.uk//8833645"
    ],
    "406460": [
        "2wayradioshop.co.uk//6649190"
    ],
    "4787323": [
        "2wayradioshop.co.uk//6196383"
    ],
    "4787875": [
        "2wayradioshop.co.uk//6199854"
    ],
    "5283587": [
        "2wayradioshop.co.uk//16653214"
    ],
    "5628919": [
        "2wayradioshop.co.uk//3794472"
    ],
    "6161224": [
        "2wayradioshop.co.uk//2407344"
    ],
    "6161236": [
        "2wayradioshop.co.uk//13881844"
    ],
    "6493767": [
        "2wayradioshop.co.uk//2042433"
    ],
    "6494965": [
        "2wayradioshop.co.uk//17452031"
    ],
    "6632707": [
        "2wayradioshop.co.uk//10159343"
    ],
    "6632972": [
        "2wayradioshop.co.uk//1072588"
    ],
    "6632990": [
        "2wayradioshop.co.uk//14794865"
    ],
    "7097048": [
        "2wayradioshop.co.uk//8414845"
    ],
    "7105339": [
        "2wayradioshop.co.uk//6171850"
    ],
    "7134027": [
        "2wayradioshop.co.uk//15658587"
    ],
    "7457934": [
        "2wayradioshop.co.uk//7988259"
    ],
    "7748305": [
        "2wayradioshop.co.uk//13221476"
    ],
    "7748326": [
        "2wayradioshop.co.uk//13415005"
    ],
    "7772148": [
        "2wayradioshop.co.uk//2474020"
    ],
    "7979677": [
        "2wayradioshop.co.uk//7652717"
    ]
}