[
    {
        "spec": {
            "Dimensions HxWxD(mm):\u00a0\u00a0": "78.6x33.4x70.4",
            "Line cord:": "UK",
            "Operating Temperature(\u00baC):": "0\u00b0C to +40\u00b0C",
            "Operating Voltage (Vac):": "100-240",
            "Storage Temperature(\u00baC):": "-40\u00baC to 70\u00baC",
            "Type:": "Switch Mode"
        },
        "url": "2wayradioshop.co.uk//12243322"
    },
    {
        "spec": {
            "Charger Type:": "\u00a0Impres",
            "Chemistry:": "NiCd / NiMH / LiIon",
            "Dimensions HxWxD(mm):": "157.6x445.0x287.9",
            "Display:": "No",
            "Line Cord:": "EURO",
            "Maintenance system:": "Yes",
            "Operating voltage AC:": "100-240",
            "Weight(g):": "\u00a03750"
        },
        "url": "2wayradioshop.co.uk//8372199"
    },
    {
        "spec": {
            "Colour Code:": "Yellow",
            "Frequency Band:": "VHF",
            "Frequency Range:": "136-147MHz",
            "GPS:": "Yes",
            "Length (cm):": "17"
        },
        "url": "2wayradioshop.co.uk//15891853"
    },
    {
        "spec": {
            "Charger Type:": "Rapid",
            "Chemistry:": "Li-ION/NiMH/NiCD",
            "Dimensions HxWxD (mm):": "90x520x175",
            "Display:": "No",
            "Line Cord:": "UK",
            "Maintenance System:": "No",
            "Number of Pockets:": "6",
            "Operating Voltage AC:": "230 V",
            "Weight (Kg):": "2.35"
        },
        "url": "2wayradioshop.co.uk//6171850"
    },
    {
        "spec": {
            "Colour Code:": "\u00a0Orange",
            "Frequency Band:": "UHF",
            "Frequency Range:": "465-495MHz",
            "GPS:": "No",
            "Length (cm):": "9"
        },
        "url": "2wayradioshop.co.uk//13384287"
    },
    {
        "spec": {
            "Antenna Type:": "Stubby",
            "Colour Code:": "Black",
            "Frequency Band:": "VHF",
            "Frequency Range:": "155-174MHz",
            "GPS:": "No",
            "Length (cm):": "9"
        },
        "url": "2wayradioshop.co.uk//6479905"
    },
    {
        "spec": {
            "Antenna Type:": "Helical",
            "Colour Code:": "\u00a0Blue",
            "Frequency Band:": "VHF",
            "Frequency Range:": "160-174MHz",
            "GPS:": "Yes",
            "Length (cm):": "17"
        },
        "url": "2wayradioshop.co.uk//15145504"
    },
    {
        "spec": {
            "Chemistry:": "NiCd / NiMH / LiIon\u00a0",
            "Dimensions HxWxD(mm):\u00a0": "157.6 x 445.0 x 287.9",
            "Maintenance system:": "Y",
            "No. of Pockets:\u00a0": "6\u00a0",
            "Operating voltage AC:": "100-240",
            "Weight": "3750g"
        },
        "url": "2wayradioshop.co.uk//7652717"
    },
    {
        "spec": {
            "Antenna Type:": "Stubby",
            "Colour Code:": "Black",
            "Frequency Band:": "UHF",
            "Frequency Range:": "403-425 MHz",
            "GPS:": "No",
            "Length (cm):": "4.5"
        },
        "url": "2wayradioshop.co.uk//1711615"
    },
    {
        "spec": {
            "Chemistry:": "NiCd / NiMH / LiIon\u00a0",
            "Dimensions HxWxD(mm):\u00a0": "157.6 x 445.0 x 287.9",
            "Maintenance system:": "Y",
            "No. of Pockets:\u00a0": "6\u00a0",
            "Operating voltage AC:": "100-240",
            "Weight": "3750g"
        },
        "url": "2wayradioshop.co.uk//1335394"
    },
    {
        "spec": {
            "Chemistry:": "NiCd / NiMH / LiIon\u00a0",
            "Dimensions HxWxD(mm):\u00a0": "157.6 x 445.0 x 287.9",
            "Maintenance system:": "Y",
            "No. of Pockets:\u00a0": "6\u00a0",
            "Operating voltage AC:": "100-240",
            "Weight": "3750g"
        },
        "url": "2wayradioshop.co.uk//7701894"
    },
    {
        "spec": {
            "Chemistry:": "Li-Ion",
            "Dimensions HxWxD(mm):": "112.35 x 51.65 x 17.90",
            "Energy Density (mAH/cm3):": "15.4",
            "Intelligent:": "Yes",
            "Memory Effect:": "None",
            "No. of Charge cycle:": "500",
            "Operating Tem Range (\u00b0c):": "-10 to +60",
            "Operational Time (Hrs):": "11",
            "Requires Maintenance:": "No",
            "Weight(g):": "130g"
        },
        "url": "2wayradioshop.co.uk//17452031"
    },
    {
        "spec": {
            "Chemistry:": "LiIon",
            "Dimensions HxWxD(mm):": "53.8 x 35.8 x\u00a011.3",
            "Energy Density (mAH/cm3):": "\u00a094.3",
            "IP Rating:": "IP 54",
            "Intelligent:": "No",
            "Memory Effect:": "No",
            "No. of Charge cycle:": "500",
            "Operating Tem Range (\u00b0c):": "-20 to +60",
            "Operational Time (Hrs):": "14 (based on\u00a05/5/90 duty cycle with battery saver\u00a0enabled)",
            "Requires Maintenance:": "No",
            "Weight(g):": "43"
        },
        "url": "2wayradioshop.co.uk//6196383"
    },
    {
        "spec": {
            "PTT:": "Yes",
            "Transmit via:": "Boom mic",
            "Weight:": "429(g)"
        },
        "url": "2wayradioshop.co.uk//5083758"
    },
    {
        "spec": {
            "Antenna Type:": "Stubby",
            "Colour Code:": "Black",
            "Frequency Band:": "VHF",
            "Frequency Range:": "\u00a0146-162MHz",
            "GPS:": "\u00a0No",
            "Length (cm):": "9"
        },
        "url": "2wayradioshop.co.uk//2407344"
    },
    {
        "spec": {
            "Emergency Button:": "Yes",
            "IP Rating:": "IP64",
            "Intrinsic Safety Standard:": "ATEX (Dust rating 2D)",
            "Volume Control:": "Yes"
        },
        "url": "2wayradioshop.co.uk//5161329"
    },
    {
        "spec": {
            "Chemistry:": "Li-ION/NiCd/NiMH",
            "Display:": "No",
            "Line Cord:": "EU",
            "Maintenance System:": "No",
            "Number of Pockets:": "1",
            "Operating Voltage (Vac):": "90-264 V"
        },
        "url": "2wayradioshop.co.uk//1072588"
    },
    {
        "spec": {
            "Dimensions (mm):": "100(L),48(W),36(H)",
            "Line cord:": "Euro",
            "Operating Temperature(\u00baC):": "0\u00b0C to +50\u00b0C",
            "Operating Voltage (Vac):": "90-264",
            "Storage Temperature(\u00baC):": ":-40\u00baC to 85\u00baC",
            "Type:": "Switch Mode"
        },
        "url": "2wayradioshop.co.uk//3684505"
    },
    {
        "spec": {
            "Chemistry:": "Li-ION/NiCd/NiMH",
            "Display:": "No",
            "Line Cord:": "Euro",
            "Maintenance System:": "Yes",
            "Number of Pockets:": "1",
            "Operating Voltage (Vac):": "90-264 V"
        },
        "url": "2wayradioshop.co.uk//10159343"
    },
    {
        "spec": {
            "Antenna Type:": "Stubby",
            "Colour Code:": "Black",
            "Frequency Band:": "UHF",
            "Frequency Range:": "420-445MHz",
            "GPS:": "No",
            "Length (cm):": "4.5"
        },
        "url": "2wayradioshop.co.uk//1472175"
    },
    {
        "spec": {
            "Dimensions HxWxD(mm):\u00a0": "78.6x33.4x70.4",
            "Line cord:": "EU",
            "Operating Temperature(\u00baC):": "0\u00b0C to +40\u00b0C",
            "Operating Voltage (Vac):": "100-240",
            "Storage Temperature(\u00baC):": "-40\u00baC to 70\u00baC",
            "Type:": "Switch Mode"
        },
        "url": "2wayradioshop.co.uk//4980409"
    },
    {
        "spec": {
            "Dimensions (mm):": "84.7(L),48.4(W),72.45(H)",
            "Line cord:": "UK",
            "Operating Temperature(\u00baC):": "0\u00b0C to +50\u00b0C",
            "Operating Voltage (Vac):": "90-264",
            "Storage Temperature(\u00baC):": "-40\u00baC to 85\u00baC"
        },
        "url": "2wayradioshop.co.uk//3794472"
    },
    {
        "spec": {
            "Chemistry:": "Li-Ion",
            "Dimensions HxWxD(mm):": "112.35 x 51.65 x 23.2",
            "Energy Density (mAH/cm3):": "15.9",
            "Intelligent:": "Yes",
            "Memory Effect:": "None",
            "No. of Charge cycle:": "300",
            "Operating Tem Range (\u00b0c):": "-10 to +60",
            "Operational Time (Hrs):": "14",
            "Requires Maintenance:": "No",
            "Weight(g):": "150g"
        },
        "url": "2wayradioshop.co.uk//2042433"
    },
    {
        "spec": {
            "Colour Code:": "Yellow",
            "Frequency Range:": "136-155MHz",
            "GPS:": "Yes",
            "Length (cm):": "15",
            "Type:": "VHF Helical Antenna"
        },
        "url": "2wayradioshop.co.uk//11044951"
    },
    {
        "spec": {
            "Antenna Type:": "Stubby",
            "Colour Code:": "Silver",
            "Frequency Band:": "UHF",
            "Frequency Range:": "470-530MHz",
            "GPS:": "No",
            "Length (cm):": "9"
        },
        "url": "2wayradioshop.co.uk//2132625"
    },
    {
        "spec": {
            "Antenna Type:": "Stubby",
            "Colour Code:": "Blue",
            "Frequency Band:": "VHF",
            "Frequency Range:": "160-174MHz",
            "GPS:": "No",
            "Length (cm):": "11"
        },
        "url": "2wayradioshop.co.uk//12638933"
    },
    {
        "spec": {
            "IP Rating:": "\u00a0IP54",
            "Intrinsic Safety Standard:": "No",
            "PTT:": "Yes",
            "Transmit via:": "Boom Mic"
        },
        "url": "2wayradioshop.co.uk//15658587"
    },
    {
        "spec": {
            "Colour Code:": "Black",
            "Frequency Band:": "\u00a0VHF",
            "Frequency Range:": "146-174MHz",
            "GPS:": "No",
            "Length (cm):": "15"
        },
        "url": "2wayradioshop.co.uk//2474020"
    },
    {
        "spec": {
            "Frequency Range:": "450-470MHz",
            "Length (cm):": "70",
            "Type:": "5dB"
        },
        "url": "2wayradioshop.co.uk//13221476"
    },
    {
        "spec": {
            "Emergency Button:": "No",
            "IP Rating:": "IP57",
            "Intrinsic Safety Standard:": "Yes",
            "Volume Control:": "Yes"
        },
        "url": "2wayradioshop.co.uk//407740"
    },
    {
        "spec": {
            "Antenna Type:": "Stubby",
            "Colour Code:": "Green",
            "Frequency Band:": "UHF",
            "Frequency Range:": "403-433MHz",
            "GPS:": "No",
            "Length (cm):": "9"
        },
        "url": "2wayradioshop.co.uk//5428071"
    },
    {
        "spec": {
            "Charger Type:": "Rapid",
            "Chemistry:": "Li-ION/NiMH/NiCD",
            "Dimensions HxWxD (mm):": "90x520x175",
            "Display:": "No",
            "Line Cord:": "Euro",
            "Maintenance System:": "No",
            "Number of Pockets:": "6",
            "Operating Voltage AC:": "230 V",
            "Weight (Kg):": "2.35"
        },
        "url": "2wayradioshop.co.uk//8414845"
    },
    {
        "spec": {
            "Colour Code:": "Grey",
            "Frequency Range:": "136-148MHz",
            "GPS:": "Yes",
            "Length (cm):": "9",
            "Type:": "VHF Stubby Antenna"
        },
        "url": "2wayradioshop.co.uk//13473691"
    },
    {
        "spec": {
            "Frequency Range:": "450-470MHz",
            "Length (cm):": "70",
            "Type:": "\u00bc Wave"
        },
        "url": "2wayradioshop.co.uk//13415005"
    },
    {
        "spec": {
            "Colour Code:": "Green",
            "Frequency Range:": "440-490MHz",
            "GPS:": "Compatible",
            "Length (cm):": "9",
            "Type:": "UHF Stubby Antenna"
        },
        "url": "2wayradioshop.co.uk//13025565"
    },
    {
        "spec": {
            "Antenna Type:": "Whip",
            "Colour Code:": "N/A",
            "Frequency Band:": "UHF",
            "Frequency Range:": "403-520MHz",
            "GPS:": "No",
            "Length (cm):": "17"
        },
        "url": "2wayradioshop.co.uk//2314875"
    },
    {
        "spec": {
            "Charger Type:": "Impres",
            "Chemistry:": "Li-ION/NiCd/NiMH",
            "Dimensions HxWxD (mm):": "55 x 95 x 150",
            "Display:": "\u00a0No",
            "Line Cord:": "UK",
            "Maintenance System:": "Yes",
            "Number of Pockets:": "1",
            "Operating Voltage AC:": "230 V",
            "Weight (Kg):": "0.2"
        },
        "url": "2wayradioshop.co.uk//8439548"
    },
    {
        "spec": {
            "Chemistry:": "Li-Ion",
            "IP Rating:": "IP 68",
            "Intelligent:": "Yes",
            "Requires Maintenance:": "No"
        },
        "url": "2wayradioshop.co.uk//6199854"
    },
    {
        "spec": {
            "Antenna Type:": "Stubby",
            "Colour Code:": "Black",
            "Frequency Band:": "VHF",
            "GPS:": "No",
            "Length (cm):": "9"
        },
        "url": "2wayradioshop.co.uk//13881844"
    },
    {
        "spec": {
            "Chemistry:": "NiCd / NiMH / Li-ion",
            "Maintenance System:": "No",
            "Operating Voltage AC:": "230"
        },
        "url": "2wayradioshop.co.uk//6733991"
    },
    {
        "spec": {
            "Antenna Type:": "Helical",
            "Colour Code:": "Red",
            "Frequency Band:": "\u00a0VHF",
            "Frequency Range:": "136-155MHz",
            "GPS:": "No",
            "Length (cm):": "14"
        },
        "url": "2wayradioshop.co.uk//9639804"
    },
    {
        "spec": {
            "Emergency Button:": "No",
            "IP Rating:": "IP54",
            "Intrinsic Safety Standard:": "FM\u00a0(CP140/CP160/CP180 only)",
            "Volume Control:": "No"
        },
        "url": "2wayradioshop.co.uk//6649190"
    },
    {
        "spec": {
            "Antenna Type:": "Whip",
            "Colour Code:": "Black",
            "Frequency Band:": "UHF",
            "Frequency Range:": "403-470 MHz",
            "GPS:": "No",
            "Length (cm):": "16"
        },
        "url": "2wayradioshop.co.uk//4449984"
    },
    {
        "spec": {
            "Chemistry:": "\u00a0Li-ION/NiCd/NiMH",
            "Display:": "No",
            "Line Cord:": "UK",
            "Maintenance System:": "No",
            "Number of Pockets:": "1",
            "Operating Voltage (Vac):": "90-264 V"
        },
        "url": "2wayradioshop.co.uk//14794865"
    },
    {
        "spec": {
            "Antenna Type:": "Monopole",
            "Colour Code:": "Red",
            "Frequency Band:": "UHF",
            "Frequency Range:": "403-433MHz",
            "GPS:": "Yes",
            "Length (cm):": "14"
        },
        "url": "2wayradioshop.co.uk//16095451"
    },
    {
        "spec": {
            "Colour Code:": "Red",
            "Frequency Band:": "UHF",
            "Frequency Range:": "403-433MHz",
            "GPS:": "Yes",
            "Length (cm):": "9"
        },
        "url": "2wayradioshop.co.uk//10530599"
    },
    {
        "spec": {
            "Colour Code:": "Blue",
            "Frequency Range:": "152-174MHz",
            "GPS:": "Yes",
            "Length (cm):": "15",
            "Type:": "VHF Helical Antenna"
        },
        "url": "2wayradioshop.co.uk//3092977"
    },
    {
        "spec": {
            "PTT:": "Yes",
            "Transmit via:": "Boom mic",
            "Weight:": "422(g)"
        },
        "url": "2wayradioshop.co.uk//8833645"
    },
    {
        "spec": {
            "Charger Type:": "Non IMPRES",
            "Chemistry:": "LiIon",
            "Dimensions HxWxD(mm):": "44.7x70x70\u00a0",
            "Display:": "No",
            "Line Cord:": "UK",
            "Maintenance system:": "No",
            "Weight(g):": "62"
        },
        "url": "2wayradioshop.co.uk//7988259"
    },
    {
        "spec": {
            "Colour Code:": "Red",
            "Frequency Range:": "405-450MHz",
            "GPS:": "Yes",
            "Length (cm):": "9",
            "Type:": "UHF Stubby Antenna"
        },
        "url": "2wayradioshop.co.uk//14468933"
    },
    {
        "spec": {
            "Antenna Type:": "Stubby",
            "Colour Code:": "Yellow",
            "Frequency Band:": "VHF",
            "Frequency Range:": "136-147MHz",
            "GPS:": "No",
            "Length (cm):": "11"
        },
        "url": "2wayradioshop.co.uk//13074877"
    },
    {
        "spec": {
            "Chemistry:": "NiMH",
            "Dimensions HxWxD (mm):": "121 x 55.7 x 22.35",
            "Intelligent:": "Yes",
            "Memory Effect:": "\u00a0Low",
            "Operational Time (Hrs):": "14 (max)"
        },
        "url": "2wayradioshop.co.uk//16653214"
    },
    {
        "spec": {
            "Colour Code:": "Orange",
            "Frequency Range:": "403-527MHz",
            "GPS:": "Yes",
            "Length (cm):": "15",
            "Type:": "UHF Whip Antenna"
        },
        "url": "2wayradioshop.co.uk//17090706"
    },
    {
        "spec": {
            "Dimensions (mm):": "100(L),48(W),36(H)",
            "Line cord:": "UK",
            "Operating Temperature(\u00baC):": "0\u00b0C to +50\u00b0C",
            "Operating Voltage (Vac):": "90-264",
            "Storage Temperature(\u00baC):": ":-40\u00baC to 85\u00baC",
            "Type:": "Switch Mode"
        },
        "url": "2wayradioshop.co.uk//1406614"
    },
    {
        "spec": {
            "Antenna Type:": "Stubby",
            "Colour Code:": "Silver",
            "Frequency Band:": "VHF",
            "Frequency Range:": "150-161 MHz",
            "GPS:": "No",
            "Length (cm):": "9"
        },
        "url": "2wayradioshop.co.uk//7981631"
    },
    {
        "spec": {
            "Antenna Type:": "Whip",
            "Colour Code:": "Black",
            "Frequency Band:": "VHF",
            "Frequency Range:": "155-174MHz",
            "GPS:": "No",
            "Length (cm):": "14"
        },
        "url": "2wayradioshop.co.uk//10036932"
    },
    {
        "spec": {
            "Colour Code:": "White",
            "Frequency Range:": "470-527MHz",
            "GPS:": "Compatible",
            "Length (cm):": "9",
            "Type:": "UHF Stubby Antenna"
        },
        "url": "2wayradioshop.co.uk//5651081"
    },
    {
        "spec": {
            "Antenna Type:": "\u00a0Stubby",
            "Colour Code:": "Black",
            "Frequency Band:": "UHF",
            "GPS:": "No",
            "Length (cm):": "4.5"
        },
        "url": "2wayradioshop.co.uk//10790133"
    },
    {
        "spec": {
            "Antenna Type:": "Stubby",
            "Colour Code:": "White",
            "Frequency Band:": "UHF",
            "Frequency Range:": "490-527MHz",
            "GPS:": "No",
            "Length (cm):": "9"
        },
        "url": "2wayradioshop.co.uk//2200580"
    }
]