{
    "12099026": [
        "abt.com//15364004",
        "abt.com//7568535"
    ],
    "13260807": [
        "abt.com//15396074",
        "abt.com//946712"
    ],
    "13260879": [
        "abt.com//14479751",
        "abt.com//16154827"
    ],
    "15408276": [
        "abt.com//7655277",
        "abt.com//9301698"
    ],
    "15462180": [
        "abt.com//3775115",
        "abt.com//8128099"
    ],
    "15828329": [
        "abt.com//15287005",
        "abt.com//16651817"
    ],
    "15828356": [
        "abt.com//13536342",
        "abt.com//17089998"
    ],
    "2826390": [
        "abt.com//16617562",
        "abt.com//2837024"
    ],
    "3225565": [
        "abt.com//13301227",
        "abt.com//5666723"
    ],
    "3262180": [
        "abt.com//4354916",
        "abt.com//7200899"
    ],
    "4120332": [
        "abt.com//910600",
        "abt.com//9168025"
    ],
    "4120350": [
        "abt.com//12906702",
        "abt.com//16426907"
    ],
    "4504352": [
        "abt.com//11683411",
        "abt.com//4129883"
    ],
    "4521363": [
        "abt.com//15703484",
        "abt.com//3047552",
        "abt.com//5675598"
    ],
    "4740515": [
        "abt.com//13563329",
        "abt.com//17513319"
    ],
    "4929862": [
        "abt.com//14099564",
        "abt.com//17016539"
    ],
    "4932766": [
        "abt.com//11181457",
        "abt.com//12525193"
    ]
}