{
    "12095400": [
        "abt.com//16227450"
    ],
    "12099026": [
        "abt.com//15364004",
        "abt.com//7568535"
    ],
    "13260735": [
        "abt.com//6743230"
    ],
    "13260760": [
        "abt.com//12046242"
    ],
    "13260807": [
        "abt.com//15396074",
        "abt.com//946712"
    ],
    "13260879": [
        "abt.com//14479751",
        "abt.com//16154827"
    ],
    "13261237": [
        "abt.com//11735140"
    ],
    "13281171": [
        "abt.com//2268216"
    ],
    "14056842": [
        "abt.com//4463747"
    ],
    "14486733": [
        "abt.com//13986543"
    ],
    "14533678": [
        "abt.com//6113344"
    ],
    "14572755": [
        "abt.com//2144210"
    ],
    "14572787": [
        "abt.com//6826169"
    ],
    "15210416": [
        "abt.com//10403686"
    ],
    "15408276": [
        "abt.com//7655277",
        "abt.com//9301698"
    ],
    "15408335": [
        "abt.com//4216077"
    ],
    "15417330": [
        "abt.com//14381404"
    ],
    "15462180": [
        "abt.com//3775115",
        "abt.com//8128099"
    ],
    "15462212": [
        "abt.com//825447"
    ],
    "15825654": [
        "abt.com//12613872"
    ],
    "15828329": [
        "abt.com//15287005",
        "abt.com//16651817"
    ],
    "15828356": [
        "abt.com//13536342",
        "abt.com//17089998"
    ],
    "15831511": [
        "abt.com//7467837"
    ],
    "2313080": [
        "abt.com//6742826"
    ],
    "2826390": [
        "abt.com//16617562",
        "abt.com//2837024"
    ],
    "2834222": [
        "abt.com//10397938"
    ],
    "2834249": [
        "abt.com//14652974"
    ],
    "2834261": [
        "abt.com//10556505"
    ],
    "2872229": [
        "abt.com//3364648"
    ],
    "2872270": [
        "abt.com//12542027"
    ],
    "2951803": [
        "abt.com//11248844"
    ],
    "2951813": [
        "abt.com//2030162"
    ],
    "2952271": [
        "abt.com//14531790"
    ],
    "2983531": [
        "abt.com//14995973"
    ],
    "3209710": [
        "abt.com//16054737"
    ],
    "3225565": [
        "abt.com//13301227",
        "abt.com//5666723"
    ],
    "3244896": [
        "abt.com//12149658"
    ],
    "3262180": [
        "abt.com//4354916",
        "abt.com//7200899"
    ],
    "3262618": [
        "abt.com//17333958"
    ],
    "3404457": [
        "abt.com//5159521"
    ],
    "3604502": [
        "abt.com//13440436"
    ],
    "3665753": [
        "abt.com//3722818"
    ],
    "4050629": [
        "abt.com//6131103"
    ],
    "4050631": [
        "abt.com//9796515"
    ],
    "4120332": [
        "abt.com//910600",
        "abt.com//9168025"
    ],
    "4120350": [
        "abt.com//12906702",
        "abt.com//16426907"
    ],
    "4184590": [
        "abt.com//400478"
    ],
    "4209699": [
        "abt.com//1830424"
    ],
    "4504330": [
        "abt.com//7563649"
    ],
    "4504342": [
        "abt.com//6679167"
    ],
    "4504352": [
        "abt.com//11683411",
        "abt.com//4129883"
    ],
    "4521363": [
        "abt.com//15703484",
        "abt.com//3047552",
        "abt.com//5675598"
    ],
    "4554593": [
        "abt.com//12176402"
    ],
    "4740515": [
        "abt.com//13563329",
        "abt.com//17513319"
    ],
    "4885907": [
        "abt.com//13682805"
    ],
    "4929798": [
        "abt.com//5204383"
    ],
    "4929862": [
        "abt.com//14099564",
        "abt.com//17016539"
    ],
    "4932766": [
        "abt.com//11181457",
        "abt.com//12525193"
    ],
    "5253039": [
        "abt.com//10942771"
    ],
    "653246": [
        "abt.com//8241038"
    ],
    "703275": [
        "abt.com//13845882"
    ]
}