[
    {
        "spec": {
            "Capacity (cu. ft.)": "4.3",
            "Color": "Granite",
            "Control Type": "Digital, Knobs",
            "Depth (inches)": "32.75",
            "Depth with Door Open": "52.75",
            "Dispensers": "Bleach, Detergent, Fabric Softener",
            "End-Of-Cycle Signal": "Yes",
            "Height (inches)": "39",
            "Internal Water Heater": "No",
            "Labor Warranty": "1 Year",
            "Load Type": "Front Loading",
            "Parts Warranty": "1 Year",
            "Reversible Door": "Yes",
            "Spin Speed (RPM)": "1400",
            "Steam": "Yes",
            "Temperature Settings": "5",
            "Voltage": "120 V",
            "Wash Cycles": "11",
            "Width (inches)": "27"
        },
        "url": "abt.com//13986543"
    },
    {
        "spec": {
            "Capacity (cu. ft.)": "4.5 Cu. Ft.",
            "Color": "Crimson Red",
            "Depth (inches)": "32\"",
            "End-Of-Cycle Signal": "Yes",
            "Height (inches)": "38\"",
            "Internal Water Heater": "Yes",
            "Labor Warranty": "1 Year",
            "Load Type": "Front Loading",
            "Parts Warranty": "1 Year",
            "Temperature Settings": "4",
            "Voltage": "120V",
            "Wash Cycles": "10",
            "Width (inches)": "27\""
        },
        "url": "abt.com//14652974"
    },
    {
        "spec": {
            "Capacity (cu. ft.)": "3.5",
            "Color": "White",
            "Control Type": "Electronic",
            "Depth (inches)": "30.5",
            "Dispensers": "Yes",
            "End-Of-Cycle Signal": "Yes",
            "Height (inches)": "36",
            "Internal Water Heater": "Yes",
            "Labor Warranty": "1 Year",
            "Load Type": "Front Loading",
            "Parts Warranty": "1 Year",
            "Reversible Door": "No",
            "Spin Speed (RPM)": "Yes",
            "Temperature Settings": "4",
            "Voltage": "120 V",
            "Wash Cycles": "13",
            "Width (inches)": "27"
        },
        "url": "abt.com//6743230"
    },
    {
        "spec": {
            "Capacity (cu. ft.)": "1.9",
            "Color": "White",
            "Control Type": "Electronic",
            "Depth (inches)": "23.25",
            "Depth with Door Open": "41.63",
            "Dispensers": "Detergent, Bleach, Fabric Softener",
            "End-Of-Cycle Signal": "Yes",
            "Height (inches)": "33.19",
            "Internal Water Heater": "Yes",
            "Labor Warranty": "1 Year",
            "Load Type": "Front Loading",
            "Parts Warranty": "1 Year",
            "Reversible Door": "No",
            "Spin Speed (RPM)": "1000",
            "Steam": "No",
            "Temperature Settings": "5",
            "Voltage": "208-240V",
            "Wash Cycles": "15",
            "Width (inches)": "24"
        },
        "url": "abt.com//15703484"
    },
    {
        "spec": {
            "Capacity (cu. ft.)": "6.7 Cu. Ft.",
            "Color": "White",
            "Control Type": "Rotary Electric",
            "Depth (inches)": "29\"",
            "Drying Cycles": "6",
            "Fuel Type": "Electric",
            "Height (inches)": "36\"",
            "Labor Warranty": "1 Year",
            "Parts Warranty": "1 Year",
            "Reversible Door": "Yes",
            "Temperatures Settings": "6",
            "Voltage": "240 V",
            "Width (inches)": "27\""
        },
        "url": "abt.com//12149658"
    },
    {
        "spec": {
            "ADA Compliant": "Yes",
            "Capacity (cu. ft.)": "4",
            "Color": "White",
            "Control Type": "Digital and Knobs",
            "Depth (inches)": "25",
            "Drying Cycles": "15",
            "Fuel Type": "Electric",
            "Height (inches)": "33.25",
            "Labor Warranty": "1 Year",
            "Parts Warranty": "1 Year",
            "Reversible Door": "Yes",
            "Steam": "No",
            "Temperatures Settings": "4",
            "Voltage": "240/208 V",
            "Width (inches)": "23.5"
        },
        "url": "abt.com//2144210"
    },
    {
        "spec": {
            "Capacity (cu. ft.)": "4.3 Cu Ft",
            "Color": "Granite",
            "Control Type": "Electronic",
            "Depth (inches)": "31.50\"",
            "Dispensers": "Yes",
            "Height (inches)": "38\"",
            "Internal Water Heater": "Yes",
            "Labor Warranty": "1 Year Limited",
            "Load Type": "Front Loading",
            "Parts Warranty": "1 Year Limited",
            "Reversible Door": "No",
            "Temperature Settings": "6",
            "Voltage": "120V",
            "Wash Cycles": "21",
            "Width (inches)": "27\""
        },
        "url": "abt.com//2268216"
    },
    {
        "spec": {
            "Capacity (cu. ft.)": "7.0 Cu. Ft.",
            "Color": "Green",
            "Depth (inches)": "31.50\"",
            "Drying Cycles": "9",
            "Height (inches)": "38.00\"",
            "Labor Warranty": "1 Year",
            "Parts Warranty": "1 Year",
            "Reversible Door": "Yes",
            "Temperatures Settings": "5",
            "Width (inches)": "27.00\""
        },
        "url": "abt.com//7467837"
    },
    {
        "spec": {
            "Capacity (cu. ft.)": "3.3 Cu. Ft.",
            "Color": "White",
            "Control Type": "Dial",
            "Depth (inches)": "29.75\"",
            "Depth with Door Open": "49.875\"",
            "Dispensers": "Detergent, Softner, Bleach",
            "End-Of-Cycle Signal": "Yes",
            "Height (inches)": "36.875\"",
            "Internal Water Heater": "Yes",
            "Labor Warranty": "1 Year Limited Warranty",
            "Load Type": "Front Loading",
            "Parts Warranty": "1 Year Limited Warranty",
            "Reversible Door": "No",
            "Spin Speed (RPM)": "Max Spin, Reduced Spin, Gentle Spin, No Final Spin",
            "Temperature Settings": "Cold, Warm, Hot",
            "Voltage": "120 V",
            "Wash Cycles": "Perm Press: Hot, Warm, Cold; Cotton: Hot, Warm, Cold; Drain & Spin, Delicates, Baby Care, Comforter, Xxtra Sanitary, Jeans, Wool/Handwash, Quick Light, Quick Full",
            "Width (inches)": "27\""
        },
        "url": "abt.com//17016539"
    },
    {
        "spec": {
            "Capacity (cu. ft.)": "2.3",
            "Color": "White",
            "Control Type": "Digital",
            "Depth (inches)": "22.5",
            "Dispensers": "Bleach, Fabric Softener",
            "End-Of-Cycle Signal": "No",
            "Height (inches)": "34.13",
            "Internal Water Heater": "Yes",
            "Labor Warranty": "1 Year",
            "Load Type": "Front Loading",
            "Parts Warranty": "1 Year",
            "Reversible Door": "No",
            "Spin Speed (RPM)": "1300",
            "Steam": "No",
            "Temperature Settings": "6",
            "Voltage": "110 V",
            "Wash Cycles": "11",
            "Width (inches)": "24"
        },
        "url": "abt.com//17513319"
    },
    {
        "spec": {
            "Capacity (cu. ft.)": "5.0 Cu. Ft.",
            "Color": "Cosmetallic",
            "Depth (inches)": "32\"",
            "Dispensers": "Yes",
            "End-Of-Cycle Signal": "Yes",
            "Height (inches)": "38\"",
            "Internal Water Heater": "1,000 Watt Built-In Water Heater",
            "Labor Warranty": "1 Year",
            "Load Type": "Front Loading",
            "Parts Warranty": "1 Year",
            "Reversible Door": "No",
            "Spin Speed (RPM)": "1400rpm",
            "Temperature Settings": "No",
            "Voltage": "120 V",
            "Wash Cycles": "12 Automatic Wash Cycles",
            "Width (inches)": "27\""
        },
        "url": "abt.com//16227450"
    },
    {
        "spec": {
            "Capacity (cu. ft.)": "7.0 cu ft",
            "Color": "Green",
            "Depth (inches)": "31.50\"",
            "Drying Cycles": "9",
            "Height (inches)": "38.00\"",
            "Labor Warranty": "1 Year",
            "Parts Warranty": "1 Year",
            "Reversible Door": "Yes",
            "Temperatures Settings": "5",
            "Width (inches)": "27.00\""
        },
        "url": "abt.com//16651817"
    },
    {
        "spec": {
            "Depth (inches)": "8",
            "Height (inches)": "6",
            "Installation": "Accessory",
            "Warranty": "90 Days",
            "Width (inches)": "12"
        },
        "url": "abt.com//11248844"
    },
    {
        "spec": {
            "Depth (inches)": "8",
            "Height (inches)": "6",
            "Installation": "Accessory",
            "Warranty": "90 Days",
            "Width (inches)": "12"
        },
        "url": "abt.com//13845882"
    },
    {
        "spec": {
            "Capacity (cu. ft.)": "4.3",
            "Color": "White",
            "Control Type": "Rotary-Electric",
            "Depth (inches)": "32",
            "Dispensers": "Yes",
            "End-Of-Cycle Signal": "Yes",
            "Height (inches)": "38",
            "Internal Water Heater": "Yes",
            "Labor Warranty": "1 Year",
            "Load Type": "Front Loading",
            "Parts Warranty": "1 Year",
            "Reversible Door": "No",
            "Temperature Settings": "4",
            "Voltage": "120 V",
            "Wash Cycles": "12",
            "Width (inches)": "27"
        },
        "url": "abt.com//15364004"
    },
    {
        "spec": {
            "Capacity (cu. ft.)": "3.3 Cu. Ft.",
            "Color": "Silver",
            "Control Type": "Dial",
            "Depth (inches)": "29.75\"",
            "Dispensers": "Detergent, Softner, Bleach",
            "End-Of-Cycle Signal": "Yes",
            "Height (inches)": "36.875\"",
            "Internal Water Heater": "Yes",
            "Labor Warranty": "1 Year Limited Warranty",
            "Load Type": "Front Loading",
            "Parts Warranty": "1 Year Limited Warranty",
            "Reversible Door": "No",
            "Spin Speed (RPM)": "Max Spin, Reduced Spin, Gentle Spin, No Final Spin",
            "Temperature Settings": "Cold, Warm, Hot",
            "Voltage": "120 V",
            "Wash Cycles": "Perm Press: Hot, Warm, Cold; Cotton: Hot, Warm, Cold; Drain & Spin, Delicates, Baby Care, Comforter, Xxtra Sanitary, Jeans, Wool/Handwash, Quick Light, Quick Full",
            "Width (inches)": "27\""
        },
        "url": "abt.com//11181457"
    },
    {
        "spec": {
            "Capacity (cu. ft.)": "3.3 Cu. Ft.",
            "Color": "White",
            "Control Type": "Dial",
            "Depth (inches)": "29.7\"",
            "Depth with Door Open": "49.875\"",
            "Dispensers": "Detergent, Softner, Bleach",
            "End-Of-Cycle Signal": "Yes",
            "Height (inches)": "36.8\"",
            "Internal Water Heater": "Yes",
            "Labor Warranty": "1 Year Limited Warranty",
            "Load Type": "Front Loading",
            "Parts Warranty": "1 Year Limited Warranty",
            "Reversible Door": "No",
            "Spin Speed (RPM)": "Max Spin, Reduced Spin, Gentle Spin, No Final Spin",
            "Temperature Settings": "Cold, Warm, Hot",
            "Voltage": "120 V",
            "Wash Cycles": "Perm Press: Hot, Warm, Cold; Cotton: Hot, Warm, Cold; Drain & Spin, Delicates, Baby Care, Comforter, Xxtra Sanitary, Wool/Handwash, Quick Light, Quick Full; Dark Color Cycle",
            "Width (inches)": "27\""
        },
        "url": "abt.com//13682805"
    },
    {
        "spec": {
            "Capacity (cu. ft.)": "4.2 Cu. Ft.",
            "Color": "White",
            "Depth (inches)": "31.5625\"",
            "Internal Water Heater": "Yes",
            "Width (inches)": "27\""
        },
        "url": "abt.com//11683411"
    },
    {
        "spec": {
            "Capacity (cu. ft.)": "3.5 Cu Ft",
            "Color": "Silver",
            "Control Type": "",
            "Depth (inches)": "30.50\"",
            "Dispensers": "Yes",
            "Height (inches)": "36\"",
            "Labor Warranty": "1 Year",
            "Load Type": "Front Loading",
            "Parts Warranty": "1 Year",
            "Reversible Door": "No",
            "Spin Speed (RPM)": "Yes",
            "Wash Cycles": "12",
            "Width (inches)": "27\""
        },
        "url": "abt.com//15396074"
    },
    {
        "spec": {
            "Capacity (cu. ft.)": "7.8",
            "Color": "Metallic Carbon",
            "Control Type": "Digital and Knobs",
            "Depth (inches)": "30.31",
            "Drying Cycles": "14",
            "Fuel Type": "Electric",
            "Height (inches)": "44.5",
            "Labor Warranty": "1 Year",
            "Parts Warranty": "1 Year",
            "Reversible Door": "No",
            "Steam": "Yes",
            "Temperatures Settings": "5",
            "Voltage": "240/208 V",
            "Width (inches)": "28"
        },
        "url": "abt.com//5159521"
    },
    {
        "spec": {
            "Capacity (cu. ft.)": "4.1 cu ft",
            "Color": "Red",
            "Depth (inches)": "31.5\"",
            "End-Of-Cycle Signal": "Yes",
            "Height (inches)": "38.00\"",
            "Internal Water Heater": "Yes",
            "Labor Warranty": "1 Year",
            "Load Type": "Front Loading",
            "Parts Warranty": "1 Year",
            "Temperature Settings": "4",
            "Width (inches)": "27.00\""
        },
        "url": "abt.com//4216077"
    },
    {
        "spec": {
            "Capacity (cu. ft.)": "3.3 Cu. Ft.",
            "Color": "Anthracite",
            "Control Type": "Dial",
            "Depth (inches)": "29.75\"",
            "Depth with Door Open": "49.875\"",
            "Dispensers": "Detergent, Softner, Bleach",
            "End-Of-Cycle Signal": "Yes",
            "Height (inches)": "36.875\"",
            "Internal Water Heater": "Yes",
            "Labor Warranty": "1 Year",
            "Load Type": "Front Loading",
            "Parts Warranty": "1 Year",
            "Reversible Door": "No",
            "Spin Speed (RPM)": "Max Spin, Reduced Spin, Gentle Spin, No Final Spin",
            "Temperature Settings": "Cold, Warm, Hot",
            "Voltage": "120 V",
            "Wash Cycles": "Perm Press: Hot, Warm, Cold; Cotton: Hot, Warm, Cold; Drain & Spin, Delicates, Baby Care, Comforter, Xxtra Sanitary, Jeans, Wool/Handwash, Quick Light, Quick Full",
            "Width (inches)": "27\""
        },
        "url": "abt.com//10942771"
    },
    {
        "spec": {
            "Capacity (cu. ft.)": "4 cu ft",
            "Color": "Green",
            "Depth (inches)": "31.50\"",
            "End-Of-Cycle Signal": "Yes",
            "Height (inches)": "38.00\"",
            "Internal Water Heater": "Yes",
            "Labor Warranty": "1 Year",
            "Load Type": "Front Loading",
            "Parts Warranty": "1 Year",
            "Temperature Settings": "4",
            "Width (inches)": "27.00\""
        },
        "url": "abt.com//13536342"
    },
    {
        "spec": {
            "Capacity (cu. ft.)": "3.7 Cu. Ft.",
            "Color": "Black",
            "Depth (inches)": "30.5\"",
            "Dispensers": "Bleach, Fabric Softener",
            "Height (inches)": "36\"",
            "Internal Water Heater": "Yes",
            "Labor Warranty": "1 Year",
            "Load Type": "Front Loading",
            "Parts Warranty": "1 Year",
            "Spin Speed (RPM)": "1100 RPM",
            "Temperature Settings": "4",
            "Voltage": "120 V",
            "Wash Cycles": "10",
            "Width (inches)": "27\""
        },
        "url": "abt.com//1830424"
    },
    {
        "spec": {
            "Capacity (cu. ft.)": "2.16",
            "Color": "White",
            "Control Type": "Electric",
            "Depth (inches)": "24.77",
            "Depth with Door Open": "41.61''",
            "Dispensers": "Detergent, Bleach, Fabric Softener",
            "End-Of-Cycle Signal": "No",
            "Height (inches)": "33.19",
            "Internal Water Heater": "Yes",
            "Labor Warranty": "1 Year",
            "Load Type": "Front Loading",
            "Parts Warranty": "1 Year",
            "Reversible Door": "No",
            "Spin Speed (RPM)": "1000",
            "Steam": "No",
            "Temperature Settings": "5",
            "Voltage": "240 V",
            "Wash Cycles": "7",
            "Width (inches)": "24"
        },
        "url": "abt.com//910600"
    },
    {
        "spec": {
            "Capacity (cu. ft.)": "4.2 Cu. Ft.",
            "Color": "White",
            "Depth (inches)": "31.5625\"",
            "Internal Water Heater": "Yes",
            "Width (inches)": "27\""
        },
        "url": "abt.com//4129883"
    },
    {
        "spec": {
            "Capacity (cu. ft.)": "7.2 Cu. Ft.",
            "Color": "Oxide Grey",
            "Depth (inches)": "32.56\"",
            "Drying Cycles": "9",
            "Height (inches)": "38\"",
            "Labor Warranty": "1 Year",
            "Parts Warranty": "1 Year",
            "Reversible Door": "Yes",
            "Temperatures Settings": "5",
            "Width (inches)": "27\""
        },
        "url": "abt.com//3364648"
    },
    {
        "spec": {
            "Capacity (cu. ft.)": "6.7",
            "Color": "White",
            "Control Type": "Electronic Front Control",
            "Depth (inches)": "29",
            "Drying Cycles": "9",
            "Fuel Type": "Gas",
            "Height (inches)": "36",
            "Labor Warranty": "1 Year",
            "Parts Warranty": "1 Year",
            "Reversible Door": "Yes",
            "Temperatures Settings": "5",
            "Voltage": "240 V",
            "Width (inches)": "27"
        },
        "url": "abt.com//16154827"
    },
    {
        "spec": {
            "Capacity (cu. ft.)": "3.9",
            "Color": "White",
            "Control Type": "Electronic",
            "Depth (inches)": "32",
            "Dispensers": "Detergent, bleach and fabric softener",
            "End-Of-Cycle Signal": "Yes",
            "Height (inches)": "38",
            "Internal Water Heater": "Yes",
            "Labor Warranty": "1 Year",
            "Load Type": "Front Loading",
            "Parts Warranty": "1 Year",
            "Reversible Door": "No",
            "Temperature Settings": "5",
            "Voltage": "120 V",
            "Wash Cycles": "10",
            "Width (inches)": "27"
        },
        "url": "abt.com//16617562"
    },
    {
        "spec": {
            "ADA Compliant": "Yes",
            "Capacity (cu. ft.)": "4",
            "Color": "White",
            "Control Type": "Digital and Knobs",
            "Depth (inches)": "25",
            "Drying Cycles": "7",
            "Fuel Type": "Electric",
            "Height (inches)": "33.25",
            "Labor Warranty": "1 Year",
            "Parts Warranty": "1 Year",
            "Reversible Door": "Yes",
            "Steam": "No",
            "Temperatures Settings": "4",
            "Voltage": "240/208 V",
            "Width (inches)": "23.5"
        },
        "url": "abt.com//6826169"
    },
    {
        "spec": {
            "Capacity (cu. ft.)": "3.9",
            "Color": "White",
            "Control Type": "Electronic",
            "Depth (inches)": "32",
            "Dispensers": "Detergent, bleach and fabric softener",
            "End-Of-Cycle Signal": "Yes",
            "Height (inches)": "38",
            "Internal Water Heater": "Yes",
            "Labor Warranty": "1 Year",
            "Load Type": "Front Loading",
            "Parts Warranty": "1 Year",
            "Reversible Door": "No",
            "Temperature Settings": "5",
            "Voltage": "120 V",
            "Wash Cycles": "10",
            "Width (inches)": "27"
        },
        "url": "abt.com//2837024"
    },
    {
        "spec": {
            "Capacity (cu. ft.)": "1.9",
            "Color": "White",
            "Control Type": "Electronic",
            "Depth (inches)": "23.25",
            "Depth with Door Open": "41.63",
            "Dispensers": "Detergent, Bleach, Fabric Softener",
            "End-Of-Cycle Signal": "Yes",
            "Height (inches)": "33.19",
            "Internal Water Heater": "Yes",
            "Labor Warranty": "1 Year",
            "Load Type": "Front Loading",
            "Parts Warranty": "1 Year",
            "Reversible Door": "No",
            "Spin Speed (RPM)": "1000",
            "Steam": "No",
            "Temperature Settings": "5",
            "Voltage": "208-240V",
            "Wash Cycles": "15",
            "Width (inches)": "24"
        },
        "url": "abt.com//5675598"
    },
    {
        "spec": {
            "Capacity (cu. ft.)": "3.7 Cu. Ft.",
            "Color": "Black",
            "Control Type": "Rotary-Mechanical",
            "Depth (inches)": "31\"",
            "Dispensers": "Prewash, Detergent, Bleach, Fabric Softener",
            "End-Of-Cycle Signal": "Yes",
            "Height (inches)": "36\"",
            "Internal Water Heater": "No",
            "Labor Warranty": "1 Year",
            "Load Type": "Front Loading",
            "Parts Warranty": "1 Year",
            "Reversible Door": "No",
            "Temperature Settings": "8",
            "Voltage": "120 V",
            "Wash Cycles": "10",
            "Width (inches)": "27\""
        },
        "url": "abt.com//4463747"
    },
    {
        "spec": {
            "Capacity (cu. ft.)": "4 Cu. Ft.",
            "Color": "Champagne/White Duo Tone",
            "Depth (inches)": "31.56\"",
            "Height (inches)": "36.94\"",
            "Internal Water Heater": "Yes",
            "Labor Warranty": "1 Year",
            "Load Type": "Front Loading",
            "Parts Warranty": "1 Year",
            "Spin Speed (RPM)": "1100 RPM",
            "Voltage": "120 V",
            "Width (inches)": "27.00\""
        },
        "url": "abt.com//400478"
    },
    {
        "spec": {
            "Capacity (cu. ft.)": "4.5 Cu. Ft.",
            "Color": "Oxide",
            "Depth (inches)": "32\"",
            "Dispensers": "Yes",
            "End-Of-Cycle Signal": "Yes",
            "Height (inches)": "38\"",
            "Internal Water Heater": "1,000 Watt Built-In Water Heater",
            "Labor Warranty": "1 Year",
            "Parts Warranty": "1 Year",
            "Reversible Door": "No",
            "Spin Speed (RPM)": "1300rpm",
            "Temperature Settings": "4",
            "Voltage": "120 V",
            "Wash Cycles": "10 Automatic Wash Cycles",
            "Width (inches)": "27\""
        },
        "url": "abt.com//10556505"
    },
    {
        "spec": {
            "Capacity (cu. ft.)": "4.4 cu ft",
            "Color": "White",
            "Depth (inches)": "32.56\"",
            "Internal Water Heater": "Yes",
            "Width (inches)": "27in"
        },
        "url": "abt.com//12613872"
    },
    {
        "spec": {
            "Capacity (cu. ft.)": "3.9 Cu. Ft.",
            "Color": "Onix",
            "Depth (inches)": "32\"",
            "End-Of-Cycle Signal": "Yes",
            "Height (inches)": "38\"",
            "Internal Water Heater": "Yes",
            "Labor Warranty": "1 Year",
            "Load Type": "Front Loading",
            "Parts Warranty": "1 Year",
            "Temperature Settings": "4",
            "Voltage": "120V",
            "Width (inches)": "27\""
        },
        "url": "abt.com//13301227"
    },
    {
        "spec": {
            "Capacity (cu. ft.)": "4.3 Cu. Ft.",
            "Color": "White",
            "Control Type": "Rotary-Electric",
            "Depth (inches)": "32\"",
            "Dispensers": "Yes",
            "End-Of-Cycle Signal": "Yes",
            "Height (inches)": "38\"",
            "Internal Water Heater": "Yes",
            "Labor Warranty": "1 Year",
            "Load Type": "Front",
            "Parts Warranty": "1 Year",
            "Reversible Door": "No",
            "Temperature Settings": "4",
            "Voltage": "120 V",
            "Wash Cycles": "11",
            "Width (inches)": "27\""
        },
        "url": "abt.com//17333958"
    },
    {
        "spec": {
            "Capacity (cu. ft.)": "4.2 Cu. Ft.",
            "Color": "Silver",
            "Depth (inches)": "31.56\"",
            "Height (inches)": "36.94\"",
            "Internal Water Heater": "Yes",
            "Labor Warranty": "2 Years",
            "Load Type": "Front Loading",
            "Parts Warranty": "2 Years",
            "Spin Speed (RPM)": "1100 RPM",
            "Width (inches)": "27.00\""
        },
        "url": "abt.com//6679167"
    },
    {
        "spec": {
            "Capacity (cu. ft.)": "2.16",
            "Color": "White",
            "Control Type": "Electric",
            "Depth (inches)": "24.5",
            "Depth with Door Open": "41.61''",
            "Dispensers": "Detergent, Bleach, Fabric Softener",
            "End-Of-Cycle Signal": "No",
            "Height (inches)": "33.19",
            "Internal Water Heater": "Yes",
            "Labor Warranty": "1 Year",
            "Load Type": "Front Loading",
            "Parts Warranty": "1 Year",
            "Reversible Door": "No",
            "Spin Speed (RPM)": "1000",
            "Steam": "No",
            "Temperature Settings": "5",
            "Voltage": "240 V",
            "Wash Cycles": "7",
            "Width (inches)": "24"
        },
        "url": "abt.com//16426907"
    },
    {
        "spec": {
            "Capacity (cu. ft.)": "3.5 Cu Ft",
            "Color": "Silver",
            "Control Type": "",
            "Depth (inches)": "30.50\"",
            "Dispensers": "Yes",
            "Height (inches)": "36\"",
            "Labor Warranty": "1 Year",
            "Load Type": "Front Loading",
            "Parts Warranty": "1 Year",
            "Reversible Door": "No",
            "Spin Speed (RPM)": "Yes",
            "Wash Cycles": "12",
            "Width (inches)": "27\""
        },
        "url": "abt.com//946712"
    },
    {
        "spec": {
            "ADA Compliant": "No",
            "Depth (inches)": "21.5",
            "Fuel Type": "Gas",
            "Height (inches)": "18.44",
            "Labor Warranty": "1 Year",
            "Parts Warranty": "1 Year",
            "Voltage": "120 V",
            "Width (inches)": "30"
        },
        "url": "abt.com//10403686"
    },
    {
        "spec": {
            "Capacity (cu. ft.)": "3.5 Cu Ft",
            "Color": "Granite",
            "Control Type": "Electronic",
            "Depth (inches)": "30.50\"",
            "Dispensers": "Yes",
            "Height (inches)": "36\"",
            "Labor Warranty": "1 Year",
            "Load Type": "Front Loading",
            "Parts Warranty": "1 Year",
            "Reversible Door": "No",
            "Spin Speed (RPM)": "Yes",
            "Temperature Settings": "4",
            "Wash Cycles": "13",
            "Width (inches)": "27\""
        },
        "url": "abt.com//12046242"
    },
    {
        "spec": {
            "Depth (inches)": "25",
            "Height (inches)": "29",
            "Installation": "Stationary",
            "Warranty": "5 Year Limited",
            "Width (inches)": "48"
        },
        "url": "abt.com//3722818"
    },
    {
        "spec": {
            "Capacity (cu. ft.)": "3.9 Cu. Ft.",
            "Color": "Onix",
            "Depth (inches)": "32\"",
            "End-Of-Cycle Signal": "Yes",
            "Height (inches)": "38\"",
            "Internal Water Heater": "Yes",
            "Labor Warranty": "1 Year",
            "Load Type": "Front Loading",
            "Parts Warranty": "1 Year",
            "Temperature Settings": "4",
            "Voltage": "120V",
            "Width (inches)": "27\""
        },
        "url": "abt.com//5666723"
    },
    {
        "spec": {
            "Capacity (cu. ft.)": "4 Cu. Ft.",
            "Color": "Silver",
            "Depth (inches)": "31.56\"",
            "Height (inches)": "36.94\"",
            "Internal Water Heater": "Yes",
            "Load Type": "Front Loading",
            "Spin Speed (RPM)": "1100 RPM",
            "Voltage": "120 V",
            "Width (inches)": "27.00\""
        },
        "url": "abt.com//6131103"
    },
    {
        "spec": {
            "Capacity (cu. ft.)": "4.2 Cu. Ft.",
            "Color": "White with Silver",
            "Depth (inches)": "31.56\"",
            "Height (inches)": "36.94\"",
            "Internal Water Heater": "Yes",
            "Labor Warranty": "2 Years",
            "Load Type": "Front Loading",
            "Parts Warranty": "2 Years",
            "Spin Speed (RPM)": "1200 RPM",
            "Width (inches)": "27.00\""
        },
        "url": "abt.com//7563649"
    },
    {
        "spec": {
            "Capacity (cu. ft.)": "7.0 Cu. Ft.",
            "Color": "Red",
            "Depth (inches)": "31.50\"",
            "Drying Cycles": "7",
            "Height (inches)": "38.00\"",
            "Labor Warranty": "1 Year",
            "Parts Warranty": "1 Year",
            "Reversible Door": "Yes",
            "Temperatures Settings": "5",
            "Width (inches)": "27.00\""
        },
        "url": "abt.com//825447"
    },
    {
        "spec": {
            "Capacity (cu. ft.)": "3.3 Cu. Ft.",
            "Color": "White",
            "Control Type": "Dial",
            "Depth (inches)": "29.75",
            "Dispensers": "Detergent, Softner, Bleach",
            "End-Of-Cycle Signal": "Yes",
            "Height (inches)": "36.875",
            "Internal Water Heater": "Yes",
            "Labor Warranty": "1 Year Limited Warranty",
            "Load Type": "Front Loading",
            "Parts Warranty": "1 Year Limited Warranty",
            "Reversible Door": "No",
            "Spin Speed (RPM)": "Max Spin, Reduced Spin, Gentle Spin, No Final Spin",
            "Temperature Settings": "Cold, Warm, Hot",
            "Voltage": "120 V",
            "Wash Cycles": "Perm Press: Hot, Warm, Cold; Cotton: Hot, Warm, Cold; Rinse Plus Option, XxtraSanitary Cycle, Baby Care Cycle, Drain & Spin, Delicates",
            "Width (inches)": "27"
        },
        "url": "abt.com//5204383"
    },
    {
        "spec": {
            "Capacity (cu. ft.)": "4.9 Cu. Ft.",
            "Color": "Vermilion Red",
            "Control Type": "Rotary - Electronic",
            "Depth (inches)": "34\"",
            "Dispensers": "Bleach, Fabric Softener",
            "End-Of-Cycle Signal": "Yes",
            "Height (inches)": "40.5\"",
            "Internal Water Heater": "No",
            "Labor Warranty": "1 Year",
            "Load Type": "Front",
            "Parts Warranty": "1 Year",
            "Reversible Door": "Yes",
            "Voltage": "120 V",
            "Wash Cycles": "11",
            "Width (inches)": "27\""
        },
        "url": "abt.com//6742826"
    },
    {
        "spec": {
            "Capacity (cu. ft.)": "4.3",
            "Color": "Granite",
            "Control Type": "Digital, Knobs",
            "Depth (inches)": "32",
            "Depth with Door Open": "51",
            "Dispensers": "Bleach, Detergent, Fabric Softener",
            "End-Of-Cycle Signal": "Yes",
            "Height (inches)": "38",
            "Internal Water Heater": "Yes",
            "Labor Warranty": "1 Year",
            "Load Type": "Front Loading",
            "Parts Warranty": "1 Year",
            "Reversible Door": "No",
            "Spin Speed (RPM)": "1400",
            "Steam": "No",
            "Temperature Settings": "4",
            "Voltage": "120 V",
            "Wash Cycles": "11",
            "Width (inches)": "27"
        },
        "url": "abt.com//7200899"
    },
    {
        "spec": {
            "Capacity (cu. ft.)": "7.0 cu ft",
            "Color": "Green",
            "Depth (inches)": "31.50\"",
            "Drying Cycles": "9",
            "Height (inches)": "38.00\"",
            "Labor Warranty": "1 Year",
            "Parts Warranty": "1 Year",
            "Reversible Door": "Yes",
            "Temperatures Settings": "5",
            "Width (inches)": "27.00\""
        },
        "url": "abt.com//15287005"
    },
    {
        "spec": {
            "Capacity (cu. ft.)": "7. cu.ft.",
            "Color": "White",
            "Control Type": "Rotary Electric",
            "Depth (inches)": "31.5\"",
            "Drying Cycles": "9",
            "Fuel Type": "Electric",
            "Height (inches)": "38\"",
            "Labor Warranty": "1 Year",
            "Parts Warranty": "1 Year",
            "Reversible Door": "Yes",
            "Temperatures Settings": "5",
            "Voltage": "220 V",
            "Width (inches)": "27\""
        },
        "url": "abt.com//9301698"
    },
    {
        "spec": {
            "Capacity (cu. ft.)": "3.5 Cu. Ft.",
            "Color": "White",
            "Control Type": "Rotary-Electric",
            "Depth (inches)": "30.5\"",
            "Dispensers": "Detergent, Bleach, Fabric Softener",
            "End-Of-Cycle Signal": "No",
            "Height (inches)": "36\"",
            "Internal Water Heater": "No",
            "Labor Warranty": "1 Year",
            "Load Type": "Front",
            "Parts Warranty": "1 Year",
            "Reversible Door": "No",
            "Temperature Settings": "3",
            "Voltage": "120 V",
            "Wash Cycles": "12",
            "Width (inches)": "27\""
        },
        "url": "abt.com//16054737"
    },
    {
        "spec": {
            "Capacity (cu. ft.)": "1.9",
            "Color": "White",
            "Control Type": "Electronic",
            "Depth (inches)": "23.25",
            "Depth with Door Open": "41.63",
            "Dispensers": "Detergent, Bleach, Fabric Softener",
            "End-Of-Cycle Signal": "Yes",
            "Height (inches)": "33.19",
            "Internal Water Heater": "Yes",
            "Labor Warranty": "1 Year",
            "Load Type": "Front Loading",
            "Parts Warranty": "1 Year",
            "Reversible Door": "No",
            "Spin Speed (RPM)": "1000",
            "Steam": "No",
            "Temperature Settings": "5",
            "Voltage": "208-240V",
            "Wash Cycles": "15",
            "Width (inches)": "24"
        },
        "url": "abt.com//3047552"
    },
    {
        "spec": {
            "Capacity (cu. ft.)": "4.3",
            "Color": "White",
            "Control Type": "Rotary-Electric",
            "Depth (inches)": "32",
            "Dispensers": "Yes",
            "End-Of-Cycle Signal": "Yes",
            "Height (inches)": "38",
            "Internal Water Heater": "Yes",
            "Labor Warranty": "1 Year",
            "Load Type": "Front Loading",
            "Parts Warranty": "1 Year",
            "Reversible Door": "No",
            "Temperature Settings": "4",
            "Voltage": "120 V",
            "Wash Cycles": "12",
            "Width (inches)": "27"
        },
        "url": "abt.com//7568535"
    },
    {
        "spec": {
            "Capacity (cu. ft.)": "7.0",
            "Color": "White",
            "Control Type": "Rotary Electric",
            "Depth (inches)": "31.5",
            "Drying Cycles": "9",
            "Fuel Type": "Gas",
            "Height (inches)": "38",
            "Labor Warranty": "1 Year",
            "Parts Warranty": "1 Year",
            "Reversible Door": "Yes",
            "Steam": "No",
            "Temperatures Settings": "5",
            "Voltage": "120 V",
            "Width (inches)": "27"
        },
        "url": "abt.com//8128099"
    },
    {
        "spec": {
            "Capacity (cu. ft.)": "7.0",
            "Color": "White",
            "Control Type": "Rotary Electric",
            "Depth (inches)": "31.5",
            "Drying Cycles": "9",
            "Fuel Type": "Gas",
            "Height (inches)": "38",
            "Labor Warranty": "1 Year",
            "Parts Warranty": "1 Year",
            "Reversible Door": "Yes",
            "Steam": "No",
            "Temperatures Settings": "5",
            "Voltage": "120 V",
            "Width (inches)": "27"
        },
        "url": "abt.com//3775115"
    },
    {
        "spec": {
            "Capacity (cu. ft.)": "4 cu ft",
            "Color": "White",
            "Depth (inches)": "31.50\"",
            "End-Of-Cycle Signal": "Yes",
            "Height (inches)": "38.00\"",
            "Internal Water Heater": "Yes",
            "Labor Warranty": "1 Year",
            "Load Type": "Front Loading",
            "Parts Warranty": "1 Year",
            "Temperature Settings": "4",
            "Width (inches)": "27.00\""
        },
        "url": "abt.com//14381404"
    },
    {
        "spec": {
            "Depth (inches)": "8",
            "Height (inches)": "6",
            "Installation": "Accessory",
            "Warranty": "90 Days",
            "Width (inches)": "12"
        },
        "url": "abt.com//14531790"
    },
    {
        "spec": {
            "Capacity (cu. ft.)": "4 Cu. Ft.",
            "Color": "White",
            "Control Type": "Electronic",
            "Depth (inches)": "31.56\"",
            "Height (inches)": "37.00\"",
            "Internal Water Heater": "Yes",
            "Labor Warranty": "1 Year",
            "Load Type": "Front Loading",
            "Parts Warranty": "1 Year",
            "Spin Speed (RPM)": "1150 RPM",
            "Voltage": "120 V",
            "Width (inches)": "27.00\""
        },
        "url": "abt.com//12176402"
    },
    {
        "spec": {
            "Capacity (cu. ft.)": "2.3",
            "Color": "White",
            "Control Type": "Digital",
            "Depth (inches)": "22.5",
            "Dispensers": "Bleach, Fabric Softener",
            "End-Of-Cycle Signal": "No",
            "Height (inches)": "34.13",
            "Internal Water Heater": "Yes",
            "Labor Warranty": "1 Year",
            "Load Type": "Front Loading",
            "Parts Warranty": "1 Year",
            "Reversible Door": "No",
            "Spin Speed (RPM)": "1300",
            "Steam": "No",
            "Temperature Settings": "6",
            "Voltage": "110 V",
            "Wash Cycles": "11",
            "Width (inches)": "24"
        },
        "url": "abt.com//13563329"
    },
    {
        "spec": {
            "Capacity (cu. ft.)": "3.3 Cu. Ft.",
            "Color": "White",
            "Control Type": "Dial",
            "Depth (inches)": "29.75\"",
            "Depth with Door Open": "49.875\"",
            "Dispensers": "Detergent, Softner, Bleach",
            "End-Of-Cycle Signal": "Yes",
            "Height (inches)": "36.875\"",
            "Internal Water Heater": "Yes",
            "Labor Warranty": "1 Year Limited Warranty",
            "Load Type": "Front Loading",
            "Parts Warranty": "1 Year Limited Warranty",
            "Reversible Door": "No",
            "Spin Speed (RPM)": "Max Spin, Reduced Spin, Gentle Spin, No Final Spin",
            "Temperature Settings": "Cold, Warm, Hot",
            "Voltage": "120 V",
            "Wash Cycles": "Perm Press: Hot, Warm, Cold; Cotton: Hot, Warm, Cold; Drain & Spin, Delicates, Baby Care, Comforter, Xxtra Sanitary, Jeans, Wool/Handwash, Quick Light, Quick Full",
            "Width (inches)": "27\""
        },
        "url": "abt.com//14099564"
    },
    {
        "spec": {
            "Depth (inches)": "4",
            "Height (inches)": "8",
            "Installation": "Accessory",
            "Warranty": "90 Days",
            "Width (inches)": "8"
        },
        "url": "abt.com//8241038"
    },
    {
        "spec": {
            "Capacity (cu. ft.)": "2.16",
            "Color": "White",
            "Control Type": "Electric",
            "Depth (inches)": "24.5",
            "Depth with Door Open": "41.61''",
            "Dispensers": "Detergent, Bleach, Fabric Softener",
            "End-Of-Cycle Signal": "No",
            "Height (inches)": "33.19",
            "Internal Water Heater": "Yes",
            "Labor Warranty": "1 Year",
            "Load Type": "Front Loading",
            "Parts Warranty": "1 Year",
            "Reversible Door": "No",
            "Spin Speed (RPM)": "1000",
            "Steam": "No",
            "Temperature Settings": "5",
            "Voltage": "240 V",
            "Wash Cycles": "7",
            "Width (inches)": "24"
        },
        "url": "abt.com//12906702"
    },
    {
        "spec": {
            "Capacity (cu. ft.)": "3.3 Cu. Ft.",
            "Color": "Silver",
            "Control Type": "Dial",
            "Depth (inches)": "29.75\"",
            "Dispensers": "Detergent, Softner, Bleach",
            "End-Of-Cycle Signal": "Yes",
            "Height (inches)": "36.875\"",
            "Internal Water Heater": "Yes",
            "Labor Warranty": "1 Year Limited Warranty",
            "Load Type": "Front Loading",
            "Parts Warranty": "1 Year Limited Warranty",
            "Reversible Door": "No",
            "Spin Speed (RPM)": "Max Spin, Reduced Spin, Gentle Spin, No Final Spin",
            "Temperature Settings": "Cold, Warm, Hot",
            "Voltage": "120 V",
            "Wash Cycles": "Perm Press: Hot, Warm, Cold; Cotton: Hot, Warm, Cold; Drain & Spin, Delicates, Baby Care, Comforter, Xxtra Sanitary, Jeans, Wool/Handwash, Quick Light, Quick Full",
            "Width (inches)": "27\""
        },
        "url": "abt.com//12525193"
    },
    {
        "spec": {
            "Depth (inches)": "48\"",
            "Height (inches)": "29\"",
            "Installation": "Stationary",
            "Warranty": "3 Years Parts and Labor",
            "Width (inches)": "25\""
        },
        "url": "abt.com//14995973"
    },
    {
        "spec": {
            "Capacity (cu. ft.)": "4 cu ft",
            "Color": "Green",
            "Depth (inches)": "31.50\"",
            "End-Of-Cycle Signal": "Yes",
            "Height (inches)": "38.00\"",
            "Internal Water Heater": "Yes",
            "Labor Warranty": "1 Year",
            "Load Type": "Front Loading",
            "Parts Warranty": "1 Year",
            "Temperature Settings": "4",
            "Width (inches)": "27.00\""
        },
        "url": "abt.com//17089998"
    },
    {
        "spec": {
            "Capacity (cu. ft.)": "7. cu.ft.",
            "Color": "White",
            "Control Type": "Rotary Electric",
            "Depth (inches)": "31.5\"",
            "Drying Cycles": "9",
            "Fuel Type": "Electric",
            "Height (inches)": "38\"",
            "Labor Warranty": "1 Year",
            "Parts Warranty": "1 Year",
            "Reversible Door": "Yes",
            "Temperatures Settings": "5",
            "Voltage": "220 V",
            "Width (inches)": "27\""
        },
        "url": "abt.com//7655277"
    },
    {
        "spec": {
            "Capacity (cu. ft.)": "4.5 Cu. Ft.",
            "Color": "White",
            "Depth (inches)": "32\"",
            "End-Of-Cycle Signal": "Yes",
            "Height (inches)": "38\"",
            "Internal Water Heater": "Yes",
            "Labor Warranty": "1 Year",
            "Load Type": "Front Loading",
            "Parts Warranty": "1 Year",
            "Temperature Settings": "4",
            "Voltage": "120V",
            "Wash Cycles": "10",
            "Width (inches)": "27\""
        },
        "url": "abt.com//10397938"
    },
    {
        "spec": {
            "Capacity (cu. ft.)": "5.0 Cu. Ft.",
            "Color": "Cosmetallic",
            "Depth (inches)": "32\"",
            "Dispensers": "Yes",
            "End-Of-Cycle Signal": "Yes",
            "Height (inches)": "38\"",
            "Internal Water Heater": "1,000 Watt Built-In Water Heater",
            "Labor Warranty": "1 Year",
            "Load Type": "Front Loading",
            "Parts Warranty": "1 Year",
            "Reversible Door": "No",
            "Spin Speed (RPM)": "1400rpm",
            "Temperature Settings": "4",
            "Voltage": "120 V",
            "Wash Cycles": "11 Automatic Wash Cycles",
            "Width (inches)": "27\""
        },
        "url": "abt.com//4354916"
    },
    {
        "spec": {
            "Capacity (cu. ft.)": "2.16",
            "Color": "White",
            "Control Type": "Electric",
            "Depth (inches)": "24.77",
            "Depth with Door Open": "41.61''",
            "Dispensers": "Detergent, Bleach, Fabric Softener",
            "End-Of-Cycle Signal": "No",
            "Height (inches)": "33.19",
            "Internal Water Heater": "Yes",
            "Labor Warranty": "1 Year",
            "Load Type": "Front Loading",
            "Parts Warranty": "1 Year",
            "Reversible Door": "No",
            "Spin Speed (RPM)": "1000",
            "Steam": "No",
            "Temperature Settings": "5",
            "Voltage": "240 V",
            "Wash Cycles": "7",
            "Width (inches)": "24"
        },
        "url": "abt.com//9168025"
    },
    {
        "spec": {
            "Capacity (cu. ft.)": "6.7 cu.ft.",
            "Color": "White",
            "Control Type": "Electronic Front Control",
            "Depth (inches)": "29\"",
            "Drying Cycles": "9",
            "Fuel Type": "Electric",
            "Height (inches)": "36\"",
            "Labor Warranty": "1 Year",
            "Parts Warranty": "1 Year",
            "Reversible Door": "Yes",
            "Temperatures Settings": "5",
            "Voltage": "220 V",
            "Width (inches)": "27\""
        },
        "url": "abt.com//11735140"
    },
    {
        "spec": {
            "Capacity (cu. ft.)": "3.9 Cu. Ft.",
            "Color": "White",
            "Control Type": "Rotary-Electric",
            "Depth (inches)": "32\"",
            "Dispensers": "Detergent, Bleach, Fabric Softener",
            "End-Of-Cycle Signal": "Yes",
            "Height (inches)": "38\"",
            "Internal Water Heater": "Yes",
            "Labor Warranty": "1 Year",
            "Load Type": "Front",
            "Parts Warranty": "1 Year",
            "Reversible Door": "No",
            "Temperature Settings": "4",
            "Voltage": "120 V",
            "Wash Cycles": "20",
            "Width (inches)": "27\""
        },
        "url": "abt.com//12542027"
    },
    {
        "spec": {
            "Depth (inches)": "8",
            "Height (inches)": "6",
            "Installation": "Accessory",
            "Warranty": "90 Days",
            "Width (inches)": "12"
        },
        "url": "abt.com//2030162"
    },
    {
        "spec": {
            "ADA Compliant": "No",
            "Capacity (cu. ft.)": "7.2",
            "Color": "White",
            "Control Type": "Knobs",
            "Depth (inches)": "29.5",
            "Drying Cycles": "4",
            "Fuel Type": "Electric",
            "Height (inches)": "44",
            "Labor Warranty": "1 Year",
            "Parts Warranty": "1 Year",
            "Reversible Door": "Yes",
            "Steam": "No",
            "Temperatures Settings": "4",
            "Voltage": "240 V",
            "Width (inches)": "27"
        },
        "url": "abt.com//13440436"
    },
    {
        "spec": {
            "Capacity (cu. ft.)": "4 Cu. Ft.",
            "Color": "Silver and White",
            "Depth (inches)": "31.56\"",
            "Height (inches)": "36.94\"",
            "Internal Water Heater": "Yes",
            "Labor Warranty": "2 Years",
            "Load Type": "Front Loading",
            "Parts Warranty": "2 Years",
            "Spin Speed (RPM)": "1200 RPM",
            "Voltage": "120 V",
            "Width (inches)": "27.00\""
        },
        "url": "abt.com//9796515"
    },
    {
        "spec": {
            "Capacity (cu. ft.)": "7.4",
            "Color": "White",
            "Control Type": "Knobs",
            "Depth (inches)": "31",
            "Drying Cycles": "6",
            "Fuel Type": "Gas",
            "Height (inches)": "39",
            "Labor Warranty": "1 Year",
            "Parts Warranty": "1 Year",
            "Reversible Door": "Yes",
            "Steam": "Yes",
            "Temperatures Settings": "3",
            "Voltage": "120 V",
            "Width (inches)": "27"
        },
        "url": "abt.com//6113344"
    },
    {
        "spec": {
            "Capacity (cu. ft.)": "6.7",
            "Color": "White",
            "Control Type": "Electronic Front Control",
            "Depth (inches)": "29",
            "Drying Cycles": "9",
            "Fuel Type": "Gas",
            "Height (inches)": "36",
            "Labor Warranty": "1 Year",
            "Parts Warranty": "1 Year",
            "Reversible Door": "Yes",
            "Temperatures Settings": "5",
            "Voltage": "240 V",
            "Width (inches)": "27"
        },
        "url": "abt.com//14479751"
    }
]