{
    "1000089": [
        "abt.com//10858125"
    ],
    "10034502": [
        "abt.com//10142419",
        "abt.com//10668723"
    ],
    "10039587": [
        "abt.com//1374291",
        "abt.com//8852326"
    ],
    "10053533": [
        "abt.com//10381437",
        "abt.com//5983126"
    ],
    "11187057": [
        "abt.com//11314068",
        "abt.com//16252445"
    ],
    "11187102": [
        "abt.com//11595251",
        "abt.com//9855158"
    ],
    "11187161": [
        "abt.com//16008607",
        "abt.com//4966341"
    ],
    "11630463": [
        "abt.com//4020113",
        "abt.com//6754996"
    ],
    "11939688": [
        "abt.com//7298807",
        "abt.com//7728558"
    ],
    "12218773": [
        "abt.com//17164656",
        "abt.com//17257384"
    ],
    "12220045": [
        "abt.com//2773126",
        "abt.com//6187229"
    ],
    "12220669": [
        "abt.com//10026581",
        "abt.com//9281448"
    ],
    "12581369": [
        "abt.com//3564057",
        "abt.com//4396428"
    ],
    "12594416": [
        "abt.com//15033526",
        "abt.com//9176482"
    ],
    "12606558": [
        "abt.com//1230978",
        "abt.com//15546477"
    ],
    "12607666": [
        "abt.com//1001153",
        "abt.com//4202538"
    ],
    "12608662": [
        "abt.com//11950017",
        "abt.com//1595318"
    ],
    "12608671": [
        "abt.com//15422011",
        "abt.com//1817135"
    ],
    "12610361": [
        "abt.com//614867",
        "abt.com//7638683"
    ],
    "12629200": [
        "abt.com//5387077",
        "abt.com//6140946"
    ],
    "12640932": [
        "abt.com//16468858",
        "abt.com//4223173"
    ],
    "13247432": [
        "abt.com//6160136",
        "abt.com//8973019"
    ],
    "13288232": [
        "abt.com//10637187",
        "abt.com//12671958"
    ],
    "13531464": [
        "abt.com//13480118",
        "abt.com//9122747"
    ],
    "13555210": [
        "abt.com//6268094",
        "abt.com//6917555"
    ],
    "13717015": [
        "abt.com//3797664",
        "abt.com//8856901"
    ],
    "14058533": [
        "abt.com//2390359",
        "abt.com//2842898"
    ],
    "14059370": [
        "abt.com//6879272",
        "abt.com//843520"
    ],
    "14059607": [
        "abt.com//3932051"
    ],
    "1463302": [
        "abt.com//16568152"
    ],
    "16070730": [
        "abt.com//7551854",
        "abt.com//9638637"
    ],
    "1647177": [
        "abt.com//6918139"
    ],
    "1674587": [
        "abt.com//2577682"
    ],
    "2553362": [
        "abt.com//2294542",
        "abt.com//4996910"
    ],
    "2553376": [
        "abt.com//11450782",
        "abt.com//2894103"
    ],
    "2553443": [
        "abt.com//10787512",
        "abt.com//7060374"
    ],
    "377313": [
        "abt.com//5384733"
    ],
    "377391": [
        "abt.com//8053582"
    ],
    "4546416": [
        "abt.com//10707206",
        "abt.com//15164723",
        "abt.com//16100516"
    ],
    "4609147": [
        "abt.com//15103368",
        "abt.com//4453925"
    ],
    "5092584": [
        "abt.com//14147953",
        "abt.com//6560113"
    ],
    "5268043": [
        "abt.com//16002716",
        "abt.com//6482845"
    ],
    "5342617": [
        "abt.com//10963164",
        "abt.com//12420001"
    ],
    "5342965": [
        "abt.com//12633008",
        "abt.com//8254349"
    ],
    "5343339": [
        "abt.com//11282324",
        "abt.com//15878301"
    ],
    "536799": [
        "abt.com//2585241"
    ],
    "576813": [
        "abt.com//11429637",
        "abt.com//8571754"
    ],
    "6622310": [
        "abt.com//13091100",
        "abt.com//1893728"
    ],
    "7106309": [
        "abt.com//14845400",
        "abt.com//9615023"
    ],
    "8134006": [
        "abt.com//12797333",
        "abt.com//14312864"
    ],
    "8134019": [
        "abt.com//10693905",
        "abt.com//7942915"
    ],
    "8326301": [
        "abt.com//11509132",
        "abt.com//16547472"
    ],
    "838593": [
        "abt.com//3530438"
    ],
    "9455516": [
        "abt.com//16136045",
        "abt.com//2638986"
    ],
    "9820010": [
        "abt.com//4556049",
        "abt.com//6389802"
    ],
    "9988638": [
        "abt.com//16347691",
        "abt.com//3315983"
    ]
}