{
    "1000089": [
        "abt.com//10858125"
    ],
    "10034502": [
        "abt.com//10142419",
        "abt.com//10668723"
    ],
    "10038266": [
        "abt.com//13018363"
    ],
    "10039587": [
        "abt.com//1374291",
        "abt.com//8852326"
    ],
    "10039612": [
        "abt.com//16021890"
    ],
    "10053533": [
        "abt.com//10381437",
        "abt.com//5983126"
    ],
    "10082397": [
        "abt.com//10257925"
    ],
    "10228652": [
        "abt.com//48902"
    ],
    "10228724": [
        "abt.com//8006976"
    ],
    "10228753": [
        "abt.com//11466481"
    ],
    "10229938": [
        "abt.com//15778138"
    ],
    "10230263": [
        "abt.com//14755256"
    ],
    "10433513": [
        "abt.com//15523676"
    ],
    "10433556": [
        "abt.com//14254183"
    ],
    "10433782": [
        "abt.com//4049018"
    ],
    "10590067": [
        "abt.com//7968408"
    ],
    "10590336": [
        "abt.com//2247528"
    ],
    "10661290": [
        "abt.com//5951920"
    ],
    "10664116": [
        "abt.com//712571"
    ],
    "10678681": [
        "abt.com//9556197"
    ],
    "10693641": [
        "abt.com//16205866"
    ],
    "10718014": [
        "abt.com//174917"
    ],
    "10740592": [
        "abt.com//1564190"
    ],
    "10767707": [
        "abt.com//9558097"
    ],
    "10829375": [
        "abt.com//10499611"
    ],
    "10845051": [
        "abt.com//17496235"
    ],
    "10997445": [
        "abt.com//11363915"
    ],
    "11025037": [
        "abt.com//13412559"
    ],
    "11043396": [
        "abt.com//17469096"
    ],
    "11046606": [
        "abt.com//7442855"
    ],
    "11046620": [
        "abt.com//16014479"
    ],
    "11046651": [
        "abt.com//1369181"
    ],
    "11068589": [
        "abt.com//1472805"
    ],
    "11078801": [
        "abt.com//12017782"
    ],
    "11083949": [
        "abt.com//1572500"
    ],
    "11090052": [
        "abt.com//1581443"
    ],
    "11121478": [
        "abt.com//2894775"
    ],
    "11121555": [
        "abt.com//5207461"
    ],
    "11186136": [
        "abt.com//10265650"
    ],
    "11187057": [
        "abt.com//11314068",
        "abt.com//16252445"
    ],
    "11187102": [
        "abt.com//11595251",
        "abt.com//9855158"
    ],
    "11187161": [
        "abt.com//16008607",
        "abt.com//4966341"
    ],
    "11398420": [
        "abt.com//6960427"
    ],
    "11433458": [
        "abt.com//803871"
    ],
    "11433848": [
        "abt.com//10841070"
    ],
    "11474539": [
        "abt.com//11956636"
    ],
    "11474559": [
        "abt.com//820390"
    ],
    "11507258": [
        "abt.com//1046872"
    ],
    "115147": [
        "abt.com//9698864"
    ],
    "11517774": [
        "abt.com//15866011"
    ],
    "11517938": [
        "abt.com//3005745"
    ],
    "11602731": [
        "abt.com//14890883"
    ],
    "11630463": [
        "abt.com//4020113",
        "abt.com//6754996"
    ],
    "11657245": [
        "abt.com//5736240"
    ],
    "11705213": [
        "abt.com//550576"
    ],
    "11939657": [
        "abt.com//5882567"
    ],
    "11939688": [
        "abt.com//7298807",
        "abt.com//7728558"
    ],
    "12079040": [
        "abt.com//15285334"
    ],
    "12102436": [
        "abt.com//9836860"
    ],
    "12109160": [
        "abt.com//16096811"
    ],
    "12158447": [
        "abt.com//1522887"
    ],
    "12171366": [
        "abt.com//5847918"
    ],
    "12171460": [
        "abt.com//14390063"
    ],
    "12218773": [
        "abt.com//17164656",
        "abt.com//17257384"
    ],
    "12219930": [
        "abt.com//6005455"
    ],
    "12220045": [
        "abt.com//2773126",
        "abt.com//6187229"
    ],
    "12220345": [
        "abt.com//9014953"
    ],
    "12220367": [
        "abt.com//14208063"
    ],
    "12220669": [
        "abt.com//10026581",
        "abt.com//9281448"
    ],
    "12220912": [
        "abt.com//65185"
    ],
    "12221773": [
        "abt.com//10731176"
    ],
    "12221793": [
        "abt.com//15001127"
    ],
    "12350144": [
        "abt.com//8504468"
    ],
    "12581369": [
        "abt.com//3564057",
        "abt.com//4396428"
    ],
    "12581398": [
        "abt.com//14295447"
    ],
    "12590197": [
        "abt.com//1853046"
    ],
    "12594385": [
        "abt.com//3996520"
    ],
    "12594416": [
        "abt.com//15033526",
        "abt.com//9176482"
    ],
    "12594438": [
        "abt.com//11475848"
    ],
    "12595737": [
        "abt.com//5211634"
    ],
    "12595756": [
        "abt.com//1875456"
    ],
    "12595765": [
        "abt.com//3632026"
    ],
    "12602058": [
        "abt.com//13210452"
    ],
    "12606351": [
        "abt.com//14846935"
    ],
    "12606442": [
        "abt.com//335040"
    ],
    "12606558": [
        "abt.com//1230978",
        "abt.com//15546477"
    ],
    "12606813": [
        "abt.com//1737792"
    ],
    "12606830": [
        "abt.com//1636675"
    ],
    "12606892": [
        "abt.com//4847390"
    ],
    "12606931": [
        "abt.com//1708017"
    ],
    "12606946": [
        "abt.com//13804663"
    ],
    "12607338": [
        "abt.com//5136502"
    ],
    "12607666": [
        "abt.com//1001153",
        "abt.com//4202538"
    ],
    "12607729": [
        "abt.com//7394593"
    ],
    "12607743": [
        "abt.com//13118369"
    ],
    "12607823": [
        "abt.com//17149616"
    ],
    "12607836": [
        "abt.com//2485124"
    ],
    "12608073": [
        "abt.com//12796375"
    ],
    "12608187": [
        "abt.com//10489979"
    ],
    "12608199": [
        "abt.com//3344793"
    ],
    "12608219": [
        "abt.com//8463920"
    ],
    "12608662": [
        "abt.com//11950017",
        "abt.com//1595318"
    ],
    "12608671": [
        "abt.com//15422011",
        "abt.com//1817135"
    ],
    "12608722": [
        "abt.com//6193178"
    ],
    "12608782": [
        "abt.com//1469328"
    ],
    "12609095": [
        "abt.com//12746621"
    ],
    "12609167": [
        "abt.com//11036647"
    ],
    "12609199": [
        "abt.com//332560"
    ],
    "12609318": [
        "abt.com//10527046"
    ],
    "12610294": [
        "abt.com//10718266"
    ],
    "12610361": [
        "abt.com//614867",
        "abt.com//7638683"
    ],
    "12610889": [
        "abt.com//3767775"
    ],
    "12614582": [
        "abt.com//14882930"
    ],
    "12614713": [
        "abt.com//10156178"
    ],
    "12628057": [
        "abt.com//1485576"
    ],
    "12629200": [
        "abt.com//5387077",
        "abt.com//6140946"
    ],
    "12629233": [
        "abt.com//15652637"
    ],
    "12632029": [
        "abt.com//2912333"
    ],
    "12632313": [
        "abt.com//8098974"
    ],
    "12640932": [
        "abt.com//16468858",
        "abt.com//4223173"
    ],
    "12643072": [
        "abt.com//5645490"
    ],
    "12659661": [
        "abt.com//17237196"
    ],
    "12816363": [
        "abt.com//5103816"
    ],
    "12825456": [
        "abt.com//3009378"
    ],
    "12825466": [
        "abt.com//741904"
    ],
    "12825480": [
        "abt.com//17525137"
    ],
    "13063421": [
        "abt.com//17127601"
    ],
    "13075377": [
        "abt.com//803809"
    ],
    "13075452": [
        "abt.com//16555337"
    ],
    "13118019": [
        "abt.com//9352203"
    ],
    "13148569": [
        "abt.com//6220957"
    ],
    "13154583": [
        "abt.com//9794189"
    ],
    "13245842": [
        "abt.com//13537005"
    ],
    "13245935": [
        "abt.com//12061039"
    ],
    "13246345": [
        "abt.com//9611569"
    ],
    "13247135": [
        "abt.com//5524248"
    ],
    "13247432": [
        "abt.com//6160136",
        "abt.com//8973019"
    ],
    "13255526": [
        "abt.com//5627525"
    ],
    "13288232": [
        "abt.com//10637187",
        "abt.com//12671958"
    ],
    "13288793": [
        "abt.com//8241920"
    ],
    "13288883": [
        "abt.com//4844079"
    ],
    "13321999": [
        "abt.com//10580881"
    ],
    "13500128": [
        "abt.com//12382458"
    ],
    "13531464": [
        "abt.com//13480118",
        "abt.com//9122747"
    ],
    "13555210": [
        "abt.com//6268094",
        "abt.com//6917555"
    ],
    "13593377": [
        "abt.com//5401893"
    ],
    "13616740": [
        "abt.com//6790713"
    ],
    "13634554": [
        "abt.com//9214692"
    ],
    "13652985": [
        "abt.com//15079035"
    ],
    "13715855": [
        "abt.com//8211963"
    ],
    "13716753": [
        "abt.com//5601293"
    ],
    "13717015": [
        "abt.com//3797664",
        "abt.com//8856901"
    ],
    "13869872": [
        "abt.com//2668216"
    ],
    "14058533": [
        "abt.com//2390359",
        "abt.com//2842898"
    ],
    "14059370": [
        "abt.com//6879272",
        "abt.com//843520"
    ],
    "14059607": [
        "abt.com//3932051"
    ],
    "14064834": [
        "abt.com//14995845"
    ],
    "14114580": [
        "abt.com//1728679"
    ],
    "14116747": [
        "abt.com//6742583"
    ],
    "14211769": [
        "abt.com//11753172"
    ],
    "14511318": [
        "abt.com//16482390"
    ],
    "14525367": [
        "abt.com//586109"
    ],
    "14586734": [
        "abt.com//8436140"
    ],
    "1463302": [
        "abt.com//16568152"
    ],
    "14720238": [
        "abt.com//16313898"
    ],
    "14918287": [
        "abt.com//6468020"
    ],
    "14937376": [
        "abt.com//12883349"
    ],
    "14938951": [
        "abt.com//1603395"
    ],
    "14939034": [
        "abt.com//9237003"
    ],
    "14940505": [
        "abt.com//13688204"
    ],
    "14940536": [
        "abt.com//13385094"
    ],
    "14960564": [
        "abt.com//964103"
    ],
    "14961555": [
        "abt.com//522791"
    ],
    "15095156": [
        "abt.com//16881277"
    ],
    "15095171": [
        "abt.com//17527079"
    ],
    "15136582": [
        "abt.com//12783028"
    ],
    "15163418": [
        "abt.com//13449631"
    ],
    "15168368": [
        "abt.com//16703724"
    ],
    "15264995": [
        "abt.com//12809124"
    ],
    "15267319": [
        "abt.com//7376305"
    ],
    "15267339": [
        "abt.com//12430286"
    ],
    "15289653": [
        "abt.com//6790657"
    ],
    "15290156": [
        "abt.com//13093951"
    ],
    "15290169": [
        "abt.com//10338319"
    ],
    "15290681": [
        "abt.com//3382648"
    ],
    "15290747": [
        "abt.com//15303593"
    ],
    "15291335": [
        "abt.com//13400623"
    ],
    "15291368": [
        "abt.com//6594387"
    ],
    "15291416": [
        "abt.com//14149848"
    ],
    "15428754": [
        "abt.com//8213166"
    ],
    "15595221": [
        "abt.com//3892214"
    ],
    "15758469": [
        "abt.com//6947570"
    ],
    "15759121": [
        "abt.com//12785365"
    ],
    "15977755": [
        "abt.com//15901096"
    ],
    "16070711": [
        "abt.com//3600685"
    ],
    "16070730": [
        "abt.com//7551854",
        "abt.com//9638637"
    ],
    "16083150": [
        "abt.com//4626367"
    ],
    "16085058": [
        "abt.com//14820640"
    ],
    "16085074": [
        "abt.com//2342080"
    ],
    "16198752": [
        "abt.com//11627089"
    ],
    "16298529": [
        "abt.com//14958663"
    ],
    "16298549": [
        "abt.com//10289997"
    ],
    "16300229": [
        "abt.com//17411354"
    ],
    "16302001": [
        "abt.com//13079662"
    ],
    "16328828": [
        "abt.com//14693542"
    ],
    "16364124": [
        "abt.com//10857644"
    ],
    "16364529": [
        "abt.com//1804063"
    ],
    "16392554": [
        "abt.com//16663135"
    ],
    "16392568": [
        "abt.com//10320583"
    ],
    "16392892": [
        "abt.com//5040407"
    ],
    "1642534": [
        "abt.com//1659433"
    ],
    "1647177": [
        "abt.com//6918139"
    ],
    "1674587": [
        "abt.com//2577682"
    ],
    "2076574": [
        "abt.com//9202581"
    ],
    "2076913": [
        "abt.com//13663771"
    ],
    "2206948": [
        "abt.com//12191156"
    ],
    "2208386": [
        "abt.com//12383780"
    ],
    "2301177": [
        "abt.com//5756839"
    ],
    "2447317": [
        "abt.com//13719619"
    ],
    "2477672": [
        "abt.com//13355195"
    ],
    "2489343": [
        "abt.com//13949872"
    ],
    "2490734": [
        "abt.com//16202642"
    ],
    "2490906": [
        "abt.com//13096638"
    ],
    "2533607": [
        "abt.com//16045839"
    ],
    "2553362": [
        "abt.com//2294542",
        "abt.com//4996910"
    ],
    "2553376": [
        "abt.com//11450782",
        "abt.com//2894103"
    ],
    "2553394": [
        "abt.com//8278619"
    ],
    "2553416": [
        "abt.com//10008031"
    ],
    "2553443": [
        "abt.com//10787512",
        "abt.com//7060374"
    ],
    "2554177": [
        "abt.com//3239870"
    ],
    "2619536": [
        "abt.com//14763680"
    ],
    "2621860": [
        "abt.com//7335434"
    ],
    "2623254": [
        "abt.com//3779071"
    ],
    "2632017": [
        "abt.com//15801044"
    ],
    "2655802": [
        "abt.com//1635618"
    ],
    "2661193": [
        "abt.com//15243259"
    ],
    "2665138": [
        "abt.com//10859032"
    ],
    "2754445": [
        "abt.com//15979523"
    ],
    "2755328": [
        "abt.com//17017541"
    ],
    "2785203": [
        "abt.com//11683520"
    ],
    "2844555": [
        "abt.com//4429474"
    ],
    "2845529": [
        "abt.com//10853512"
    ],
    "2876201": [
        "abt.com//4301989"
    ],
    "2900845": [
        "abt.com//3909374"
    ],
    "2918965": [
        "abt.com//17421692"
    ],
    "2982997": [
        "abt.com//7134930"
    ],
    "2984796": [
        "abt.com//1087061"
    ],
    "3021059": [
        "abt.com//12534987"
    ],
    "3040084": [
        "abt.com//15509909"
    ],
    "3049217": [
        "abt.com//11443211"
    ],
    "3283681": [
        "abt.com//7233254"
    ],
    "329123": [
        "abt.com//16735763"
    ],
    "3327994": [
        "abt.com//16585037"
    ],
    "3428546": [
        "abt.com//9414798"
    ],
    "3573268": [
        "abt.com//9468199"
    ],
    "3590111": [
        "abt.com//11184046"
    ],
    "3590118": [
        "abt.com//8100963"
    ],
    "3590157": [
        "abt.com//17341859"
    ],
    "3618907": [
        "abt.com//1922685"
    ],
    "3676964": [
        "abt.com//8610562"
    ],
    "3687823": [
        "abt.com//7731360"
    ],
    "377313": [
        "abt.com//5384733"
    ],
    "3773266": [
        "abt.com//16492800"
    ],
    "377391": [
        "abt.com//8053582"
    ],
    "3789189": [
        "abt.com//11750014"
    ],
    "3790629": [
        "abt.com//12849012"
    ],
    "3801754": [
        "abt.com//6375333"
    ],
    "3812650": [
        "abt.com//8368512"
    ],
    "3814163": [
        "abt.com//13658312"
    ],
    "3879073": [
        "abt.com//7327951"
    ],
    "3879127": [
        "abt.com//7007064"
    ],
    "3889552": [
        "abt.com//9859229"
    ],
    "3889899": [
        "abt.com//6881954"
    ],
    "3903613": [
        "abt.com//4313463"
    ],
    "3948057": [
        "abt.com//4728971"
    ],
    "4181666": [
        "abt.com//4294806"
    ],
    "4234605": [
        "abt.com//9838137"
    ],
    "4321440": [
        "abt.com//9351454"
    ],
    "4480092": [
        "abt.com//742766"
    ],
    "4491771": [
        "abt.com//16388523"
    ],
    "4534105": [
        "abt.com//14292867"
    ],
    "4534121": [
        "abt.com//13535197"
    ],
    "4546416": [
        "abt.com//10707206",
        "abt.com//15164723",
        "abt.com//16100516"
    ],
    "4551128": [
        "abt.com//14212636"
    ],
    "4609147": [
        "abt.com//15103368",
        "abt.com//4453925"
    ],
    "4721187": [
        "abt.com//11636137"
    ],
    "4723401": [
        "abt.com//13049362"
    ],
    "4744933": [
        "abt.com//10692104"
    ],
    "4761022": [
        "abt.com//2295753"
    ],
    "4761062": [
        "abt.com//14656889"
    ],
    "4761070": [
        "abt.com//10350079"
    ],
    "4761096": [
        "abt.com//8433184"
    ],
    "4783684": [
        "abt.com//5239581"
    ],
    "4873392": [
        "abt.com//13926929"
    ],
    "5066122": [
        "abt.com//6409562"
    ],
    "5066541": [
        "abt.com//3231664"
    ],
    "5092584": [
        "abt.com//14147953",
        "abt.com//6560113"
    ],
    "5104781": [
        "abt.com//15900733"
    ],
    "5108764": [
        "abt.com//600539"
    ],
    "5188199": [
        "abt.com//236154"
    ],
    "5188215": [
        "abt.com//11748470"
    ],
    "5268043": [
        "abt.com//16002716",
        "abt.com//6482845"
    ],
    "5338317": [
        "abt.com//6963999"
    ],
    "5341258": [
        "abt.com//9396072"
    ],
    "5342617": [
        "abt.com//10963164",
        "abt.com//12420001"
    ],
    "5342965": [
        "abt.com//12633008",
        "abt.com//8254349"
    ],
    "5343339": [
        "abt.com//11282324",
        "abt.com//15878301"
    ],
    "536799": [
        "abt.com//2585241"
    ],
    "5485560": [
        "abt.com//1032721"
    ],
    "5488789": [
        "abt.com//8175829"
    ],
    "5503420": [
        "abt.com//597553"
    ],
    "5503577": [
        "abt.com//9202755"
    ],
    "5503637": [
        "abt.com//884792"
    ],
    "5503651": [
        "abt.com//2621867"
    ],
    "5519662": [
        "abt.com//5637742"
    ],
    "5533445": [
        "abt.com//5982668"
    ],
    "5534282": [
        "abt.com//17542952"
    ],
    "5540754": [
        "abt.com//3450641"
    ],
    "5605735": [
        "abt.com//8948671"
    ],
    "5605818": [
        "abt.com//5589066"
    ],
    "5637643": [
        "abt.com//11681284"
    ],
    "5687745": [
        "abt.com//5178654"
    ],
    "5687804": [
        "abt.com//11926029"
    ],
    "5687816": [
        "abt.com//2181551"
    ],
    "5687857": [
        "abt.com//12442405"
    ],
    "576813": [
        "abt.com//11429637",
        "abt.com//8571754"
    ],
    "5923571": [
        "abt.com//511406"
    ],
    "5924713": [
        "abt.com//8807793"
    ],
    "5976283": [
        "abt.com//5061464"
    ],
    "5976298": [
        "abt.com//14151634"
    ],
    "5976372": [
        "abt.com//3711421"
    ],
    "5990869": [
        "abt.com//4766516"
    ],
    "5991280": [
        "abt.com//11498816"
    ],
    "5992492": [
        "abt.com//5595741"
    ],
    "6032755": [
        "abt.com//14412942"
    ],
    "6099936": [
        "abt.com//1297413"
    ],
    "6259991": [
        "abt.com//6183836"
    ],
    "6260139": [
        "abt.com//14422654"
    ],
    "6260367": [
        "abt.com//13281398"
    ],
    "6300038": [
        "abt.com//11644389"
    ],
    "6359006": [
        "abt.com//6827225"
    ],
    "6370550": [
        "abt.com//3428431"
    ],
    "6384748": [
        "abt.com//7416426"
    ],
    "6384915": [
        "abt.com//1520208"
    ],
    "6399646": [
        "abt.com//1513187"
    ],
    "6399664": [
        "abt.com//7326158"
    ],
    "6414543": [
        "abt.com//15026332"
    ],
    "6414555": [
        "abt.com//9227629"
    ],
    "6419117": [
        "abt.com//17156082"
    ],
    "6424962": [
        "abt.com//16571117"
    ],
    "657043": [
        "abt.com//14572136"
    ],
    "6605341": [
        "abt.com//529346"
    ],
    "6622310": [
        "abt.com//13091100",
        "abt.com//1893728"
    ],
    "6757656": [
        "abt.com//17080551"
    ],
    "6835336": [
        "abt.com//13212195"
    ],
    "6913449": [
        "abt.com//5953427"
    ],
    "6917633": [
        "abt.com//17534741"
    ],
    "7106309": [
        "abt.com//14845400",
        "abt.com//9615023"
    ],
    "71875": [
        "abt.com//17424633"
    ],
    "7194249": [
        "abt.com//3514961"
    ],
    "7238530": [
        "abt.com//16523706"
    ],
    "7251989": [
        "abt.com//5130501"
    ],
    "7252012": [
        "abt.com//3411784"
    ],
    "7409792": [
        "abt.com//637923"
    ],
    "7409824": [
        "abt.com//3653708"
    ],
    "7421574": [
        "abt.com//8026695"
    ],
    "7519234": [
        "abt.com//10459134"
    ],
    "7520252": [
        "abt.com//12283097"
    ],
    "7566200": [
        "abt.com//4831686"
    ],
    "7573785": [
        "abt.com//6678939"
    ],
    "7725031": [
        "abt.com//4142809"
    ],
    "7732649": [
        "abt.com//8314577"
    ],
    "7788949": [
        "abt.com//17014928"
    ],
    "7789018": [
        "abt.com//9913657"
    ],
    "7791284": [
        "abt.com//15070128"
    ],
    "7825158": [
        "abt.com//8512339"
    ],
    "7907953": [
        "abt.com//13088897"
    ],
    "7935594": [
        "abt.com//3267930"
    ],
    "8134006": [
        "abt.com//12797333",
        "abt.com//14312864"
    ],
    "8134019": [
        "abt.com//10693905",
        "abt.com//7942915"
    ],
    "8185937": [
        "abt.com//371543"
    ],
    "8202784": [
        "abt.com//15221208"
    ],
    "8202787": [
        "abt.com//3184524"
    ],
    "8326301": [
        "abt.com//11509132",
        "abt.com//16547472"
    ],
    "838593": [
        "abt.com//3530438"
    ],
    "8464464": [
        "abt.com//2269487"
    ],
    "8495122": [
        "abt.com//6496590"
    ],
    "8559345": [
        "abt.com//16717372"
    ],
    "8610589": [
        "abt.com//12935177"
    ],
    "8686646": [
        "abt.com//13436375"
    ],
    "8942497": [
        "abt.com//5612953"
    ],
    "8948655": [
        "abt.com//6126351"
    ],
    "9028696": [
        "abt.com//1004526"
    ],
    "9087036": [
        "abt.com//892492"
    ],
    "9117855": [
        "abt.com//8450791"
    ],
    "9120756": [
        "abt.com//165237"
    ],
    "9431477": [
        "abt.com//11573302"
    ],
    "9455516": [
        "abt.com//16136045",
        "abt.com//2638986"
    ],
    "9455522": [
        "abt.com//15838086"
    ],
    "9565281": [
        "abt.com//15208701"
    ],
    "9565305": [
        "abt.com//2320240"
    ],
    "9621030": [
        "abt.com//6916655"
    ],
    "9794064": [
        "abt.com//3228657"
    ],
    "9798326": [
        "abt.com//2243255"
    ],
    "9805578": [
        "abt.com//3912430"
    ],
    "9818833": [
        "abt.com//8645322"
    ],
    "9820010": [
        "abt.com//4556049",
        "abt.com//6389802"
    ],
    "9839175": [
        "abt.com//12000098"
    ],
    "9839232": [
        "abt.com//4649694"
    ],
    "9839256": [
        "abt.com//12531084"
    ],
    "9917778": [
        "abt.com//5662984"
    ],
    "9918173": [
        "abt.com//8907442"
    ],
    "9935094": [
        "abt.com//11737447"
    ],
    "9935104": [
        "abt.com//3298690"
    ],
    "9935113": [
        "abt.com//1517055"
    ],
    "9988638": [
        "abt.com//16347691",
        "abt.com//3315983"
    ]
}