{
    "3737346": [
        "abt.com//5788287",
        "abt.com//6958264"
    ],
    "3836173": [
        "abt.com//16706808",
        "abt.com//7629647"
    ],
    "4673307": [
        "abt.com//1852442",
        "abt.com//1960521"
    ],
    "4714630": [
        "abt.com//1332121",
        "abt.com//9575565"
    ],
    "4852784": [
        "abt.com//10899889",
        "abt.com//2137423"
    ],
    "5748764": [
        "abt.com//10634353",
        "abt.com//13692761"
    ],
    "5845486": [
        "abt.com//3325413",
        "abt.com//8539032"
    ],
    "7585650": [
        "abt.com//3344462",
        "abt.com//5118320"
    ]
}