{
    "10024352": [
        "abt.com//10057901"
    ],
    "10900540": [
        "abt.com//9834506"
    ],
    "11273563": [
        "abt.com//1050369"
    ],
    "11442041": [
        "abt.com//8499863"
    ],
    "11452423": [
        "abt.com//7577487"
    ],
    "11675139": [
        "abt.com//2124814"
    ],
    "12465633": [
        "abt.com//9057746"
    ],
    "12479586": [
        "abt.com//3088511"
    ],
    "12615383": [
        "abt.com//8255744"
    ],
    "12615507": [
        "abt.com//6240438"
    ],
    "14483084": [
        "abt.com//13636600"
    ],
    "14491354": [
        "abt.com//12774375"
    ],
    "14491376": [
        "abt.com//1762388"
    ],
    "15021678": [
        "abt.com//6787734"
    ],
    "15036385": [
        "abt.com//4034538"
    ],
    "2154908": [
        "abt.com//15021313"
    ],
    "250242": [
        "abt.com//6588105"
    ],
    "3457021": [
        "abt.com//12474259"
    ],
    "3737346": [
        "abt.com//5788287",
        "abt.com//6958264"
    ],
    "3742919": [
        "abt.com//12117682"
    ],
    "3755798": [
        "abt.com//2549712"
    ],
    "3836173": [
        "abt.com//16706808",
        "abt.com//7629647"
    ],
    "3837042": [
        "abt.com//3586227"
    ],
    "4021956": [
        "abt.com//4775498"
    ],
    "4022664": [
        "abt.com//14317521"
    ],
    "4061007": [
        "abt.com//7080035"
    ],
    "4077500": [
        "abt.com//15569757"
    ],
    "4102041": [
        "abt.com//10121702"
    ],
    "4210360": [
        "abt.com//15710071"
    ],
    "4554498": [
        "abt.com//13087586"
    ],
    "4673307": [
        "abt.com//1852442",
        "abt.com//1960521"
    ],
    "4700047": [
        "abt.com//14384042"
    ],
    "4714630": [
        "abt.com//1332121",
        "abt.com//9575565"
    ],
    "4852679": [
        "abt.com//4383926"
    ],
    "4852784": [
        "abt.com//10899889",
        "abt.com//2137423"
    ],
    "4972823": [
        "abt.com//13453494"
    ],
    "4984924": [
        "abt.com//10422088"
    ],
    "4996980": [
        "abt.com//14455257"
    ],
    "5426726": [
        "abt.com//900105"
    ],
    "5472496": [
        "abt.com//14029972"
    ],
    "5748764": [
        "abt.com//10634353",
        "abt.com//13692761"
    ],
    "5812984": [
        "abt.com//7002786"
    ],
    "5845486": [
        "abt.com//3325413",
        "abt.com//8539032"
    ],
    "5859055": [
        "abt.com//13223335"
    ],
    "5882888": [
        "abt.com//4414837"
    ],
    "6302944": [
        "abt.com//13575592"
    ],
    "6662914": [
        "abt.com//16582260"
    ],
    "6663136": [
        "abt.com//5171355"
    ],
    "7127924": [
        "abt.com//16906371"
    ],
    "7424957": [
        "abt.com//2121400"
    ],
    "7585650": [
        "abt.com//3344462",
        "abt.com//5118320"
    ],
    "7865490": [
        "abt.com//14357499"
    ],
    "8300514": [
        "abt.com//10286199"
    ],
    "8822874": [
        "abt.com//4509182"
    ],
    "9218778": [
        "abt.com//3449791"
    ],
    "9545562": [
        "abt.com//15459051"
    ],
    "9999421": [
        "abt.com//2211940"
    ]
}