[
    {
        "spec": {
            "Operating Platform": "Android",
            "Screen Size (inches)": "10.1",
            "Storage Capacity": "16GB",
            "Wireless Capabilities": "Wi-Fi"
        },
        "url": "abt.com//7080035"
    },
    {
        "spec": {
            "Capacity (cu. ft.)": "7.4 Cu. Ft.",
            "Color": "Chardonnay",
            "Control Type": "Electronic",
            "Depth (inches)": "30",
            "Drying Cycles": "14",
            "Fuel Type": "Electric",
            "Height (inches)": "38.7\"",
            "Labor Warranty": "1 Year",
            "Parts Warranty": "1 Year",
            "Reversible Door": "Yes",
            "Temperatures Settings": "5",
            "Voltage": "240 V",
            "Width (inches)": "27\""
        },
        "url": "abt.com//4034538"
    },
    {
        "spec": {
            "ADA Compliant": "No",
            "Decibel Level (dB)": "48",
            "Delay Start": "Yes",
            "Depth (inches)": "24.75",
            "Drying Options": "Fan Condensing Drying System",
            "Food Disposer": "No",
            "Height (inches)": "35.88",
            "Labor Warranty": "1 Year",
            "Minimum Height (inches)": "33.88",
            "Number of Wash Arms": "3",
            "Number of Wash Cycle Programs": "6",
            "Parts Warranty": "1 Year",
            "Size (inches)": "24",
            "Third Rack": "No",
            "Tub Material": "Yes",
            "Type": "Built-In",
            "Wash Cycle Programs": "Delicate China/Gentle, Smart Auto Wash, Normal, Heavy",
            "Wi-Fi": "No",
            "Width (inches)": "24"
        },
        "url": "abt.com//2137423"
    },
    {
        "spec": {
            "Operating Platform": "Android",
            "Screen Size (inches)": "7",
            "Storage Capacity": "8GB",
            "Wireless Capabilities": "Wi-Fi"
        },
        "url": "abt.com//14317521"
    },
    {
        "spec": {
            "Operating Platform": "Android",
            "Screen Size (inches)": "7",
            "Storage Capacity": "8GB",
            "Wireless Capabilities": "Wi-Fi"
        },
        "url": "abt.com//7002786"
    },
    {
        "spec": {
            "Operating Platform": "Android",
            "Screen Size (inches)": "7",
            "Storage Capacity": "8GB",
            "Wireless Capabilities": "WiFi Only"
        },
        "url": "abt.com//9575565"
    },
    {
        "spec": {
            "4G Capable": "Yes",
            "Android": "Yes",
            "Bluetooth": "Yes",
            "CDMA Cellular Network": "No",
            "Camera Resolution": "23 MP",
            "Device Brand": "Sony",
            "Expandable Memory": "Yes",
            "GSM Cellular Network": "Yes",
            "Internal Memory Storage": "32GB",
            "Mac iOS": "No",
            "Wi-Fi": "Yes"
        },
        "url": "abt.com//1762388"
    },
    {
        "spec": {
            "Operating Platform": "Android",
            "Screen Size (inches)": "10.1",
            "Storage Capacity": "16GB",
            "Wireless Capabilities": "Yes"
        },
        "url": "abt.com//13223335"
    },
    {
        "spec": {
            "Operating Platform": "Apple iOS",
            "Screen Size (inches)": "9.7\"",
            "Storage Capacity": "32GB",
            "Wireless Capabilities": "WiFi + 4G Verizon"
        },
        "url": "abt.com//5118320"
    },
    {
        "spec": {
            "4G Capable": "Yes",
            "Android": "Yes",
            "Bluetooth": "Yes",
            "CDMA Cellular Network": "No",
            "Camera Resolution": "16 MP",
            "Device Brand": "Samsung",
            "Expandable Memory": "No",
            "GSM Cellular Network": "Yes",
            "Internal Memory Storage": "64GB",
            "Mac iOS": "No",
            "Wi-Fi": "Yes"
        },
        "url": "abt.com//10057901"
    },
    {
        "spec": {
            "Band Color": "White",
            "Case Color": "Rose Gold",
            "Case Size (mm)": "44",
            "Device Model": "Samsung Gear S2"
        },
        "url": "abt.com//14029972"
    },
    {
        "spec": {
            "Band Color": "Stainless Steel",
            "Case Color": "Stainless Steel",
            "Case Size (mm)": "44",
            "Device Model": "Movado BOLD Connected II"
        },
        "url": "abt.com//10286199"
    },
    {
        "spec": {
            "ADA Compliant": "No",
            "Decibel Level (dB)": "48",
            "Delay Start": "Yes",
            "Depth (inches)": "24.75",
            "Drying Options": "Fan Condensing Drying System",
            "Food Disposer": "No",
            "Height (inches)": "35.88",
            "Labor Warranty": "1 Year",
            "Minimum Height (inches)": "33.88",
            "Number of Wash Arms": "3",
            "Number of Wash Cycle Programs": "6",
            "Parts Warranty": "1 Year",
            "Size (inches)": "24",
            "Third Rack": "No",
            "Tub Material": "Yes",
            "Type": "Built-In",
            "Wash Cycle Programs": "Delicate China/Gentle, Smart Auto Wash, Normal, Heavy",
            "Wi-Fi": "No",
            "Width (inches)": "24"
        },
        "url": "abt.com//10899889"
    },
    {
        "spec": {
            "ADA Compliant": "No",
            "Delay Start": "1-24 Hr",
            "Depth (inches)": "25.25",
            "Depth with Door Open": "59.13",
            "Drying Options": "Fan Driven Condensing Dry",
            "Food Disposer": "No",
            "Height (inches)": "33.88",
            "Labor Warranty": "1 Year",
            "Number of Wash Arms": "2",
            "Number of Wash Cycle Programs": "6",
            "Parts Warranty": "1 Year",
            "Size (inches)": "24",
            "Tub Material": "No",
            "Type": "Full Console",
            "Width (inches)": "23.88"
        },
        "url": "abt.com//12474259"
    },
    {
        "spec": {
            "Operating Platform": "Android",
            "Screen Size (inches)": "12.2",
            "Storage Capacity": "32GB",
            "Wireless Capabilities": "Wi-Fi"
        },
        "url": "abt.com//9834506"
    },
    {
        "spec": {
            "Operating Platform": "Apple iOS",
            "Screen Size (inches)": "7.9",
            "Storage Capacity": "16GB",
            "Wireless Capabilities": "WiFi + 4G Verizon"
        },
        "url": "abt.com//13087586"
    },
    {
        "spec": {
            "Capacity (cu. ft.)": "7.4 cu. ft.",
            "Color": "Blue",
            "Depth (inches)": "30\"",
            "Drying Cycles": "9",
            "Height (inches)": "38.69\"",
            "Labor Warranty": "1 Year",
            "Parts Warranty": "1 Year",
            "Temperatures Settings": "5",
            "Width (inches)": "27\""
        },
        "url": "abt.com//6787734"
    },
    {
        "spec": {
            "Operating Platform": "Apple iOS",
            "Screen Size (inches)": "9.7\"",
            "Storage Capacity": "16GB",
            "Wireless Capabilities": "WiFi + 4G Verizon"
        },
        "url": "abt.com//5788287"
    },
    {
        "spec": {
            "Device Type": "Galaxy Tab S2",
            "Operating Platform": "Android",
            "Screen Size (inches)": "8",
            "Storage Capacity": "32GB",
            "Wireless Capabilities": "Wi-Fi"
        },
        "url": "abt.com//16582260"
    },
    {
        "spec": {
            "Operating Platform": "Android",
            "Screen Size (inches)": "10.1",
            "Storage Capacity": "16GB",
            "Wireless Capabilities": "Wi-Fi"
        },
        "url": "abt.com//6240438"
    },
    {
        "spec": {
            "Operating Platform": "Apple iOS",
            "Screen Size (inches)": "9.7\"",
            "Storage Capacity": "16GB",
            "Wireless Capabilities": "WiFi + 4G Verizon"
        },
        "url": "abt.com//6958264"
    },
    {
        "spec": {
            "ADA Compliant": "No",
            "Capacity (cu. ft.)": "7.5",
            "Color": "Platinum",
            "Control Panel Location": "Front",
            "Control Type": "Digital, Knobs",
            "Depth (inches)": "32",
            "Drying Cycles": "10",
            "Fuel Type": "Gas",
            "Height (inches)": "38.75",
            "Labor Warranty": "1 Year",
            "Parts Warranty": "1 Year",
            "Reversible Door": "Yes",
            "Steam": "Yes",
            "Temperatures Settings": "4",
            "Voltage": "120 V",
            "Wi-Fi": "No",
            "Width (inches)": "27"
        },
        "url": "abt.com//14357499"
    },
    {
        "spec": {
            "Device Type": "Galaxy Tab S2",
            "Operating Platform": "Android",
            "Screen Size (inches)": "9.7",
            "Storage Capacity": "32GB",
            "Wireless Capabilities": "Wi-Fi"
        },
        "url": "abt.com//5171355"
    },
    {
        "spec": {
            "ADA Compliant": "No",
            "Capacity (cu. ft.)": "9.5",
            "Color": "Platinum",
            "Control Panel Location": "Rear",
            "Control Type": "Digital, Knobs",
            "Depth (inches)": "32.13",
            "Drying Cycles": "15",
            "Fuel Type": "Gas",
            "Height (inches)": "44.88",
            "Labor Warranty": "1 Year",
            "Parts Warranty": "1 Year",
            "Reversible Door": "Yes",
            "Steam": "Yes",
            "Temperatures Settings": "5",
            "Voltage": "120 V",
            "Wi-Fi": "No",
            "Width (inches)": "30"
        },
        "url": "abt.com//4775498"
    },
    {
        "spec": {
            "4K": "No",
            "Aspect Ratio": "16:09",
            "Brightness": "250 cd/m2",
            "DVI Input": "No",
            "Depth (inches)": "8.25",
            "Energy Star Qualified": "Yes",
            "HDMI Input": "Yes",
            "Height (inches)": "16.11",
            "Labor Warranty": "1 Year",
            "Maximum Resolution": "1920x1080",
            "Parts Warranty": "1 Year",
            "Power Consumption": "21W",
            "Screen Size (inches)": "24",
            "Speakers": "No",
            "Static Contrast Ratio": "1,000:1",
            "TV Tuner": "No",
            "VGA Input": "Yes",
            "Weight (pounds)": "8.14",
            "Width (inches)": "21.56"
        },
        "url": "abt.com//2124814"
    },
    {
        "spec": {
            "4K": "LED",
            "Brightness": "250 cd/m2",
            "Depth (inches)": "7.7\"",
            "Energy Star Qualified": "Yes",
            "HDMI Input": "Yes",
            "Height (inches)": "12.5\"",
            "Labor Warranty": "1 Year Limited",
            "Maximum Resolution": "1920x1080",
            "Parts Warranty": "1 Year Limited",
            "Power Consumption": "30W",
            "Screen Size (inches)": "22\"",
            "Static Contrast Ratio": "1000:1",
            "TV Tuner": "No",
            "VGA Input": "Yes",
            "Weight (pounds)": "8 lbs",
            "Width (inches)": "20\""
        },
        "url": "abt.com//14384042"
    },
    {
        "spec": {
            "Operating Platform": "Android",
            "Screen Size (inches)": "7",
            "Storage Capacity": "8GB",
            "Wireless Capabilities": "Wi-Fi"
        },
        "url": "abt.com//4414837"
    },
    {
        "spec": {
            "Band Color": "Black",
            "Case Color": "Stainless Steel",
            "Case Size (mm)": "40",
            "Device Model": "Samsung Gear S2"
        },
        "url": "abt.com//13453494"
    },
    {
        "spec": {
            "Battery Capacity (mAh)": "2420",
            "Compatibility": "Apple iPhone 7 Plus",
            "Type": "Battery Case"
        },
        "url": "abt.com//9057746"
    },
    {
        "spec": {
            "Operating Platform": "Android",
            "Screen Size (inches)": "7",
            "Storage Capacity": "8GB",
            "Wireless Capabilities": "Wi-Fi"
        },
        "url": "abt.com//8539032"
    },
    {
        "spec": {
            "ADA Compliant": "No",
            "Delay Start": "No",
            "Depth (inches)": "24.75",
            "Depth with Door Open": "58.63",
            "Drying Options": "Fan Driven Condensing Dry",
            "Food Disposer": "Yes",
            "Height (inches)": "33.88",
            "Labor Warranty": "1 Year",
            "Number of Wash Arms": "3",
            "Number of Wash Cycle Programs": "4",
            "Parts Warranty": "1 Year",
            "Size (inches)": "24",
            "Tub Material": "Yes",
            "Type": "Fully Integrated",
            "Width (inches)": "23.88"
        },
        "url": "abt.com//16706808"
    },
    {
        "spec": {
            "Operating Platform": "Android",
            "Screen Size (inches)": "10.1",
            "Storage Capacity": "16GB",
            "Wireless Capabilities": "Wi-Fi"
        },
        "url": "abt.com//10121702"
    },
    {
        "spec": {
            "Band Color": "White",
            "Case Color": "Silver",
            "Case Size (mm)": "40",
            "Device Model": "Samsung Gear S2"
        },
        "url": "abt.com//10422088"
    },
    {
        "spec": {
            "ADA Compliant": "No",
            "Capacity (cu. ft.)": "7.4",
            "Color": "Platinum",
            "Control Panel Location": "Rear",
            "Control Type": "Digital, Knobs",
            "Depth (inches)": "30",
            "Drying Cycles": "15",
            "Fuel Type": "Gas",
            "Height (inches)": "46",
            "Labor Warranty": "1 Year",
            "Parts Warranty": "1 Year",
            "Reversible Door": "Yes",
            "Steam": "Yes",
            "Temperatures Settings": "5",
            "Voltage": "120 V",
            "Wi-Fi": "No",
            "Width (inches)": "27"
        },
        "url": "abt.com//2211940"
    },
    {
        "spec": {
            "Operating Platform": "Android",
            "Screen Size (inches)": "7",
            "Storage Capacity": "8GB",
            "Wireless Capabilities": "Wi-Fi"
        },
        "url": "abt.com//10634353"
    },
    {
        "spec": {
            "Operating Platform": "Android",
            "Screen Size (inches)": "7",
            "Storage Capacity": "8GB",
            "Wireless Capabilities": "Wi-Fi"
        },
        "url": "abt.com//3325413"
    },
    {
        "spec": {
            "Control Type": "Electronic",
            "Depth (inches)": "12.6",
            "Height (inches)": "26.2",
            "Width (inches)": "16.8"
        },
        "url": "abt.com//8499863"
    },
    {
        "spec": {
            "Capacity (cu. ft.)": "3.9 Cu. Ft.",
            "Color": "Stainless Platinum",
            "Depth (inches)": "34\"",
            "Dispensers": "Yes",
            "End-Of-Cycle Signal": "Yes",
            "Height (inches)": "39\"",
            "Internal Water Heater": "Yes",
            "Labor Warranty": "1 Year",
            "Load Type": "Front Loading",
            "Parts Warranty": "1 Year",
            "Reversible Door": "No",
            "Temperature Settings": "Yes",
            "Voltage": "120 V",
            "Wash Cycles": "14 Wash Cycles",
            "Width (inches)": "27\""
        },
        "url": "abt.com//15021313"
    },
    {
        "spec": {
            "Operating Platform": "Android",
            "Screen Size (inches)": "7",
            "Storage Capacity": "8GB",
            "Wireless Capabilities": "WiFi Only"
        },
        "url": "abt.com//1332121"
    },
    {
        "spec": {
            "4G Capable": "Yes",
            "Android": "Yes",
            "Bluetooth": "Yes",
            "CDMA Cellular Network": "No",
            "Camera Resolution": "13 MP",
            "Device Brand": "Asus",
            "Expandable Memory": "Yes",
            "GSM Cellular Network": "Yes",
            "Internal Memory Storage": "16GB",
            "Mac iOS": "No",
            "Wi-Fi": "Yes"
        },
        "url": "abt.com//7577487"
    },
    {
        "spec": {
            "4K": "No",
            "Aspect Ratio": "21:09",
            "Brightness": "300cd/m2",
            "DVI Input": "No",
            "Depth (inches)": "2.02",
            "Energy Star Qualified": "Yes",
            "HDMI Input": "Yes",
            "Height (inches)": "14.33",
            "Labor Warranty": "1 Year",
            "Maximum Resolution": "3440x1440",
            "Parts Warranty": "1 Year",
            "Power Consumption": "24W",
            "Screen Size (inches)": "34",
            "Speakers": "Yes",
            "Static Contrast Ratio": "3,000,000:1",
            "TV Tuner": "No",
            "VGA Input": "Yes",
            "Weight (pounds)": "21.78",
            "Width (inches)": "32.34"
        },
        "url": "abt.com//15710071"
    },
    {
        "spec": {
            "Device Type": "Galaxy Tab S2",
            "Operating Platform": "Android",
            "Screen Size (inches)": "9.7",
            "Storage Capacity": "32GB",
            "Wireless Capabilities": "Wi-Fi"
        },
        "url": "abt.com//4509182"
    },
    {
        "spec": {
            "4K": "Yes",
            "Aspect Ratio": "16:09",
            "Brightness": "370 cd/m2",
            "DVI Input": "No",
            "Depth (inches)": "6.66",
            "Energy Star Qualified": "No",
            "HDMI Input": "Yes",
            "Height (inches)": "19.14",
            "Labor Warranty": "1 Year",
            "Maximum Resolution": "3840x2160",
            "Parts Warranty": "1 Year",
            "Power Consumption": "32W",
            "Screen Size (inches)": "28",
            "Speakers": "No",
            "Static Contrast Ratio": "1,000:1",
            "TV Tuner": "No",
            "VGA Input": "No",
            "Weight (pounds)": "12.43",
            "Width (inches)": "26.01"
        },
        "url": "abt.com//1050369"
    },
    {
        "spec": {
            "Operating Platform": "Android",
            "Screen Size (inches)": "10.1",
            "Storage Capacity": "32GB",
            "Wireless Capabilities": "Wi-Fi"
        },
        "url": "abt.com//15569757"
    },
    {
        "spec": {
            "Operating Platform": "Apple iOS",
            "Screen Size (inches)": "9.7\"",
            "Storage Capacity": "64GB",
            "Wireless Capabilities": "WiFi + 4G Verizon"
        },
        "url": "abt.com//2549712"
    },
    {
        "spec": {
            "4K": "No",
            "Aspect Ratio": "16:09",
            "Brightness": "200cd/m2",
            "DVI Input": "No",
            "Depth (inches)": "3.2",
            "Energy Star Qualified": "No",
            "HDMI Input": "Yes",
            "Height (inches)": "11.9",
            "Maximum Resolution": "1920x1080",
            "Power Consumption": "25W",
            "Screen Size (inches)": "22",
            "Speakers": "No",
            "Static Contrast Ratio": "1000:01:00",
            "TV Tuner": "No",
            "VGA Input": "No",
            "Weight (pounds)": "6.2",
            "Width (inches)": "20"
        },
        "url": "abt.com//900105"
    },
    {
        "spec": {
            "ADA Compliant": "No",
            "Decibel Level (dB)": "48",
            "Delay Start": "Yes",
            "Depth (inches)": "24.75",
            "Drying Options": "Fan Condensing Drying System",
            "Food Disposer": "No",
            "Height (inches)": "35.88",
            "Labor Warranty": "1 Year",
            "Minimum Height (inches)": "33.88",
            "Number of Wash Arms": "3",
            "Number of Wash Cycle Programs": "6",
            "Parts Warranty": "1 Year",
            "Size (inches)": "24",
            "Third Rack": "No",
            "Tub Material": "Yes",
            "Type": "Built-In",
            "Wash Cycle Programs": "Delicate China/Gentle, Normal, Smart Auto Wash, Heavy",
            "Wi-Fi": "No",
            "Width (inches)": "24"
        },
        "url": "abt.com//4383926"
    },
    {
        "spec": {
            "Battery Capacity (mAh)": "2600",
            "Compatibility": "Apple iPhone 6 Plus/6s Plus",
            "Type": "Battery Case"
        },
        "url": "abt.com//6588105"
    },
    {
        "spec": {
            "Depth (inches)": "0.39\"",
            "Height (inches)": "4.87\"",
            "Width (inches)": "2.53\""
        },
        "url": "abt.com//1960521"
    },
    {
        "spec": {
            "Operating Platform": "Android",
            "Screen Size (inches)": "7",
            "Storage Capacity": "8GB",
            "Wireless Capabilities": "Wi-Fi"
        },
        "url": "abt.com//13692761"
    },
    {
        "spec": {
            "Operating Platform": "Android",
            "Screen Size (inches)": "18.4",
            "Storage Capacity": "32GB",
            "Wireless Capabilities": "Wi-Fi"
        },
        "url": "abt.com//14455257"
    },
    {
        "spec": {
            "4K": "Yes",
            "Aspect Ratio": "16:09",
            "Brightness": "370cd/m2",
            "Depth (inches)": "2.89",
            "Energy Star Qualified": "Yes",
            "HDMI Input": "Yes",
            "Height (inches)": "15.01",
            "Labor Warranty": "1 Year",
            "Maximum Resolution": "3840x2160",
            "Parts Warranty": "1 Year",
            "Power Consumption": "45W",
            "Screen Size (inches)": "28",
            "Speakers": "No",
            "Static Contrast Ratio": "1000:01:00",
            "TV Tuner": "No",
            "Weight (pounds)": "10.36",
            "Width (inches)": "26.01"
        },
        "url": "abt.com//3449791"
    },
    {
        "spec": {
            "Operating Platform": "Android",
            "Screen Size (inches)": "10.1",
            "Storage Capacity": "16GB",
            "Wireless Capabilities": "Wi-Fi"
        },
        "url": "abt.com//13575592"
    },
    {
        "spec": {
            "Capacity (cu. ft.)": "4.5",
            "Color": "White",
            "Control Type": "Electronic",
            "Depth (inches)": "34",
            "Dispensers": "Pre Wash, Main Wash, Bleach, Fabric Softener",
            "End-Of-Cycle Signal": "Yes",
            "Height (inches)": "38.75",
            "Internal Water Heater": "Yes",
            "Labor Warranty": "1 Year",
            "Load Type": "Front Loading",
            "Parts Warranty": "1 Year",
            "Reversible Door": "No",
            "Steam": "Yes",
            "Temperature Settings": "5",
            "Voltage": "120 V",
            "Wash Cycles": "15",
            "Width (inches)": "27"
        },
        "url": "abt.com//12117682"
    },
    {
        "spec": {
            "Capacity (cu. ft.)": "3.7 Cu. Ft.",
            "Color": "White",
            "Control Type": "Rotary-Electric",
            "Depth (inches)": "34\"",
            "Dispensers": "Yes",
            "End-Of-Cycle Signal": "Yes",
            "Height (inches)": "39\"",
            "Internal Water Heater": "No",
            "Labor Warranty": "1 Year",
            "Load Type": "Front",
            "Parts Warranty": "1 Year",
            "Reversible Door": "No",
            "Temperature Settings": "4",
            "Voltage": "120 V",
            "Wash Cycles": "9",
            "Width (inches)": "27\""
        },
        "url": "abt.com//3586227"
    },
    {
        "spec": {
            "Operating Platform": "Android",
            "Screen Size (inches)": "8",
            "Storage Capacity": "16GB",
            "Wireless Capabilities": "Wi-Fi"
        },
        "url": "abt.com//16906371"
    },
    {
        "spec": {
            "4G Capable": "Yes",
            "Android": "Yes",
            "Bluetooth": "Yes",
            "CDMA Cellular Network": "No",
            "Camera Resolution": "23 MP",
            "Device Brand": "Sony",
            "Expandable Memory": "Yes",
            "GSM Cellular Network": "Yes",
            "Internal Memory Storage": "32GB",
            "Mac iOS": "No",
            "Wi-Fi": "Yes"
        },
        "url": "abt.com//12774375"
    },
    {
        "spec": {
            "Operating Platform": "Android",
            "Screen Size (inches)": "8.4",
            "Storage Capacity": "16GB",
            "Wireless Capabilities": "Wi-Fi"
        },
        "url": "abt.com//8255744"
    },
    {
        "spec": {
            "ADA Compliant": "No",
            "Delay Start": "No",
            "Depth (inches)": "24.75",
            "Depth with Door Open": "58.63",
            "Drying Options": "Fan Driven Condensing Dry",
            "Food Disposer": "Yes",
            "Height (inches)": "33.88",
            "Labor Warranty": "1 Year",
            "Number of Wash Arms": "3",
            "Number of Wash Cycle Programs": "4",
            "Parts Warranty": "1 Year",
            "Size (inches)": "24",
            "Tub Material": "Yes",
            "Type": "Fully Integrated",
            "Width (inches)": "23.88"
        },
        "url": "abt.com//7629647"
    },
    {
        "spec": {
            "4G Capable": "Yes",
            "Android": "Yes",
            "Bluetooth": "Yes",
            "CDMA Cellular Network": "No",
            "Camera Resolution": "21.5 MP",
            "Device Brand": "Sony",
            "Expandable Memory": "Yes",
            "GSM Cellular Network": "Yes",
            "Internal Memory Storage": "16GB",
            "Mac iOS": "No",
            "Wi-Fi": "Yes"
        },
        "url": "abt.com//13636600"
    },
    {
        "spec": {
            "Operating Platform": "Android",
            "Screen Size (inches)": "8",
            "Storage Capacity": "16GB",
            "Wireless Capabilities": "Wi-Fi"
        },
        "url": "abt.com//15459051"
    },
    {
        "spec": {
            "Depth (inches)": "0.39\"",
            "Height (inches)": "4.87\"",
            "Width (inches)": "2.53\""
        },
        "url": "abt.com//1852442"
    },
    {
        "spec": {
            "Operating Platform": "Apple iOS",
            "Screen Size (inches)": "9.7\"",
            "Storage Capacity": "32GB",
            "Wireless Capabilities": "WiFi + 4G Verizon"
        },
        "url": "abt.com//3344462"
    },
    {
        "spec": {
            "Battery Capacity (mAh)": "2420",
            "Compatibility": "Apple iPhone 7 Plus",
            "Type": "Battery Case"
        },
        "url": "abt.com//3088511"
    },
    {
        "spec": {
            "Operating Platform": "Android",
            "Screen Size (inches)": "10.1",
            "Storage Capacity": "16GB",
            "Wireless Capabilities": "Wi-Fi"
        },
        "url": "abt.com//2121400"
    }
]