{
    "10108495": [
        "abt.com//15033596",
        "abt.com//8849813"
    ],
    "10330009": [
        "abt.com//15388050",
        "abt.com//1775371"
    ],
    "10428342": [
        "abt.com//8664948"
    ],
    "11241111": [
        "abt.com//10290548",
        "abt.com//3744934"
    ],
    "11836922": [
        "abt.com//11144685",
        "abt.com//7596292",
        "abt.com//834111",
        "abt.com//9344117"
    ],
    "1243161": [
        "abt.com//15695276"
    ],
    "1272545": [
        "abt.com//7003707"
    ],
    "1311443": [
        "abt.com//5307109"
    ],
    "13181601": [
        "abt.com//12402163",
        "abt.com//4214852"
    ],
    "13899464": [
        "abt.com//12884567",
        "abt.com//5696195"
    ],
    "13916615": [
        "abt.com//12697791",
        "abt.com//3470769"
    ],
    "1442923": [
        "abt.com//5456000"
    ],
    "1504956": [
        "abt.com//1694924"
    ],
    "15340152": [
        "abt.com//15870360",
        "abt.com//16095491"
    ],
    "15408485": [
        "abt.com//8097529",
        "abt.com//9247743"
    ],
    "15408757": [
        "abt.com//11660409",
        "abt.com//5698766"
    ],
    "2335855": [
        "abt.com//11065955",
        "abt.com//145749"
    ],
    "2895060": [
        "abt.com//16630552",
        "abt.com//7303046",
        "abt.com//8367075"
    ],
    "2896553": [
        "abt.com//10311699",
        "abt.com//4471285"
    ],
    "3194347": [
        "abt.com//16155207",
        "abt.com//16595874"
    ],
    "388205": [
        "abt.com//6041659"
    ],
    "4520498": [
        "abt.com//14694376",
        "abt.com//9568625"
    ],
    "4553004": [
        "abt.com//10106438",
        "abt.com//14373575",
        "abt.com//17554678"
    ],
    "4554533": [
        "abt.com//14968745",
        "abt.com//15623063"
    ],
    "456101": [
        "abt.com//1216497"
    ],
    "4928296": [
        "abt.com//16532924",
        "abt.com//8134527"
    ],
    "537817": [
        "abt.com//7978661"
    ],
    "5804593": [
        "abt.com//11510266",
        "abt.com//11970138"
    ],
    "5810342": [
        "abt.com//12472187",
        "abt.com//914320"
    ],
    "6324313": [
        "abt.com//4992075",
        "abt.com//6723218"
    ],
    "6678994": [
        "abt.com//10312108",
        "abt.com//5227233"
    ],
    "6752958": [
        "abt.com//14130619",
        "abt.com//9807121"
    ],
    "7138053": [
        "abt.com//2567205",
        "abt.com//4751488"
    ],
    "7547592": [
        "abt.com//6922374",
        "abt.com//8165002"
    ],
    "785970": [
        "abt.com//14264379"
    ],
    "7895136": [
        "abt.com//11934487",
        "abt.com//16126186"
    ],
    "7895138": [
        "abt.com//13199359",
        "abt.com//3770576"
    ],
    "7895853": [
        "abt.com//15882245",
        "abt.com//8569209"
    ],
    "812291": [
        "abt.com//12684753"
    ],
    "8227496": [
        "abt.com//2184453",
        "abt.com//8925255"
    ],
    "8803819": [
        "abt.com//12471631",
        "abt.com//16024402"
    ],
    "899306": [
        "abt.com//16703872"
    ],
    "9700265": [
        "abt.com//16137964",
        "abt.com//16958127"
    ],
    "9937446": [
        "abt.com//17067968",
        "abt.com//3804922"
    ]
}