{
    "10108495": [
        "abt.com//15033596",
        "abt.com//8849813"
    ],
    "10172506": [
        "abt.com//7797645"
    ],
    "10330009": [
        "abt.com//15388050",
        "abt.com//1775371"
    ],
    "10330910": [
        "abt.com//824542"
    ],
    "10352962": [
        "abt.com//2379382"
    ],
    "10428342": [
        "abt.com//8664948"
    ],
    "10490557": [
        "abt.com//4758945"
    ],
    "1067970": [
        "abt.com//2925654"
    ],
    "10731852": [
        "abt.com//1764285"
    ],
    "10769177": [
        "abt.com//3651709"
    ],
    "10818242": [
        "abt.com//14585297"
    ],
    "1089357": [
        "abt.com//8705245"
    ],
    "11241111": [
        "abt.com//10290548",
        "abt.com//3744934"
    ],
    "11273001": [
        "abt.com//7223207"
    ],
    "11285655": [
        "abt.com//11378367"
    ],
    "11291307": [
        "abt.com//13927445"
    ],
    "11296934": [
        "abt.com//8559183"
    ],
    "11310444": [
        "abt.com//10678536"
    ],
    "11339314": [
        "abt.com//11552856"
    ],
    "11345239": [
        "abt.com//1380514"
    ],
    "11345344": [
        "abt.com//3259817"
    ],
    "11345454": [
        "abt.com//6677955"
    ],
    "11372667": [
        "abt.com//7696981"
    ],
    "11418765": [
        "abt.com//391132"
    ],
    "11418874": [
        "abt.com//10520133"
    ],
    "11418898": [
        "abt.com//15752641"
    ],
    "11510972": [
        "abt.com//11893659"
    ],
    "11685594": [
        "abt.com//10379978"
    ],
    "11836922": [
        "abt.com//11144685",
        "abt.com//7596292",
        "abt.com//834111",
        "abt.com//9344117"
    ],
    "11946395": [
        "abt.com//17314219"
    ],
    "12028836": [
        "abt.com//679448"
    ],
    "12075781": [
        "abt.com//3902902"
    ],
    "12075857": [
        "abt.com//10873148"
    ],
    "1243161": [
        "abt.com//15695276"
    ],
    "12503590": [
        "abt.com//17273671"
    ],
    "12530589": [
        "abt.com//4939527"
    ],
    "12530819": [
        "abt.com//16828843"
    ],
    "12531231": [
        "abt.com//3296921"
    ],
    "12536923": [
        "abt.com//9359336"
    ],
    "12605946": [
        "abt.com//12058570"
    ],
    "12691217": [
        "abt.com//13575861"
    ],
    "1272545": [
        "abt.com//7003707"
    ],
    "12786969": [
        "abt.com//12891375"
    ],
    "12912160": [
        "abt.com//6073968"
    ],
    "12960482": [
        "abt.com//8904580"
    ],
    "1311443": [
        "abt.com//5307109"
    ],
    "13181601": [
        "abt.com//12402163",
        "abt.com//4214852"
    ],
    "13358908": [
        "abt.com//9302069"
    ],
    "13579185": [
        "abt.com//12492646"
    ],
    "13586572": [
        "abt.com//4223660"
    ],
    "13644471": [
        "abt.com//11859909"
    ],
    "13658389": [
        "abt.com//5901043"
    ],
    "13804079": [
        "abt.com//15093587"
    ],
    "13899464": [
        "abt.com//12884567",
        "abt.com//5696195"
    ],
    "13912489": [
        "abt.com//9145897"
    ],
    "13916615": [
        "abt.com//12697791",
        "abt.com//3470769"
    ],
    "13921511": [
        "abt.com//3093496"
    ],
    "13921586": [
        "abt.com//14312248"
    ],
    "1442923": [
        "abt.com//5456000"
    ],
    "14741379": [
        "abt.com//9663227"
    ],
    "14745667": [
        "abt.com//10613278"
    ],
    "14769401": [
        "abt.com//1236294"
    ],
    "14769449": [
        "abt.com//10138477"
    ],
    "14772116": [
        "abt.com//6834435"
    ],
    "14773577": [
        "abt.com//3504031"
    ],
    "14776445": [
        "abt.com//9402308"
    ],
    "14788009": [
        "abt.com//7460"
    ],
    "14794285": [
        "abt.com//3125138"
    ],
    "14802882": [
        "abt.com//10367538"
    ],
    "14804635": [
        "abt.com//9780061"
    ],
    "14814594": [
        "abt.com//9750883"
    ],
    "14830258": [
        "abt.com//14766773"
    ],
    "14831480": [
        "abt.com//17059574"
    ],
    "14865564": [
        "abt.com//5814695"
    ],
    "1504956": [
        "abt.com//1694924"
    ],
    "15340152": [
        "abt.com//15870360",
        "abt.com//16095491"
    ],
    "15408447": [
        "abt.com//6094261"
    ],
    "15408485": [
        "abt.com//8097529",
        "abt.com//9247743"
    ],
    "15408757": [
        "abt.com//11660409",
        "abt.com//5698766"
    ],
    "15584448": [
        "abt.com//17051823"
    ],
    "15648709": [
        "abt.com//16900070"
    ],
    "15708312": [
        "abt.com//11898560"
    ],
    "15711170": [
        "abt.com//16010705"
    ],
    "15727587": [
        "abt.com//15066332"
    ],
    "16023018": [
        "abt.com//6033106"
    ],
    "16057634": [
        "abt.com//16172766"
    ],
    "16200120": [
        "abt.com//15176267"
    ],
    "1687357": [
        "abt.com//5229814"
    ],
    "1689867": [
        "abt.com//10649842"
    ],
    "1866952": [
        "abt.com//9149663"
    ],
    "1991084": [
        "abt.com//17133564"
    ],
    "1998834": [
        "abt.com//5532168"
    ],
    "221370": [
        "abt.com//4619978"
    ],
    "2335855": [
        "abt.com//11065955",
        "abt.com//145749"
    ],
    "2335884": [
        "abt.com//5563235"
    ],
    "2341202": [
        "abt.com//16780164"
    ],
    "2348824": [
        "abt.com//7022926"
    ],
    "2348854": [
        "abt.com//6122103"
    ],
    "2371004": [
        "abt.com//4536515"
    ],
    "2518897": [
        "abt.com//8902845"
    ],
    "2525256": [
        "abt.com//10901804"
    ],
    "2760358": [
        "abt.com//12153201"
    ],
    "2784372": [
        "abt.com//5929094"
    ],
    "2801200": [
        "abt.com//6621536"
    ],
    "2802227": [
        "abt.com//9752327"
    ],
    "2802792": [
        "abt.com//10276088"
    ],
    "2820074": [
        "abt.com//12376752"
    ],
    "2839384": [
        "abt.com//2190238"
    ],
    "2892573": [
        "abt.com//7589809"
    ],
    "2895060": [
        "abt.com//16630552",
        "abt.com//7303046",
        "abt.com//8367075"
    ],
    "2895081": [
        "abt.com//1823368"
    ],
    "2896553": [
        "abt.com//10311699",
        "abt.com//4471285"
    ],
    "2935811": [
        "abt.com//9288887"
    ],
    "3022646": [
        "abt.com//848522"
    ],
    "3048905": [
        "abt.com//2493557"
    ],
    "3146074": [
        "abt.com//8002616"
    ],
    "3146076": [
        "abt.com//1547994"
    ],
    "3194347": [
        "abt.com//16155207",
        "abt.com//16595874"
    ],
    "3197013": [
        "abt.com//6133068"
    ],
    "3227709": [
        "abt.com//3728020"
    ],
    "3356968": [
        "abt.com//1090328"
    ],
    "3403399": [
        "abt.com//11075661"
    ],
    "3489848": [
        "abt.com//7755165"
    ],
    "3506119": [
        "abt.com//1931198"
    ],
    "3522962": [
        "abt.com//14160414"
    ],
    "3524525": [
        "abt.com//9774260"
    ],
    "3537814": [
        "abt.com//338743"
    ],
    "3540063": [
        "abt.com//984582"
    ],
    "3554774": [
        "abt.com//15010624"
    ],
    "3557359": [
        "abt.com//7348570"
    ],
    "388205": [
        "abt.com//6041659"
    ],
    "4086830": [
        "abt.com//16233927"
    ],
    "4345205": [
        "abt.com//8260603"
    ],
    "4347290": [
        "abt.com//106131"
    ],
    "4361419": [
        "abt.com//2660216"
    ],
    "4366721": [
        "abt.com//5683333"
    ],
    "4389055": [
        "abt.com//3395008"
    ],
    "4389632": [
        "abt.com//7381375"
    ],
    "4520444": [
        "abt.com//4524244"
    ],
    "4520498": [
        "abt.com//14694376",
        "abt.com//9568625"
    ],
    "4553004": [
        "abt.com//10106438",
        "abt.com//14373575",
        "abt.com//17554678"
    ],
    "4554015": [
        "abt.com//11343012"
    ],
    "4554065": [
        "abt.com//5373511"
    ],
    "4554158": [
        "abt.com//7419058"
    ],
    "4554441": [
        "abt.com//8702508"
    ],
    "4554533": [
        "abt.com//14968745",
        "abt.com//15623063"
    ],
    "4554609": [
        "abt.com//7023617"
    ],
    "4554668": [
        "abt.com//374658"
    ],
    "4554687": [
        "abt.com//15776863"
    ],
    "456101": [
        "abt.com//1216497"
    ],
    "4710907": [
        "abt.com//3514549"
    ],
    "4713921": [
        "abt.com//7751792"
    ],
    "4802731": [
        "abt.com//16023589"
    ],
    "4908861": [
        "abt.com//4353194"
    ],
    "4909502": [
        "abt.com//15935395"
    ],
    "4910181": [
        "abt.com//856315"
    ],
    "4910193": [
        "abt.com//739811"
    ],
    "4921204": [
        "abt.com//14982700"
    ],
    "4928296": [
        "abt.com//16532924",
        "abt.com//8134527"
    ],
    "503890": [
        "abt.com//3530898"
    ],
    "5207759": [
        "abt.com//8725304"
    ],
    "537817": [
        "abt.com//7978661"
    ],
    "5401956": [
        "abt.com//11828097"
    ],
    "5413166": [
        "abt.com//7697104"
    ],
    "5432348": [
        "abt.com//3291671"
    ],
    "5635473": [
        "abt.com//6054267"
    ],
    "5635477": [
        "abt.com//2954577"
    ],
    "5652949": [
        "abt.com//15559017"
    ],
    "5652950": [
        "abt.com//16051031"
    ],
    "5710069": [
        "abt.com//16382773"
    ],
    "5712869": [
        "abt.com//10782701"
    ],
    "5761124": [
        "abt.com//15709866"
    ],
    "5762018": [
        "abt.com//10477824"
    ],
    "5804593": [
        "abt.com//11510266",
        "abt.com//11970138"
    ],
    "5810342": [
        "abt.com//12472187",
        "abt.com//914320"
    ],
    "5843779": [
        "abt.com//2634297"
    ],
    "5845988": [
        "abt.com//12808562"
    ],
    "5847463": [
        "abt.com//41645"
    ],
    "5855937": [
        "abt.com//13948787"
    ],
    "5864366": [
        "abt.com//13153179"
    ],
    "5878978": [
        "abt.com//10061553"
    ],
    "5882193": [
        "abt.com//2392571"
    ],
    "5883967": [
        "abt.com//16962311"
    ],
    "5907435": [
        "abt.com//9299893"
    ],
    "6061891": [
        "abt.com//16742922"
    ],
    "6143534": [
        "abt.com//6279341"
    ],
    "6228429": [
        "abt.com//9652751"
    ],
    "6240771": [
        "abt.com//8584026"
    ],
    "6301211": [
        "abt.com//15001132"
    ],
    "6324313": [
        "abt.com//4992075",
        "abt.com//6723218"
    ],
    "6370531": [
        "abt.com//3677520"
    ],
    "637908": [
        "abt.com//7097184"
    ],
    "6467588": [
        "abt.com//4339350"
    ],
    "6560997": [
        "abt.com//16063199"
    ],
    "6621066": [
        "abt.com//8894635"
    ],
    "6622734": [
        "abt.com//16428095"
    ],
    "6638471": [
        "abt.com//17473453"
    ],
    "6657835": [
        "abt.com//11102323"
    ],
    "6672212": [
        "abt.com//15573514"
    ],
    "6672888": [
        "abt.com//13013803"
    ],
    "6678994": [
        "abt.com//10312108",
        "abt.com//5227233"
    ],
    "6752958": [
        "abt.com//14130619",
        "abt.com//9807121"
    ],
    "6757879": [
        "abt.com//9703049"
    ],
    "684540": [
        "abt.com//9059857"
    ],
    "7038986": [
        "abt.com//10008639"
    ],
    "7138053": [
        "abt.com//2567205",
        "abt.com//4751488"
    ],
    "7150155": [
        "abt.com//15299135"
    ],
    "7196349": [
        "abt.com//16785594"
    ],
    "7217434": [
        "abt.com//10699259"
    ],
    "7312205": [
        "abt.com//1481732"
    ],
    "748800": [
        "abt.com//11284021"
    ],
    "7547592": [
        "abt.com//6922374",
        "abt.com//8165002"
    ],
    "7759061": [
        "abt.com//16410105"
    ],
    "7844499": [
        "abt.com//514286"
    ],
    "7855753": [
        "abt.com//7234549"
    ],
    "785970": [
        "abt.com//14264379"
    ],
    "7895136": [
        "abt.com//11934487",
        "abt.com//16126186"
    ],
    "7895138": [
        "abt.com//13199359",
        "abt.com//3770576"
    ],
    "7895840": [
        "abt.com//8731897"
    ],
    "7895853": [
        "abt.com//15882245",
        "abt.com//8569209"
    ],
    "79088": [
        "abt.com//5752671"
    ],
    "7958289": [
        "abt.com//16758128"
    ],
    "8010754": [
        "abt.com//8493977"
    ],
    "8117512": [
        "abt.com//6495483"
    ],
    "812291": [
        "abt.com//12684753"
    ],
    "8220408": [
        "abt.com//8254382"
    ],
    "8220446": [
        "abt.com//15432428"
    ],
    "8221372": [
        "abt.com//3194376"
    ],
    "8221373": [
        "abt.com//4228598"
    ],
    "8221868": [
        "abt.com//1490833"
    ],
    "8221869": [
        "abt.com//2834186"
    ],
    "8222902": [
        "abt.com//10577358"
    ],
    "8223662": [
        "abt.com//939615"
    ],
    "8227496": [
        "abt.com//2184453",
        "abt.com//8925255"
    ],
    "8234308": [
        "abt.com//12578143"
    ],
    "8234668": [
        "abt.com//17514686"
    ],
    "8234787": [
        "abt.com//6270555"
    ],
    "8236175": [
        "abt.com//11573877"
    ],
    "8236177": [
        "abt.com//9835305"
    ],
    "8236178": [
        "abt.com//4451801"
    ],
    "8237287": [
        "abt.com//17070298"
    ],
    "8237373": [
        "abt.com//15052113"
    ],
    "8252969": [
        "abt.com//9323802"
    ],
    "8253771": [
        "abt.com//12274831"
    ],
    "8253773": [
        "abt.com//15131724"
    ],
    "8253788": [
        "abt.com//17437410"
    ],
    "8255040": [
        "abt.com//2087456"
    ],
    "8255060": [
        "abt.com//2046812"
    ],
    "8255062": [
        "abt.com//10204667"
    ],
    "8255378": [
        "abt.com//16185862"
    ],
    "8255386": [
        "abt.com//13694670"
    ],
    "8255900": [
        "abt.com//2104383"
    ],
    "8257794": [
        "abt.com//4298824"
    ],
    "8266408": [
        "abt.com//13447784"
    ],
    "8267074": [
        "abt.com//13661996"
    ],
    "8267302": [
        "abt.com//17259862"
    ],
    "8268617": [
        "abt.com//3570560"
    ],
    "8268633": [
        "abt.com//14191853"
    ],
    "8299243": [
        "abt.com//16552110"
    ],
    "8299257": [
        "abt.com//2061783"
    ],
    "8299260": [
        "abt.com//10964043"
    ],
    "8299261": [
        "abt.com//10077400"
    ],
    "8299262": [
        "abt.com//5506061"
    ],
    "8299263": [
        "abt.com//9975690"
    ],
    "8299273": [
        "abt.com//2884826"
    ],
    "8299274": [
        "abt.com//13526560"
    ],
    "8342617": [
        "abt.com//6462785"
    ],
    "869465": [
        "abt.com//3116004"
    ],
    "8802714": [
        "abt.com//10191233"
    ],
    "8803819": [
        "abt.com//12471631",
        "abt.com//16024402"
    ],
    "8819549": [
        "abt.com//7203199"
    ],
    "8917902": [
        "abt.com//4483820"
    ],
    "899306": [
        "abt.com//16703872"
    ],
    "9008874": [
        "abt.com//13731799"
    ],
    "9047985": [
        "abt.com//7987233"
    ],
    "9107970": [
        "abt.com//10283958"
    ],
    "9186227": [
        "abt.com//13352026"
    ],
    "9214495": [
        "abt.com//5096017"
    ],
    "9242702": [
        "abt.com//16971756"
    ],
    "9266052": [
        "abt.com//1351642"
    ],
    "9268894": [
        "abt.com//16958838"
    ],
    "9390652": [
        "abt.com//7207500"
    ],
    "9399102": [
        "abt.com//3301716"
    ],
    "9489590": [
        "abt.com//14636415"
    ],
    "9596885": [
        "abt.com//14599229"
    ],
    "9700265": [
        "abt.com//16137964",
        "abt.com//16958127"
    ],
    "9700275": [
        "abt.com//4920819"
    ],
    "9700323": [
        "abt.com//801968"
    ],
    "9700509": [
        "abt.com//16920280"
    ],
    "9811283": [
        "abt.com//7083643"
    ],
    "9828452": [
        "abt.com//12333653"
    ],
    "9843829": [
        "abt.com//12807505"
    ],
    "9937446": [
        "abt.com//17067968",
        "abt.com//3804922"
    ]
}