{
    "10452571": [
        "abt.com//13950316",
        "abt.com//15044513"
    ],
    "10454396": [
        "abt.com//10529221",
        "abt.com//7084018"
    ],
    "10467233": [
        "abt.com//242084",
        "abt.com//7940570"
    ],
    "10467254": [
        "abt.com//11991278",
        "abt.com//2547311"
    ],
    "10499799": [
        "abt.com//10372180",
        "abt.com//2523798",
        "abt.com//6715018"
    ],
    "10499833": [
        "abt.com//1922937",
        "abt.com//8915082"
    ],
    "10500795": [
        "abt.com//10964338",
        "abt.com//12179167"
    ],
    "10511311": [
        "abt.com//17548396",
        "abt.com//3198965"
    ],
    "10530378": [
        "abt.com//12991219",
        "abt.com//6708674"
    ],
    "10739677": [
        "abt.com//12542253",
        "abt.com//772842"
    ],
    "10817779": [
        "abt.com//4632319",
        "abt.com//7501633"
    ],
    "1129316": [
        "abt.com//12121765",
        "abt.com//14044665"
    ],
    "11968427": [
        "abt.com//16049368",
        "abt.com//4437157"
    ],
    "11968659": [
        "abt.com//1894960",
        "abt.com//1969128"
    ],
    "12077275": [
        "abt.com//11064772",
        "abt.com//1502578"
    ],
    "12082269": [
        "abt.com//16216090",
        "abt.com//16251212"
    ],
    "12095760": [
        "abt.com//15753458",
        "abt.com//4593352",
        "abt.com//6105512"
    ],
    "12114632": [
        "abt.com//14458601",
        "abt.com//14587970"
    ],
    "12144582": [
        "abt.com//15676826",
        "abt.com//2194014"
    ],
    "12145150": [
        "abt.com//13050807",
        "abt.com//14353014"
    ],
    "12145882": [
        "abt.com//6650818",
        "abt.com//9773785"
    ],
    "12145888": [
        "abt.com//7372290",
        "abt.com//9887316"
    ],
    "12427376": [
        "abt.com//1025736",
        "abt.com//9740336"
    ],
    "12428121": [
        "abt.com//10809167",
        "abt.com//17189628"
    ],
    "12491350": [
        "abt.com//13103363",
        "abt.com//8967192"
    ],
    "12708959": [
        "abt.com//1640323",
        "abt.com//8724979"
    ],
    "12815765": [
        "abt.com//13917000",
        "abt.com//7866354"
    ],
    "12818566": [
        "abt.com//12400585",
        "abt.com//12585278"
    ],
    "12830711": [
        "abt.com//4656371",
        "abt.com//9112839"
    ],
    "12831011": [
        "abt.com//1112799",
        "abt.com//9895607"
    ],
    "12860916": [
        "abt.com//3720578",
        "abt.com//59194"
    ],
    "12862337": [
        "abt.com//11401953",
        "abt.com//13496466"
    ],
    "12913209": [
        "abt.com//10151442",
        "abt.com//17488561"
    ],
    "12960875": [
        "abt.com//13038650",
        "abt.com//2145890"
    ],
    "12966037": [
        "abt.com//6099123",
        "abt.com//8634056"
    ],
    "13154577": [
        "abt.com//15793945",
        "abt.com//17524318"
    ],
    "13416107": [
        "abt.com//4993308",
        "abt.com//7402150",
        "abt.com//9632908"
    ],
    "13431558": [
        "abt.com//13227143",
        "abt.com//3711019"
    ],
    "13449528": [
        "abt.com//3918854",
        "abt.com//9200364"
    ],
    "13580338": [
        "abt.com//17081876",
        "abt.com//9117743"
    ],
    "13634995": [
        "abt.com//17535475",
        "abt.com//8325935"
    ],
    "13646675": [
        "abt.com//14374371",
        "abt.com//653565"
    ],
    "13657918": [
        "abt.com//11280078",
        "abt.com//14397096"
    ],
    "13678928": [
        "abt.com//138632",
        "abt.com//6972622"
    ],
    "13694078": [
        "abt.com//1907043",
        "abt.com//5537894"
    ],
    "13728404": [
        "abt.com//1154803",
        "abt.com//3121266"
    ],
    "13728893": [
        "abt.com//9332106",
        "abt.com//972922"
    ],
    "13738069": [
        "abt.com//1260978",
        "abt.com//7351463",
        "abt.com//9714986"
    ],
    "13741800": [
        "abt.com//13531769",
        "abt.com//14410033"
    ],
    "13742611": [
        "abt.com//10061536",
        "abt.com//17453520"
    ],
    "13742686": [
        "abt.com//12470215",
        "abt.com//14858954"
    ],
    "13747032": [
        "abt.com//1739412",
        "abt.com//4603459"
    ],
    "13949900": [
        "abt.com//2379909",
        "abt.com//5474640"
    ],
    "14010888": [
        "abt.com//1918975",
        "abt.com//9052920"
    ],
    "14037188": [
        "abt.com//13194438",
        "abt.com//14503168"
    ],
    "14037571": [
        "abt.com//12224558",
        "abt.com//2017522",
        "abt.com//8983753"
    ],
    "14055116": [
        "abt.com//11307308",
        "abt.com//13351549"
    ],
    "14055637": [
        "abt.com//1077824",
        "abt.com//5609416"
    ],
    "14055921": [
        "abt.com//12281932",
        "abt.com//14662750"
    ],
    "14055964": [
        "abt.com//1086587",
        "abt.com//12309743"
    ],
    "14057188": [
        "abt.com//11032274",
        "abt.com//6702721"
    ],
    "14057301": [
        "abt.com//1274389",
        "abt.com//1685153"
    ],
    "14057599": [
        "abt.com//1884098",
        "abt.com//6589291"
    ],
    "14059447": [
        "abt.com//2296906",
        "abt.com//5276048"
    ],
    "14059475": [
        "abt.com//11024579",
        "abt.com//11251889"
    ],
    "14060058": [
        "abt.com//277387",
        "abt.com//9894420"
    ],
    "14069931": [
        "abt.com//14056273",
        "abt.com//8839273"
    ],
    "14072824": [
        "abt.com//4300058",
        "abt.com//5156276"
    ],
    "14073182": [
        "abt.com//11597676",
        "abt.com//1237577"
    ],
    "14083605": [
        "abt.com//11301482",
        "abt.com//81509"
    ],
    "14089944": [
        "abt.com//1436467",
        "abt.com//5348170"
    ],
    "14105910": [
        "abt.com//10902328",
        "abt.com//5082523"
    ],
    "14124521": [
        "abt.com//13412074",
        "abt.com//13437070"
    ],
    "14134114": [
        "abt.com//12974283",
        "abt.com//8077070"
    ],
    "14145161": [
        "abt.com//14944600",
        "abt.com//7243130"
    ],
    "14453754": [
        "abt.com//4699631",
        "abt.com//5045705"
    ],
    "14461102": [
        "abt.com//13043563",
        "abt.com//499555"
    ],
    "14474645": [
        "abt.com//3068990",
        "abt.com//9985736"
    ],
    "14502263": [
        "abt.com//17272304",
        "abt.com//4047146"
    ],
    "14502288": [
        "abt.com//15405500",
        "abt.com//9080740"
    ],
    "14691525": [
        "abt.com//13579411",
        "abt.com//3649325"
    ],
    "14737803": [
        "abt.com//11762097",
        "abt.com//13589454"
    ],
    "14852928": [
        "abt.com//15218908",
        "abt.com//938409"
    ],
    "14930509": [
        "abt.com//12419555",
        "abt.com//16470239"
    ],
    "14979914": [
        "abt.com//3011233",
        "abt.com//4303810"
    ],
    "14980306": [
        "abt.com//1176765",
        "abt.com//17174086"
    ],
    "15019303": [
        "abt.com//10969968",
        "abt.com//2868099"
    ],
    "15019738": [
        "abt.com//11781492",
        "abt.com//879731"
    ],
    "15020721": [
        "abt.com//17320807",
        "abt.com//9033839"
    ],
    "15020768": [
        "abt.com//14225251",
        "abt.com//775967"
    ],
    "15020782": [
        "abt.com//3931147",
        "abt.com//7942214"
    ],
    "15020876": [
        "abt.com//10258274",
        "abt.com//12300284"
    ],
    "15021507": [
        "abt.com//15267971",
        "abt.com//8462546"
    ],
    "15025226": [
        "abt.com//7865501",
        "abt.com//8582568"
    ],
    "15025283": [
        "abt.com//13869611",
        "abt.com//6583313"
    ],
    "15033315": [
        "abt.com//16335162",
        "abt.com//3235708"
    ],
    "15033936": [
        "abt.com//10009820",
        "abt.com//3767391"
    ],
    "15035037": [
        "abt.com//10773091",
        "abt.com//6516875"
    ],
    "15037700": [
        "abt.com//13321160",
        "abt.com//8062004"
    ],
    "15049791": [
        "abt.com//2872471",
        "abt.com//393136"
    ],
    "15050233": [
        "abt.com//11612817",
        "abt.com//3868093"
    ],
    "15050613": [
        "abt.com//13795130",
        "abt.com//9915114"
    ],
    "15051115": [
        "abt.com//12437958",
        "abt.com//8923997"
    ],
    "15067687": [
        "abt.com//17324696",
        "abt.com//7412689"
    ],
    "15069168": [
        "abt.com//13951424",
        "abt.com//644759"
    ],
    "15073202": [
        "abt.com//4007267",
        "abt.com//9851520"
    ],
    "15073639": [
        "abt.com//1829604",
        "abt.com//9591830"
    ],
    "15085947": [
        "abt.com//11524241",
        "abt.com//11995538"
    ],
    "15086358": [
        "abt.com//13104461",
        "abt.com//5859482",
        "abt.com//6857046"
    ],
    "15086844": [
        "abt.com//5687660",
        "abt.com//852358"
    ],
    "15086920": [
        "abt.com//11881009",
        "abt.com//9195745"
    ],
    "15097691": [
        "abt.com//16549265",
        "abt.com//16810609"
    ],
    "15201865": [
        "abt.com//14406529",
        "abt.com//63945"
    ],
    "1522277": [
        "abt.com//13309241",
        "abt.com//16851001"
    ],
    "15239859": [
        "abt.com//17210617",
        "abt.com//6942614"
    ],
    "15312303": [
        "abt.com//114635",
        "abt.com//6734075"
    ],
    "15312327": [
        "abt.com//4017481",
        "abt.com//6040236"
    ],
    "15360156": [
        "abt.com//5883286",
        "abt.com//8989556"
    ],
    "15361677": [
        "abt.com//16833215",
        "abt.com//3599505"
    ],
    "15390691": [
        "abt.com//17248074",
        "abt.com//3749874"
    ],
    "15417386": [
        "abt.com//10527159",
        "abt.com//582693"
    ],
    "15430676": [
        "abt.com//15751663",
        "abt.com//16161181"
    ],
    "15430699": [
        "abt.com//5829372",
        "abt.com//8345719"
    ],
    "15432123": [
        "abt.com//13320152",
        "abt.com//14042089"
    ],
    "15485710": [
        "abt.com//1503224",
        "abt.com//3068845"
    ],
    "15487767": [
        "abt.com//3956274",
        "abt.com//9585500"
    ],
    "15513061": [
        "abt.com//2482558",
        "abt.com//8753248"
    ],
    "15513539": [
        "abt.com//15049858",
        "abt.com//9598809"
    ],
    "15513555": [
        "abt.com//10445817",
        "abt.com//782465"
    ],
    "15514378": [
        "abt.com//10960848",
        "abt.com//3332589"
    ],
    "15523381": [
        "abt.com//14880089",
        "abt.com//1712837"
    ],
    "15528750": [
        "abt.com//7718181",
        "abt.com//9913138"
    ],
    "15528765": [
        "abt.com//17331316",
        "abt.com//2761943"
    ],
    "15530100": [
        "abt.com//12110638",
        "abt.com//3889319"
    ],
    "15530180": [
        "abt.com//10525226",
        "abt.com//4836715"
    ],
    "15530197": [
        "abt.com//15425829",
        "abt.com//9890635"
    ],
    "15538813": [
        "abt.com//17524204",
        "abt.com//9308290"
    ],
    "15763109": [
        "abt.com//16475955",
        "abt.com//3799121"
    ],
    "15763681": [
        "abt.com//15727531",
        "abt.com//16610037"
    ],
    "15825214": [
        "abt.com//3598000",
        "abt.com//477593"
    ],
    "15873076": [
        "abt.com//2884498",
        "abt.com//8199657"
    ],
    "15873430": [
        "abt.com//3842638",
        "abt.com//569892"
    ],
    "15891030": [
        "abt.com//1207056",
        "abt.com//12243723"
    ],
    "15892567": [
        "abt.com//11117581",
        "abt.com//5718720"
    ],
    "16010206": [
        "abt.com//5099845",
        "abt.com//5225826"
    ],
    "16040689": [
        "abt.com//12128447",
        "abt.com//13741756",
        "abt.com//8475038"
    ],
    "16061135": [
        "abt.com//1412806",
        "abt.com//6482634"
    ],
    "16099879": [
        "abt.com//10845081",
        "abt.com//4416920"
    ],
    "16165096": [
        "abt.com//2825370",
        "abt.com//972434"
    ],
    "16289891": [
        "abt.com//8573478",
        "abt.com//9759427"
    ],
    "16290999": [
        "abt.com//3025096",
        "abt.com//6735724"
    ],
    "16308655": [
        "abt.com//11444704",
        "abt.com//15076327"
    ],
    "16309470": [
        "abt.com//13178371",
        "abt.com//372504"
    ],
    "1821766": [
        "abt.com//14418625",
        "abt.com//4074760"
    ],
    "1823820": [
        "abt.com//11287895",
        "abt.com//6919255"
    ],
    "184250": [
        "abt.com//14600558",
        "abt.com//7579539"
    ],
    "1860791": [
        "abt.com//10933094",
        "abt.com//832412"
    ],
    "2027591": [
        "abt.com//12647693",
        "abt.com//968959"
    ],
    "2032570": [
        "abt.com//2274542",
        "abt.com//4161915"
    ],
    "2041466": [
        "abt.com//16965466",
        "abt.com//7800242"
    ],
    "2055630": [
        "abt.com//12883523",
        "abt.com//15502195",
        "abt.com//2920174"
    ],
    "2074082": [
        "abt.com//10319448",
        "abt.com//13577508"
    ],
    "2262421": [
        "abt.com//13437303",
        "abt.com//14453354"
    ],
    "2271227": [
        "abt.com//10096487",
        "abt.com//98261"
    ],
    "2286793": [
        "abt.com//17114615",
        "abt.com//9874965"
    ],
    "2287640": [
        "abt.com//4813262",
        "abt.com//8637253"
    ],
    "2296879": [
        "abt.com//213614",
        "abt.com//586410"
    ],
    "2296895": [
        "abt.com//1534804",
        "abt.com//9339597"
    ],
    "2310625": [
        "abt.com//12369721",
        "abt.com//3877290"
    ],
    "2311052": [
        "abt.com//5077933",
        "abt.com//9979083"
    ],
    "2311396": [
        "abt.com//10447278",
        "abt.com//4927649"
    ],
    "2311756": [
        "abt.com//12897554",
        "abt.com//3696055"
    ],
    "2312228": [
        "abt.com//2950787",
        "abt.com//3597277"
    ],
    "2313707": [
        "abt.com//11117420",
        "abt.com//3437083"
    ],
    "2314270": [
        "abt.com//2407399",
        "abt.com//8514792"
    ],
    "2314836": [
        "abt.com//11017384",
        "abt.com//3864114"
    ],
    "2314883": [
        "abt.com//5346204",
        "abt.com//5713364"
    ],
    "2314897": [
        "abt.com//15381929",
        "abt.com//7275632"
    ],
    "2351088": [
        "abt.com//11426976",
        "abt.com//14444375"
    ],
    "2351109": [
        "abt.com//17491695",
        "abt.com//6911051"
    ],
    "2351454": [
        "abt.com//1865901",
        "abt.com//3127678"
    ],
    "2471484": [
        "abt.com//12222756",
        "abt.com//17149948",
        "abt.com//3498302"
    ],
    "2503363": [
        "abt.com//11445290",
        "abt.com//15226267"
    ],
    "2551329": [
        "abt.com//15531091",
        "abt.com//1944066"
    ],
    "2552818": [
        "abt.com//11409385",
        "abt.com//16802150"
    ],
    "2559118": [
        "abt.com//14350215",
        "abt.com//14812999"
    ],
    "2664068": [
        "abt.com//16414409",
        "abt.com//16497630"
    ],
    "2665379": [
        "abt.com//1171143",
        "abt.com//6945478"
    ],
    "2665710": [
        "abt.com//10695658",
        "abt.com//9262290"
    ],
    "2667007": [
        "abt.com//13121927",
        "abt.com//15377512",
        "abt.com//7935618"
    ],
    "2745003": [
        "abt.com//4885678",
        "abt.com//7795834"
    ],
    "2823938": [
        "abt.com//14282320",
        "abt.com//8972189"
    ],
    "2866792": [
        "abt.com//14324710",
        "abt.com//15234675"
    ],
    "2867513": [
        "abt.com//4105579",
        "abt.com//6121962"
    ],
    "2897003": [
        "abt.com//12385160",
        "abt.com//13233397",
        "abt.com//1921419"
    ],
    "2916888": [
        "abt.com//12169813",
        "abt.com//1853622"
    ],
    "2921794": [
        "abt.com//11107667",
        "abt.com//9196451"
    ],
    "3074216": [
        "abt.com//16149604",
        "abt.com//9954858"
    ],
    "3074268": [
        "abt.com//4001440",
        "abt.com//9835460"
    ],
    "3076027": [
        "abt.com//11582890",
        "abt.com//1296045"
    ],
    "3077077": [
        "abt.com//1029535",
        "abt.com//14441185"
    ],
    "3077113": [
        "abt.com//11215033",
        "abt.com//143187"
    ],
    "3113830": [
        "abt.com//14335020",
        "abt.com//2987525",
        "abt.com//3908372",
        "abt.com//4186397"
    ],
    "3113832": [
        "abt.com//14441271",
        "abt.com//3014298"
    ],
    "3113863": [
        "abt.com//2813017",
        "abt.com//3053844"
    ],
    "3113890": [
        "abt.com//16594876",
        "abt.com//8165975"
    ],
    "3113930": [
        "abt.com//15064852",
        "abt.com//17208290"
    ],
    "3114220": [
        "abt.com//14047552",
        "abt.com//6684730"
    ],
    "3115906": [
        "abt.com//16904420",
        "abt.com//6669957"
    ],
    "320658": [
        "abt.com//7006675"
    ],
    "3211621": [
        "abt.com//15530397",
        "abt.com//9404137"
    ],
    "3211685": [
        "abt.com//10939842",
        "abt.com//13445786"
    ],
    "3222990": [
        "abt.com//14956654",
        "abt.com//7583745"
    ],
    "3227679": [
        "abt.com//11791063",
        "abt.com//2958940"
    ],
    "3227737": [
        "abt.com//10243685",
        "abt.com//1457740"
    ],
    "3242723": [
        "abt.com//15226354",
        "abt.com//17179837"
    ],
    "3270301": [
        "abt.com//14840068",
        "abt.com//9150819"
    ],
    "3289724": [
        "abt.com//10361011",
        "abt.com//3115588",
        "abt.com//7538792"
    ],
    "3295709": [
        "abt.com//16435856",
        "abt.com//3815100"
    ],
    "3336368": [
        "abt.com//12980417",
        "abt.com//13016665"
    ],
    "3336375": [
        "abt.com//16785733",
        "abt.com//17208748"
    ],
    "3336383": [
        "abt.com//12560046",
        "abt.com//168234"
    ],
    "3336825": [
        "abt.com//1883420",
        "abt.com//953755"
    ],
    "3383871": [
        "abt.com//10231627",
        "abt.com//15981946"
    ],
    "3383883": [
        "abt.com//10395715",
        "abt.com//6493617"
    ],
    "3383910": [
        "abt.com//2512291",
        "abt.com//9653864"
    ],
    "3406102": [
        "abt.com//15164280",
        "abt.com//15373958"
    ],
    "359545": [
        "abt.com//1275907",
        "abt.com//13946138"
    ],
    "3654543": [
        "abt.com//8218152",
        "abt.com//968990"
    ],
    "3679656": [
        "abt.com//7434444",
        "abt.com//7820453"
    ],
    "372391": [
        "abt.com//12046159",
        "abt.com//7204848"
    ],
    "3736323": [
        "abt.com//1947405",
        "abt.com//2448082"
    ],
    "3742993": [
        "abt.com//12164608",
        "abt.com//3925007"
    ],
    "3743313": [
        "abt.com//10072116",
        "abt.com//14657657"
    ],
    "3765324": [
        "abt.com//7097510",
        "abt.com//7558133"
    ],
    "3767422": [
        "abt.com//12762830",
        "abt.com//1720456"
    ],
    "378418": [
        "abt.com//16423365",
        "abt.com//6871721"
    ],
    "3847327": [
        "abt.com//14376632",
        "abt.com//14415248"
    ],
    "3888110": [
        "abt.com//14051970",
        "abt.com//4054506"
    ],
    "3953346": [
        "abt.com//5466033",
        "abt.com//6424380"
    ],
    "3975006": [
        "abt.com//12360539",
        "abt.com//9479437"
    ],
    "401418": [
        "abt.com//4224599"
    ],
    "4015205": [
        "abt.com//1208608",
        "abt.com//5758928"
    ],
    "4021948": [
        "abt.com//10481104",
        "abt.com//9773690"
    ],
    "4052754": [
        "abt.com//16300957",
        "abt.com//6049130"
    ],
    "4063434": [
        "abt.com//16058414",
        "abt.com//6324007"
    ],
    "4091412": [
        "abt.com//11650042",
        "abt.com//15735847"
    ],
    "4091894": [
        "abt.com//14113733",
        "abt.com//8783926"
    ],
    "4091911": [
        "abt.com//5844695",
        "abt.com//9099822"
    ],
    "4102543": [
        "abt.com//1642448",
        "abt.com//3991001"
    ],
    "4127344": [
        "abt.com//15260253",
        "abt.com//2837495"
    ],
    "4210303": [
        "abt.com//1223707",
        "abt.com//7615174"
    ],
    "4392826": [
        "abt.com//15679038",
        "abt.com//4213118"
    ],
    "4404548": [
        "abt.com//2199738",
        "abt.com//3464337"
    ],
    "445075": [
        "abt.com//13946001",
        "abt.com//2010947"
    ],
    "4510963": [
        "abt.com//13003635",
        "abt.com//7576131"
    ],
    "4520573": [
        "abt.com//12805698",
        "abt.com//3004098",
        "abt.com//3994491"
    ],
    "4534519": [
        "abt.com//13136066",
        "abt.com//5137355"
    ],
    "4535062": [
        "abt.com//10647351",
        "abt.com//13084078",
        "abt.com//908132"
    ],
    "4540835": [
        "abt.com//6957277",
        "abt.com//8071465"
    ],
    "4545855": [
        "abt.com//2124991",
        "abt.com//3224285"
    ],
    "4555626": [
        "abt.com//12833867",
        "abt.com//12971503"
    ],
    "4557997": [
        "abt.com//11363933",
        "abt.com//7186896"
    ],
    "4738493": [
        "abt.com//10603954",
        "abt.com//7788527"
    ],
    "4738514": [
        "abt.com//1027200",
        "abt.com//7795070"
    ],
    "4816135": [
        "abt.com//7873523",
        "abt.com//9626389"
    ],
    "4859218": [
        "abt.com//190023",
        "abt.com//5765400"
    ],
    "4914479": [
        "abt.com//1348058",
        "abt.com//13923227"
    ],
    "4918197": [
        "abt.com//13956985",
        "abt.com//9972726"
    ],
    "4924851": [
        "abt.com//6212177",
        "abt.com//8826178"
    ],
    "4929278": [
        "abt.com//10217686",
        "abt.com//14036576"
    ],
    "4930941": [
        "abt.com//3988562",
        "abt.com//6234084"
    ],
    "4945714": [
        "abt.com//11642460",
        "abt.com//5484991"
    ],
    "501954": [
        "abt.com//12443157"
    ],
    "5162638": [
        "abt.com//10874845",
        "abt.com//13268081",
        "abt.com//2907376"
    ],
    "5285303": [
        "abt.com//4899496",
        "abt.com//5219548"
    ],
    "532283": [
        "abt.com//12171532"
    ],
    "5326791": [
        "abt.com//10995529",
        "abt.com//11254987"
    ],
    "5401402": [
        "abt.com//1440120",
        "abt.com//6806470"
    ],
    "5434117": [
        "abt.com//7570913",
        "abt.com//9004282"
    ],
    "545497": [
        "abt.com//11444457",
        "abt.com//6590955"
    ],
    "5539378": [
        "abt.com//6046122",
        "abt.com//7216612"
    ],
    "5575151": [
        "abt.com//10012630",
        "abt.com//7975736"
    ],
    "5786872": [
        "abt.com//16267701",
        "abt.com//17244992"
    ],
    "5907567": [
        "abt.com//2511440",
        "abt.com//6469273"
    ],
    "5945518": [
        "abt.com//2618118",
        "abt.com//3972493"
    ],
    "5954047": [
        "abt.com//11195356",
        "abt.com//16608456"
    ],
    "5955432": [
        "abt.com//4296446",
        "abt.com//7606601"
    ],
    "6005292": [
        "abt.com//15198185",
        "abt.com//2442908"
    ],
    "6005581": [
        "abt.com//4118276",
        "abt.com//5727174"
    ],
    "6008877": [
        "abt.com//12416729",
        "abt.com//1284552"
    ],
    "6047853": [
        "abt.com//12529326",
        "abt.com//882569"
    ],
    "6086960": [
        "abt.com//10063093",
        "abt.com//12836082"
    ],
    "6087458": [
        "abt.com//2208063",
        "abt.com//5391582"
    ],
    "6087792": [
        "abt.com//10520978",
        "abt.com//11964277"
    ],
    "6360972": [
        "abt.com//10427237",
        "abt.com//623681"
    ],
    "6389127": [
        "abt.com//1824548",
        "abt.com//59838"
    ],
    "6404476": [
        "abt.com//11451657",
        "abt.com//4865559"
    ],
    "6417365": [
        "abt.com//12015715",
        "abt.com//14932232"
    ],
    "6457863": [
        "abt.com//11922483",
        "abt.com//9810484"
    ],
    "6471522": [
        "abt.com//12108261",
        "abt.com//15472922"
    ],
    "6471534": [
        "abt.com//6305428",
        "abt.com//6360908"
    ],
    "6473519": [
        "abt.com//2669041",
        "abt.com//8674253"
    ],
    "6473570": [
        "abt.com//13381966",
        "abt.com//1470319"
    ],
    "6585135": [
        "abt.com//14076870",
        "abt.com//1455186"
    ],
    "6585263": [
        "abt.com//17205261",
        "abt.com//9431438"
    ],
    "6594226": [
        "abt.com//11958730",
        "abt.com//16405653"
    ],
    "6594260": [
        "abt.com//1530322",
        "abt.com//4083616"
    ],
    "6796541": [
        "abt.com//13192852",
        "abt.com//15867430",
        "abt.com//8802073"
    ],
    "6798570": [
        "abt.com//10649270",
        "abt.com//13902254",
        "abt.com//3530421"
    ],
    "6849839": [
        "abt.com//16871481",
        "abt.com//3743305"
    ],
    "6864006": [
        "abt.com//10085411",
        "abt.com//14065432",
        "abt.com//4714803",
        "abt.com//9715017"
    ],
    "6864353": [
        "abt.com//10192472",
        "abt.com//5160130"
    ],
    "6888605": [
        "abt.com//4306272",
        "abt.com//7058842"
    ],
    "6903658": [
        "abt.com//13595098",
        "abt.com//9293624"
    ],
    "6904626": [
        "abt.com//5039613",
        "abt.com//6108579"
    ],
    "7016992": [
        "abt.com//5033533",
        "abt.com//685769"
    ],
    "7055098": [
        "abt.com//10307565",
        "abt.com//5583139"
    ],
    "7178368": [
        "abt.com//15716046",
        "abt.com//8932210"
    ],
    "7189843": [
        "abt.com//330503",
        "abt.com//8349801"
    ],
    "7241075": [
        "abt.com//2884843",
        "abt.com//7352320"
    ],
    "7331900": [
        "abt.com//14183742",
        "abt.com//9128366"
    ],
    "7358547": [
        "abt.com//2685593",
        "abt.com//6962348"
    ],
    "7618789": [
        "abt.com//10482610",
        "abt.com//15132402"
    ],
    "7790000": [
        "abt.com//2926431",
        "abt.com//5982428"
    ],
    "7829462": [
        "abt.com//12383988",
        "abt.com//14585871"
    ],
    "7829760": [
        "abt.com//12018099",
        "abt.com//6776663"
    ],
    "7841832": [
        "abt.com//12902309",
        "abt.com//7600698"
    ],
    "7859993": [
        "abt.com//15528042",
        "abt.com//8599373"
    ],
    "7860400": [
        "abt.com//15023786",
        "abt.com//9959462"
    ],
    "7862175": [
        "abt.com//16545153",
        "abt.com//9135249"
    ],
    "7862559": [
        "abt.com//459547",
        "abt.com//985443"
    ],
    "7862564": [
        "abt.com//338461",
        "abt.com//6872338"
    ],
    "7866378": [
        "abt.com//14085504",
        "abt.com//4319159"
    ],
    "7874395": [
        "abt.com//17262577",
        "abt.com//4915205"
    ],
    "7875092": [
        "abt.com//16959468",
        "abt.com//6143312"
    ],
    "7878720": [
        "abt.com//11682969",
        "abt.com//5678950"
    ],
    "7890126": [
        "abt.com//14260656",
        "abt.com//14491557"
    ],
    "7904565": [
        "abt.com//11306656",
        "abt.com//14854905"
    ],
    "7909721": [
        "abt.com//4201760",
        "abt.com//6238259"
    ],
    "7934210": [
        "abt.com//12215863",
        "abt.com//8229250"
    ],
    "8009497": [
        "abt.com//7830144",
        "abt.com//9731031"
    ],
    "8009504": [
        "abt.com//6223768",
        "abt.com//6545186"
    ],
    "8021861": [
        "abt.com//16281997",
        "abt.com//8247318"
    ],
    "8072002": [
        "abt.com//13929892",
        "abt.com//15474006"
    ],
    "8072139": [
        "abt.com//14132104",
        "abt.com//1604801",
        "abt.com//9942685"
    ],
    "8073394": [
        "abt.com//11266780",
        "abt.com//1744269"
    ],
    "8074136": [
        "abt.com//16901125",
        "abt.com//2711508"
    ],
    "8117109": [
        "abt.com//11844654",
        "abt.com//1909510",
        "abt.com//2465122",
        "abt.com//317530",
        "abt.com//4291866",
        "abt.com//4874206",
        "abt.com//7676762"
    ],
    "8120263": [
        "abt.com//1572792",
        "abt.com//6107487"
    ],
    "8135833": [
        "abt.com//12092841",
        "abt.com//15592366"
    ],
    "8136122": [
        "abt.com//5471137",
        "abt.com//6605946"
    ],
    "8136140": [
        "abt.com//13539399",
        "abt.com//311419"
    ],
    "8139287": [
        "abt.com//11525996",
        "abt.com//4941177"
    ],
    "8149896": [
        "abt.com//12439967",
        "abt.com//9758943"
    ],
    "8151029": [
        "abt.com//12768590",
        "abt.com//4215194"
    ],
    "8152430": [
        "abt.com//11441673",
        "abt.com//8100030"
    ],
    "8260529": [
        "abt.com//3901899",
        "abt.com//9447969"
    ],
    "8302727": [
        "abt.com//10655078",
        "abt.com//9425879"
    ],
    "8434882": [
        "abt.com//13372028",
        "abt.com//13577446"
    ],
    "8594341": [
        "abt.com//13791860",
        "abt.com//14947649"
    ],
    "8702261": [
        "abt.com//14164591",
        "abt.com//4757416"
    ],
    "8737151": [
        "abt.com//2256713",
        "abt.com//7756205"
    ],
    "8768414": [
        "abt.com//13166006",
        "abt.com//3946518"
    ],
    "8797136": [
        "abt.com//4079359",
        "abt.com//7103988"
    ],
    "8806404": [
        "abt.com//13672453",
        "abt.com//3973889"
    ],
    "8992742": [
        "abt.com//3379788",
        "abt.com//4744862"
    ],
    "8998512": [
        "abt.com//15919948",
        "abt.com//3983151"
    ],
    "9014470": [
        "abt.com//3197236",
        "abt.com//824920"
    ],
    "9561809": [
        "abt.com//17148259",
        "abt.com//884443"
    ],
    "9620155": [
        "abt.com//14919355",
        "abt.com//281354"
    ],
    "9676451": [
        "abt.com//15194196",
        "abt.com//7636332"
    ],
    "977291": [
        "abt.com//3038083",
        "abt.com//6432542"
    ],
    "9797647": [
        "abt.com//15961285",
        "abt.com//16487605"
    ],
    "9923130": [
        "abt.com//15428668",
        "abt.com//8702461"
    ]
}