{
    "10511154": [
        "abt.com//2168959"
    ],
    "10511319": [
        "abt.com//112498"
    ],
    "11181537": [
        "abt.com//14578531"
    ],
    "11751282": [
        "abt.com//2376770"
    ],
    "12552322": [
        "abt.com//3850079"
    ],
    "12553485": [
        "abt.com//10823438"
    ],
    "12558432": [
        "abt.com//14742081"
    ],
    "12567913": [
        "abt.com//1371906"
    ],
    "12843231": [
        "abt.com//15546406"
    ],
    "12843681": [
        "abt.com//7954323"
    ],
    "12849835": [
        "abt.com//13331111"
    ],
    "12890058": [
        "abt.com//6054018"
    ],
    "12890112": [
        "abt.com//8082905"
    ],
    "12890892": [
        "abt.com//7101376"
    ],
    "12899030": [
        "abt.com//4136342"
    ],
    "12899080": [
        "abt.com//6096661"
    ],
    "13331798": [
        "abt.com//3664608"
    ],
    "13332272": [
        "abt.com//1297859"
    ],
    "13332425": [
        "abt.com//4463958"
    ],
    "13332489": [
        "abt.com//3966333",
        "abt.com//7800759"
    ],
    "13335225": [
        "abt.com//17460595"
    ],
    "14058993": [
        "abt.com//11263417",
        "abt.com//14452960"
    ],
    "14060406": [
        "abt.com//3063598"
    ],
    "14116346": [
        "abt.com//9770805"
    ],
    "14473253": [
        "abt.com//5449550"
    ],
    "1567024": [
        "abt.com//10168622"
    ],
    "15958302": [
        "abt.com//2209592"
    ],
    "16086497": [
        "abt.com//13312796"
    ],
    "16086958": [
        "abt.com//1604136"
    ],
    "2553128": [
        "abt.com//15094550"
    ],
    "4089227": [
        "abt.com//3047296"
    ],
    "4372486": [
        "abt.com//8321379"
    ],
    "4416983": [
        "abt.com//7771555"
    ],
    "4440299": [
        "abt.com//2339437"
    ],
    "4707665": [
        "abt.com//9141041"
    ],
    "5218392": [
        "abt.com//7916801",
        "abt.com//8224124"
    ],
    "5538844": [
        "abt.com//5352767"
    ],
    "5626512": [
        "abt.com//14688590"
    ],
    "5628807": [
        "abt.com//5045279"
    ],
    "5907707": [
        "abt.com//7794055"
    ],
    "5910804": [
        "abt.com//10029358"
    ],
    "7414400": [
        "abt.com//8300633"
    ],
    "7414431": [
        "abt.com//1741640"
    ],
    "7414587": [
        "abt.com//12106223"
    ],
    "7414599": [
        "abt.com//11722305"
    ],
    "7414825": [
        "abt.com//4719039"
    ],
    "7414836": [
        "abt.com//2940068"
    ],
    "7414858": [
        "abt.com//12889325"
    ],
    "7415013": [
        "abt.com//6271885"
    ],
    "7415928": [
        "abt.com//5137872"
    ],
    "7415991": [
        "abt.com//2847004"
    ],
    "7421090": [
        "abt.com//8786523"
    ],
    "7421329": [
        "abt.com//15713150"
    ],
    "7735541": [
        "abt.com//5871514"
    ],
    "7735589": [
        "abt.com//17047191"
    ],
    "7735620": [
        "abt.com//3685533"
    ],
    "7893916": [
        "abt.com//3759912"
    ],
    "8942009": [
        "abt.com//16196100"
    ],
    "8957392": [
        "abt.com//14716500"
    ]
}