[
    {
        "spec": {
            "Band Color": "Midnight Blue",
            "Case Color": "Gold Aluminum",
            "Case Size (mm)": "38",
            "Device Model": "Apple Watch Series 2"
        },
        "url": "abt.com//10029358"
    },
    {
        "spec": {
            "Band Color": "Gray",
            "Case Color": "Silver",
            "Case Size (mm)": "38",
            "Device Model": "Apple Watch Series 3"
        },
        "url": "abt.com//7954323"
    },
    {
        "spec": {
            "Band Color": "Pink",
            "Case Color": "Gold",
            "Case Size (mm)": "42",
            "Device Model": "Apple Watch Series 3"
        },
        "url": "abt.com//7101376"
    },
    {
        "spec": {
            "Band Color": "Gray",
            "Case Color": "Space Gray",
            "Case Size (mm)": "42",
            "Device Model": "Apple Watch Series 3"
        },
        "url": "abt.com//14578531"
    },
    {
        "spec": {
            "Band Color": "Gray",
            "Case Color": "Silver",
            "Case Size (mm)": "42",
            "Device Model": "Apple Watch Series 3"
        },
        "url": "abt.com//10823438"
    },
    {
        "spec": {
            "Band Color": "Pink",
            "Case Color": "Gold",
            "Case Size (mm)": "38",
            "Device Model": "Apple Watch Series 3"
        },
        "url": "abt.com//15546406"
    },
    {
        "spec": {
            "Camera Resolution": "1080P",
            "Night Vision": "Yes",
            "Number of Cameras Included": "Single",
            "Type": "Outdoor Surveillance"
        },
        "url": "abt.com//9770805"
    },
    {
        "spec": {
            "Band Color": "Black",
            "Case Color": "Space Black",
            "Case Size (mm)": "38",
            "Device Model": "Apple Watch Series 2"
        },
        "url": "abt.com//5045279"
    },
    {
        "spec": {
            "ADA Compliant": "No",
            "Delay Start": "4 Hrs",
            "Depth (inches)": "24.5",
            "Depth with Door Open": "49.5",
            "Drying Options": "Heat, No Heat (Eco Dry)",
            "Food Disposer": "No",
            "Height (inches)": "34.5",
            "Labor Warranty": "1 Year",
            "Number of Wash Arms": "2",
            "Number of Wash Cycle Programs": "6",
            "Parts Warranty": "1 Year",
            "Size (inches)": "24",
            "Tub Material": "No",
            "Type": "Built-In",
            "Width (inches)": "24"
        },
        "url": "abt.com//1297859"
    },
    {
        "spec": {
            "Band Color": "White",
            "Case Color": "Stainless Steel",
            "Case Size (mm)": "38",
            "Device Model": "Apple Watch Series 2"
        },
        "url": "abt.com//8300633"
    },
    {
        "spec": {
            "Band Color": "Pink",
            "Case Color": "Gold",
            "Case Size (mm)": "38",
            "Device Model": "Apple Watch Series 3"
        },
        "url": "abt.com//13331111"
    },
    {
        "spec": {
            "Band Color": "Black",
            "Case Color": "Black Stainless Steel",
            "Case Size (mm)": "42",
            "Device Model": "Apple Watch Series 3"
        },
        "url": "abt.com//6054018"
    },
    {
        "spec": {
            "Band Color": "Black",
            "Case Color": "Space Gray",
            "Case Size (mm)": "38",
            "Device Model": "Apple Watch Series 3"
        },
        "url": "abt.com//1371906"
    },
    {
        "spec": {
            "Band Color": "Stainless Steel",
            "Case Color": "Stainless Steel",
            "Case Size (mm)": "38",
            "Device Model": "Apple Watch Series 3"
        },
        "url": "abt.com//1604136"
    },
    {
        "spec": {
            "Band Color": "Pink",
            "Case Color": "Gold",
            "Case Size (mm)": "42",
            "Device Model": "Apple Watch Series 3"
        },
        "url": "abt.com//14742081"
    },
    {
        "spec": {
            "Band Color": "Stainless Steel",
            "Case Color": "Stainless Steel",
            "Case Size (mm)": "42",
            "Device Model": "Apple Watch Series 3"
        },
        "url": "abt.com//13312796"
    },
    {
        "spec": {
            "Band Color": "Black",
            "Case Color": "Space Gray",
            "Case Size (mm)": "42",
            "Device Model": "Apple Watch Series 1"
        },
        "url": "abt.com//7771555"
    },
    {
        "spec": {
            "Band Color": "White",
            "Case Color": "Stainless Steel",
            "Case Size (mm)": "42",
            "Device Model": "Apple Watch Series 3"
        },
        "url": "abt.com//8082905"
    },
    {
        "spec": {
            "Band Color": "Midnight Blue",
            "Case Color": "Gold Aluminum",
            "Case Size (mm)": "42",
            "Device Model": "Apple Watch Series 2"
        },
        "url": "abt.com//7794055"
    },
    {
        "spec": {
            "Band Color": "Gray",
            "Case Color": "Silver",
            "Case Size (mm)": "42",
            "Device Model": "Apple Watch Series 3"
        },
        "url": "abt.com//6096661"
    },
    {
        "spec": {
            "Band Color": "White",
            "Case Color": "Silver",
            "Case Size (mm)": "42",
            "Device Model": "Apple Watch Series 2"
        },
        "url": "abt.com//4719039"
    },
    {
        "spec": {
            "Band Color": "White",
            "Case Color": "Silver",
            "Case Size (mm)": "38",
            "Device Model": "Apple Watch Series 1"
        },
        "url": "abt.com//3685533"
    },
    {
        "spec": {
            "Band Color": "Yellow",
            "Case Color": "Gold",
            "Case Size (mm)": "38",
            "Device Model": "Apple Watch Series 2"
        },
        "url": "abt.com//1741640"
    },
    {
        "spec": {
            "Band Color": "Midnight Blue",
            "Case Color": "Rose Gold",
            "Case Size (mm)": "42",
            "Device Model": "Apple Watch Series 2"
        },
        "url": "abt.com//6271885"
    },
    {
        "spec": {
            "Battery Type": "CR2025",
            "Calorie Counter": "Yes",
            "Digital Read Out": "No",
            "Heart Rate Monitor": "No",
            "Pedometer": "Yes",
            "Type": "Activity Tracker",
            "User Replaceable Battery": "Yes",
            "Wearable": "Yes",
            "Wristband": "Yes"
        },
        "url": "abt.com//14716500"
    },
    {
        "spec": {
            "Band Color": "Black",
            "Case Color": "Space Black",
            "Case Size (mm)": "42",
            "Device Model": "Apple Watch Series 2"
        },
        "url": "abt.com//15713150"
    },
    {
        "spec": {
            "Cooktop Size (inches)": "30\"",
            "Depth (inches)": "21\"",
            "Fuel Type": "Electric",
            "Height (inches)": "3.625\"",
            "Labor Warranty": "1 Year",
            "Number of Cooking Zones": "4",
            "Parts Warranty": "1 Year",
            "Style": "Induction",
            "Voltage": "208-240 V",
            "Width (inches)": "31\""
        },
        "url": "abt.com//3047296"
    },
    {
        "spec": {
            "Battery Type": "CR2025",
            "Calorie Counter": "Yes",
            "Digital Read Out": "No",
            "Heart Rate Monitor": "No",
            "Pedometer": "Yes",
            "Type": "Activity Tracker",
            "User Replaceable Battery": "Yes",
            "Wearable": "Yes",
            "Wristband": "Yes"
        },
        "url": "abt.com//10168622"
    },
    {
        "spec": {
            "Band Color": "Pearl",
            "Case Color": "Silver",
            "Case Size (mm)": "42",
            "Device Model": "Apple Watch Series 2"
        },
        "url": "abt.com//2940068"
    },
    {
        "spec": {
            "Band Color": "Black",
            "Case Color": "Space Gray",
            "Case Size (mm)": "42",
            "Device Model": "Apple Watch Series 3"
        },
        "url": "abt.com//4136342"
    },
    {
        "spec": {
            "Camera Resolution": "720p",
            "Night Vision": "Yes",
            "Number of Cameras Included": "Single",
            "Type": "Outdoor Surveillance"
        },
        "url": "abt.com//3063598"
    },
    {
        "spec": {
            "ADA Compliant": "No",
            "Delay Start": "4 Hour",
            "Depth (inches)": "24.5\"",
            "Drying Options": "2",
            "Food Disposer": "Yes",
            "Height (inches)": "34.5\"",
            "Labor Warranty": "1 Year",
            "Number of Wash Arms": "2",
            "Number of Wash Cycle Programs": "6",
            "Parts Warranty": "1 Year",
            "Size (inches)": "24\"",
            "Tub Material": "No",
            "Type": "Fully Integrated",
            "Width (inches)": "23.875\""
        },
        "url": "abt.com//7800759"
    },
    {
        "spec": {
            "Band Color": "Black",
            "Case Color": "Space Gray",
            "Case Size (mm)": "42",
            "Device Model": "Apple Watch Series 3"
        },
        "url": "abt.com//3850079"
    },
    {
        "spec": {
            "Cooktop Size (inches)": "36",
            "Depth (inches)": "24",
            "Fuel Type": "Gas",
            "Height (inches)": "8.38",
            "Labor Warranty": "1 Year",
            "Number of Cooking Zones": "6",
            "Parts Warranty": "1 Year",
            "Style": "Open",
            "Voltage": "120 V",
            "Width (inches)": "35.88"
        },
        "url": "abt.com//3759912"
    },
    {
        "spec": {
            "ADA Compliant": "No",
            "Delay Start": "Yes",
            "Depth (inches)": "24.50\"",
            "Drying Options": "6",
            "Height (inches)": "34.50\"",
            "Labor Warranty": "1 Year",
            "Number of Wash Cycle Programs": "6",
            "Parts Warranty": "1 Year",
            "Size (inches)": "24\"",
            "Tub Material": "Yes",
            "Type": "Full Console",
            "Width (inches)": "23.88\""
        },
        "url": "abt.com//17460595"
    },
    {
        "spec": {
            "Band Color": "Pearl",
            "Case Color": "Silver",
            "Case Size (mm)": "38",
            "Device Model": "Apple Watch Series 2"
        },
        "url": "abt.com//5137872"
    },
    {
        "spec": {
            "Band Color": "Caramel",
            "Case Color": "Gold",
            "Case Size (mm)": "42",
            "Device Model": "Apple Watch Series 2"
        },
        "url": "abt.com//8786523"
    },
    {
        "spec": {
            "Band Color": "Brown Leather",
            "Case Color": "Stainless Steel",
            "Case Size (mm)": "38",
            "Device Model": "Apple Watch Series 2"
        },
        "url": "abt.com//11722305"
    },
    {
        "spec": {
            "Band Color": "Black",
            "Case Color": "Space Gray",
            "Case Size (mm)": "42",
            "Device Model": "Apple Watch Series 2"
        },
        "url": "abt.com//9141041"
    },
    {
        "spec": {
            "Band Color": "Stainless Steel",
            "Case Color": "Stainless Steel",
            "Case Size (mm)": "38",
            "Device Model": "Apple Watch Series 2"
        },
        "url": "abt.com//12106223"
    },
    {
        "spec": {
            "Delay Start": "Yes",
            "Depth (inches)": "24.50\"",
            "Drying Options": "6",
            "Food Disposer": "No",
            "Height (inches)": "34.50\"",
            "Labor Warranty": "1 Year",
            "Number of Wash Cycle Programs": "6",
            "Parts Warranty": "1 Year",
            "Size (inches)": "24\"",
            "Type": "Undercounter",
            "Width (inches)": "23.88\""
        },
        "url": "abt.com//3966333"
    },
    {
        "spec": {
            "ADA Compliant": "No",
            "Delay Start": "2,4,8 Hr",
            "Depth (inches)": "24.5",
            "Depth with Door Open": "49.5",
            "Drying Options": "Heat, No Heat (Eco Dry)",
            "Food Disposer": "Yes",
            "Height (inches)": "34.5",
            "Labor Warranty": "1 Year",
            "Number of Wash Arms": "2",
            "Number of Wash Cycle Programs": "6",
            "Parts Warranty": "1 Year",
            "Size (inches)": "24",
            "Tub Material": "No",
            "Type": "Full Console",
            "Width (inches)": "23.88"
        },
        "url": "abt.com//3664608"
    },
    {
        "spec": {
            "Band Color": "Black",
            "Case Color": "Space Black Stainless Steel",
            "Case Size (mm)": "38",
            "Device Model": "Apple Watch Series 2"
        },
        "url": "abt.com//12889325"
    },
    {
        "spec": {
            "Battery Type": "CR2025",
            "Calorie Counter": "No",
            "Digital Read Out": "No",
            "Heart Rate Monitor": "No",
            "Pedometer": "Yes",
            "Type": "Activity Tracker",
            "User Replaceable Battery": "Yes",
            "Wearable": "Yes",
            "Wristband": "Yes"
        },
        "url": "abt.com//2376770"
    },
    {
        "spec": {
            "Cooktop Size (inches)": "36\"",
            "Depth (inches)": "22.13\"",
            "Fuel Type": "Electric",
            "Height (inches)": "2.88\"",
            "Labor Warranty": "1 Year",
            "Number of Cooking Zones": "5",
            "Parts Warranty": "1 Year",
            "Style": "Radiant, Simmer",
            "Voltage": "240 V",
            "Width (inches)": "36.31\""
        },
        "url": "abt.com//7916801"
    },
    {
        "spec": {
            "ADA Compliant": "No",
            "Delay Start": "1-24 Hrs",
            "Depth (inches)": "22.44",
            "Drying Options": "Pots & Pans, Normal, China & Crystal, SaniWash, Rinse & Hold, Express",
            "Food Disposer": "No",
            "Height (inches)": "36.25",
            "Labor Warranty": "1 Year",
            "Number of Wash Arms": "3",
            "Number of Wash Cycle Programs": "6",
            "Parts Warranty": "1 Year",
            "Size (inches)": "24",
            "Tub Material": "Yes",
            "Type": "Built-In",
            "Width (inches)": "23.57"
        },
        "url": "abt.com//2168959"
    },
    {
        "spec": {
            "Cooktop Size (inches)": "36\"",
            "Depth (inches)": "22.13\"",
            "Fuel Type": "Electric",
            "Height (inches)": "2.88\"",
            "Labor Warranty": "1 Year",
            "Number of Cooking Zones": "5",
            "Parts Warranty": "1 Year",
            "Style": "Radiant, Simmer",
            "Voltage": "240 V",
            "Width (inches)": "36.31\""
        },
        "url": "abt.com//8224124"
    },
    {
        "spec": {
            "ADA Compliant": "No",
            "Delay Start": "1-24 Hrs",
            "Depth (inches)": "22.44",
            "Drying Options": "Pots & Pans, Normal, China & Crystal, SaniWash, Rinse & Hold, Express",
            "Food Disposer": "No",
            "Height (inches)": "36.25",
            "Labor Warranty": "1 Year",
            "Number of Wash Arms": "3",
            "Number of Wash Cycle Programs": "6",
            "Parts Warranty": "1 Year",
            "Size (inches)": "24",
            "Tub Material": "Yes",
            "Type": "Built-In",
            "Width (inches)": "23.57"
        },
        "url": "abt.com//112498"
    },
    {
        "spec": {
            "ADA Compliant": "No",
            "Delay Start": "2,4,8 Hrs",
            "Depth (inches)": "24.5",
            "Depth with Door Open": "49.5",
            "Drying Options": "Heat, No Heat (Eco Dry)",
            "Food Disposer": "Yes",
            "Height (inches)": "34.5",
            "Labor Warranty": "1 Year",
            "Number of Wash Arms": "2",
            "Number of Wash Cycle Programs": "5",
            "Parts Warranty": "1 Year",
            "Size (inches)": "24",
            "Tub Material": "Yes",
            "Type": "Built In",
            "Width (inches)": "24"
        },
        "url": "abt.com//4463958"
    },
    {
        "spec": {
            "ADA Compliant": "No",
            "Delay Start": "Yes",
            "Depth (inches)": "22.44\"",
            "Food Disposer": "No",
            "Height (inches)": "33 11/16\" - 36 1/4\" Adjustable",
            "Labor Warranty": "1 Year",
            "Number of Wash Cycle Programs": "6",
            "Parts Warranty": "1 Year",
            "Size (inches)": "24\"",
            "Tub Material": "Yes",
            "Type": "Fully Integrated",
            "Width (inches)": "24\""
        },
        "url": "abt.com//5352767"
    },
    {
        "spec": {
            "Camera Resolution": "720p",
            "Night Vision": "Yes",
            "Number of Cameras Included": "Single",
            "Type": "Outdoor Surveillance"
        },
        "url": "abt.com//14452960"
    },
    {
        "spec": {
            "Depth (inches)": "29.25\"",
            "Fuel Type": "Electric",
            "Height (inches)": "44\"",
            "Labor Warranty": "1 Year",
            "Parts Warranty": "1 Year",
            "Voltage": "240 V",
            "Width (inches)": "29\""
        },
        "url": "abt.com//15094550"
    },
    {
        "spec": {
            "Band Color": "Black",
            "Case Color": "Space Black",
            "Case Size (mm)": "42",
            "Device Model": "Apple Watch Series 2"
        },
        "url": "abt.com//14688590"
    },
    {
        "spec": {
            "Band Color": "Pearl",
            "Case Color": "Stainless Steel",
            "Case Size (mm)": "42",
            "Device Model": "Apple Watch Series 1"
        },
        "url": "abt.com//2209592"
    },
    {
        "spec": {
            "Band Color": "Grey",
            "Case Color": "Gold",
            "Case Size (mm)": "38",
            "Device Model": "Apple Watch Series 1"
        },
        "url": "abt.com//17047191"
    },
    {
        "spec": {
            "ADA Compliant": "No",
            "Delay Start": "2,4,8 Hr",
            "Depth (inches)": "24.5",
            "Drying Options": "Eco Dry",
            "Food Disposer": "No",
            "Height (inches)": "34.5",
            "Labor Warranty": "1 Year",
            "Number of Wash Arms": "2",
            "Number of Wash Cycle Programs": "6",
            "Parts Warranty": "1 Year",
            "Size (inches)": "24",
            "Tub Material": "Yes",
            "Type": "Built In",
            "Width (inches)": "24"
        },
        "url": "abt.com//5449550"
    },
    {
        "spec": {
            "Band Color": "Black",
            "Case Color": "Space Gray",
            "Case Size (mm)": "38",
            "Device Model": "Apple Watch Series 2"
        },
        "url": "abt.com//2339437"
    },
    {
        "spec": {
            "Band Color": "Black",
            "Case Color": "Space Gray",
            "Case Size (mm)": "38",
            "Device Model": "Apple Watch Series 1"
        },
        "url": "abt.com//8321379"
    },
    {
        "spec": {
            "Band Color": "White",
            "Case Color": "Silver",
            "Case Size (mm)": "42",
            "Device Model": "Apple Watch Series 1"
        },
        "url": "abt.com//5871514"
    },
    {
        "spec": {
            "Camera Resolution": "720p",
            "Night Vision": "Yes",
            "Number of Cameras Included": "Single",
            "Type": "Outdoor Surveillance"
        },
        "url": "abt.com//11263417"
    },
    {
        "spec": {
            "Battery Type": "CR2025",
            "Calorie Counter": "Yes",
            "Digital Read Out": "No",
            "Heart Rate Monitor": "No",
            "Pedometer": "Yes",
            "Type": "Activity Tracker",
            "User Replaceable Battery": "Yes",
            "Wearable": "Yes",
            "Wristband": "Yes"
        },
        "url": "abt.com//16196100"
    },
    {
        "spec": {
            "Band Color": "White",
            "Case Color": "Silver",
            "Case Size (mm)": "38",
            "Device Model": "Apple Watch Series 2"
        },
        "url": "abt.com//2847004"
    }
]