{
    "10119685": [
        "abt.com//10404948"
    ],
    "10120498": [
        "abt.com//11592558"
    ],
    "1040425": [
        "abt.com//15311427"
    ],
    "10415670": [
        "abt.com//11948171"
    ],
    "10415692": [
        "abt.com//6633890"
    ],
    "10417276": [
        "abt.com//5503461"
    ],
    "10430648": [
        "abt.com//15792703"
    ],
    "10431524": [
        "abt.com//6975211"
    ],
    "10444747": [
        "abt.com//16209866"
    ],
    "10514159": [
        "abt.com//12568327"
    ],
    "11125817": [
        "abt.com//7856256"
    ],
    "11125970": [
        "abt.com//1586095"
    ],
    "11135816": [
        "abt.com//4346901"
    ],
    "11222079": [
        "abt.com//16437526"
    ],
    "11232716": [
        "abt.com//15680205"
    ],
    "11233814": [
        "abt.com//4874392"
    ],
    "11233947": [
        "abt.com//13814637"
    ],
    "11262165": [
        "abt.com//2164524"
    ],
    "11270252": [
        "abt.com//205109"
    ],
    "11273117": [
        "abt.com//12056929"
    ],
    "11283681": [
        "abt.com//1114292"
    ],
    "11284564": [
        "abt.com//12161744"
    ],
    "11290261": [
        "abt.com//16787577"
    ],
    "11304204": [
        "abt.com//15254388"
    ],
    "11304228": [
        "abt.com//5062835"
    ],
    "11571036": [
        "abt.com//13900155"
    ],
    "11571106": [
        "abt.com//14128862"
    ],
    "11571183": [
        "abt.com//6614819"
    ],
    "11596470": [
        "abt.com//8882427"
    ],
    "11596758": [
        "abt.com//238496"
    ],
    "11624280": [
        "abt.com//7557751"
    ],
    "11624317": [
        "abt.com//15355999"
    ],
    "11624832": [
        "abt.com//8328343"
    ],
    "11651291": [
        "abt.com//17407003"
    ],
    "11651425": [
        "abt.com//535897"
    ],
    "11651444": [
        "abt.com//12831541"
    ],
    "1174761": [
        "abt.com//7021690"
    ],
    "12006903": [
        "abt.com//5914809"
    ],
    "12006955": [
        "abt.com//3929692"
    ],
    "12006958": [
        "abt.com//1140573"
    ],
    "12010997": [
        "abt.com//4826401"
    ],
    "12024594": [
        "abt.com//14527886"
    ],
    "12025790": [
        "abt.com//13846890"
    ],
    "12026908": [
        "abt.com//4577578"
    ],
    "12037699": [
        "abt.com//9205787"
    ],
    "12037814": [
        "abt.com//13130409"
    ],
    "12049306": [
        "abt.com//4818263"
    ],
    "12049636": [
        "abt.com//5896836"
    ],
    "12064120": [
        "abt.com//15825751"
    ],
    "12078341": [
        "abt.com//6740970"
    ],
    "12079841": [
        "abt.com//17044685"
    ],
    "12088092": [
        "abt.com//14167237"
    ],
    "12348002": [
        "abt.com//8023275"
    ],
    "12348037": [
        "abt.com//728590"
    ],
    "12354026": [
        "abt.com//8019254"
    ],
    "12376250": [
        "abt.com//9309057"
    ],
    "12379216": [
        "abt.com//10423262"
    ],
    "12382061": [
        "abt.com//1085147"
    ],
    "12390085": [
        "abt.com//9389914"
    ],
    "12404768": [
        "abt.com//10320094"
    ],
    "12427900": [
        "abt.com//6651469"
    ],
    "12427947": [
        "abt.com//15091473"
    ],
    "12601534": [
        "abt.com//10263496"
    ],
    "12607018": [
        "abt.com//5847267"
    ],
    "12607055": [
        "abt.com//7451907"
    ],
    "12607188": [
        "abt.com//14988890"
    ],
    "1280711": [
        "abt.com//16942849"
    ],
    "12819762": [
        "abt.com//14301726"
    ],
    "12820112": [
        "abt.com//271019"
    ],
    "12822359": [
        "abt.com//6366258"
    ],
    "12822520": [
        "abt.com//4365745"
    ],
    "12823893": [
        "abt.com//4902002"
    ],
    "12824691": [
        "abt.com//13235411"
    ],
    "12824703": [
        "abt.com//10739888"
    ],
    "12825087": [
        "abt.com//7149910"
    ],
    "12833135": [
        "abt.com//2511540"
    ],
    "12835792": [
        "abt.com//16941629"
    ],
    "12837062": [
        "abt.com//15300125"
    ],
    "12849420": [
        "abt.com//2545265"
    ],
    "12849432": [
        "abt.com//9595429"
    ],
    "12852502": [
        "abt.com//2986898"
    ],
    "12857884": [
        "abt.com//13800269"
    ],
    "12859043": [
        "abt.com//9605158"
    ],
    "12867573": [
        "abt.com//3288256"
    ],
    "12891050": [
        "abt.com//15022598"
    ],
    "12900198": [
        "abt.com//2525342"
    ],
    "12906705": [
        "abt.com//3023233"
    ],
    "13168342": [
        "abt.com//9623493"
    ],
    "13169069": [
        "abt.com//9413225"
    ],
    "13169117": [
        "abt.com//4762807"
    ],
    "13311679": [
        "abt.com//16678252"
    ],
    "1349726": [
        "abt.com//15592127"
    ],
    "14151588": [
        "abt.com//15727059"
    ],
    "14164853": [
        "abt.com//14601952"
    ],
    "14178711": [
        "abt.com//17090052"
    ],
    "14179240": [
        "abt.com//5957133"
    ],
    "14182201": [
        "abt.com//12155267"
    ],
    "14198214": [
        "abt.com//6588696"
    ],
    "14198275": [
        "abt.com//5819778"
    ],
    "14218078": [
        "abt.com//13402199"
    ],
    "14218810": [
        "abt.com//14396492"
    ],
    "14219198": [
        "abt.com//14812271"
    ],
    "14219223": [
        "abt.com//4762126"
    ],
    "14219257": [
        "abt.com//12317192"
    ],
    "14219953": [
        "abt.com//11862624"
    ],
    "14220023": [
        "abt.com//6670753"
    ],
    "14220373": [
        "abt.com//9360232"
    ],
    "14220409": [
        "abt.com//6169591"
    ],
    "14234528": [
        "abt.com//1859759"
    ],
    "14244210": [
        "abt.com//5266515"
    ],
    "14532726": [
        "abt.com//2638501"
    ],
    "14532819": [
        "abt.com//11317291"
    ],
    "14999477": [
        "abt.com//3041580"
    ],
    "15029101": [
        "abt.com//7134984"
    ],
    "15029443": [
        "abt.com//14922650"
    ],
    "15339438": [
        "abt.com//7162946"
    ],
    "15341757": [
        "abt.com//9323482"
    ],
    "15341815": [
        "abt.com//1866738"
    ],
    "15352108": [
        "abt.com//5794680"
    ],
    "15381424": [
        "abt.com//12898778"
    ],
    "15382148": [
        "abt.com//12229670"
    ],
    "15395156": [
        "abt.com//10960211"
    ],
    "15403947": [
        "abt.com//1041818"
    ],
    "15405586": [
        "abt.com//10961596"
    ],
    "15516535": [
        "abt.com//17113125"
    ],
    "15518196": [
        "abt.com//4518415"
    ],
    "15731955": [
        "abt.com//9546225"
    ],
    "15741638": [
        "abt.com//10120534"
    ],
    "1584778": [
        "abt.com//7545936"
    ],
    "1588354": [
        "abt.com//17100901"
    ],
    "16278484": [
        "abt.com//14536977"
    ],
    "16279600": [
        "abt.com//6485128"
    ],
    "16280097": [
        "abt.com//3447646"
    ],
    "16280116": [
        "abt.com//4829549"
    ],
    "16280438": [
        "abt.com//8807508"
    ],
    "16280925": [
        "abt.com//489887"
    ],
    "16280945": [
        "abt.com//17544635"
    ],
    "16280993": [
        "abt.com//1805174"
    ],
    "16281011": [
        "abt.com//10428327"
    ],
    "16281026": [
        "abt.com//17480848"
    ],
    "16281377": [
        "abt.com//3158822"
    ],
    "16307709": [
        "abt.com//2064946"
    ],
    "16309602": [
        "abt.com//6226334"
    ],
    "16309622": [
        "abt.com//17257054"
    ],
    "16309664": [
        "abt.com//473660"
    ],
    "16310277": [
        "abt.com//11349739"
    ],
    "16320960": [
        "abt.com//5004883"
    ],
    "1683179": [
        "abt.com//5325965"
    ],
    "1732403": [
        "abt.com//13505704"
    ],
    "1778374": [
        "abt.com//16842681"
    ],
    "1923909": [
        "abt.com//10827766"
    ],
    "1923929": [
        "abt.com//5642298"
    ],
    "243947": [
        "abt.com//5122785"
    ],
    "274892": [
        "abt.com//4944021"
    ],
    "405389": [
        "abt.com//5072725"
    ],
    "5068529": [
        "abt.com//7478614"
    ],
    "5734673": [
        "abt.com//2277731"
    ],
    "6073575": [
        "abt.com//16411521",
        "abt.com//2612222"
    ],
    "624951": [
        "abt.com//7190503"
    ],
    "6578539": [
        "abt.com//12713998"
    ],
    "7341512": [
        "abt.com//11304627"
    ],
    "7341776": [
        "abt.com//1865434"
    ],
    "7367520": [
        "abt.com//2688847"
    ],
    "843436": [
        "abt.com//5159481"
    ],
    "8989602": [
        "abt.com//1870947"
    ],
    "9023387": [
        "abt.com//10882254"
    ],
    "9023772": [
        "abt.com//9778602"
    ],
    "9069616": [
        "abt.com//1107414"
    ],
    "9087048": [
        "abt.com//14427584"
    ],
    "9365404": [
        "abt.com//9868259"
    ],
    "9365836": [
        "abt.com//5811256"
    ],
    "9365868": [
        "abt.com//9339093"
    ],
    "9368429": [
        "abt.com//15679785"
    ],
    "9383645": [
        "abt.com//15593071"
    ],
    "9383662": [
        "abt.com//1845132"
    ],
    "9384384": [
        "abt.com//11064237"
    ],
    "9384605": [
        "abt.com//14055671"
    ],
    "9384722": [
        "abt.com//4297860"
    ],
    "9385109": [
        "abt.com//4929748"
    ],
    "9387469": [
        "abt.com//10119454"
    ],
    "9397473": [
        "abt.com//9543118"
    ],
    "9398933": [
        "abt.com//4981098"
    ],
    "9409815": [
        "abt.com//4582778"
    ],
    "9409823": [
        "abt.com//230329"
    ],
    "9410140": [
        "abt.com//15659744"
    ],
    "9410943": [
        "abt.com//10895133"
    ],
    "9411032": [
        "abt.com//16571735"
    ],
    "9412179": [
        "abt.com//12848634"
    ],
    "9412214": [
        "abt.com//275627"
    ],
    "9412262": [
        "abt.com//16992621"
    ],
    "9951725": [
        "abt.com//12936486"
    ]
}