{
    "10883239": [
        "abt.com//17387284",
        "abt.com//8964506"
    ],
    "11089030": [
        "abt.com//8928758"
    ],
    "11119295": [
        "abt.com//7990662"
    ],
    "11119362": [
        "abt.com//11217047"
    ],
    "12056343": [
        "abt.com//1426178"
    ],
    "12057130": [
        "abt.com//752889"
    ],
    "12067099": [
        "abt.com//13725373"
    ],
    "12067109": [
        "abt.com//1663379"
    ],
    "12519002": [
        "abt.com//12219635"
    ],
    "14600019": [
        "abt.com//10714505"
    ],
    "14664134": [
        "abt.com//13357388"
    ],
    "14664178": [
        "abt.com//14315049"
    ],
    "14666379": [
        "abt.com//16993704"
    ],
    "14986704": [
        "abt.com//12554493"
    ],
    "16296662": [
        "abt.com//10640870"
    ],
    "16296744": [
        "abt.com//17055803"
    ],
    "2649786": [
        "abt.com//8766426"
    ],
    "2649845": [
        "abt.com//11823609"
    ],
    "3232700": [
        "abt.com//12854045"
    ],
    "3340874": [
        "abt.com//5622060"
    ],
    "3468014": [
        "abt.com//3632015"
    ],
    "3468851": [
        "abt.com//10266203"
    ],
    "3511171": [
        "abt.com//799235"
    ],
    "3963201": [
        "abt.com//3814689"
    ],
    "4032435": [
        "abt.com//863742"
    ],
    "4428222": [
        "abt.com//5715750"
    ],
    "5541006": [
        "abt.com//13331371"
    ],
    "5553743": [
        "abt.com//6052687"
    ],
    "5752961": [
        "abt.com//11040586"
    ],
    "5856381": [
        "abt.com//15434561"
    ],
    "6487068": [
        "abt.com//4410743",
        "abt.com//8355805"
    ],
    "8993985": [
        "abt.com//15182631"
    ],
    "8999096": [
        "abt.com//6963300"
    ],
    "9014853": [
        "abt.com//13476205"
    ],
    "9014870": [
        "abt.com//7422340"
    ]
}