[
    {
        "spec": {
            "ADA Compliant": "No",
            "Add 30 Seconds/Quick Minute": "Yes",
            "Capacity (cu. ft.)": "1.7",
            "Child Lock": "No",
            "Convection": "No",
            "Cooking Power (watts)": "1000",
            "Depth (inches)": "15.75",
            "Height (inches)": "17.25",
            "Interior Light": "Yes",
            "Number of Power Levels": "10",
            "Optional Trim Kit": "No",
            "Sensor Cooking": "No",
            "Timer": "Yes",
            "Turntable": "Yes",
            "Type": "Over The Range",
            "Viewing Window": "Yes",
            "Width (inches)": "29.87"
        },
        "url": "abt.com//8928758"
    },
    {
        "spec": {
            "ADA Compliant": "No",
            "Add 30 Seconds/Quick Minute": "Yes",
            "Capacity (cu. ft.)": "1.9",
            "Child Lock": "Yes",
            "Convection": "No",
            "Cooking Power (watts)": "1100",
            "Depth (inches)": "15.5",
            "Height (inches)": "16.5",
            "Interior Light": "Yes",
            "Number of Power Levels": "10",
            "Optional Trim Kit": "Yes",
            "Sensor Cooking": "Yes",
            "Timer": "Yes",
            "Turntable": "Yes",
            "Type": "Over The Range",
            "Viewing Window": "Yes",
            "Width (inches)": "30"
        },
        "url": "abt.com//3632015"
    },
    {
        "spec": {
            "Add 30 Seconds/Quick Minute": "Yes",
            "Capacity (cu. ft.)": "1.9",
            "Child Lock": "Yes",
            "Convection": "No",
            "Cooking Power (watts)": "1000",
            "Depth (inches)": "15.88",
            "Height (inches)": "16.88",
            "Interior Light": "Yes",
            "Number of Power Levels": "10",
            "Sensor Cooking": "Yes",
            "Timer": "Yes",
            "Turntable": "Yes",
            "Type": "Over The Range",
            "Viewing Window": "Yes",
            "Width (inches)": "30"
        },
        "url": "abt.com//8766426"
    },
    {
        "spec": {
            "Capacity (cu. ft.)": "1.7 cu. ft",
            "Convection": "Yes",
            "Cooking Power (watts)": "1000 W",
            "Depth (inches)": "15-3/8\"",
            "Height (inches)": "16-7/16\"",
            "Interior Light": "Yes",
            "Number of Power Levels": "10",
            "Sensor Cooking": "Yes",
            "Timer": "Yes",
            "Turntable": "Yes",
            "Type": "Over The Range",
            "Width (inches)": "29-15/16\""
        },
        "url": "abt.com//5715750"
    },
    {
        "spec": {
            "Console Display": "LED",
            "Flywheel Weight": "18 lbs",
            "Heart Rate Monitor": "Pulse Grips",
            "Incline Adjustable": "Yes",
            "Location of Motor/Drive": "Rear",
            "Max User Capacity": "300 lbs",
            "Resistance Levels": "20"
        },
        "url": "abt.com//12554493"
    },
    {
        "spec": {
            "Console Display": "LCD",
            "Flywheel Weight": "24 lbs",
            "Heart Rate Monitor": "Pulse Grips",
            "Incline Adjustable": "No",
            "Location of Motor/Drive": "Front",
            "Max User Capacity": "350 lbs",
            "Resistance Levels": "20"
        },
        "url": "abt.com//17387284"
    },
    {
        "spec": {
            "Depth (inches)": "7.6\"",
            "Height (inches)": "1.4\"",
            "Width (inches)": "14.2\""
        },
        "url": "abt.com//13357388"
    },
    {
        "spec": {
            "ADA Compliant": "No",
            "Add 30 Seconds/Quick Minute": "Yes",
            "Capacity (cu. ft.)": "1.1",
            "Child Lock": "Yes",
            "Convection": "Yes",
            "Cooking Power (watts)": "850",
            "Depth (inches)": "15.29",
            "Height (inches)": "16.34",
            "Interior Light": "Yes",
            "Number of Power Levels": "11",
            "Optional Trim Kit": "No",
            "Sensor Cooking": "Yes",
            "Timer": "Yes",
            "Turntable": "Yes",
            "Type": "Over The Range",
            "Viewing Window": "Yes",
            "Width (inches)": "29.94"
        },
        "url": "abt.com//13331371"
    },
    {
        "spec": {
            "Add 30 Seconds/Quick Minute": "Yes",
            "Capacity (cu. ft.)": "1.7",
            "Child Lock": "Yes",
            "Convection": "No",
            "Cooking Power (watts)": "1000",
            "Depth (inches)": "16.94",
            "Height (inches)": "16.38",
            "Interior Light": "Yes",
            "Number of Power Levels": "10",
            "Sensor Cooking": "Yes",
            "Timer": "Yes",
            "Turntable": "Yes",
            "Type": "Over The Range",
            "Viewing Window": "Yes",
            "Width (inches)": "30"
        },
        "url": "abt.com//15182631"
    },
    {
        "spec": {
            "Integrated Modem": "No",
            "Max Data Rate": "1300 Mbps",
            "Network Standard": "802.11a/b/g/n/ac",
            "Number of LAN Ports": "3",
            "Number of WAN Ports": "1",
            "Type": "Router and Network Storage",
            "USB Port": "Yes",
            "WPS Button": "No",
            "Wireless Frequency Band": "2.4GHz, 5GHz"
        },
        "url": "abt.com//752889"
    },
    {
        "spec": {
            "Add 30 Seconds/Quick Minute": "Yes",
            "Capacity (cu. ft.)": "1.6",
            "Child Lock": "Yes",
            "Convection": "No",
            "Cooking Power (watts)": "1000",
            "Depth (inches)": "16",
            "Height (inches)": "17.25",
            "Interior Light": "Yes",
            "Number of Power Levels": "10",
            "Sensor Cooking": "No",
            "Timer": "Yes",
            "Turntable": "Yes",
            "Type": "Over The Range",
            "Viewing Window": "Yes",
            "Width (inches)": "30"
        },
        "url": "abt.com//1663379"
    },
    {
        "spec": {
            "ADA Compliant": "No",
            "Add 30 Seconds/Quick Minute": "Yes",
            "Capacity (cu. ft.)": "1.9",
            "Child Lock": "Yes",
            "Convection": "No",
            "Cooking Power (watts)": "1100",
            "Depth (inches)": "15.5",
            "Height (inches)": "16.5",
            "Interior Light": "Yes",
            "Number of Power Levels": "10",
            "Optional Trim Kit": "Yes",
            "Sensor Cooking": "Yes",
            "Timer": "Yes",
            "Turntable": "Yes",
            "Type": "Over The Range",
            "Viewing Window": "Yes",
            "Width (inches)": "30"
        },
        "url": "abt.com//799235"
    },
    {
        "spec": {
            "ADA Compliant": "No",
            "Add 30 Seconds/Quick Minute": "Yes",
            "Capacity (cu. ft.)": "2",
            "Child Lock": "Yes",
            "Convection": "No",
            "Cooking Power (watts)": "1000",
            "Depth (inches)": "16.3",
            "Height (inches)": "17.1",
            "Interior Light": "Yes",
            "Number of Power Levels": "10",
            "Optional Trim Kit": "No",
            "Sensor Cooking": "No",
            "Timer": "Yes",
            "Turntable": "Yes",
            "Type": "Over The Range",
            "Viewing Window": "Yes",
            "Width (inches)": "29.9"
        },
        "url": "abt.com//11217047"
    },
    {
        "spec": {
            "ADA Compliant": "No",
            "Add 30 Seconds/Quick Minute": "Yes",
            "Capacity (cu. ft.)": "1.6",
            "Child Lock": "Yes",
            "Convection": "No",
            "Cooking Power (watts)": "1000",
            "Depth (inches)": "15.03",
            "Height (inches)": "16.4",
            "Interior Light": "Yes",
            "Number of Power Levels": "10",
            "Optional Trim Kit": "No",
            "Sensor Cooking": "No",
            "Timer": "Yes",
            "Turntable": "Yes",
            "Type": "Over The Range",
            "Viewing Window": "Yes",
            "Width (inches)": "30"
        },
        "url": "abt.com//7422340"
    },
    {
        "spec": {
            "Integrated Modem": "No",
            "Max Data Rate": "1300 Mbps",
            "Network Standard": "802.11a/b/g/n/ac",
            "Number of LAN Ports": "3",
            "Number of WAN Ports": "1",
            "Type": "Router and Network Storage",
            "USB Port": "Yes",
            "WPS Button": "No",
            "Wireless Frequency Band": "2.4GHz, 5GHz"
        },
        "url": "abt.com//1426178"
    },
    {
        "spec": {
            "ADA Compliant": "No",
            "Add 30 Seconds/Quick Minute": "Yes",
            "Capacity (cu. ft.)": "1.6",
            "Child Lock": "Yes",
            "Convection": "No",
            "Cooking Power (watts)": "1000",
            "Depth (inches)": "15.03",
            "Height (inches)": "16.4",
            "Interior Light": "Yes",
            "Number of Power Levels": "10",
            "Optional Trim Kit": "No",
            "Sensor Cooking": "No",
            "Timer": "Yes",
            "Turntable": "Yes",
            "Type": "Over The Range",
            "Viewing Window": "Yes",
            "Width (inches)": "30"
        },
        "url": "abt.com//13476205"
    },
    {
        "spec": {
            "ADA Compliant": "No",
            "Add 30 Seconds/Quick Minute": "No",
            "Capacity (cu. ft.)": "1.5",
            "Child Lock": "Yes",
            "Convection": "No",
            "Cooking Power (watts)": "1000",
            "Depth (inches)": "15.5",
            "Height (inches)": "17.25",
            "Interior Light": "Yes",
            "Number of Power Levels": "10",
            "Optional Trim Kit": "No",
            "Sensor Cooking": "Yes",
            "Timer": "Yes",
            "Turntable": "Yes",
            "Type": "Over The Range",
            "Viewing Window": "Yes",
            "Width (inches)": "30"
        },
        "url": "abt.com//12219635"
    },
    {
        "spec": {
            "ADA Compliant": "No",
            "Add 30 Seconds/Quick Minute": "Yes",
            "Capacity (cu. ft.)": "1.7",
            "Child Lock": "No",
            "Convection": "No",
            "Cooking Power (watts)": "1000",
            "Depth (inches)": "15.75",
            "Height (inches)": "17.25",
            "Interior Light": "Yes",
            "Number of Power Levels": "10",
            "Optional Trim Kit": "No",
            "Sensor Cooking": "No",
            "Timer": "Yes",
            "Turntable": "Yes",
            "Type": "Over The Range",
            "Viewing Window": "Yes",
            "Width (inches)": "29.87"
        },
        "url": "abt.com//7990662"
    },
    {
        "spec": {
            "ADA Compliant": "No",
            "Add 30 Seconds/Quick Minute": "Yes",
            "Capacity (cu. ft.)": "1.9",
            "Child Lock": "Yes",
            "Convection": "No",
            "Cooking Power (watts)": "1000",
            "Depth (inches)": "15.5",
            "Height (inches)": "16.5",
            "Interior Light": "Yes",
            "Number of Power Levels": "10",
            "Optional Trim Kit": "Yes",
            "Sensor Cooking": "Yes",
            "Timer": "Yes",
            "Turntable": "Yes",
            "Type": "Over The Range",
            "Viewing Window": "Yes",
            "Width (inches)": "29.75"
        },
        "url": "abt.com//3814689"
    },
    {
        "spec": {
            "ADA Compliant": "No",
            "Add 30 Seconds/Quick Minute": "No",
            "Capacity (cu. ft.)": "2.1",
            "Child Lock": "Yes",
            "Convection": "No",
            "Cooking Power (watts)": "1000",
            "Depth (inches)": "18.5",
            "Height (inches)": "16.94",
            "Interior Light": "Yes",
            "Number of Power Levels": "10",
            "Optional Trim Kit": "No",
            "Sensor Cooking": "Yes",
            "Timer": "Yes",
            "Turntable": "Yes",
            "Type": "Over The Range",
            "Viewing Window": "Yes",
            "Width (inches)": "30"
        },
        "url": "abt.com//15434561"
    },
    {
        "spec": {
            "ADA Compliant": "No",
            "Add 30 Seconds/Quick Minute": "Yes",
            "Capacity (cu. ft.)": "1.4",
            "Child Lock": "Yes",
            "Convection": "No",
            "Cooking Power (watts)": "950",
            "Depth (inches)": "15.56",
            "Height (inches)": "16.25",
            "Interior Light": "Yes",
            "Number of Power Levels": "11",
            "Optional Trim Kit": "No",
            "Sensor Cooking": "No",
            "Timer": "Yes",
            "Turntable": "Yes",
            "Type": "Over The Range",
            "Viewing Window": "Yes",
            "Width (inches)": "29.93"
        },
        "url": "abt.com//6052687"
    },
    {
        "spec": {
            "Add 30 Seconds/Quick Minute": "Yes",
            "Capacity (cu. ft.)": "1.7",
            "Child Lock": "Yes",
            "Convection": "No",
            "Cooking Power (watts)": "1000",
            "Depth (inches)": "16.94",
            "Height (inches)": "16.38",
            "Interior Light": "Yes",
            "Number of Power Levels": "10",
            "Sensor Cooking": "Yes",
            "Timer": "Yes",
            "Turntable": "Yes",
            "Type": "Over The Range",
            "Viewing Window": "Yes",
            "Width (inches)": "30"
        },
        "url": "abt.com//6963300"
    },
    {
        "spec": {
            "Console Display": "LED",
            "Flywheel Weight": "20 lbs",
            "Heart Rate Monitor": "Pulse Grips",
            "Incline Adjustable": "Yes",
            "Location of Motor/Drive": "Front",
            "Max User Capacity": "300 lbs",
            "Resistance Levels": "18"
        },
        "url": "abt.com//16993704"
    },
    {
        "spec": {
            "Capacity (cu. ft.)": "2.0 Cu. Ft.",
            "Convection": "No",
            "Cooking Power (watts)": "1000 Watts",
            "Depth (inches)": "17.25\"",
            "Height (inches)": "17.25\"",
            "Interior Light": "Yes",
            "Number of Power Levels": "10",
            "Sensor Cooking": "Yes",
            "Timer": "Yes",
            "Turntable": "Yes",
            "Type": "Over The Range",
            "Width (inches)": "29.93\""
        },
        "url": "abt.com//10640870"
    },
    {
        "spec": {
            "Add 30 Seconds/Quick Minute": "Yes",
            "Capacity (cu. ft.)": "1.5",
            "Child Lock": "Yes",
            "Convection": "No",
            "Cooking Power (watts)": "950",
            "Depth (inches)": "15.25",
            "Height (inches)": "16.75",
            "Interior Light": "Yes",
            "Number of Power Levels": "10",
            "Sensor Cooking": "No",
            "Timer": "Yes",
            "Turntable": "Yes",
            "Type": "Over The Range",
            "Viewing Window": "Yes",
            "Width (inches)": "30"
        },
        "url": "abt.com//4410743"
    },
    {
        "spec": {
            "Add 30 Seconds/Quick Minute": "Yes",
            "Capacity (cu. ft.)": "2.1",
            "Child Lock": "Yes",
            "Convection": "No",
            "Cooking Power (watts)": "1000",
            "Depth (inches)": "18.5",
            "Height (inches)": "16.93",
            "Interior Light": "Yes",
            "Number of Power Levels": "10",
            "Sensor Cooking": "Yes",
            "Timer": "Yes",
            "Turntable": "Yes",
            "Type": "Over The Range",
            "Viewing Window": "Yes",
            "Width (inches)": "30"
        },
        "url": "abt.com//5622060"
    },
    {
        "spec": {
            "Add 30 Seconds/Quick Minute": "No",
            "Capacity (cu. ft.)": "1.8 Cu. Ft.",
            "Convection": "No",
            "Cooking Power (watts)": "1000 W",
            "Depth (inches)": "15-5/8\"",
            "Height (inches)": "16-7/16\"",
            "Interior Light": "Yes",
            "Number of Power Levels": "10",
            "Sensor Cooking": "Yes",
            "Timer": "Yes",
            "Turntable": "Yes",
            "Type": "Over The Range",
            "Width (inches)": "29-15/16\""
        },
        "url": "abt.com//12854045"
    },
    {
        "spec": {
            "Console Display": "LCD",
            "Flywheel Weight": "24 lbs",
            "Heart Rate Monitor": "Pulse Grips",
            "Incline Adjustable": "No",
            "Location of Motor/Drive": "Front",
            "Max User Capacity": "350 lbs",
            "Resistance Levels": "20"
        },
        "url": "abt.com//8964506"
    },
    {
        "spec": {
            "Capacity (cu. ft.)": "2.0 Cu. Ft.",
            "Convection": "No",
            "Cooking Power (watts)": "1000 Watts",
            "Depth (inches)": "17.25\"",
            "Height (inches)": "17.25\"",
            "Interior Light": "Yes",
            "Number of Power Levels": "10",
            "Sensor Cooking": "Yes",
            "Timer": "Yes",
            "Turntable": "Yes",
            "Type": "Over The Range",
            "Width (inches)": "29.93\""
        },
        "url": "abt.com//17055803"
    },
    {
        "spec": {
            "Add 30 Seconds/Quick Minute": "Yes",
            "Capacity (cu. ft.)": "1.6",
            "Child Lock": "Yes",
            "Convection": "No",
            "Cooking Power (watts)": "1000",
            "Depth (inches)": "16",
            "Height (inches)": "17.25",
            "Interior Light": "Yes",
            "Number of Power Levels": "10",
            "Sensor Cooking": "No",
            "Timer": "No",
            "Turntable": "Yes",
            "Type": "Over The Range",
            "Viewing Window": "Yes",
            "Width (inches)": "30"
        },
        "url": "abt.com//13725373"
    },
    {
        "spec": {
            "Add 30 Seconds/Quick Minute": "No",
            "Capacity (cu. ft.)": "1.7",
            "Child Lock": "No",
            "Convection": "Yes",
            "Cooking Power (watts)": "1000",
            "Depth (inches)": "15.5",
            "Height (inches)": "16.25",
            "Interior Light": "Yes",
            "Number of Power Levels": "10",
            "Sensor Cooking": "Yes",
            "Timer": "Yes",
            "Turntable": "Yes",
            "Type": "Over The Range",
            "Viewing Window": "Yes",
            "Width (inches)": "30"
        },
        "url": "abt.com//10266203"
    },
    {
        "spec": {
            "Integrated Modem": "No",
            "Max Data Rate": "5334 Mbps",
            "Network Standard": "802.11a/b/g/n/ac",
            "Number of LAN Ports": "8",
            "Number of WAN Ports": "1",
            "Type": "Router",
            "USB Port": "Yes",
            "WPS Button": "No",
            "Wireless Frequency Band": "2.4GHz, Dual 5GHz"
        },
        "url": "abt.com//863742"
    },
    {
        "spec": {
            "ADA Compliant": "No",
            "Add 30 Seconds/Quick Minute": "Yes",
            "Capacity (cu. ft.)": "1.6",
            "Child Lock": "No",
            "Convection": "No",
            "Cooking Power (watts)": "1000",
            "Depth (inches)": "15.37",
            "Height (inches)": "16.5",
            "Interior Light": "Yes",
            "Number of Power Levels": "10",
            "Optional Trim Kit": "No",
            "Sensor Cooking": "No",
            "Timer": "Yes",
            "Turntable": "Yes",
            "Type": "Over The Range",
            "Viewing Window": "Yes",
            "Width (inches)": "29.87"
        },
        "url": "abt.com//10714505"
    },
    {
        "spec": {
            "Add 30 Seconds/Quick Minute": "Yes",
            "Capacity (cu. ft.)": "1.9",
            "Child Lock": "Yes",
            "Convection": "No",
            "Cooking Power (watts)": "1000",
            "Depth (inches)": "15.5",
            "Height (inches)": "16.88",
            "Interior Light": "Yes",
            "Number of Power Levels": "10",
            "Sensor Cooking": "Yes",
            "Timer": "Yes",
            "Turntable": "Yes",
            "Type": "Over The Range",
            "Viewing Window": "Yes",
            "Width (inches)": "30"
        },
        "url": "abt.com//11823609"
    },
    {
        "spec": {
            "Add 30 Seconds/Quick Minute": "Yes",
            "Capacity (cu. ft.)": "1.5",
            "Child Lock": "Yes",
            "Convection": "No",
            "Cooking Power (watts)": "950",
            "Depth (inches)": "15.25",
            "Height (inches)": "16.75",
            "Interior Light": "Yes",
            "Number of Power Levels": "10",
            "Sensor Cooking": "No",
            "Timer": "Yes",
            "Turntable": "Yes",
            "Type": "Over The Range",
            "Viewing Window": "Yes",
            "Width (inches)": "30"
        },
        "url": "abt.com//8355805"
    },
    {
        "spec": {
            "Depth (inches)": "8.07\"",
            "Height (inches)": "1.52\"",
            "Width (inches)": "14.17\""
        },
        "url": "abt.com//14315049"
    },
    {
        "spec": {
            "ADA Compliant": "No",
            "Add 30 Seconds/Quick Minute": "No",
            "Capacity (cu. ft.)": "1.7",
            "Child Lock": "Yes",
            "Convection": "Yes",
            "Cooking Power (watts)": "1750",
            "Depth (inches)": "17.55",
            "Height (inches)": "16.94",
            "Interior Light": "Yes",
            "Number of Power Levels": "10",
            "Optional Trim Kit": "No",
            "Sensor Cooking": "No",
            "Timer": "Yes",
            "Turntable": "Yes",
            "Type": "Over The Range",
            "Viewing Window": "Yes",
            "Width (inches)": "29.88"
        },
        "url": "abt.com//11040586"
    }
]