[
    {
        "spec": {
            "Answering Machine": "Yes",
            "Bluetooth": "No",
            "Caller ID": "Yes",
            "Expandable Headsets": "Yes",
            "Frequency": "1.9 GHz",
            "Number of Included Handsets": "3",
            "Number of Lines": "1",
            "Speakerphone": "Yes",
            "Talking Caller ID": "Yes"
        },
        "url": "abt.com//16607259"
    },
    {
        "spec": {
            "Answering Machine": "Yes",
            "Bluetooth": "No",
            "Caller ID": "Yes",
            "Expandable Headsets": "Yes",
            "Frequency": "1.9 GHz",
            "Number of Included Handsets": "2",
            "Number of Lines": "1",
            "Speakerphone": "Yes",
            "Talking Caller ID": "Yes"
        },
        "url": "abt.com//13199650"
    },
    {
        "spec": {
            "Answering Machine": "Yes",
            "Bluetooth": "No",
            "Caller ID": "Yes",
            "Expandable Headsets": "Yes",
            "Frequency": "1.9GHz",
            "Number of Included Handsets": "4",
            "Number of Lines": "1",
            "Speakerphone": "Yes",
            "Talking Caller ID": "Yes"
        },
        "url": "abt.com//6970273"
    },
    {
        "spec": {
            "Answering Machine": "Yes",
            "Bluetooth": "No",
            "Caller ID": "Yes",
            "Frequency": "1.9 GHz",
            "Number of Included Handsets": "1",
            "Number of Lines": "1",
            "Speakerphone": "No",
            "Talking Caller ID": "Yes"
        },
        "url": "abt.com//4724006"
    },
    {
        "spec": {
            "Answering Machine": "Yes",
            "Bluetooth": "Yes",
            "Caller ID": "Yes",
            "Expandable Headsets": "Yes",
            "Number of Included Handsets": "2",
            "Number of Lines": "2",
            "Speakerphone": "Yes",
            "Talking Caller ID": "Yes"
        },
        "url": "abt.com//5881774"
    }
]