{
    "10073228": [
        "abt.com//11206308",
        "abt.com//9146554"
    ],
    "1008430": [
        "abt.com//9746763"
    ],
    "10144215": [
        "abt.com//1788528",
        "abt.com//5580855"
    ],
    "1025035": [
        "abt.com//16905637"
    ],
    "10440551": [
        "abt.com//10715784",
        "abt.com//6846785"
    ],
    "10452695": [
        "abt.com//10631950",
        "abt.com//3605510"
    ],
    "10456807": [
        "abt.com//6677778",
        "abt.com//9785099"
    ],
    "10463431": [
        "abt.com//14451295",
        "abt.com//337340"
    ],
    "10497672": [
        "abt.com//10114218",
        "abt.com//9107336"
    ],
    "10499515": [
        "abt.com//17507013",
        "abt.com//6300506"
    ],
    "10500005": [
        "abt.com//3328633",
        "abt.com//5766584"
    ],
    "1055936": [
        "abt.com//6352677"
    ],
    "10666399": [
        "abt.com//11148776",
        "abt.com//11744068"
    ],
    "10675530": [
        "abt.com//1038332",
        "abt.com//8284760"
    ],
    "10676079": [
        "abt.com//14401010",
        "abt.com//692808"
    ],
    "10708605": [
        "abt.com//14315673",
        "abt.com//7778706"
    ],
    "10760940": [
        "abt.com//5287736",
        "abt.com//8995821"
    ],
    "10775988": [
        "abt.com//13611043",
        "abt.com//7390702"
    ],
    "10776008": [
        "abt.com//10276480",
        "abt.com//15783881"
    ],
    "10777239": [
        "abt.com//4115136",
        "abt.com//8529132"
    ],
    "10788695": [
        "abt.com//16926079",
        "abt.com//7564147"
    ],
    "10791542": [
        "abt.com//6896643",
        "abt.com//8414560"
    ],
    "10791602": [
        "abt.com//16197574",
        "abt.com//9083333"
    ],
    "10801336": [
        "abt.com//10347566",
        "abt.com//177448"
    ],
    "10805741": [
        "abt.com//1440950",
        "abt.com//16304491"
    ],
    "10807641": [
        "abt.com//15935887",
        "abt.com//7430570"
    ],
    "10807660": [
        "abt.com//7662358",
        "abt.com//9536941"
    ],
    "10817722": [
        "abt.com//8865462",
        "abt.com//9455780"
    ],
    "10849448": [
        "abt.com//12308874",
        "abt.com//1540342"
    ],
    "11196873": [
        "abt.com//13969175",
        "abt.com//15140778"
    ],
    "11227484": [
        "abt.com//10696375",
        "abt.com//17397204"
    ],
    "11321079": [
        "abt.com//13043518",
        "abt.com//13604340"
    ],
    "11321099": [
        "abt.com//14323470",
        "abt.com//14994454"
    ],
    "11430516": [
        "abt.com//12186332",
        "abt.com//16244765"
    ],
    "11631850": [
        "abt.com//13060087",
        "abt.com//9088846"
    ],
    "11802066": [
        "abt.com//10036207",
        "abt.com//3518584"
    ],
    "11802083": [
        "abt.com//4882045",
        "abt.com//7439037"
    ],
    "12031825": [
        "abt.com//3891608",
        "abt.com//6063689"
    ],
    "12061391": [
        "abt.com//10337832",
        "abt.com//7055953"
    ],
    "12079187": [
        "abt.com//10675220",
        "abt.com//15323185"
    ],
    "12089945": [
        "abt.com//1443800",
        "abt.com//4150258"
    ],
    "12089962": [
        "abt.com//16823076",
        "abt.com//8087119"
    ],
    "12093229": [
        "abt.com//17249455",
        "abt.com//9919582"
    ],
    "12095695": [
        "abt.com//15123411",
        "abt.com//8099280"
    ],
    "12102449": [
        "abt.com//13597739",
        "abt.com//5806037"
    ],
    "12106841": [
        "abt.com//10782668",
        "abt.com//14603249"
    ],
    "12106880": [
        "abt.com//10266682",
        "abt.com//1547938"
    ],
    "12107404": [
        "abt.com//14686105",
        "abt.com//16244608"
    ],
    "12107425": [
        "abt.com//10558822",
        "abt.com//2207304"
    ],
    "12145718": [
        "abt.com//17437375",
        "abt.com//9764223"
    ],
    "12147760": [
        "abt.com//12886511",
        "abt.com//15101048"
    ],
    "12201303": [
        "abt.com//14516793",
        "abt.com//7887778"
    ],
    "12438337": [
        "abt.com//12541825",
        "abt.com//3097976"
    ],
    "12519608": [
        "abt.com//10219419",
        "abt.com//2319102"
    ],
    "1255472": [
        "abt.com//778833"
    ],
    "12561596": [
        "abt.com//3124711",
        "abt.com//6775136"
    ],
    "12562059": [
        "abt.com//9213345",
        "abt.com//944404"
    ],
    "12604522": [
        "abt.com//13189929",
        "abt.com//3491648"
    ],
    "12614321": [
        "abt.com//11315515",
        "abt.com//14031051",
        "abt.com//9724931"
    ],
    "12658659": [
        "abt.com//13957288",
        "abt.com//3352633"
    ],
    "12658769": [
        "abt.com//1644151",
        "abt.com//5272580"
    ],
    "12659165": [
        "abt.com//13985457",
        "abt.com//16836142"
    ],
    "12659258": [
        "abt.com//16235632",
        "abt.com//16955091"
    ],
    "12659320": [
        "abt.com//6181868",
        "abt.com//9129539"
    ],
    "12668814": [
        "abt.com//10491787",
        "abt.com//12086567"
    ],
    "12668857": [
        "abt.com//11587398",
        "abt.com//2694248"
    ],
    "12668897": [
        "abt.com//10937867",
        "abt.com//14233202"
    ],
    "12671329": [
        "abt.com//4577126",
        "abt.com//9410223"
    ],
    "12671741": [
        "abt.com//13265557",
        "abt.com//16785922"
    ],
    "12672000": [
        "abt.com//12046931",
        "abt.com//7822111"
    ],
    "12672920": [
        "abt.com//3377048",
        "abt.com//749633"
    ],
    "12690329": [
        "abt.com//8039877",
        "abt.com//8564150"
    ],
    "12690484": [
        "abt.com//12343389",
        "abt.com//905334"
    ],
    "12691752": [
        "abt.com//14668286",
        "abt.com//3810892"
    ],
    "12691769": [
        "abt.com//6260807",
        "abt.com//7446930"
    ],
    "1273830": [
        "abt.com//11479779"
    ],
    "13131164": [
        "abt.com//13014945",
        "abt.com//3848493"
    ],
    "13139654": [
        "abt.com//14029906",
        "abt.com//7780714"
    ],
    "13142938": [
        "abt.com//11355563",
        "abt.com//15396231",
        "abt.com//3669404"
    ],
    "13155396": [
        "abt.com//2260037",
        "abt.com//779272"
    ],
    "13231598": [
        "abt.com//3673274",
        "abt.com//9202645"
    ],
    "13238288": [
        "abt.com//10179263",
        "abt.com//16793490",
        "abt.com//2138588"
    ],
    "13261362": [
        "abt.com//14044378",
        "abt.com//5217188"
    ],
    "13332353": [
        "abt.com//7329157",
        "abt.com//8617487"
    ],
    "13334842": [
        "abt.com//3366773",
        "abt.com//450526",
        "abt.com//7839425",
        "abt.com//8939548"
    ],
    "13335220": [
        "abt.com//1153340",
        "abt.com//6475020",
        "abt.com//9642941"
    ],
    "1342691": [
        "abt.com//2055053"
    ],
    "13446626": [
        "abt.com//14710141",
        "abt.com//2741843"
    ],
    "13489078": [
        "abt.com//10517797",
        "abt.com//3779900"
    ],
    "13489114": [
        "abt.com//1583653",
        "abt.com//6601138"
    ],
    "13513081": [
        "abt.com//15016016"
    ],
    "13513694": [
        "abt.com//3727460"
    ],
    "13513854": [
        "abt.com//17059881",
        "abt.com//7928048"
    ],
    "13514056": [
        "abt.com//2085079",
        "abt.com//2268843"
    ],
    "13528645": [
        "abt.com//15101370",
        "abt.com//9935249"
    ],
    "13534857": [
        "abt.com//14845273",
        "abt.com//751228"
    ],
    "13538156": [
        "abt.com//10624815",
        "abt.com//8460685"
    ],
    "13555240": [
        "abt.com//12394712",
        "abt.com//16907582"
    ],
    "135568": [
        "abt.com//14622336"
    ],
    "13567476": [
        "abt.com//11177132",
        "abt.com//1445284"
    ],
    "13573466": [
        "abt.com//12942954",
        "abt.com//2653008",
        "abt.com//7834946"
    ],
    "13622750": [
        "abt.com//15252387"
    ],
    "13637720": [
        "abt.com//12249646",
        "abt.com//299887"
    ],
    "13638109": [
        "abt.com//14870019",
        "abt.com//4894825"
    ],
    "13765270": [
        "abt.com//2548580",
        "abt.com//6508190"
    ],
    "13765672": [
        "abt.com//12267248"
    ],
    "13805874": [
        "abt.com//3513461",
        "abt.com//4320149"
    ],
    "13896681": [
        "abt.com//14742473",
        "abt.com//5132907"
    ],
    "13897275": [
        "abt.com//7183751"
    ],
    "13908711": [
        "abt.com//14408062",
        "abt.com//5905499"
    ],
    "13909640": [
        "abt.com//17092148",
        "abt.com//3824271",
        "abt.com//9568496"
    ],
    "13911200": [
        "abt.com//5134042",
        "abt.com//6605743"
    ],
    "13914213": [
        "abt.com//12237833",
        "abt.com//2278832"
    ],
    "13914688": [
        "abt.com//15209134",
        "abt.com//7602568"
    ],
    "13925452": [
        "abt.com//13286154",
        "abt.com//4694067"
    ],
    "13926081": [
        "abt.com//1198452"
    ],
    "13929097": [
        "abt.com//5740726"
    ],
    "13929141": [
        "abt.com//12284523"
    ],
    "13929248": [
        "abt.com//9924127"
    ],
    "13962313": [
        "abt.com//14874429",
        "abt.com//199234"
    ],
    "1397106": [
        "abt.com//12181883"
    ],
    "14056319": [
        "abt.com//15877320",
        "abt.com//8519855"
    ],
    "14056355": [
        "abt.com//1098860",
        "abt.com//13324404"
    ],
    "14060067": [
        "abt.com//12878738",
        "abt.com//4109601"
    ],
    "14066606": [
        "abt.com//3562684",
        "abt.com//8086673"
    ],
    "14083869": [
        "abt.com//10862184",
        "abt.com//4497701",
        "abt.com//9353231"
    ],
    "14094867": [
        "abt.com//16044228",
        "abt.com//4873856"
    ],
    "14126223": [
        "abt.com//10582381",
        "abt.com//8146207"
    ],
    "14267109": [
        "abt.com//10400511",
        "abt.com//11905164"
    ],
    "14267370": [
        "abt.com//351147",
        "abt.com//4616408"
    ],
    "14267468": [
        "abt.com//3313009",
        "abt.com//711438"
    ],
    "14268453": [
        "abt.com//15476852",
        "abt.com//17006027"
    ],
    "14279727": [
        "abt.com//7824257",
        "abt.com//7955365"
    ],
    "14280202": [
        "abt.com//15149864",
        "abt.com//399250"
    ],
    "14281271": [
        "abt.com//15490980",
        "abt.com//4360116"
    ],
    "14285968": [
        "abt.com//1510342",
        "abt.com//2980374"
    ],
    "14310969": [
        "abt.com//13816913",
        "abt.com//4070433"
    ],
    "14325413": [
        "abt.com//16163062",
        "abt.com//1639871",
        "abt.com//6083759"
    ],
    "14333900": [
        "abt.com//1574976",
        "abt.com//7219055"
    ],
    "14350736": [
        "abt.com//5827384"
    ],
    "14350744": [
        "abt.com//13940945"
    ],
    "14362321": [
        "abt.com//11765461"
    ],
    "14363318": [
        "abt.com//5314245"
    ],
    "14363378": [
        "abt.com//2118718"
    ],
    "14363712": [
        "abt.com//7524009"
    ],
    "14363745": [
        "abt.com//10895791"
    ],
    "14382133": [
        "abt.com//14323697"
    ],
    "14385834": [
        "abt.com//6879025",
        "abt.com//922635"
    ],
    "14385910": [
        "abt.com//15248976",
        "abt.com//3097040"
    ],
    "14410828": [
        "abt.com//10356375",
        "abt.com//6605045"
    ],
    "14410886": [
        "abt.com//16063261",
        "abt.com//17469478"
    ],
    "14483481": [
        "abt.com//3120814",
        "abt.com//7992078"
    ],
    "14523339": [
        "abt.com//2014222",
        "abt.com//3043465"
    ],
    "14542223": [
        "abt.com//5565810",
        "abt.com//85186",
        "abt.com//8604014"
    ],
    "14545568": [
        "abt.com//13578827",
        "abt.com//7535148"
    ],
    "14580656": [
        "abt.com//10360228",
        "abt.com//16069715"
    ],
    "14581091": [
        "abt.com//12367738",
        "abt.com//15515542"
    ],
    "14640104": [
        "abt.com//2459319",
        "abt.com//7592335"
    ],
    "14640121": [
        "abt.com//14038572",
        "abt.com//5716607"
    ],
    "14640520": [
        "abt.com//6688051",
        "abt.com//6749517"
    ],
    "14640948": [
        "abt.com//12748288",
        "abt.com//14465877",
        "abt.com//4728037"
    ],
    "14643240": [
        "abt.com//115132",
        "abt.com//3529525"
    ],
    "14648127": [
        "abt.com//10066587",
        "abt.com//1771276"
    ],
    "14693242": [
        "abt.com//5972648",
        "abt.com//6782336"
    ],
    "14695887": [
        "abt.com//5459324",
        "abt.com//8151369"
    ],
    "14705790": [
        "abt.com//13249356",
        "abt.com//2751695"
    ],
    "14718452": [
        "abt.com//10214971",
        "abt.com//14430604"
    ],
    "14734176": [
        "abt.com//4553228",
        "abt.com//9802403"
    ],
    "14736596": [
        "abt.com//16111786",
        "abt.com//8604161"
    ],
    "14738090": [
        "abt.com//16906052",
        "abt.com//4347287"
    ],
    "14738412": [
        "abt.com//14735266",
        "abt.com//8995471"
    ],
    "14747223": [
        "abt.com//11828662",
        "abt.com//7334223"
    ],
    "14749276": [
        "abt.com//1729152",
        "abt.com//8044099"
    ],
    "14749664": [
        "abt.com//13194615",
        "abt.com//14444831"
    ],
    "14767294": [
        "abt.com//1485651",
        "abt.com//9380707"
    ],
    "14767371": [
        "abt.com//15280651",
        "abt.com//15673818"
    ],
    "14771732": [
        "abt.com//16233507",
        "abt.com//7497234"
    ],
    "14777615": [
        "abt.com//12786416",
        "abt.com//17440698"
    ],
    "14783972": [
        "abt.com//1285566",
        "abt.com//3029377"
    ],
    "14784043": [
        "abt.com//11146256",
        "abt.com//15051592"
    ],
    "14858001": [
        "abt.com//10089710",
        "abt.com//11343268"
    ],
    "14993912": [
        "abt.com//15089274",
        "abt.com//4153684"
    ],
    "15019234": [
        "abt.com//5129051",
        "abt.com//9696403"
    ],
    "15019266": [
        "abt.com//14080263",
        "abt.com//7653928"
    ],
    "15020653": [
        "abt.com//13032641",
        "abt.com//15744128"
    ],
    "15020791": [
        "abt.com//15498090",
        "abt.com//17057481"
    ],
    "15035499": [
        "abt.com//1383360",
        "abt.com//4240237"
    ],
    "15035813": [
        "abt.com//10528478",
        "abt.com//3317978"
    ],
    "15036797": [
        "abt.com//4266621",
        "abt.com//7716208"
    ],
    "15037674": [
        "abt.com//6570489",
        "abt.com//6594745"
    ],
    "15038113": [
        "abt.com//12013451",
        "abt.com//1816308"
    ],
    "15069856": [
        "abt.com//3359263",
        "abt.com//6374486"
    ],
    "15097692": [
        "abt.com//14103746",
        "abt.com//6766488"
    ],
    "15104213": [
        "abt.com//14130331",
        "abt.com//5254060"
    ],
    "15397682": [
        "abt.com//10811264",
        "abt.com//11514514"
    ],
    "15406476": [
        "abt.com//14616747",
        "abt.com//3439729"
    ],
    "15406492": [
        "abt.com//3321149",
        "abt.com//3366125"
    ],
    "15412268": [
        "abt.com//13438255",
        "abt.com//6222436"
    ],
    "15430773": [
        "abt.com//5563227",
        "abt.com//9935130"
    ],
    "15434603": [
        "abt.com//1315210",
        "abt.com//7721773"
    ],
    "15461278": [
        "abt.com//8516962"
    ],
    "15500083": [
        "abt.com//10495013",
        "abt.com//7621909"
    ],
    "15582688": [
        "abt.com//3718319",
        "abt.com//7120291"
    ],
    "15590142": [
        "abt.com//17393362",
        "abt.com//5295359"
    ],
    "15693613": [
        "abt.com//4581222",
        "abt.com//9133403"
    ],
    "15763781": [
        "abt.com//13727536",
        "abt.com//915063"
    ],
    "15813005": [
        "abt.com//12154012",
        "abt.com//12764497"
    ],
    "15869551": [
        "abt.com//16597281",
        "abt.com//3956132"
    ],
    "15874388": [
        "abt.com//12140213",
        "abt.com//16656720"
    ],
    "15992191": [
        "abt.com//6072414",
        "abt.com//6530577"
    ],
    "16100244": [
        "abt.com//11262280",
        "abt.com//14375057"
    ],
    "16100304": [
        "abt.com//14232834",
        "abt.com//4607401"
    ],
    "16100361": [
        "abt.com//5500444",
        "abt.com//5904810"
    ],
    "16101352": [
        "abt.com//12016637",
        "abt.com//15406910"
    ],
    "16102768": [
        "abt.com//1465373",
        "abt.com//3168532"
    ],
    "16177892": [
        "abt.com//14162765",
        "abt.com//8366632"
    ],
    "16180755": [
        "abt.com//13871760",
        "abt.com//3431870"
    ],
    "16197666": [
        "abt.com//2611739",
        "abt.com//5776808"
    ],
    "16211834": [
        "abt.com//13410963",
        "abt.com//9961293"
    ],
    "16307073": [
        "abt.com//10448654",
        "abt.com//11124255"
    ],
    "16308224": [
        "abt.com//11152253",
        "abt.com//13300002"
    ],
    "16309054": [
        "abt.com//1599947",
        "abt.com//5809746"
    ],
    "16309513": [
        "abt.com//14725386",
        "abt.com//2866198"
    ],
    "16336012": [
        "abt.com//35361",
        "abt.com//6142978"
    ],
    "16336336": [
        "abt.com//1041674",
        "abt.com//7755829"
    ],
    "16336369": [
        "abt.com//17266707",
        "abt.com//17289849"
    ],
    "1691045": [
        "abt.com//12192759"
    ],
    "1785938": [
        "abt.com//93195"
    ],
    "2031081": [
        "abt.com//12219540",
        "abt.com//8944824"
    ],
    "2051105": [
        "abt.com//16918665",
        "abt.com//6806838"
    ],
    "2112394": [
        "abt.com//14144745",
        "abt.com//14586874"
    ],
    "2168199": [
        "abt.com//4409180",
        "abt.com//5799163"
    ],
    "2226205": [
        "abt.com//11723694",
        "abt.com//14136275"
    ],
    "2271241": [
        "abt.com//14727861",
        "abt.com//4796666"
    ],
    "2273818": [
        "abt.com//1056433",
        "abt.com//679688"
    ],
    "2273946": [
        "abt.com//4599691",
        "abt.com//9154040"
    ],
    "2287140": [
        "abt.com//2777416",
        "abt.com//5043643"
    ],
    "2287937": [
        "abt.com//3881657",
        "abt.com//605214"
    ],
    "2288367": [
        "abt.com//482622",
        "abt.com//4986586"
    ],
    "2296446": [
        "abt.com//15880901",
        "abt.com//16610332"
    ],
    "2297236": [
        "abt.com//11058568",
        "abt.com//17028021"
    ],
    "2310598": [
        "abt.com//2182190",
        "abt.com//7940266"
    ],
    "2311001": [
        "abt.com//16029549",
        "abt.com//9734573"
    ],
    "2312211": [
        "abt.com//10307996",
        "abt.com//1919912"
    ],
    "2351502": [
        "abt.com//10224609",
        "abt.com//16806477"
    ],
    "2351788": [
        "abt.com//12467580",
        "abt.com//14747895",
        "abt.com//17017179"
    ],
    "237563": [
        "abt.com//15593348"
    ],
    "2461997": [
        "abt.com//10107894",
        "abt.com//13373938"
    ],
    "2547953": [
        "abt.com//10205198",
        "abt.com//13335250"
    ],
    "2614102": [
        "abt.com//2045072",
        "abt.com//9240464"
    ],
    "2623910": [
        "abt.com//14320194",
        "abt.com//5330064"
    ],
    "2627304": [
        "abt.com//13403076",
        "abt.com//13852397"
    ],
    "2627425": [
        "abt.com//587951",
        "abt.com//8047492"
    ],
    "2664073": [
        "abt.com//4907644",
        "abt.com//5625133"
    ],
    "2664131": [
        "abt.com//15460542",
        "abt.com//17280888"
    ],
    "2664457": [
        "abt.com//10623381",
        "abt.com//8205754"
    ],
    "2664510": [
        "abt.com//11071954",
        "abt.com//8412876"
    ],
    "2665301": [
        "abt.com//16231280",
        "abt.com//16896480"
    ],
    "2668085": [
        "abt.com//10989511",
        "abt.com//11000039"
    ],
    "2668313": [
        "abt.com//12317741",
        "abt.com//13817437"
    ],
    "2668835": [
        "abt.com//13348439",
        "abt.com//2131341"
    ],
    "2740632": [
        "abt.com//5509690",
        "abt.com//8671971"
    ],
    "2742520": [
        "abt.com//11682362",
        "abt.com//217176"
    ],
    "2745422": [
        "abt.com//15302123",
        "abt.com//1913643"
    ],
    "2745435": [
        "abt.com//13543990",
        "abt.com//15818463"
    ],
    "2825562": [
        "abt.com//8005825",
        "abt.com//9624922"
    ],
    "2835970": [
        "abt.com//3762454"
    ],
    "2890210": [
        "abt.com//2140535",
        "abt.com//9108561"
    ],
    "289058": [
        "abt.com//1438553"
    ],
    "2899342": [
        "abt.com//8727411",
        "abt.com//9714788"
    ],
    "2899648": [
        "abt.com//15202489",
        "abt.com//4169973"
    ],
    "290947": [
        "abt.com//13726073"
    ],
    "2911109": [
        "abt.com//11093862",
        "abt.com//6136802"
    ],
    "2911148": [
        "abt.com//1952069",
        "abt.com//2704089"
    ],
    "2922988": [
        "abt.com//10429839",
        "abt.com//12968703"
    ],
    "2983924": [
        "abt.com//13502475",
        "abt.com//4429043"
    ],
    "3075296": [
        "abt.com//12331062",
        "abt.com//4311524"
    ],
    "3075672": [
        "abt.com//15132794",
        "abt.com//2349971"
    ],
    "3113480": [
        "abt.com//12106390",
        "abt.com//16298193",
        "abt.com//187063",
        "abt.com//3804953"
    ],
    "3124255": [
        "abt.com//10405172",
        "abt.com//14843161"
    ],
    "3259300": [
        "abt.com//4451359",
        "abt.com//5664490"
    ],
    "3270313": [
        "abt.com//15724579",
        "abt.com//7484592"
    ],
    "3291442": [
        "abt.com//10506657",
        "abt.com//14644152"
    ],
    "3305028": [
        "abt.com//12460583",
        "abt.com//8923751"
    ],
    "3318687": [
        "abt.com//1477652",
        "abt.com//9978861"
    ],
    "3329833": [
        "abt.com//6755441",
        "abt.com//8923797"
    ],
    "3330999": [
        "abt.com//10262985",
        "abt.com//5653523"
    ],
    "3337197": [
        "abt.com//14815731",
        "abt.com//1540365",
        "abt.com//2569008"
    ],
    "3345643": [
        "abt.com//12157040",
        "abt.com//3731958"
    ],
    "3354411": [
        "abt.com//12653052",
        "abt.com//2645786"
    ],
    "3362068": [
        "abt.com//14092560",
        "abt.com//8982342"
    ],
    "3372142": [
        "abt.com//16068770",
        "abt.com//629263"
    ],
    "359327": [
        "abt.com//7438999"
    ],
    "3739007": [
        "abt.com//3957497",
        "abt.com//4462292"
    ],
    "3742283": [
        "abt.com//16961782",
        "abt.com//3897816"
    ],
    "3751916": [
        "abt.com//11682312",
        "abt.com//15941621"
    ],
    "3766875": [
        "abt.com//6087781",
        "abt.com//8720557"
    ],
    "3843571": [
        "abt.com//16017139",
        "abt.com//5349917"
    ],
    "384575": [
        "abt.com//908419"
    ],
    "3850491": [
        "abt.com//12687069",
        "abt.com//1560972"
    ],
    "3878139": [
        "abt.com//2023460",
        "abt.com//9068677"
    ],
    "3941337": [
        "abt.com//10752140",
        "abt.com//2761467"
    ],
    "3941354": [
        "abt.com//15800582",
        "abt.com//2237230"
    ],
    "3941363": [
        "abt.com//11798557",
        "abt.com//914478"
    ],
    "408339": [
        "abt.com//15802142"
    ],
    "4127432": [
        "abt.com//10989582",
        "abt.com//7789589"
    ],
    "4132978": [
        "abt.com//15839470",
        "abt.com//4042697"
    ],
    "4143326": [
        "abt.com//13338802",
        "abt.com//3840488"
    ],
    "4221425": [
        "abt.com//7565294",
        "abt.com//7675671"
    ],
    "4298853": [
        "abt.com//15751959",
        "abt.com//1941669"
    ],
    "4333592": [
        "abt.com//10048939",
        "abt.com//13959255"
    ],
    "4342566": [
        "abt.com//11929474",
        "abt.com//4508779"
    ],
    "4346889": [
        "abt.com//16426378",
        "abt.com//1951224"
    ],
    "4364433": [
        "abt.com//13837126",
        "abt.com//5975180"
    ],
    "4393341": [
        "abt.com//10497438",
        "abt.com//4120119"
    ],
    "4399870": [
        "abt.com//15872457",
        "abt.com//5621943"
    ],
    "4404982": [
        "abt.com//3972467",
        "abt.com//4325909",
        "abt.com//6451340"
    ],
    "4406163": [
        "abt.com//16236875",
        "abt.com//3766975"
    ],
    "4415469": [
        "abt.com//6738181",
        "abt.com//9428148"
    ],
    "4415499": [
        "abt.com//13944925",
        "abt.com//1527624"
    ],
    "4503514": [
        "abt.com//2348899",
        "abt.com//2953209"
    ],
    "4503965": [
        "abt.com//15127167",
        "abt.com//6303051"
    ],
    "4504387": [
        "abt.com//3221839",
        "abt.com//4895443"
    ],
    "4535081": [
        "abt.com//1152639",
        "abt.com//13581582"
    ],
    "4535474": [
        "abt.com//14830111",
        "abt.com//7136886"
    ],
    "4535663": [
        "abt.com//13036681",
        "abt.com//9779619"
    ],
    "4553026": [
        "abt.com//14646275",
        "abt.com//3334451"
    ],
    "4553161": [
        "abt.com//14273575",
        "abt.com//3281124"
    ],
    "4553232": [
        "abt.com//4649832",
        "abt.com//8495672"
    ],
    "4553666": [
        "abt.com//10088392",
        "abt.com//7919723"
    ],
    "4553745": [
        "abt.com//1270927",
        "abt.com//61297"
    ],
    "4554517": [
        "abt.com//13949179",
        "abt.com//5153409"
    ],
    "4554579": [
        "abt.com//13401263",
        "abt.com//4124267"
    ],
    "4571684": [
        "abt.com//15323493",
        "abt.com//2193153"
    ],
    "4572946": [
        "abt.com//4076790",
        "abt.com//7195841"
    ],
    "4573318": [
        "abt.com//10823736",
        "abt.com//14250684"
    ],
    "4597541": [
        "abt.com//147833",
        "abt.com//6808313"
    ],
    "4598390": [
        "abt.com//13555220",
        "abt.com//7421197"
    ],
    "4676855": [
        "abt.com//2900373",
        "abt.com//7592817"
    ],
    "4724010": [
        "abt.com//6406587",
        "abt.com//7667309"
    ],
    "472780": [
        "abt.com//10403504"
    ],
    "4744878": [
        "abt.com//15678957",
        "abt.com//7790590"
    ],
    "4860391": [
        "abt.com//5113865",
        "abt.com//6056190"
    ],
    "4896435": [
        "abt.com//11566464",
        "abt.com//932767"
    ],
    "4915225": [
        "abt.com//1889886",
        "abt.com//8174087"
    ],
    "4915291": [
        "abt.com//14337391",
        "abt.com//7411532"
    ],
    "4924821": [
        "abt.com//13356856",
        "abt.com//16310670"
    ],
    "4931046": [
        "abt.com//14398761",
        "abt.com//3992132"
    ],
    "4958275": [
        "abt.com//17460964",
        "abt.com//8978678"
    ],
    "4978782": [
        "abt.com//13601952",
        "abt.com//9573431"
    ],
    "5231712": [
        "abt.com//10247187"
    ],
    "5244359": [
        "abt.com//14626184",
        "abt.com//537486"
    ],
    "5264597": [
        "abt.com//4144759",
        "abt.com//4772763"
    ],
    "5339525": [
        "abt.com//13837159",
        "abt.com//1689386"
    ],
    "5464597": [
        "abt.com//13176534",
        "abt.com//15773576"
    ],
    "5510638": [
        "abt.com//14546614",
        "abt.com//6744635"
    ],
    "5538429": [
        "abt.com//16641496",
        "abt.com//6875275"
    ],
    "5538493": [
        "abt.com//15842278",
        "abt.com//2273287"
    ],
    "5538524": [
        "abt.com//12895180",
        "abt.com//4964458"
    ],
    "5546868": [
        "abt.com//11056926",
        "abt.com//2818631"
    ],
    "5702918": [
        "abt.com//454581",
        "abt.com//8009892"
    ],
    "5784624": [
        "abt.com//13290890",
        "abt.com//2585595",
        "abt.com//9810083"
    ],
    "5799076": [
        "abt.com//12586895",
        "abt.com//1985767"
    ],
    "5890909": [
        "abt.com//1251646",
        "abt.com//13466502"
    ],
    "5937621": [
        "abt.com//4195243",
        "abt.com//4778540"
    ],
    "6005538": [
        "abt.com//12559596",
        "abt.com//12894538"
    ],
    "6005569": [
        "abt.com//5086963",
        "abt.com//9590992"
    ],
    "6008890": [
        "abt.com//13081901",
        "abt.com//8556862"
    ],
    "6020780": [
        "abt.com//12372366",
        "abt.com//3897468"
    ],
    "6047817": [
        "abt.com//5229694",
        "abt.com//9732312"
    ],
    "6047879": [
        "abt.com//11165864",
        "abt.com//5816207"
    ],
    "6074274": [
        "abt.com//11565522",
        "abt.com//5825238"
    ],
    "6074594": [
        "abt.com//12165039",
        "abt.com//15138237"
    ],
    "6096719": [
        "abt.com//16434231",
        "abt.com//9464435"
    ],
    "6101704": [
        "abt.com//13445138",
        "abt.com//14004096"
    ],
    "6102004": [
        "abt.com//15360108",
        "abt.com//7588081"
    ],
    "6102062": [
        "abt.com//2835099",
        "abt.com//8407845"
    ],
    "6187479": [
        "abt.com//5176222",
        "abt.com//5676801"
    ],
    "6201681": [
        "abt.com//14578197",
        "abt.com//4431678"
    ],
    "6212583": [
        "abt.com//10719903",
        "abt.com//9154884"
    ],
    "6334842": [
        "abt.com//1128278",
        "abt.com//8261412"
    ],
    "6390645": [
        "abt.com//11964033",
        "abt.com//14764118"
    ],
    "6408563": [
        "abt.com//13621285",
        "abt.com//16772703"
    ],
    "6486675": [
        "abt.com//16885223",
        "abt.com//4791355"
    ],
    "6487126": [
        "abt.com//13309025",
        "abt.com//4115984"
    ],
    "6514277": [
        "abt.com//16016487",
        "abt.com//6568743"
    ],
    "653870": [
        "abt.com//5246516",
        "abt.com//769240"
    ],
    "6604279": [
        "abt.com//16477183",
        "abt.com//2806948"
    ],
    "6660412": [
        "abt.com//11690677",
        "abt.com//15282749"
    ],
    "6661137": [
        "abt.com//2383219",
        "abt.com//6487224"
    ],
    "6690678": [
        "abt.com//11785632",
        "abt.com//13845921"
    ],
    "6797248": [
        "abt.com//1615664",
        "abt.com//5576047"
    ],
    "6797595": [
        "abt.com//14856865",
        "abt.com//1951448"
    ],
    "6848881": [
        "abt.com//12310744",
        "abt.com//1659768"
    ],
    "6860950": [
        "abt.com//13351858",
        "abt.com//7628"
    ],
    "6863552": [
        "abt.com//4446022",
        "abt.com//957357"
    ],
    "6864019": [
        "abt.com//13586080",
        "abt.com//622718"
    ],
    "6864372": [
        "abt.com//1743720",
        "abt.com//637560"
    ],
    "6890573": [
        "abt.com//10709203",
        "abt.com//5941884"
    ],
    "6982710": [
        "abt.com//1855484",
        "abt.com//6848582"
    ],
    "6986587": [
        "abt.com//14025824",
        "abt.com//4236852"
    ],
    "7001128": [
        "abt.com//1199091",
        "abt.com//16750044"
    ],
    "704176": [
        "abt.com//5821786"
    ],
    "7106484": [
        "abt.com//13225339",
        "abt.com//1542775"
    ],
    "711680": [
        "abt.com//7517639"
    ],
    "7199760": [
        "abt.com//5437907",
        "abt.com//6564924"
    ],
    "7292715": [
        "abt.com//14582223",
        "abt.com//9284807"
    ],
    "7294070": [
        "abt.com//2562947",
        "abt.com//5741739"
    ],
    "7324889": [
        "abt.com//3330397",
        "abt.com//8613388"
    ],
    "7336701": [
        "abt.com//2616342",
        "abt.com//9196414"
    ],
    "7411701": [
        "abt.com//12454410",
        "abt.com//3318412"
    ],
    "7502318": [
        "abt.com//11126484",
        "abt.com//1349997"
    ],
    "7695728": [
        "abt.com//4691861",
        "abt.com//5616571"
    ],
    "7736865": [
        "abt.com//2410640",
        "abt.com//8138307"
    ],
    "7874383": [
        "abt.com//6009372",
        "abt.com//6842567"
    ],
    "7893395": [
        "abt.com//11512750",
        "abt.com//8859512"
    ],
    "7901534": [
        "abt.com//3848090",
        "abt.com//4376774"
    ],
    "7905411": [
        "abt.com//5403812",
        "abt.com//7218798"
    ],
    "7905875": [
        "abt.com//6337641",
        "abt.com//8272760"
    ],
    "7916261": [
        "abt.com//13236096",
        "abt.com//7525764"
    ],
    "7924080": [
        "abt.com//17451164",
        "abt.com//3104840",
        "abt.com//3321052"
    ],
    "7924102": [
        "abt.com//6105688",
        "abt.com//8209940"
    ],
    "7939046": [
        "abt.com//10588526",
        "abt.com//4081875"
    ],
    "7957387": [
        "abt.com//10017904",
        "abt.com//12724405"
    ],
    "7957397": [
        "abt.com//11127327",
        "abt.com//16838625"
    ],
    "8189694": [
        "abt.com//2571624",
        "abt.com//2773910"
    ],
    "8204387": [
        "abt.com//173291",
        "abt.com//3022353"
    ],
    "8204539": [
        "abt.com//7882682",
        "abt.com//8274154"
    ],
    "8216530": [
        "abt.com//16384199",
        "abt.com//16835358"
    ],
    "8247324": [
        "abt.com//12777357",
        "abt.com//13803334"
    ],
    "8297552": [
        "abt.com//4499122",
        "abt.com//4617915"
    ],
    "8398488": [
        "abt.com//171527",
        "abt.com//7760356"
    ],
    "8412906": [
        "abt.com//15978428",
        "abt.com//7406029"
    ],
    "8503006": [
        "abt.com//16363378",
        "abt.com//2696775"
    ],
    "8549729": [
        "abt.com//15109613",
        "abt.com//6571948"
    ],
    "8610387": [
        "abt.com//7570484",
        "abt.com//908180"
    ],
    "8668968": [
        "abt.com//13050904",
        "abt.com//14823363",
        "abt.com//2305747"
    ],
    "8669001": [
        "abt.com//14212499",
        "abt.com//3748004"
    ],
    "8678549": [
        "abt.com//8694286",
        "abt.com//9902724"
    ],
    "8696926": [
        "abt.com//10238091",
        "abt.com//5614741"
    ],
    "8721285": [
        "abt.com//4133387"
    ],
    "8739193": [
        "abt.com//11097676",
        "abt.com//2968597"
    ],
    "8771524": [
        "abt.com//11013167",
        "abt.com//6562242"
    ],
    "8845986": [
        "abt.com//7037259",
        "abt.com//9043276"
    ],
    "8984734": [
        "abt.com//1716673",
        "abt.com//9639285"
    ],
    "9020963": [
        "abt.com//2182296",
        "abt.com//8319370"
    ],
    "9060969": [
        "abt.com//10216564",
        "abt.com//5616236"
    ],
    "9069736": [
        "abt.com//1794324",
        "abt.com//6562072",
        "abt.com//8207626"
    ],
    "9069983": [
        "abt.com//10570542",
        "abt.com//11826403"
    ],
    "9100264": [
        "abt.com//12765531",
        "abt.com//7305446"
    ],
    "9100320": [
        "abt.com//11855393",
        "abt.com//13812108"
    ],
    "9133836": [
        "abt.com//10055835",
        "abt.com//12989111"
    ],
    "9163042": [
        "abt.com//8005097",
        "abt.com//9061495"
    ],
    "9163235": [
        "abt.com//13449366",
        "abt.com//3821715",
        "abt.com//6267276"
    ],
    "9167811": [
        "abt.com//5629254",
        "abt.com//6038753"
    ],
    "9214799": [
        "abt.com//14659140",
        "abt.com//6168656"
    ],
    "9215191": [
        "abt.com//13224452",
        "abt.com//15645202"
    ],
    "9232411": [
        "abt.com//11580939",
        "abt.com//8241480"
    ],
    "9254781": [
        "abt.com//2517584",
        "abt.com//736843"
    ],
    "9255591": [
        "abt.com//3100231",
        "abt.com//7552378"
    ],
    "9255599": [
        "abt.com//1954198",
        "abt.com//3468822"
    ],
    "9257368": [
        "abt.com//17531521",
        "abt.com//8889570"
    ],
    "9258469": [
        "abt.com//14191500",
        "abt.com//3446997"
    ],
    "9258683": [
        "abt.com//12908068",
        "abt.com//17337100"
    ],
    "9260084": [
        "abt.com//12300544",
        "abt.com//7847424"
    ],
    "9529803": [
        "abt.com//14810501",
        "abt.com//9888777"
    ],
    "9607359": [
        "abt.com//2653907",
        "abt.com//4024783"
    ],
    "9705135": [
        "abt.com//15739510",
        "abt.com//9664312"
    ],
    "9744433": [
        "abt.com//17538212",
        "abt.com//2112550"
    ]
}