{
    "ENTITY#022": [
        "www.kingsfieldcomputers.co.uk//842"
    ],
    "ENTITY#025": [
        "www.kingsfieldcomputers.co.uk//788"
    ],
    "ENTITY#027": [
        "www.kingsfieldcomputers.co.uk//123"
    ],
    "ENTITY#028": [
        "www.kingsfieldcomputers.co.uk//669"
    ],
    "ENTITY#032": [
        "www.kingsfieldcomputers.co.uk//507"
    ],
    "ENTITY#033": [
        "www.kingsfieldcomputers.co.uk//334"
    ],
    "ENTITY#035": [
        "www.kingsfieldcomputers.co.uk//777"
    ],
    "ENTITY#036": [
        "www.kingsfieldcomputers.co.uk//167"
    ],
    "ENTITY#039": [
        "www.kingsfieldcomputers.co.uk//676"
    ],
    "ENTITY#040": [
        "www.kingsfieldcomputers.co.uk//707"
    ],
    "ENTITY#041": [
        "www.kingsfieldcomputers.co.uk//296"
    ],
    "ENTITY#042": [
        "www.kingsfieldcomputers.co.uk//24"
    ],
    "ENTITY#044": [
        "www.kingsfieldcomputers.co.uk//735"
    ],
    "ENTITY#045": [
        "www.kingsfieldcomputers.co.uk//206"
    ],
    "ENTITY#046": [
        "www.kingsfieldcomputers.co.uk//2"
    ],
    "ENTITY#050": [
        "www.kingsfieldcomputers.co.uk//637"
    ],
    "ENTITY#062": [
        "www.kingsfieldcomputers.co.uk//764"
    ],
    "ENTITY#080": [
        "www.kingsfieldcomputers.co.uk//693"
    ],
    "ENTITY#083": [
        "www.kingsfieldcomputers.co.uk//229"
    ],
    "ENTITY#088": [
        "www.kingsfieldcomputers.co.uk//93"
    ],
    "ENTITY#103": [
        "www.kingsfieldcomputers.co.uk//739"
    ],
    "ENTITY#116": [
        "www.kingsfieldcomputers.co.uk//42"
    ],
    "ENTITY#128": [
        "www.kingsfieldcomputers.co.uk//268"
    ],
    "ENTITY#129": [
        "www.kingsfieldcomputers.co.uk//195"
    ],
    "ENTITY#132": [
        "www.kingsfieldcomputers.co.uk//67"
    ],
    "ENTITY#133": [
        "www.kingsfieldcomputers.co.uk//40"
    ],
    "ENTITY#168": [
        "www.kingsfieldcomputers.co.uk//297"
    ],
    "ENTITY#170": [
        "www.kingsfieldcomputers.co.uk//245"
    ],
    "ENTITY#171": [
        "www.kingsfieldcomputers.co.uk//86"
    ],
    "ENTITY#174": [
        "www.kingsfieldcomputers.co.uk//17"
    ],
    "ENTITY#175": [
        "www.kingsfieldcomputers.co.uk//588"
    ],
    "ENTITY#186": [
        "www.kingsfieldcomputers.co.uk//387"
    ],
    "ENTITY#190": [
        "www.kingsfieldcomputers.co.uk//337"
    ],
    "ENTITY#193": [
        "www.kingsfieldcomputers.co.uk//815"
    ]
}