[
    {
        "spec": {
            "3D": "Nicht",
            "Anzahl HDMI Anschl\u00fcsse": "2",
            "Anzahl USB 2.0 Anschl\u00fcsse": "1",
            "Bildschirmaufl\u00f6sung": "1920 x 1080 Pixel",
            "Bildschirmdiagonale": "81,3 cm (32 Zoll)",
            "Bildschirmdiagonale (cm)": "80 cm",
            "Common Interface Plus (CI+) Version": "1.3",
            "Common interface (CI)": "Nicht",
            "Common interface Plus (CI+)": "Ja",
            "Composite Video-Eingang": "1",
            "DVI Anschluss": "Nicht",
            "Energie-Effizienzklasse": "A+",
            "Form des Bildschirms": "Flach",
            "HD-Typ": "Full HD",
            "HDMI-Version": "1.4",
            "J\u00e4hrlicher Energieverbrauch": "41 kWh",
            "Komponenteneingang Video (YPbPr/YCbCr)": "1",
            "PC-Eingang (D-Sub)": "Nicht",
            "PMI (Bild-Mastering-Index)": "900",
            "Seitenverh\u00e4ltnis": "16:9",
            "Stromverbrauch (Standby)": "0,3 W",
            "Stromverbrauch (typisch)": "28 W"
        },
        "url": "88.99.219.53//25473261"
    },
    {
        "spec": {
            "3D": "Nicht",
            "AC Eingangsfrequenz": "50/60 Hz",
            "AC Eingangsspannung": "100 - 240 V",
            "Anzahl HDMI Anschl\u00fcsse": "1",
            "Anzahl RF Anschl\u00fcsse": "2",
            "Anzahl USB 2.0 Anschl\u00fcsse": "1",
            "Bildschirmaufl\u00f6sung": "1920 x 1080 Pixel",
            "Bildschirmdiagonale": "109,2 cm (43 Zoll)",
            "Bildschirmdiagonale (cm)": "108 cm",
            "Bildschirmformat-Anpassung": "4:3, 16:9, Zoom",
            "Bildschirmtechnologie": "LED",
            "Breite": "976 mm",
            "Common Interface Plus (CI+) Version": "1.3",
            "Common interface Plus (CI+)": "Ja",
            "DVI Anschluss": "Nicht",
            "Energie-Effizienzklasse": "A++",
            "Form des Bildschirms": "Flach",
            "Ger\u00e4tebreite (inkl. Fu\u00df)": "976 mm",
            "Ger\u00e4teh\u00f6he (inkl. Fu\u00df)": "621 mm",
            "Ger\u00e4tetiefe (inkl. Fu\u00df)": "208,7 mm",
            "Gewicht": "7,8 kg",
            "Gewicht mit Untersatz": "8,1 kg",
            "HD-Typ": "Full HD",
            "HDMI-Version": "1.4",
            "H\u00f6he": "583 mm",
            "J\u00e4hrlicher Energieverbrauch": "51 kWh",
            "Komponenteneingang Video (YPbPr/YCbCr)": "1",
            "LED-Hintergrundbeleuchtungstyp": "Direct-LED",
            "PC-Eingang (D-Sub)": "Nicht",
            "PMI (Bild-Mastering-Index)": "300",
            "Paketgewicht": "10,3 kg",
            "Seitenverh\u00e4ltnis": "16:9",
            "Stromverbrauch (Standby)": "0,3 W",
            "Stromverbrauch (typisch)": "35 W",
            "Tiefe": "81,5 mm",
            "Unterst\u00fctzte Grafik-Aufl\u00f6sungen": "1920 x 1080 (HD 1080)",
            "Verpackungsbreite": "1056 mm",
            "Verpackungsh\u00f6he": "660 mm",
            "Verpackungstiefe": "152 mm"
        },
        "url": "88.99.219.53//20840278"
    },
    {
        "spec": {
            "3D": "Nicht",
            "AC Eingangsfrequenz": "50/60 Hz",
            "AC Eingangsspannung": "100 - 240 V",
            "Anzahl Ethernet-LAN-Anschl\u00fcsse (RJ-45)": "1",
            "Anzahl HDMI Anschl\u00fcsse": "3",
            "Anzahl RF Anschl\u00fcsse": "1",
            "Anzahl USB 2.0 Anschl\u00fcsse": "2",
            "Bildschirmaufl\u00f6sung": "1920 x 1080 Pixel",
            "Bildschirmdiagonale": "139,7 cm (55 Zoll)",
            "Bildschirmdiagonale (cm)": "139 cm",
            "Bildschirmtechnologie": "LED",
            "Breite": "1241 mm",
            "Common interface (CI)": "Ja",
            "Common interface Plus (CI+)": "Nicht",
            "Composite Video-Eingang": "1",
            "DVI Anschluss": "Nicht",
            "Form des Bildschirms": "Flach",
            "Ger\u00e4tebreite (inkl. Fu\u00df)": "1241 mm",
            "Ger\u00e4teh\u00f6he (inkl. Fu\u00df)": "775 mm",
            "Ger\u00e4tetiefe (inkl. Fu\u00df)": "216 mm",
            "Gewicht": "16,4 kg",
            "Gewicht mit Untersatz": "16,6 kg",
            "HD-Typ": "Full HD",
            "HDMI-Version": "1.4",
            "H\u00f6he": "720 mm",
            "J\u00e4hrlicher Energieverbrauch": "114 kWh",
            "Komponenteneingang Video (YPbPr/YCbCr)": "1",
            "Kopfh\u00f6rerausg\u00e4nge": "1",
            "Optischer Audio-Digitalausgang": "1",
            "PC-Eingang (D-Sub)": "Nicht",
            "Paketgewicht": "21,3 kg",
            "Seitenverh\u00e4ltnis": "16:9",
            "Stromverbrauch (Standby)": "0,5 W",
            "Stromverbrauch (typisch)": "82 W",
            "Tiefe": "63 mm",
            "Verpackungsbreite": "1360 mm",
            "Verpackungsh\u00f6he": "835 mm",
            "Verpackungstiefe": "152 mm"
        },
        "url": "88.99.219.53//21075998"
    },
    {
        "spec": {
            "3D": "Nicht",
            "Anzahl Ethernet-LAN-Anschl\u00fcsse (RJ-45)": "1",
            "Anzahl HDMI Anschl\u00fcsse": "3",
            "Anzahl USB 2.0 Anschl\u00fcsse": "2",
            "Bildschirmaufl\u00f6sung": "1920 x 1080 Pixel",
            "Bildschirmdiagonale": "139,7 cm (55 Zoll)",
            "Bildschirmformat-Anpassung": "4:3, 16:9, Zoom",
            "Breite": "1241 mm",
            "Common Interface Plus (CI+) Version": "1.3",
            "Common interface (CI)": "Ja",
            "Common interface Plus (CI+)": "Ja",
            "DVI Anschluss": "Nicht",
            "Ger\u00e4tebreite (inkl. Fu\u00df)": "1241 mm",
            "Ger\u00e4teh\u00f6he (inkl. Fu\u00df)": "775 mm",
            "Ger\u00e4tetiefe (inkl. Fu\u00df)": "216 mm",
            "Gewicht": "16,3 kg",
            "Gewicht mit Untersatz": "16,6 kg",
            "HD-Typ": "Full HD",
            "HDMI-Version": "1.4",
            "H\u00f6he": "720 mm",
            "Komponenteneingang Video (YPbPr/YCbCr)": "1",
            "Kopfh\u00f6rerausg\u00e4nge": "1",
            "LED-Hintergrundbeleuchtungstyp": "Direct-LED",
            "Optischer Audio-Digitalausgang": "1",
            "PC-Eingang (D-Sub)": "Nicht",
            "PMI (Bild-Mastering-Index)": "900",
            "Seitenverh\u00e4ltnis": "4:3, 16:9",
            "Tiefe": "41,5 mm",
            "Unterst\u00fctzte Grafik-Aufl\u00f6sungen": "1920 x 1080 (HD 1080)"
        },
        "url": "88.99.219.53//19791297"
    },
    {
        "spec": {
            "3D": "Nicht",
            "Anzahl HDMI Anschl\u00fcsse": "3",
            "Anzahl USB 2.0 Anschl\u00fcsse": "2",
            "Bildschirmaufl\u00f6sung": "1920 x 1080 Pixel",
            "Bildschirmdiagonale": "139,7 cm (55 Zoll)",
            "Bildschirmdiagonale (cm)": "139 cm",
            "Bildschirmformat-Anpassung": "16:9",
            "Breite": "1241 mm",
            "Common Interface Plus (CI+) Version": "1.3",
            "Common interface (CI)": "Nicht",
            "Common interface Plus (CI+)": "Ja",
            "Composite Video-Eingang": "1",
            "DVI Anschluss": "Nicht",
            "Energie-Effizienzklasse": "A++",
            "Form des Bildschirms": "Flach",
            "Ger\u00e4tebreite (inkl. Fu\u00df)": "1241 mm",
            "Ger\u00e4teh\u00f6he (inkl. Fu\u00df)": "775 mm",
            "Ger\u00e4tetiefe (inkl. Fu\u00df)": "282 mm",
            "Gewicht": "16,3 kg",
            "Gewicht mit Untersatz": "18 kg",
            "HD-Typ": "Full HD",
            "HDMI-Version": "1.4",
            "H\u00f6he": "720 mm",
            "J\u00e4hrlicher Energieverbrauch": "77 kWh",
            "Komponenteneingang Video (YPbPr/YCbCr)": "1",
            "Kopfh\u00f6rerausg\u00e4nge": "1",
            "LED-Hintergrundbeleuchtungstyp": "Edge-LED",
            "Optischer Audio-Digitalausgang": "1",
            "PC-Eingang (D-Sub)": "Nicht",
            "Paketgewicht": "23,4 kg",
            "Seitenverh\u00e4ltnis": "16:9",
            "Stromverbrauch (Standby)": "0,5 W",
            "Stromverbrauch (typisch)": "53 W",
            "Tiefe": "41,5 mm",
            "Unterst\u00fctzte Grafik-Aufl\u00f6sungen": "1920 x 1080 (HD 1080)",
            "Verpackungsbreite": "1360 mm",
            "Verpackungsh\u00f6he": "860 mm",
            "Verpackungstiefe": "175 mm"
        },
        "url": "88.99.219.53//21202206"
    },
    {
        "spec": {
            "3D": "Nicht",
            "AC Eingangsfrequenz": "50/60 Hz",
            "AC Eingangsspannung": "100 - 240 V",
            "Anzahl Ethernet-LAN-Anschl\u00fcsse (RJ-45)": "1",
            "Anzahl HDMI Anschl\u00fcsse": "2",
            "Anzahl RF Anschl\u00fcsse": "2",
            "Anzahl USB 2.0 Anschl\u00fcsse": "1",
            "Bildschirmaufl\u00f6sung": "1920 x 1080 Pixel",
            "Bildschirmdiagonale": "124,5 cm (49 Zoll)",
            "Bildschirmdiagonale (cm)": "123 cm",
            "Bildschirmtechnologie": "LED",
            "Breite": "1108 mm",
            "Common interface (CI)": "Ja",
            "Composite Video-Eingang": "1",
            "DVI Anschluss": "Nicht",
            "Energie-Effizienzklasse": "A++",
            "Form des Bildschirms": "Flach",
            "Ger\u00e4tebreite (inkl. Fu\u00df)": "1108 mm",
            "Ger\u00e4teh\u00f6he (inkl. Fu\u00df)": "707 mm",
            "Ger\u00e4tetiefe (inkl. Fu\u00df)": "218 mm",
            "Gewicht": "10,6 kg",
            "Gewicht mit Untersatz": "10,9 kg",
            "HD-Typ": "Full HD",
            "H\u00f6he": "657 mm",
            "J\u00e4hrlicher Energieverbrauch": "62 kWh",
            "Komponenteneingang Video (YPbPr/YCbCr)": "1",
            "Kopfh\u00f6rerausg\u00e4nge": "1",
            "LED-Hintergrundbeleuchtungstyp": "Direct-LED BLU",
            "Optischer Audio-Digitalausgang": "1",
            "PC-Eingang (D-Sub)": "Nicht",
            "Paketgewicht": "14,1 kg",
            "Seitenverh\u00e4ltnis": "16:9",
            "Stromverbrauch (Standby)": "0,5 W",
            "Stromverbrauch (typisch)": "45 W",
            "Tiefe": "82 mm",
            "Unterst\u00fctzte Grafik-Aufl\u00f6sungen": "1920 x 1080 (HD 1080)",
            "Verpackungsbreite": "1197 mm",
            "Verpackungsh\u00f6he": "775 mm",
            "Verpackungstiefe": "162 mm"
        },
        "url": "88.99.219.53//26115814"
    }
]