[
    {
        "spec": {
            "Breite": "55,4 mm",
            "Festplatten-Formfaktor": "2.5 Zoll",
            "Festplatten-Schnittstelle": "SATA, Serial Attached SCSI (SAS)",
            "Gewicht": "6,33 kg",
            "H\u00f6he": "180,7 mm",
            "Interner Speichertyp": "DDR4-SDRAM",
            "RAM-Speicher": "16 GB",
            "RAM-Speicher maximal": "512 GB",
            "Speicherlayout": "2 x 8 GB",
            "Speichersteckpl\u00e4tze": "16 DIMM",
            "Speichertaktfrequenz": "2400 MHz",
            "Tiefe": "517,6 mm"
        },
        "url": "88.99.219.53//22136378"
    },
    {
        "spec": {
            "Anzahl Ethernet-LAN-Anschl\u00fcsse (RJ-45)": "4",
            "Anzahl USB 2.0 Anschl\u00fcsse": "1",
            "Anzahl USB 3.0 (3.1 Gen 1) Typ-A Ports": "3",
            "Anzahl VGA (D-Sub) Anschl\u00fcsse": "2",
            "Interner Speichertyp": "DDR4-SDRAM",
            "RAM-Speicher": "64 GB",
            "Speicherlayout": "4 x 16 GB",
            "Speichersteckpl\u00e4tze": "24",
            "Speichertaktfrequenz": "2400 MHz"
        },
        "url": "88.99.219.53//26754133"
    },
    {
        "spec": {
            "Anzahl Ethernet-LAN-Anschl\u00fcsse (RJ-45)": "1",
            "Bildschirmaufl\u00f6sung": "1920 x 1080 Pixel",
            "Bildschirmdiagonale": "165,1 cm (65 Zoll)",
            "Breite": "1540,4 mm",
            "DVI Anschluss": "Ja",
            "Gewicht": "52 kg",
            "H\u00f6he": "909,2 mm",
            "Luftfeuchtigkeit (au\u00dfer Betrieb)": "10 - 90%",
            "Luftfeuchtigkeit in Betrieb": "20 - 80%",
            "Stromverbrauch (Standby)": "1 W",
            "Stromverbrauch (typisch)": "255 W",
            "Temperaturbereich bei Lagerung": "-20 - 60 \u00b0C",
            "Temperaturbereich in Betrieb": "0 - 40 \u00b0C",
            "Tiefe": "88,3 mm"
        },
        "url": "88.99.219.53//24517747"
    },
    {
        "spec": {
            "Anzahl Ethernet-LAN-Anschl\u00fcsse (RJ-45)": "1",
            "Anzahl USB 2.0 Anschl\u00fcsse": "2",
            "Bildschirmaufl\u00f6sung": "1920 x 1080 Pixel",
            "Bildschirmdiagonale": "109,2 cm (43 Zoll)",
            "Breite": "974 mm",
            "DVI Anschluss": "Nicht",
            "Gewicht": "10 kg",
            "H\u00f6he": "569 mm",
            "Stromverbrauch (Standby)": "0,5 W",
            "Stromverbrauch (typisch)": "60 W",
            "Tiefe": "82 mm"
        },
        "url": "88.99.219.53//25472473"
    },
    {
        "spec": {
            "Anzahl Ethernet-LAN-Anschl\u00fcsse (RJ-45)": "1",
            "Anzahl USB 2.0 Anschl\u00fcsse": "4",
            "Anzahl USB 3.0 (3.1 Gen 1) Typ-A Ports": "6",
            "Anzahl VGA (D-Sub) Anschl\u00fcsse": "1",
            "DVI Anschluss": "Nicht",
            "Festplatten-Drehzahl": "7200 RPM",
            "Festplatten-Schnittstelle": "SATA",
            "Festplattenkapazit\u00e4t": "500 GB",
            "Interner Speichertyp": "DDR4-SDRAM",
            "RAM-Speicher": "4 GB",
            "RAM-Speicher maximal": "64 GB",
            "Speicherlayout": "1 x 4 GB",
            "Speichersteckpl\u00e4tze": "4x DIMM",
            "Speichertaktfrequenz": "2133 MHz"
        },
        "url": "88.99.219.53//25290859"
    },
    {
        "spec": {
            "Bildschirmaufl\u00f6sung": "2732 x 2048 Pixel",
            "Bildschirmdiagonale": "32,8 cm (12.9 Zoll)",
            "Luftfeuchtigkeit in Betrieb": "5 - 95%",
            "Temperaturbereich bei Lagerung": "-20 - 45 \u00b0C",
            "Temperaturbereich in Betrieb": "0 - 35 \u00b0C"
        },
        "url": "88.99.219.53//21874196"
    },
    {
        "spec": {
            "Festplatten-Drehzahl": "7200 RPM",
            "Festplatten-Formfaktor": "3.5 Zoll",
            "Festplatten-Schnittstelle": "Serial ATA III",
            "Festplattenkapazit\u00e4t": "2000 GB",
            "Ger\u00e4tetyp": "Festplatte",
            "Laufwerk, Puffergr\u00f6\u00dfe": "128 MB"
        },
        "url": "88.99.219.53//25933007"
    },
    {
        "spec": {
            "Anzahl Ethernet-LAN-Anschl\u00fcsse (RJ-45)": "2",
            "Anzahl USB 2.0 Anschl\u00fcsse": "6",
            "Anzahl USB 3.0 (3.1 Gen 1) Typ-A Ports": "2",
            "Anzahl VGA (D-Sub) Anschl\u00fcsse": "1",
            "Interner Speichertyp": "DDR4-SDRAM",
            "Luftfeuchtigkeit (au\u00dfer Betrieb)": "5 - 95%",
            "Luftfeuchtigkeit in Betrieb": "10 - 80%",
            "RAM-Speicher": "8 GB",
            "RAM-Speicher maximal": "384 GB",
            "Speichersteckpl\u00e4tze": "12",
            "Speichertaktfrequenz": "2133 MHz",
            "Temperaturbereich bei Lagerung": "-40 - 65 \u00b0C",
            "Temperaturbereich in Betrieb": "10 - 35 \u00b0C"
        },
        "url": "88.99.219.53//22865916"
    },
    {
        "spec": {
            "Breite": "26,4 mm",
            "Festplatten-Drehzahl": "7200 RPM",
            "Festplatten-Formfaktor": "3.5 Zoll",
            "Festplatten-Schnittstelle": "Serial ATA III",
            "Festplattenkapazit\u00e4t": "4000 GB",
            "Gewicht": "1,36 kg",
            "H\u00f6he": "184,2 mm",
            "Luftfeuchtigkeit (au\u00dfer Betrieb)": "5 - 90%",
            "Luftfeuchtigkeit in Betrieb": "5 - 90%",
            "Temperaturbereich bei Lagerung": "-40 - 65 \u00b0C",
            "Temperaturbereich in Betrieb": "0 - 60 \u00b0C",
            "Tiefe": "110,7 mm"
        },
        "url": "88.99.219.53//25672690"
    },
    {
        "spec": {
            "Festplatten-Drehzahl": "5900 RPM",
            "Festplatten-Formfaktor": "3.5 Zoll",
            "Festplatten-Schnittstelle": "Serial ATA II",
            "Festplattenkapazit\u00e4t": "500 GB",
            "Ger\u00e4tetyp": "Festplatte",
            "Laufwerk, Puffergr\u00f6\u00dfe": "8 MB",
            "Luftfeuchtigkeit (au\u00dfer Betrieb)": "5 - 95%",
            "Luftfeuchtigkeit in Betrieb": "5 - 90%",
            "Stromverbrauch (Standby)": "0,7 W",
            "Stromverbrauch (typisch)": "3,4 W",
            "Temperaturbereich bei Lagerung": "-40 - 70 \u00b0C",
            "Temperaturbereich in Betrieb": "0 - 75 \u00b0C"
        },
        "url": "88.99.219.53//20206351"
    },
    {
        "spec": {
            "Festplatten-Drehzahl": "7200 RPM",
            "Festplatten-Formfaktor": "2.5 Zoll",
            "Festplatten-Schnittstelle": "SAS",
            "Festplattenkapazit\u00e4t": "1024 GB",
            "Ger\u00e4tetyp": "Festplatte",
            "Laufwerk, Puffergr\u00f6\u00dfe": "128 MB",
            "Temperaturbereich in Betrieb": "5 - 55 \u00b0C"
        },
        "url": "88.99.219.53//25948561"
    }
]