{
    "ENTITY#007": [
        "www.best-deal-items.com//1038"
    ],
    "ENTITY#008": [
        "www.best-deal-items.com//2171",
        "www.best-deal-items.com//464"
    ],
    "ENTITY#009": [
        "www.best-deal-items.com//968",
        "www.best-deal-items.com//2453",
        "www.best-deal-items.com//936",
        "www.best-deal-items.com//548",
        "www.best-deal-items.com//2025",
        "www.best-deal-items.com//257",
        "www.best-deal-items.com//622",
        "www.best-deal-items.com//1016"
    ],
    "ENTITY#010": [
        "www.best-deal-items.com//1174",
        "www.best-deal-items.com//2563",
        "www.best-deal-items.com//346",
        "www.best-deal-items.com//1478",
        "www.best-deal-items.com//1765"
    ],
    "ENTITY#011": [
        "www.best-deal-items.com//117",
        "www.best-deal-items.com//775",
        "www.best-deal-items.com//1548",
        "www.best-deal-items.com//1413"
    ],
    "ENTITY#012": [
        "www.best-deal-items.com//2149",
        "www.best-deal-items.com//572",
        "www.best-deal-items.com//1720",
        "www.best-deal-items.com//2356",
        "www.best-deal-items.com//1735",
        "www.best-deal-items.com//1070",
        "www.best-deal-items.com//2517",
        "www.best-deal-items.com//2265",
        "www.best-deal-items.com//1983",
        "www.best-deal-items.com//2538",
        "www.best-deal-items.com//252",
        "www.best-deal-items.com//2345"
    ],
    "ENTITY#013": [
        "www.best-deal-items.com//24",
        "www.best-deal-items.com//992",
        "www.best-deal-items.com//2747",
        "www.best-deal-items.com//2272",
        "www.best-deal-items.com//1210",
        "www.best-deal-items.com//2790",
        "www.best-deal-items.com//1242",
        "www.best-deal-items.com//165"
    ],
    "ENTITY#014": [
        "www.best-deal-items.com//685",
        "www.best-deal-items.com//738"
    ],
    "ENTITY#018": [
        "www.best-deal-items.com//1946"
    ],
    "ENTITY#021": [
        "www.best-deal-items.com//2683",
        "www.best-deal-items.com//1068",
        "www.best-deal-items.com//693",
        "www.best-deal-items.com//1504",
        "www.best-deal-items.com//263"
    ],
    "ENTITY#031": [
        "www.best-deal-items.com//1640"
    ],
    "ENTITY#047": [
        "www.best-deal-items.com//889"
    ],
    "ENTITY#052": [
        "www.best-deal-items.com//1463",
        "www.best-deal-items.com//1978"
    ],
    "ENTITY#054": [
        "www.best-deal-items.com//1419"
    ],
    "ENTITY#058": [
        "www.best-deal-items.com//2103",
        "www.best-deal-items.com//300",
        "www.best-deal-items.com//654",
        "www.best-deal-items.com//2614",
        "www.best-deal-items.com//2315",
        "www.best-deal-items.com//106",
        "www.best-deal-items.com//1482",
        "www.best-deal-items.com//1606",
        "www.best-deal-items.com//1253",
        "www.best-deal-items.com//2211"
    ],
    "ENTITY#059": [
        "www.best-deal-items.com//897",
        "www.best-deal-items.com//655",
        "www.best-deal-items.com//2333"
    ],
    "ENTITY#060": [
        "www.best-deal-items.com//105",
        "www.best-deal-items.com//152",
        "www.best-deal-items.com//2063",
        "www.best-deal-items.com//1604",
        "www.best-deal-items.com//998",
        "www.best-deal-items.com//1190",
        "www.best-deal-items.com//2154",
        "www.best-deal-items.com//47",
        "www.best-deal-items.com//1561"
    ],
    "ENTITY#067": [
        "www.best-deal-items.com//1641",
        "www.best-deal-items.com//1176",
        "www.best-deal-items.com//2728",
        "www.best-deal-items.com//2178",
        "www.best-deal-items.com//1119",
        "www.best-deal-items.com//1391",
        "www.best-deal-items.com//1232",
        "www.best-deal-items.com//578"
    ],
    "ENTITY#068": [
        "www.best-deal-items.com//2029",
        "www.best-deal-items.com//2151",
        "www.best-deal-items.com//700",
        "www.best-deal-items.com//848",
        "www.best-deal-items.com//2690",
        "www.best-deal-items.com//878",
        "www.best-deal-items.com//2173",
        "www.best-deal-items.com//637",
        "www.best-deal-items.com//1862",
        "www.best-deal-items.com//1743"
    ],
    "ENTITY#069": [
        "www.best-deal-items.com//379",
        "www.best-deal-items.com//583",
        "www.best-deal-items.com//2180",
        "www.best-deal-items.com//867",
        "www.best-deal-items.com//1399",
        "www.best-deal-items.com//2666",
        "www.best-deal-items.com//1357",
        "www.best-deal-items.com//599",
        "www.best-deal-items.com//953",
        "www.best-deal-items.com//1236",
        "www.best-deal-items.com//1750",
        "www.best-deal-items.com//1312"
    ],
    "ENTITY#070": [
        "www.best-deal-items.com//1837",
        "www.best-deal-items.com//230",
        "www.best-deal-items.com//232",
        "www.best-deal-items.com//2432",
        "www.best-deal-items.com//2603",
        "www.best-deal-items.com//1541",
        "www.best-deal-items.com//1193",
        "www.best-deal-items.com//2117",
        "www.best-deal-items.com//2557",
        "www.best-deal-items.com//357",
        "www.best-deal-items.com//453",
        "www.best-deal-items.com//343",
        "www.best-deal-items.com//1256",
        "www.best-deal-items.com//2717",
        "www.best-deal-items.com//2250",
        "www.best-deal-items.com//2783",
        "www.best-deal-items.com//1456",
        "www.best-deal-items.com//451",
        "www.best-deal-items.com//1710"
    ],
    "ENTITY#072": [
        "www.best-deal-items.com//2547",
        "www.best-deal-items.com//2537",
        "www.best-deal-items.com//1381",
        "www.best-deal-items.com//56",
        "www.best-deal-items.com//198",
        "www.best-deal-items.com//1053"
    ],
    "ENTITY#073": [
        "www.best-deal-items.com//1479",
        "www.best-deal-items.com//1213",
        "www.best-deal-items.com//1885",
        "www.best-deal-items.com//829",
        "www.best-deal-items.com//2114",
        "www.best-deal-items.com//909",
        "www.best-deal-items.com//363",
        "www.best-deal-items.com//70"
    ],
    "ENTITY#075": [
        "www.best-deal-items.com//283",
        "www.best-deal-items.com//1385",
        "www.best-deal-items.com//127",
        "www.best-deal-items.com//2686",
        "www.best-deal-items.com//1205",
        "www.best-deal-items.com//2546",
        "www.best-deal-items.com//1044",
        "www.best-deal-items.com//2629",
        "www.best-deal-items.com//368",
        "www.best-deal-items.com//244",
        "www.best-deal-items.com//1903",
        "www.best-deal-items.com//2621",
        "www.best-deal-items.com//1383",
        "www.best-deal-items.com//1733"
    ],
    "ENTITY#077": [
        "www.best-deal-items.com//2354"
    ],
    "ENTITY#086": [
        "www.best-deal-items.com//2331",
        "www.best-deal-items.com//2589"
    ],
    "ENTITY#089": [
        "www.best-deal-items.com//1512",
        "www.best-deal-items.com//2496",
        "www.best-deal-items.com//1047",
        "www.best-deal-items.com//1320",
        "www.best-deal-items.com//608",
        "www.best-deal-items.com//1909",
        "www.best-deal-items.com//237",
        "www.best-deal-items.com//1882"
    ],
    "ENTITY#095": [
        "www.best-deal-items.com//3"
    ],
    "ENTITY#096": [
        "www.best-deal-items.com//575",
        "www.best-deal-items.com//1767",
        "www.best-deal-items.com//2232",
        "www.best-deal-items.com//2608",
        "www.best-deal-items.com//1904",
        "www.best-deal-items.com//1960",
        "www.best-deal-items.com//131",
        "www.best-deal-items.com//1864",
        "www.best-deal-items.com//1768",
        "www.best-deal-items.com//1540",
        "www.best-deal-items.com//2005",
        "www.best-deal-items.com//2456",
        "www.best-deal-items.com//1664",
        "www.best-deal-items.com//1330"
    ],
    "ENTITY#097": [
        "www.best-deal-items.com//1651"
    ],
    "ENTITY#098": [
        "www.best-deal-items.com//1308",
        "www.best-deal-items.com//2581",
        "www.best-deal-items.com//522",
        "www.best-deal-items.com//2097",
        "www.best-deal-items.com//1688",
        "www.best-deal-items.com//1998",
        "www.best-deal-items.com//10",
        "www.best-deal-items.com//942",
        "www.best-deal-items.com//2267"
    ],
    "ENTITY#100": [
        "www.best-deal-items.com//653"
    ],
    "ENTITY#101": [
        "www.best-deal-items.com//1815",
        "www.best-deal-items.com//285",
        "www.best-deal-items.com//2360",
        "www.best-deal-items.com//1636",
        "www.best-deal-items.com//1802",
        "www.best-deal-items.com//205",
        "www.best-deal-items.com//1404",
        "www.best-deal-items.com//1538"
    ],
    "ENTITY#103": [
        "www.best-deal-items.com//1663"
    ],
    "ENTITY#105": [
        "www.best-deal-items.com//2194",
        "www.best-deal-items.com//2430",
        "www.best-deal-items.com//638",
        "www.best-deal-items.com//2087",
        "www.best-deal-items.com//1218",
        "www.best-deal-items.com//1943",
        "www.best-deal-items.com//1600",
        "www.best-deal-items.com//2797"
    ],
    "ENTITY#106": [
        "www.best-deal-items.com//2248",
        "www.best-deal-items.com//1116",
        "www.best-deal-items.com//349",
        "www.best-deal-items.com//1067",
        "www.best-deal-items.com//1619",
        "www.best-deal-items.com//296",
        "www.best-deal-items.com//2161",
        "www.best-deal-items.com//1141",
        "www.best-deal-items.com//571"
    ],
    "ENTITY#108": [
        "www.best-deal-items.com//1533",
        "www.best-deal-items.com//814",
        "www.best-deal-items.com//2336",
        "www.best-deal-items.com//1257"
    ],
    "ENTITY#109": [
        "www.best-deal-items.com//2035",
        "www.best-deal-items.com//121"
    ],
    "ENTITY#114": [
        "www.best-deal-items.com//2637",
        "www.best-deal-items.com//1238",
        "www.best-deal-items.com//448",
        "www.best-deal-items.com//392",
        "www.best-deal-items.com//485",
        "www.best-deal-items.com//1902",
        "www.best-deal-items.com//1094"
    ],
    "ENTITY#115": [
        "www.best-deal-items.com//1212",
        "www.best-deal-items.com//2168",
        "www.best-deal-items.com//171",
        "www.best-deal-items.com//1012",
        "www.best-deal-items.com//2073",
        "www.best-deal-items.com//2394",
        "www.best-deal-items.com//1832",
        "www.best-deal-items.com//2446",
        "www.best-deal-items.com//769",
        "www.best-deal-items.com//2350",
        "www.best-deal-items.com//2337",
        "www.best-deal-items.com//2144",
        "www.best-deal-items.com//1080",
        "www.best-deal-items.com//83",
        "www.best-deal-items.com//2612"
    ],
    "ENTITY#118": [
        "www.best-deal-items.com//44",
        "www.best-deal-items.com//2578",
        "www.best-deal-items.com//1353",
        "www.best-deal-items.com//2307",
        "www.best-deal-items.com//2442"
    ],
    "ENTITY#119": [
        "www.best-deal-items.com//1858"
    ],
    "ENTITY#125": [
        "www.best-deal-items.com//1569"
    ],
    "ENTITY#128": [
        "www.best-deal-items.com//1714"
    ],
    "ENTITY#133": [
        "www.best-deal-items.com//1191"
    ],
    "ENTITY#154": [
        "www.best-deal-items.com//2278"
    ],
    "ENTITY#159": [
        "www.best-deal-items.com//2786",
        "www.best-deal-items.com//1959",
        "www.best-deal-items.com//1496",
        "www.best-deal-items.com//80",
        "www.best-deal-items.com//1362",
        "www.best-deal-items.com//2701"
    ],
    "ENTITY#160": [
        "www.best-deal-items.com//2102",
        "www.best-deal-items.com//1680",
        "www.best-deal-items.com//238",
        "www.best-deal-items.com//1020",
        "www.best-deal-items.com//854",
        "www.best-deal-items.com//2730",
        "www.best-deal-items.com//2297",
        "www.best-deal-items.com//325",
        "www.best-deal-items.com//2279",
        "www.best-deal-items.com//1784"
    ],
    "ENTITY#168": [
        "www.best-deal-items.com//1617"
    ],
    "ENTITY#192": [
        "www.best-deal-items.com//2286"
    ],
    "ENTITY#196": [
        "www.best-deal-items.com//1035",
        "www.best-deal-items.com//1306"
    ],
    "ENTITY#198": [
        "www.best-deal-items.com//2261"
    ],
    "ENTITY#199": [
        "www.best-deal-items.com//294"
    ],
    "ENTITY#210": [
        "www.best-deal-items.com//2143",
        "www.best-deal-items.com//1551",
        "www.best-deal-items.com//2016"
    ],
    "ENTITY#214": [
        "www.best-deal-items.com//1697"
    ],
    "ENTITY#218": [
        "www.best-deal-items.com//1505"
    ],
    "ENTITY#219": [
        "www.best-deal-items.com//2738",
        "www.best-deal-items.com//642"
    ],
    "ENTITY#222": [
        "www.best-deal-items.com//750",
        "www.best-deal-items.com//2393"
    ],
    "ENTITY#227": [
        "www.best-deal-items.com//1378"
    ],
    "ENTITY#234": [
        "www.best-deal-items.com//2548",
        "www.best-deal-items.com//1243"
    ],
    "ENTITY#Power": [
        "www.best-deal-items.com//2739",
        "www.best-deal-items.com//532",
        "www.best-deal-items.com//2080",
        "www.best-deal-items.com//262",
        "www.best-deal-items.com//1283",
        "www.best-deal-items.com//2571",
        "www.best-deal-items.com//1666",
        "www.best-deal-items.com//1601",
        "www.best-deal-items.com//1239",
        "www.best-deal-items.com//2006",
        "www.best-deal-items.com//643",
        "www.best-deal-items.com//626",
        "www.best-deal-items.com//411",
        "www.best-deal-items.com//461",
        "www.best-deal-items.com//1013",
        "www.best-deal-items.com//932",
        "www.best-deal-items.com//690",
        "www.best-deal-items.com//1327",
        "www.best-deal-items.com//1624",
        "www.best-deal-items.com//478",
        "www.best-deal-items.com//2436",
        "www.best-deal-items.com//2422",
        "www.best-deal-items.com//1649",
        "www.best-deal-items.com//1922",
        "www.best-deal-items.com//1489"
    ]
}