{
    "ENTITY#022": [
        "www.cleverboxes.com//295"
    ],
    "ENTITY#025": [
        "www.cleverboxes.com//91"
    ],
    "ENTITY#026": [
        "www.cleverboxes.com//87"
    ],
    "ENTITY#027": [
        "www.cleverboxes.com//125"
    ],
    "ENTITY#028": [
        "www.cleverboxes.com//322",
        "www.cleverboxes.com//376"
    ],
    "ENTITY#032": [
        "www.cleverboxes.com//318"
    ],
    "ENTITY#033": [
        "www.cleverboxes.com//230"
    ],
    "ENTITY#034": [
        "www.cleverboxes.com//185"
    ],
    "ENTITY#037": [
        "www.cleverboxes.com//320"
    ],
    "ENTITY#039": [
        "www.cleverboxes.com//111"
    ],
    "ENTITY#040": [
        "www.cleverboxes.com//14"
    ],
    "ENTITY#041": [
        "www.cleverboxes.com//124"
    ],
    "ENTITY#045": [
        "www.cleverboxes.com//9"
    ],
    "ENTITY#050": [
        "www.cleverboxes.com//113"
    ],
    "ENTITY#062": [
        "www.cleverboxes.com//245"
    ],
    "ENTITY#077": [
        "www.cleverboxes.com//524"
    ],
    "ENTITY#079": [
        "www.cleverboxes.com//281"
    ],
    "ENTITY#082": [
        "www.cleverboxes.com//249",
        "www.cleverboxes.com//212"
    ],
    "ENTITY#084": [
        "www.cleverboxes.com//243",
        "www.cleverboxes.com//378"
    ],
    "ENTITY#085": [
        "www.cleverboxes.com//46"
    ],
    "ENTITY#088": [
        "www.cleverboxes.com//328"
    ],
    "ENTITY#090": [
        "www.cleverboxes.com//477"
    ],
    "ENTITY#091": [
        "www.cleverboxes.com//297"
    ],
    "ENTITY#092": [
        "www.cleverboxes.com//332"
    ],
    "ENTITY#094": [
        "www.cleverboxes.com//304"
    ],
    "ENTITY#095": [
        "www.cleverboxes.com//189"
    ],
    "ENTITY#099": [
        "www.cleverboxes.com//308"
    ],
    "ENTITY#102": [
        "www.cleverboxes.com//385",
        "www.cleverboxes.com//365"
    ],
    "ENTITY#103": [
        "www.cleverboxes.com//402"
    ],
    "ENTITY#108": [
        "www.cleverboxes.com//482"
    ],
    "ENTITY#111": [
        "www.cleverboxes.com//65",
        "www.cleverboxes.com//451"
    ],
    "ENTITY#112": [
        "www.cleverboxes.com//513"
    ],
    "ENTITY#117": [
        "www.cleverboxes.com//223"
    ],
    "ENTITY#119": [
        "www.cleverboxes.com//408"
    ],
    "ENTITY#120": [
        "www.cleverboxes.com//470"
    ],
    "ENTITY#122": [
        "www.cleverboxes.com//233"
    ],
    "ENTITY#124": [
        "www.cleverboxes.com//440"
    ],
    "ENTITY#125": [
        "www.cleverboxes.com//430"
    ],
    "ENTITY#126": [
        "www.cleverboxes.com//325"
    ],
    "ENTITY#128": [
        "www.cleverboxes.com//193"
    ],
    "ENTITY#129": [
        "www.cleverboxes.com//442"
    ],
    "ENTITY#130": [
        "www.cleverboxes.com//421"
    ],
    "ENTITY#132": [
        "www.cleverboxes.com//533"
    ],
    "ENTITY#133": [
        "www.cleverboxes.com//452"
    ],
    "ENTITY#146": [
        "www.cleverboxes.com//528"
    ],
    "ENTITY#155": [
        "www.cleverboxes.com//403"
    ],
    "ENTITY#156": [
        "www.cleverboxes.com//314",
        "www.cleverboxes.com//326"
    ],
    "ENTITY#157": [
        "www.cleverboxes.com//60"
    ],
    "ENTITY#168": [
        "www.cleverboxes.com//379"
    ],
    "ENTITY#169": [
        "www.cleverboxes.com//298"
    ],
    "ENTITY#170": [
        "www.cleverboxes.com//216"
    ],
    "ENTITY#171": [
        "www.cleverboxes.com//345"
    ],
    "ENTITY#172": [
        "www.cleverboxes.com//377"
    ],
    "ENTITY#176": [
        "www.cleverboxes.com//271"
    ],
    "ENTITY#178": [
        "www.cleverboxes.com//490"
    ],
    "ENTITY#183": [
        "www.cleverboxes.com//301"
    ],
    "ENTITY#184": [
        "www.cleverboxes.com//514"
    ],
    "ENTITY#185": [
        "www.cleverboxes.com//480"
    ],
    "ENTITY#186": [
        "www.cleverboxes.com//290"
    ],
    "ENTITY#188": [
        "www.cleverboxes.com//341"
    ],
    "ENTITY#189": [
        "www.cleverboxes.com//219"
    ],
    "ENTITY#190": [
        "www.cleverboxes.com//398"
    ],
    "ENTITY#192": [
        "www.cleverboxes.com//388",
        "www.cleverboxes.com//460"
    ],
    "ENTITY#193": [
        "www.cleverboxes.com//213"
    ]
}