{
    "10929678": [
        "ableid.com//2497146"
    ],
    "11378449": [
        "ableid.com//3371413"
    ],
    "11396284": [
        "ableid.com//7606829"
    ],
    "15290661": [
        "ableid.com//2060853"
    ],
    "3001128": [
        "ableid.com//7360456"
    ],
    "3259438": [
        "ableid.com//9684740"
    ],
    "3604950": [
        "ableid.com//16751516"
    ],
    "6233309": [
        "ableid.com//850525"
    ],
    "7299879": [
        "ableid.com//14504233"
    ],
    "7449170": [
        "ableid.com//16021876"
    ],
    "7593315": [
        "ableid.com//16011531"
    ],
    "9323959": [
        "ableid.com//11626073"
    ],
    "9517884": [
        "ableid.com//16718989"
    ],
    "9614395": [
        "ableid.com//11462716"
    ]
}