[
    {
        "spec": {
            "Antenna Gain": "4 dBic",
            "Connector Type": "RP-SMA Male on 2.2m lead",
            "Dimensions": "380 x 549 x 12mm",
            "Download Datasheet": "SlimLine A6015 circular-polarised flat panel UHF RFID antenna datasheet (PDF)",
            "Frequency Range": "902-928MHz (FCC); 865-867MHz (ETSI)"
        },
        "url": "ableid.com//7606829"
    },
    {
        "spec": {
            "Antenna Gain": "11 dBic",
            "Connector Type": "SMA",
            "Dimensions": "Sides 1240 x 430 x 60mm Top 1450 x 430 x 60mm\u00a0",
            "Download Datasheet": "SlimLine A6020 datasheet (PDF)",
            "Frequency Range": "902-928MHz (FCC); 865-867MHz (ETSI)"
        },
        "url": "ableid.com//14504233"
    },
    {
        "spec": {
            "Antenna Gain": "9.5 dBic\u00a0",
            "Connector Type": "SMA female",
            "Dimensions": "1220 x 600 x 12mm",
            "Download Datasheet": "A5530C datasheet (PDF)",
            "Frequency Range": "902-928MHz (FCC); 865-867MHz (ETSI)"
        },
        "url": "ableid.com//11626073"
    },
    {
        "spec": {
            "Antenna Gain": "10 dBi\u00a0",
            "Connector Type": "SMA female",
            "Dimensions": "1220 x 600 x 12mm",
            "Download Datasheet": "A5530L UHF RFID Ground Mat Antenna datasheet (PDF)",
            "Frequency Range": "902-928MHz (FCC); 865-867MHz (ETSI)"
        },
        "url": "ableid.com//11462716"
    },
    {
        "spec": {
            "Antenna Gain": "-15 dBi",
            "Connector Type": "SMA female standard",
            "Dimensions": "300mm x 300mm x 6.5mm",
            "Download Datasheet": "A1030 Near Field/Short Range UHF RFID Antenna datasheet (PDF)",
            "Frequency Range": "902-928MHz (FCC); 865-867MHz (ETSI)"
        },
        "url": "ableid.com//16718989"
    },
    {
        "spec": {
            "Antenna Gain": "9 dBi Circular",
            "Connector Type": "SMA female",
            "Dimensions": "394 x 394 x 12mm",
            "Download Datasheet": "A6034S Circular Polarised UHF Antenna datasheet (PDF)",
            "Frequency Range": "902-928MHz (FCC); 865-867MHz (ETSI)"
        },
        "url": "ableid.com//16021876"
    },
    {
        "spec": {
            "Antenna Gain": "4\u00a0dBi Circular",
            "Connector Type": "SMA female",
            "Dimensions": "275 x 214 x 12mm",
            "Download Datasheet": "A6031 Circular Polarised UHF Antenna datasheet (PDF)",
            "Frequency Range": "902-928MHz (FCC); 865-867MHz (ETSI)"
        },
        "url": "ableid.com//2060853"
    },
    {
        "spec": {
            "Antenna Gain": "5 dBi Linear",
            "Connector Type": "SMA female",
            "Dimensions": "650 x 86 x 8mm",
            "Download Datasheet": "A8060 Door Frame Antenna (LP) datasheet (PDF)",
            "Frequency Range": "902-928MHz (FCC); 865-867MHz (ETSI)"
        },
        "url": "ableid.com//850525"
    },
    {
        "spec": {
            "Antenna Gain": "6dBic (FCC) / 5dBic (ETSI)",
            "Connector Type": "SMA female standard",
            "Dimensions": "300mm x 300mm x 8.5mm",
            "Download Datasheet": "A7030C Circular Polarised UHF Shelf Antenna datasheet (PDF)",
            "Frequency Range": "902-928MHz (FCC); 865-867MHz (ETSI)"
        },
        "url": "ableid.com//7360456"
    },
    {
        "spec": {
            "Antenna Gain": "7\u00a0dBi Circular",
            "Connector Type": "SMA female",
            "Dimensions": "391 x 275 x 12mm",
            "Download Datasheet": "A6032 Circular Polarised UHF Antenna datasheet (PDF)",
            "Frequency Range": "902-928MHz (FCC); 865-867MHz (ETSI)"
        },
        "url": "ableid.com//16011531"
    },
    {
        "spec": {
            "Antenna Gain": "9 dBi Circular",
            "Connector Type": "SMA female",
            "Dimensions": "747 x 314 x 12mm",
            "Download Datasheet": "A6034 Circular Polarised UHF RFID Antenna datasheet (PDF)",
            "Frequency Range": "902-928MHz (FCC); 865-867MHz (ETSI)"
        },
        "url": "ableid.com//9684740"
    },
    {
        "spec": {
            "Antenna Gain": "8.3 dBi Circular",
            "Connector Type": "SMA female",
            "Dimensions": "250 x 250 x 14 mm",
            "Download Datasheet": "A5010 Circular Polarized Antenna datasheet (PDF)",
            "Frequency Range": "902-928MHz (FCC); 865-867MHz (ETSI)"
        },
        "url": "ableid.com//2497146"
    },
    {
        "spec": {
            "Antenna Gain": "-20 dBi",
            "Connector Type": "SMA female standard",
            "Dimensions": "82mm x 82mm x 9.5mm",
            "Download Datasheet": "A1001 Near Field/Short Range UHF RFID Antenna datasheet (PDF)",
            "Frequency Range": "860- 960 MHz"
        },
        "url": "ableid.com//3371413"
    },
    {
        "spec": {
            "Antenna Gain": "10 dBi\u00a0",
            "Connector Type": "RPTNC",
            "Dimensions": "1220 x 600 x 12mm",
            "Download Datasheet": "Race Timing Antenna System datasheet (PDF)",
            "Frequency Range": "902-928MHz (FCC); 865-867MHz (ETSI)"
        },
        "url": "ableid.com//16751516"
    }
]