[
    {
        "spec": {
            "Item #": "3967045",
            "Manufacturer": "Hoffman",
            "Mfg Catalog #": "A1084PHC",
            "Order in Multiples of": "1 ea (Pack Qty)",
            "UPC": "78351017074"
        },
        "url": "1sourcedist.com//14869604"
    },
    {
        "spec": {
            "Item #": "3967045",
            "Manufacturer": "Hoffman",
            "Mfg Catalog #": "A1084PHC",
            "Order in Multiples of": "1 ea (Pack Qty)",
            "UPC": "78351017074"
        },
        "url": "1sourcedist.com//13705840"
    },
    {
        "spec": {
            "Item #": "3967045",
            "Manufacturer": "Hoffman",
            "Mfg Catalog #": "A1084PHC",
            "Order in Multiples of": "1 ea (Pack Qty)",
            "UPC": "78351017074"
        },
        "url": "1sourcedist.com//2416413"
    }
]