[
    {
        "spec": {
            "12-Digit UPC": "781002173663",
            "Brand Name": "DOTTIE L H COMPANY",
            "Catalog Description": "RTV Silicon Sealant, Clear, 8 oz. Size",
            "Green Product": "No",
            "Invoice Description": "8 oz. RTV Silicon Sealant Clear - Pressurized Can",
            "Item #": "3967045",
            "Manufacturer": "Hoffman",
            "Manufacturer Specs PDF": "http://catalog.lhdottie.com/item/all-categories/rtv-silicone-sealants/rtv8?dlpdf=t&tracker=0.4847190632077687",
            "Manufacturer UCC Number": "781002",
            "Master UPC": "78100217366",
            "Mfg Catalog #": "A1084PHC",
            "Mfr Minimum Ord Qty": "6",
            "Mfr Name": "LH Dottie",
            "Order in Multiples of": "1 ea (Pack Qty)",
            "Package-1 Desc": "Each",
            "Package-1 Qty": "1",
            "UNSPSC": "12352310",
            "UPC": "78351017074",
            "Weight": "4.350"
        },
        "url": "1sourcedist.com//8492567"
    },
    {
        "spec": {
            "12-Digit UPC": "612598594443",
            "Brand Name": "Allen-Bradley",
            "Catalog Description": "Embedded Switch Technology \ufffd 3-PORT EtherNet/IP TAP - 2 Copper Ports \ufffd/ 1 FIBER Port",
            "Green Product": "No",
            "Invoice Description": "3-PORT ENET/IP TAP - 2 TP/1 FIBER",
            "Item #": "3967045",
            "Manufacturer": "Hoffman",
            "Manufacturer Specs PDF": "http://literature.rockwellautomation.com/idc/groups/literature/documents/td/1783-td001_-en-p.pdf",
            "Manufacturer UCC Number": "612598",
            "Master UPC": "61259859444",
            "Mfg Catalog #": "A1084PHC",
            "Mfr Minimum Ord Qty": "1",
            "Mfr Name": "Rockwell Automation",
            "Order in Multiples of": "1 ea (Pack Qty)",
            "Package-1 Desc": "Each",
            "Package-1 Qty": "1",
            "UNSPSC": "43222610",
            "UPC": "78351017074",
            "Weight": "0.829"
        },
        "url": "1sourcedist.com//2935389"
    },
    {
        "spec": {
            "12-Digit UPC": "820919777370",
            "Brand Name": "Allen-Bradley",
            "Catalog Description": "Kit, Connector, Low Profile for Motor Feedback",
            "Green Product": "No",
            "Invoice Description": "Kinetix 2000 Feedback Connector Kit",
            "Item #": "3967045",
            "Manufacturer": "Hoffman",
            "Manufacturer Specs PDF": "http://literature.rockwellautomation.com/idc/groups/literature/documents/td/gmc-td004_-en-p.pdf",
            "Manufacturer UCC Number": "820919",
            "Master UPC": "82091977737",
            "Mfg Catalog #": "A1084PHC",
            "Mfr Minimum Ord Qty": "1",
            "Mfr Name": "Rockwell Automation",
            "Order in Multiples of": "1 ea (Pack Qty)",
            "Package-1 Desc": "Each",
            "Package-1 Qty": "1",
            "UNSPSC": "39121446",
            "UPC": "78351017074",
            "Weight": "0.140"
        },
        "url": "1sourcedist.com//13858224"
    }
]