{
    "10732399": [
        "1sourcedist.com//1322265",
        "1sourcedist.com//17093938"
    ],
    "11145750": [
        "1sourcedist.com//2912464"
    ],
    "11891755": [
        "1sourcedist.com//7663473"
    ],
    "12276830": [
        "1sourcedist.com//12068057",
        "1sourcedist.com//1444005"
    ],
    "12306971": [
        "1sourcedist.com//14216854",
        "1sourcedist.com//16775119"
    ],
    "12921468": [
        "1sourcedist.com//12381700"
    ],
    "13406814": [
        "1sourcedist.com//2129822"
    ],
    "15398135": [
        "1sourcedist.com//6179613"
    ],
    "15608349": [
        "1sourcedist.com//8780227"
    ],
    "1977418": [
        "1sourcedist.com//2895484"
    ],
    "2620456": [
        "1sourcedist.com//1699000"
    ],
    "3036929": [
        "1sourcedist.com//3822466"
    ],
    "3069356": [
        "1sourcedist.com//13738790"
    ],
    "6234480": [
        "1sourcedist.com//2339194"
    ],
    "6241568": [
        "1sourcedist.com//15264386"
    ],
    "6256488": [
        "1sourcedist.com//9224713"
    ],
    "6963814": [
        "1sourcedist.com//1857818"
    ],
    "7150419": [
        "1sourcedist.com//9765502"
    ],
    "7312474": [
        "1sourcedist.com//4371511"
    ],
    "7721320": [
        "1sourcedist.com//12392870"
    ],
    "9790374": [
        "1sourcedist.com//8815115"
    ]
}