[
    {
        "spec": {
            "Alter:": "7+",
            "Spieldauer:": "bis 15 Minuten, 15-30 Minuten",
            "Spieleranzahl:": "2 und mehr Spieler",
            "Spielregeln:": "Deutsch",
            "Themengebiet:": "Technik & Verkehr",
            "Zielgruppe:": "Jungen"
        },
        "url": "1a-spielkarten.de//24601026"
    },
    {
        "spec": {
            "Alter:": "4+",
            "Spieldauer:": "bis 15 Minuten, 15-30 Minuten",
            "Spieleranzahl:": "2 und mehr Spieler",
            "Spielregeln:": "Deutsch, Franz\u00f6sisch, Niederl\u00e4ndisch",
            "Themengebiet:": "Film & Fernsehen",
            "Zielgruppe:": "M\u00e4dchen"
        },
        "url": "1a-spielkarten.de//18554636"
    },
    {
        "spec": {
            "Alter:": "3+",
            "Spieldauer:": "bis 15 Minuten",
            "Spieleranzahl:": "1-4 Spieler",
            "Spielregeln:": "D\u00e4nisch, Deutsch, Englisch, Finnisch, Franz\u00f6sisch, Italienisch, Niederl\u00e4ndisch, Norwegisch, Polnisch, Slowenisch, Spanisch, Ungarisch",
            "Themengebiet:": "Film & Fernsehen",
            "Zielgruppe:": "M\u00e4dchen, Jungen"
        },
        "url": "1a-spielkarten.de//18826751"
    }
]