[
    {
        "spec": {
            "Alter:": "6+",
            "Spieldauer:": "15-30 Minuten",
            "Spieleranzahl:": "2-6 Spieler",
            "Spielregeln:": "Deutsch",
            "Zielgruppe:": "Familien"
        },
        "url": "1a-spielkarten.de//25487011"
    },
    {
        "spec": {
            "Alter:": "10+",
            "Spieldauer:": "15-30 Minuten",
            "Spieleranzahl:": "2-6 Spieler",
            "Spielregeln:": "Deutsch",
            "Zielgruppe:": "Familien"
        },
        "url": "1a-spielkarten.de//27264532"
    },
    {
        "spec": {
            "Alter:": "8+",
            "Spieldauer:": "15-30 Minuten",
            "Spieleranzahl:": "2-5 Spieler",
            "Spielregeln:": "Deutsch",
            "Zielgruppe:": "Familien"
        },
        "url": "1a-spielkarten.de//20063307"
    },
    {
        "spec": {
            "Alter:": "3+",
            "Spieleranzahl:": "2 und mehr Spieler",
            "Spielregeln:": "Deutsch",
            "Zielgruppe:": "M\u00e4dchen, Jungen"
        },
        "url": "1a-spielkarten.de//20236325"
    }
]