{
    "11175314": [
        "5ti.com.br//26953162"
    ],
    "12053901": [
        "5ti.com.br//19332625"
    ],
    "12053903": [
        "5ti.com.br//23669240"
    ],
    "12053922": [
        "5ti.com.br//20564194"
    ],
    "12403101": [
        "5ti.com.br//21601410"
    ],
    "1423003": [
        "5ti.com.br//27179526"
    ],
    "235608": [
        "5ti.com.br//25652758"
    ],
    "238580": [
        "5ti.com.br//23120023"
    ],
    "351513": [
        "5ti.com.br//26412029"
    ],
    "370807": [
        "5ti.com.br//26662873"
    ],
    "407501": [
        "5ti.com.br//22034957"
    ],
    "47718": [
        "5ti.com.br//27404080"
    ],
    "48410": [
        "5ti.com.br//19471046"
    ],
    "560496": [
        "5ti.com.br//17938340"
    ],
    "6052938": [
        "5ti.com.br//22087615"
    ],
    "8302609": [
        "5ti.com.br//18980713"
    ],
    "90266": [
        "5ti.com.br//23334873"
    ]
}