[
    {
        "spec": {
            "Empilh\u00e1vel": "Sim",
            "Gerenci\u00e1vel": "Sim",
            "N\u00famero de Portas": "24",
            "Portas de fibra": "2",
            "VLAN": "Sim",
            "Velocidade das Portas": "10/100/1000"
        },
        "url": "5ti.com.br//27404080"
    },
    {
        "spec": {
            "Empilh\u00e1vel": "Sim",
            "Gerenci\u00e1vel": "Sim",
            "N\u00famero de Portas": "24",
            "Portas de fibra": "2",
            "VLAN": "Sim",
            "Velocidade das Portas": "10/100"
        },
        "url": "5ti.com.br//27179526"
    },
    {
        "spec": {
            "Conex\u00e3o": "Bluetooth",
            "Mem\u00f3ria": "256MB",
            "Montagem": "Pistola",
            "Sistema Operacional": "Windows Embedded CE 6.0",
            "Tecnologia do leitor": "2D Imager"
        },
        "url": "5ti.com.br//19332625"
    },
    {
        "spec": {
            "Gerenci\u00e1vel": "Sim",
            "N\u00famero de Portas": "24",
            "Portas de fibra": "2",
            "VLAN": "Sim",
            "Velocidade das Portas": "10/100/1000"
        },
        "url": "5ti.com.br//26412029"
    },
    {
        "spec": {
            "Empilh\u00e1vel": "Sim",
            "Empilh\u00e1vel:": "Sim",
            "Gerenci\u00e1vel": "Sim",
            "N\u00famero de Portas": "48",
            "Portas de fibra": "4",
            "VLAN": "Sim",
            "VLAN:": "Sim",
            "Velocidade das Portas": "10/100/1000"
        },
        "url": "5ti.com.br//17938340"
    },
    {
        "spec": {
            "Empilh\u00e1vel": "N\u00e3o",
            "Gerenci\u00e1vel": "Sim",
            "N\u00famero de Portas": "24",
            "Portas de fibra": "2",
            "VLAN": "Sim",
            "Velocidade das Portas": "10/100"
        },
        "url": "5ti.com.br//23334873"
    },
    {
        "spec": {
            "Empilh\u00e1vel": "N\u00e3o",
            "Gerenci\u00e1vel": "Sim",
            "N\u00famero de Portas": "24",
            "Portas de fibra": "2",
            "VLAN": "Sim",
            "Velocidade das Portas": "10/100"
        },
        "url": "5ti.com.br//26662873"
    },
    {
        "spec": {
            "Empilh\u00e1vel": "N\u00e3o",
            "Gerenci\u00e1vel": "Sim",
            "N\u00famero de Portas": "48",
            "Portas de fibra": "2",
            "VLAN": "Sim",
            "Velocidade das Portas": "10/100"
        },
        "url": "5ti.com.br//22087615"
    },
    {
        "spec": {
            "Empilh\u00e1vel": "N\u00e3o",
            "Gerenci\u00e1vel": "Sim",
            "N\u00famero de Portas": "10",
            "Portas de fibra": "2",
            "VLAN": "Sim",
            "Velocidade das Portas": "10/100/1000"
        },
        "url": "5ti.com.br//21601410"
    },
    {
        "spec": {
            "Empilh\u00e1vel": "N\u00e3o",
            "Empilh\u00e1vel:": "N\u00e3o",
            "Gerenci\u00e1vel": "Sim",
            "N\u00famero de Portas": "48",
            "Portas de fibra": "2",
            "VLAN": "N\u00e3o",
            "VLAN:": "Sim",
            "Velocidade das Portas": "10/100"
        },
        "url": "5ti.com.br//25652758"
    },
    {
        "spec": {
            "Empilh\u00e1vel": "Sim",
            "Gerenci\u00e1vel": "Sim",
            "N\u00famero de Portas": "24",
            "Portas de fibra": "2",
            "VLAN": "Sim",
            "Velocidade das Portas": "10/100/1000"
        },
        "url": "5ti.com.br//19471046"
    },
    {
        "spec": {
            "Conex\u00e3o": "wi-fi",
            "Mem\u00f3ria": "256MB",
            "Montagem": "Pistola",
            "Sistema Operacional": "Windows Embedded CE 6.0",
            "Tecnologia do leitor": "Laser"
        },
        "url": "5ti.com.br//20564194"
    },
    {
        "spec": {
            "Empilh\u00e1vel": "N\u00e3o",
            "Gerenci\u00e1vel": "Sim",
            "N\u00famero de Portas": "8",
            "Portas de fibra": "N\u00e3o",
            "VLAN": "Sim",
            "Velocidade das Portas": "10/100"
        },
        "url": "5ti.com.br//26953162"
    },
    {
        "spec": {
            "Conex\u00e3o": "Bluetooth",
            "Mem\u00f3ria": "256MB",
            "Montagem": "Pistola",
            "Sistema Operacional": "Windows Embedded CE 6.0",
            "Tecnologia do leitor": "2D Imager"
        },
        "url": "5ti.com.br//23669240"
    },
    {
        "spec": {
            "Empilh\u00e1vel": "Sim",
            "Gerenci\u00e1vel": "Sim",
            "N\u00famero de Portas": "24",
            "Portas de fibra": "4",
            "VLAN": "Sim",
            "Velocidade das Portas": "10/100/1000"
        },
        "url": "5ti.com.br//23120023"
    },
    {
        "spec": {
            "Empilh\u00e1vel": "N\u00e3o",
            "Gerenci\u00e1vel": "N\u00e3o",
            "N\u00famero de Portas": "24",
            "Portas de fibra": "N\u00e3o",
            "VLAN": "N\u00e3o",
            "Velocidade das Portas": "10/100"
        },
        "url": "5ti.com.br//22034957"
    },
    {
        "spec": {
            "Empilh\u00e1vel": "Sim",
            "N\u00famero de Portas": "24",
            "Portas de fibra": "4",
            "VLAN": "Sim",
            "Velocidade das Portas": "10/100/1000"
        },
        "url": "5ti.com.br//18980713"
    }
]