[
    {
        "spec": {
            "N\u00famero de Portas": "48",
            "VLAN": "Sim",
            "Velocidade das Portas": "10/100/1000"
        },
        "url": "5ti.com.br//27589141"
    },
    {
        "spec": {
            "Gerenci\u00e1vel": "Sim",
            "N\u00famero de Portas": "12",
            "Portas de fibra": "2",
            "Velocidade das Portas": "10/100/1000"
        },
        "url": "5ti.com.br//23856595"
    },
    {
        "spec": {
            "Gerenci\u00e1vel": "Sim",
            "N\u00famero de Portas": "4",
            "Portas de fibra": "24",
            "VLAN": "Sim",
            "Velocidade das Portas": "10/100/1000"
        },
        "url": "5ti.com.br//18443560"
    },
    {
        "spec": {
            "Gerenci\u00e1vel": "Sim",
            "N\u00famero de Portas": "48",
            "Portas de fibra": "4",
            "VLAN": "Sim",
            "Velocidade das Portas": "10/100/1000"
        },
        "url": "5ti.com.br//25164495"
    }
]