[
    {
        "spec": {
            "Empilh\u00e1vel": "Sim",
            "Gerenci\u00e1vel": "N\u00e3o",
            "N\u00famero de Portas": "24",
            "Portas de fibra": "2",
            "VLAN": "Sim",
            "Velocidade das Portas": "10/100/1000"
        },
        "url": "5ti.com.br//24164485"
    },
    {
        "spec": {
            "Empilh\u00e1vel": "N\u00e3o",
            "Gerenci\u00e1vel": "Sim",
            "N\u00famero de Portas": "8",
            "Portas de fibra": "2",
            "VLAN": "Sim",
            "Velocidade das Portas": "10/100"
        },
        "url": "5ti.com.br//19930086"
    },
    {
        "spec": {
            "Empilh\u00e1vel": "Sim",
            "Gerenci\u00e1vel": "Sim",
            "N\u00famero de Portas": "48",
            "Portas de fibra": "4",
            "VLAN": "Sim",
            "Velocidade das Portas": "10/100/1000"
        },
        "url": "5ti.com.br//18107269"
    },
    {
        "spec": {
            "Empilh\u00e1vel": "N\u00e3o",
            "Gerenci\u00e1vel": "Sim",
            "N\u00famero de Portas": "8",
            "Portas de fibra": "2",
            "VLAN": "N\u00e3o",
            "Velocidade das Portas": "10/100"
        },
        "url": "5ti.com.br//24703902"
    }
]