{
    "1": [
        "http:///www.eglobalcentral.co.uk/212",
        "http:///www.eglobalcentral.co.uk/609",
        "http:///www.eglobalcentral.co.uk/630"
    ],
    "7": [
        "http:///www.eglobalcentral.co.uk/169",
        "http:///www.eglobalcentral.co.uk/566",
        "http:///www.eglobalcentral.co.uk/700"
    ],
    "9": [
        "http:///www.eglobalcentral.co.uk/213",
        "http:///www.eglobalcentral.co.uk/437"
    ],
    "12": [
        "http:///www.eglobalcentral.co.uk/173",
        "http:///www.eglobalcentral.co.uk/273"
    ],
    "20": [
        "http:///www.eglobalcentral.co.uk/491",
        "http:///www.eglobalcentral.co.uk/79"
    ],
    "23": [
        "http:///www.eglobalcentral.co.uk/215",
        "http:///www.eglobalcentral.co.uk/439",
        "http:///www.eglobalcentral.co.uk/467",
        "http:///www.eglobalcentral.co.uk/739"
    ],
    "24": [
        "http:///www.eglobalcentral.co.uk/406",
        "http:///www.eglobalcentral.co.uk/520"
    ],
    "29": [
        "http:///www.eglobalcentral.co.uk/264",
        "http:///www.eglobalcentral.co.uk/662"
    ],
    "32": [
        "http:///www.eglobalcentral.co.uk/257",
        "http:///www.eglobalcentral.co.uk/304",
        "http:///www.eglobalcentral.co.uk/619"
    ],
    "34": [
        "http:///www.eglobalcentral.co.uk/645",
        "http:///www.eglobalcentral.co.uk/720"
    ],
    "36": [
        "http:///www.eglobalcentral.co.uk/183"
    ],
    "39": [
        "http:///www.eglobalcentral.co.uk/362",
        "http:///www.eglobalcentral.co.uk/45",
        "http:///www.eglobalcentral.co.uk/6"
    ],
    "41": [
        "http:///www.eglobalcentral.co.uk/131",
        "http:///www.eglobalcentral.co.uk/135",
        "http:///www.eglobalcentral.co.uk/138",
        "http:///www.eglobalcentral.co.uk/192",
        "http:///www.eglobalcentral.co.uk/325",
        "http:///www.eglobalcentral.co.uk/356",
        "http:///www.eglobalcentral.co.uk/53",
        "http:///www.eglobalcentral.co.uk/579",
        "http:///www.eglobalcentral.co.uk/585",
        "http:///www.eglobalcentral.co.uk/667"
    ],
    "43": [
        "http:///www.eglobalcentral.co.uk/191",
        "http:///www.eglobalcentral.co.uk/219",
        "http:///www.eglobalcentral.co.uk/681",
        "http:///www.eglobalcentral.co.uk/725"
    ],
    "46": [
        "http:///www.eglobalcentral.co.uk/553"
    ],
    "49": [
        "http:///www.eglobalcentral.co.uk/108",
        "http:///www.eglobalcentral.co.uk/247",
        "http:///www.eglobalcentral.co.uk/293",
        "http:///www.eglobalcentral.co.uk/380",
        "http:///www.eglobalcentral.co.uk/469",
        "http:///www.eglobalcentral.co.uk/474",
        "http:///www.eglobalcentral.co.uk/534",
        "http:///www.eglobalcentral.co.uk/544",
        "http:///www.eglobalcentral.co.uk/570",
        "http:///www.eglobalcentral.co.uk/576",
        "http:///www.eglobalcentral.co.uk/643",
        "http:///www.eglobalcentral.co.uk/666",
        "http:///www.eglobalcentral.co.uk/710",
        "http:///www.eglobalcentral.co.uk/717",
        "http:///www.eglobalcentral.co.uk/744"
    ],
    "51": [
        "http:///www.eglobalcentral.co.uk/148",
        "http:///www.eglobalcentral.co.uk/320"
    ],
    "53": [
        "http:///www.eglobalcentral.co.uk/102",
        "http:///www.eglobalcentral.co.uk/711"
    ],
    "54": [
        "http:///www.eglobalcentral.co.uk/348",
        "http:///www.eglobalcentral.co.uk/549",
        "http:///www.eglobalcentral.co.uk/57"
    ],
    "56": [
        "http:///www.eglobalcentral.co.uk/385",
        "http:///www.eglobalcentral.co.uk/471",
        "http:///www.eglobalcentral.co.uk/608"
    ],
    "57": [
        "http:///www.eglobalcentral.co.uk/103",
        "http:///www.eglobalcentral.co.uk/159",
        "http:///www.eglobalcentral.co.uk/164",
        "http:///www.eglobalcentral.co.uk/190",
        "http:///www.eglobalcentral.co.uk/214",
        "http:///www.eglobalcentral.co.uk/245",
        "http:///www.eglobalcentral.co.uk/298",
        "http:///www.eglobalcentral.co.uk/454",
        "http:///www.eglobalcentral.co.uk/465",
        "http:///www.eglobalcentral.co.uk/487",
        "http:///www.eglobalcentral.co.uk/510",
        "http:///www.eglobalcentral.co.uk/653"
    ],
    "58": [
        "http:///www.eglobalcentral.co.uk/489"
    ],
    "61": [
        "http:///www.eglobalcentral.co.uk/109",
        "http:///www.eglobalcentral.co.uk/287",
        "http:///www.eglobalcentral.co.uk/395"
    ],
    "64": [
        "http:///www.eglobalcentral.co.uk/146",
        "http:///www.eglobalcentral.co.uk/150"
    ],
    "66": [
        "http:///www.eglobalcentral.co.uk/527"
    ],
    "70": [
        "http:///www.eglobalcentral.co.uk/405",
        "http:///www.eglobalcentral.co.uk/490",
        "http:///www.eglobalcentral.co.uk/734",
        "http:///www.eglobalcentral.co.uk/96"
    ],
    "77": [
        "http:///www.eglobalcentral.co.uk/155"
    ],
    "79": [
        "http:///www.eglobalcentral.co.uk/189"
    ],
    "81": [
        "http:///www.eglobalcentral.co.uk/40"
    ],
    "90": [
        "http:///www.eglobalcentral.co.uk/618"
    ],
    "91": [
        "http:///www.eglobalcentral.co.uk/458",
        "http:///www.eglobalcentral.co.uk/633"
    ],
    "94": [
        "http:///www.eglobalcentral.co.uk/231"
    ],
    "96": [
        "http:///www.eglobalcentral.co.uk/360"
    ],
    "97": [
        "http:///www.eglobalcentral.co.uk/528"
    ],
    "99": [
        "http:///www.eglobalcentral.co.uk/145",
        "http:///www.eglobalcentral.co.uk/389",
        "http:///www.eglobalcentral.co.uk/410"
    ],
    "102": [
        "http:///www.eglobalcentral.co.uk/539",
        "http:///www.eglobalcentral.co.uk/733"
    ],
    "103": [
        "http:///www.eglobalcentral.co.uk/209",
        "http:///www.eglobalcentral.co.uk/246",
        "http:///www.eglobalcentral.co.uk/371",
        "http:///www.eglobalcentral.co.uk/637",
        "http:///www.eglobalcentral.co.uk/713"
    ],
    "106": [
        "http:///www.eglobalcentral.co.uk/133",
        "http:///www.eglobalcentral.co.uk/136",
        "http:///www.eglobalcentral.co.uk/303",
        "http:///www.eglobalcentral.co.uk/332",
        "http:///www.eglobalcentral.co.uk/52",
        "http:///www.eglobalcentral.co.uk/605",
        "http:///www.eglobalcentral.co.uk/63",
        "http:///www.eglobalcentral.co.uk/88",
        "http:///www.eglobalcentral.co.uk/9"
    ],
    "114": [
        "http:///www.eglobalcentral.co.uk/497"
    ],
    "122": [
        "http:///www.eglobalcentral.co.uk/147",
        "http:///www.eglobalcentral.co.uk/390",
        "http:///www.eglobalcentral.co.uk/547",
        "http:///www.eglobalcentral.co.uk/551"
    ],
    "124": [
        "http:///www.eglobalcentral.co.uk/307",
        "http:///www.eglobalcentral.co.uk/546"
    ],
    "125": [
        "http:///www.eglobalcentral.co.uk/319",
        "http:///www.eglobalcentral.co.uk/386",
        "http:///www.eglobalcentral.co.uk/54",
        "http:///www.eglobalcentral.co.uk/617"
    ],
    "130": [
        "http:///www.eglobalcentral.co.uk/335",
        "http:///www.eglobalcentral.co.uk/704"
    ],
    "136": [
        "http:///www.eglobalcentral.co.uk/470",
        "http:///www.eglobalcentral.co.uk/535"
    ],
    "154": [
        "http:///www.eglobalcentral.co.uk/34"
    ],
    "156": [
        "http:///www.eglobalcentral.co.uk/196",
        "http:///www.eglobalcentral.co.uk/38",
        "http:///www.eglobalcentral.co.uk/393",
        "http:///www.eglobalcentral.co.uk/537",
        "http:///www.eglobalcentral.co.uk/587"
    ],
    "160": [
        "http:///www.eglobalcentral.co.uk/604"
    ],
    "161": [
        "http:///www.eglobalcentral.co.uk/321"
    ],
    "175": [
        "http:///www.eglobalcentral.co.uk/185",
        "http:///www.eglobalcentral.co.uk/378",
        "http:///www.eglobalcentral.co.uk/440"
    ],
    "176": [
        "http:///www.eglobalcentral.co.uk/163"
    ],
    "183": [
        "http:///www.eglobalcentral.co.uk/221"
    ],
    "186": [
        "http:///www.eglobalcentral.co.uk/441"
    ],
    "204": [
        "http:///www.eglobalcentral.co.uk/201"
    ],
    "230": [
        "http:///www.eglobalcentral.co.uk/33"
    ],
    "235": [
        "http:///www.eglobalcentral.co.uk/668"
    ],
    "245": [
        "http:///www.eglobalcentral.co.uk/565",
        "http:///www.eglobalcentral.co.uk/596",
        "http:///www.eglobalcentral.co.uk/716",
        "http:///www.eglobalcentral.co.uk/729"
    ],
    "250": [
        "http:///www.eglobalcentral.co.uk/322"
    ],
    "256": [
        "http:///www.eglobalcentral.co.uk/361",
        "http:///www.eglobalcentral.co.uk/50",
        "http:///www.eglobalcentral.co.uk/698"
    ],
    "259": [
        "http:///www.eglobalcentral.co.uk/706"
    ],
    "289": [
        "http:///www.eglobalcentral.co.uk/144"
    ],
    "290": [
        "http:///www.eglobalcentral.co.uk/261"
    ],
    "295": [
        "http:///www.eglobalcentral.co.uk/46",
        "http:///www.eglobalcentral.co.uk/732",
        "http:///www.eglobalcentral.co.uk/89",
        "http:///www.eglobalcentral.co.uk/97"
    ],
    "309": [
        "http:///www.eglobalcentral.co.uk/428"
    ],
    "329": [
        "http:///www.eglobalcentral.co.uk/158",
        "http:///www.eglobalcentral.co.uk/375"
    ],
    "341": [
        "http:///www.eglobalcentral.co.uk/577"
    ],
    "357": [
        "http:///www.eglobalcentral.co.uk/105"
    ],
    "359": [
        "http:///www.eglobalcentral.co.uk/416",
        "http:///www.eglobalcentral.co.uk/446"
    ],
    "417": [
        "http:///www.eglobalcentral.co.uk/239",
        "http:///www.eglobalcentral.co.uk/263",
        "http:///www.eglobalcentral.co.uk/513",
        "http:///www.eglobalcentral.co.uk/564",
        "http:///www.eglobalcentral.co.uk/731",
        "http:///www.eglobalcentral.co.uk/741",
        "http:///www.eglobalcentral.co.uk/86"
    ],
    "547": [
        "http:///www.eglobalcentral.co.uk/10",
        "http:///www.eglobalcentral.co.uk/17",
        "http:///www.eglobalcentral.co.uk/270",
        "http:///www.eglobalcentral.co.uk/447",
        "http:///www.eglobalcentral.co.uk/562"
    ],
    "597": [
        "http:///www.eglobalcentral.co.uk/479"
    ],
    "672": [
        "http:///www.eglobalcentral.co.uk/7"
    ],
    "673": [
        "http:///www.eglobalcentral.co.uk/664"
    ],
    "674": [
        "http:///www.eglobalcentral.co.uk/648"
    ],
    "675": [
        "http:///www.eglobalcentral.co.uk/227",
        "http:///www.eglobalcentral.co.uk/509",
        "http:///www.eglobalcentral.co.uk/586"
    ],
    "676": [
        "http:///www.eglobalcentral.co.uk/204",
        "http:///www.eglobalcentral.co.uk/422"
    ],
    "677": [
        "http:///www.eglobalcentral.co.uk/351"
    ]
}