{
    "ENTITY#10": [
        "http:///www.eglobalcentral.co.uk/539",
        "http:///www.eglobalcentral.co.uk/733"
    ],
    "ENTITY#12": [
        "http:///www.eglobalcentral.co.uk/264",
        "http:///www.eglobalcentral.co.uk/662"
    ],
    "ENTITY#13": [
        "http:///www.eglobalcentral.co.uk/144"
    ],
    "ENTITY#14": [
        "http:///www.eglobalcentral.co.uk/470",
        "http:///www.eglobalcentral.co.uk/535"
    ],
    "ENTITY#18": [
        "http:///www.eglobalcentral.co.uk/191",
        "http:///www.eglobalcentral.co.uk/219",
        "http:///www.eglobalcentral.co.uk/681",
        "http:///www.eglobalcentral.co.uk/725"
    ],
    "ENTITY#19": [
        "http:///www.eglobalcentral.co.uk/133",
        "http:///www.eglobalcentral.co.uk/136",
        "http:///www.eglobalcentral.co.uk/303",
        "http:///www.eglobalcentral.co.uk/332",
        "http:///www.eglobalcentral.co.uk/52",
        "http:///www.eglobalcentral.co.uk/605",
        "http:///www.eglobalcentral.co.uk/63",
        "http:///www.eglobalcentral.co.uk/88",
        "http:///www.eglobalcentral.co.uk/9"
    ],
    "ENTITY#21": [
        "http:///www.eglobalcentral.co.uk/196",
        "http:///www.eglobalcentral.co.uk/38",
        "http:///www.eglobalcentral.co.uk/393",
        "http:///www.eglobalcentral.co.uk/537",
        "http:///www.eglobalcentral.co.uk/587"
    ],
    "ENTITY#23": [
        "http:///www.eglobalcentral.co.uk/147",
        "http:///www.eglobalcentral.co.uk/390",
        "http:///www.eglobalcentral.co.uk/547",
        "http:///www.eglobalcentral.co.uk/551"
    ],
    "ENTITY#29": [
        "http:///www.eglobalcentral.co.uk/183"
    ],
    "ENTITY#30": [
        "http:///www.eglobalcentral.co.uk/645",
        "http:///www.eglobalcentral.co.uk/720"
    ],
    "ENTITY#36": [
        "http:///www.eglobalcentral.co.uk/527"
    ],
    "ENTITY#42": [
        "http:///www.eglobalcentral.co.uk/231"
    ],
    "ENTITY#44": [
        "http:///www.eglobalcentral.co.uk/131",
        "http:///www.eglobalcentral.co.uk/135",
        "http:///www.eglobalcentral.co.uk/138",
        "http:///www.eglobalcentral.co.uk/192",
        "http:///www.eglobalcentral.co.uk/325",
        "http:///www.eglobalcentral.co.uk/356",
        "http:///www.eglobalcentral.co.uk/53",
        "http:///www.eglobalcentral.co.uk/579",
        "http:///www.eglobalcentral.co.uk/585",
        "http:///www.eglobalcentral.co.uk/667"
    ],
    "ENTITY#48": [
        "http:///www.eglobalcentral.co.uk/155"
    ],
    "ENTITY#57": [
        "http:///www.eglobalcentral.co.uk/33"
    ],
    "ENTITY#6": [
        "http:///www.eglobalcentral.co.uk/108",
        "http:///www.eglobalcentral.co.uk/247",
        "http:///www.eglobalcentral.co.uk/293",
        "http:///www.eglobalcentral.co.uk/380",
        "http:///www.eglobalcentral.co.uk/469",
        "http:///www.eglobalcentral.co.uk/474",
        "http:///www.eglobalcentral.co.uk/534",
        "http:///www.eglobalcentral.co.uk/544",
        "http:///www.eglobalcentral.co.uk/570",
        "http:///www.eglobalcentral.co.uk/576",
        "http:///www.eglobalcentral.co.uk/643",
        "http:///www.eglobalcentral.co.uk/666",
        "http:///www.eglobalcentral.co.uk/710",
        "http:///www.eglobalcentral.co.uk/717",
        "http:///www.eglobalcentral.co.uk/744"
    ],
    "ENTITY#61": [
        "http:///www.eglobalcentral.co.uk/46",
        "http:///www.eglobalcentral.co.uk/732",
        "http:///www.eglobalcentral.co.uk/89",
        "http:///www.eglobalcentral.co.uk/97"
    ],
    "ENTITY#64": [
        "http:///www.eglobalcentral.co.uk/34"
    ],
    "ENTITY#66": [
        "http:///www.eglobalcentral.co.uk/385",
        "http:///www.eglobalcentral.co.uk/471",
        "http:///www.eglobalcentral.co.uk/608"
    ],
    "ENTITY#72": [
        "http:///www.eglobalcentral.co.uk/497"
    ],
    "ENTITY#75": [
        "http:///www.eglobalcentral.co.uk/335",
        "http:///www.eglobalcentral.co.uk/704"
    ],
    "ENTITY#76": [
        "http:///www.eglobalcentral.co.uk/109",
        "http:///www.eglobalcentral.co.uk/287",
        "http:///www.eglobalcentral.co.uk/395"
    ],
    "ENTITY#77": [
        "http:///www.eglobalcentral.co.uk/361",
        "http:///www.eglobalcentral.co.uk/50",
        "http:///www.eglobalcentral.co.uk/698"
    ],
    "ENTITY#93": [
        "http:///www.eglobalcentral.co.uk/102",
        "http:///www.eglobalcentral.co.uk/711"
    ]
}