{
    "ENTITY#002": [
        "www.makingbuyingeasy.co.uk//489",
        "www.makingbuyingeasy.co.uk//388",
        "www.makingbuyingeasy.co.uk//585"
    ],
    "ENTITY#003": [
        "www.makingbuyingeasy.co.uk//454",
        "www.makingbuyingeasy.co.uk//389",
        "www.makingbuyingeasy.co.uk//66",
        "www.makingbuyingeasy.co.uk//393"
    ],
    "ENTITY#004": [
        "www.makingbuyingeasy.co.uk//502",
        "www.makingbuyingeasy.co.uk//599",
        "www.makingbuyingeasy.co.uk//643",
        "www.makingbuyingeasy.co.uk//333",
        "www.makingbuyingeasy.co.uk//341"
    ],
    "ENTITY#005": [
        "www.makingbuyingeasy.co.uk//644",
        "www.makingbuyingeasy.co.uk//610"
    ],
    "ENTITY#013": [
        "www.makingbuyingeasy.co.uk//413",
        "www.makingbuyingeasy.co.uk//471"
    ],
    "ENTITY#014": [
        "www.makingbuyingeasy.co.uk//44",
        "www.makingbuyingeasy.co.uk//283",
        "www.makingbuyingeasy.co.uk//594",
        "www.makingbuyingeasy.co.uk//30"
    ],
    "ENTITY#018": [
        "www.makingbuyingeasy.co.uk//374",
        "www.makingbuyingeasy.co.uk//45"
    ],
    "ENTITY#019": [
        "www.makingbuyingeasy.co.uk//479",
        "www.makingbuyingeasy.co.uk//636",
        "www.makingbuyingeasy.co.uk//260"
    ],
    "ENTITY#020": [
        "www.makingbuyingeasy.co.uk//505",
        "www.makingbuyingeasy.co.uk//366",
        "www.makingbuyingeasy.co.uk//175",
        "www.makingbuyingeasy.co.uk//34"
    ],
    "ENTITY#021": [
        "www.makingbuyingeasy.co.uk//517",
        "www.makingbuyingeasy.co.uk//461",
        "www.makingbuyingeasy.co.uk//51",
        "www.makingbuyingeasy.co.uk//629"
    ],
    "ENTITY#022": [
        "www.makingbuyingeasy.co.uk//134"
    ],
    "ENTITY#025": [
        "www.makingbuyingeasy.co.uk//311"
    ],
    "ENTITY#026": [
        "www.makingbuyingeasy.co.uk//406"
    ],
    "ENTITY#027": [
        "www.makingbuyingeasy.co.uk//634"
    ],
    "ENTITY#028": [
        "www.makingbuyingeasy.co.uk//576"
    ],
    "ENTITY#032": [
        "www.makingbuyingeasy.co.uk//304"
    ],
    "ENTITY#033": [
        "www.makingbuyingeasy.co.uk//557"
    ],
    "ENTITY#034": [
        "www.makingbuyingeasy.co.uk//567"
    ],
    "ENTITY#035": [
        "www.makingbuyingeasy.co.uk//207"
    ],
    "ENTITY#036": [
        "www.makingbuyingeasy.co.uk//559"
    ],
    "ENTITY#037": [
        "www.makingbuyingeasy.co.uk//538"
    ],
    "ENTITY#039": [
        "www.makingbuyingeasy.co.uk//486"
    ],
    "ENTITY#040": [
        "www.makingbuyingeasy.co.uk//405"
    ],
    "ENTITY#041": [
        "www.makingbuyingeasy.co.uk//47"
    ],
    "ENTITY#044": [
        "www.makingbuyingeasy.co.uk//6"
    ],
    "ENTITY#060": [
        "www.makingbuyingeasy.co.uk//72"
    ],
    "ENTITY#062": [
        "www.makingbuyingeasy.co.uk//232"
    ],
    "ENTITY#068": [
        "www.makingbuyingeasy.co.uk//216",
        "www.makingbuyingeasy.co.uk//68"
    ],
    "ENTITY#077": [
        "www.makingbuyingeasy.co.uk//252"
    ],
    "ENTITY#078": [
        "www.makingbuyingeasy.co.uk//383",
        "www.makingbuyingeasy.co.uk//507"
    ],
    "ENTITY#079": [
        "www.makingbuyingeasy.co.uk//85"
    ],
    "ENTITY#080": [
        "www.makingbuyingeasy.co.uk//385",
        "www.makingbuyingeasy.co.uk//79"
    ],
    "ENTITY#082": [
        "www.makingbuyingeasy.co.uk//392"
    ],
    "ENTITY#084": [
        "www.makingbuyingeasy.co.uk//136"
    ],
    "ENTITY#085": [
        "www.makingbuyingeasy.co.uk//20"
    ],
    "ENTITY#086": [
        "www.makingbuyingeasy.co.uk//460",
        "www.makingbuyingeasy.co.uk//95"
    ],
    "ENTITY#088": [
        "www.makingbuyingeasy.co.uk//296"
    ],
    "ENTITY#089": [
        "www.makingbuyingeasy.co.uk//482"
    ],
    "ENTITY#090": [
        "www.makingbuyingeasy.co.uk//566"
    ],
    "ENTITY#091": [
        "www.makingbuyingeasy.co.uk//105"
    ],
    "ENTITY#092": [
        "www.makingbuyingeasy.co.uk//276"
    ],
    "ENTITY#093": [
        "www.makingbuyingeasy.co.uk//268"
    ],
    "ENTITY#095": [
        "www.makingbuyingeasy.co.uk//501"
    ],
    "ENTITY#099": [
        "www.makingbuyingeasy.co.uk//241"
    ],
    "ENTITY#100": [
        "www.makingbuyingeasy.co.uk//191",
        "www.makingbuyingeasy.co.uk//646",
        "www.makingbuyingeasy.co.uk//259"
    ],
    "ENTITY#102": [
        "www.makingbuyingeasy.co.uk//395"
    ],
    "ENTITY#103": [
        "www.makingbuyingeasy.co.uk//459"
    ],
    "ENTITY#116": [
        "www.makingbuyingeasy.co.uk//330",
        "www.makingbuyingeasy.co.uk//293"
    ],
    "ENTITY#117": [
        "www.makingbuyingeasy.co.uk//8"
    ],
    "ENTITY#118": [
        "www.makingbuyingeasy.co.uk//104"
    ],
    "ENTITY#120": [
        "www.makingbuyingeasy.co.uk//633"
    ],
    "ENTITY#124": [
        "www.makingbuyingeasy.co.uk//52"
    ],
    "ENTITY#125": [
        "www.makingbuyingeasy.co.uk//604"
    ],
    "ENTITY#126": [
        "www.makingbuyingeasy.co.uk//367"
    ],
    "ENTITY#128": [
        "www.makingbuyingeasy.co.uk//150"
    ],
    "ENTITY#130": [
        "www.makingbuyingeasy.co.uk//298",
        "www.makingbuyingeasy.co.uk//541"
    ],
    "ENTITY#131": [
        "www.makingbuyingeasy.co.uk//678",
        "www.makingbuyingeasy.co.uk//343"
    ],
    "ENTITY#132": [
        "www.makingbuyingeasy.co.uk//143"
    ],
    "ENTITY#133": [
        "www.makingbuyingeasy.co.uk//48"
    ],
    "ENTITY#134": [
        "www.makingbuyingeasy.co.uk//403"
    ],
    "ENTITY#136": [
        "www.makingbuyingeasy.co.uk//257"
    ],
    "ENTITY#138": [
        "www.makingbuyingeasy.co.uk//336"
    ],
    "ENTITY#139": [
        "www.makingbuyingeasy.co.uk//493"
    ],
    "ENTITY#140": [
        "www.makingbuyingeasy.co.uk//10"
    ],
    "ENTITY#143": [
        "www.makingbuyingeasy.co.uk//193"
    ],
    "ENTITY#151": [
        "www.makingbuyingeasy.co.uk//488"
    ],
    "ENTITY#153": [
        "www.makingbuyingeasy.co.uk//428"
    ],
    "ENTITY#155": [
        "www.makingbuyingeasy.co.uk//554"
    ],
    "ENTITY#156": [
        "www.makingbuyingeasy.co.uk//322",
        "www.makingbuyingeasy.co.uk//269"
    ],
    "ENTITY#157": [
        "www.makingbuyingeasy.co.uk//167"
    ],
    "ENTITY#158": [
        "www.makingbuyingeasy.co.uk//630"
    ],
    "ENTITY#161": [
        "www.makingbuyingeasy.co.uk//466"
    ],
    "ENTITY#168": [
        "www.makingbuyingeasy.co.uk//220"
    ],
    "ENTITY#169": [
        "www.makingbuyingeasy.co.uk//148",
        "www.makingbuyingeasy.co.uk//624",
        "www.makingbuyingeasy.co.uk//361"
    ],
    "ENTITY#170": [
        "www.makingbuyingeasy.co.uk//242",
        "www.makingbuyingeasy.co.uk//639",
        "www.makingbuyingeasy.co.uk//463",
        "www.makingbuyingeasy.co.uk//18"
    ],
    "ENTITY#171": [
        "www.makingbuyingeasy.co.uk//387"
    ],
    "ENTITY#172": [
        "www.makingbuyingeasy.co.uk//235"
    ],
    "ENTITY#174": [
        "www.makingbuyingeasy.co.uk//521"
    ],
    "ENTITY#176": [
        "www.makingbuyingeasy.co.uk//324"
    ],
    "ENTITY#178": [
        "www.makingbuyingeasy.co.uk//137"
    ],
    "ENTITY#183": [
        "www.makingbuyingeasy.co.uk//410"
    ],
    "ENTITY#184": [
        "www.makingbuyingeasy.co.uk//74"
    ],
    "ENTITY#185": [
        "www.makingbuyingeasy.co.uk//593"
    ],
    "ENTITY#186": [
        "www.makingbuyingeasy.co.uk//467"
    ],
    "ENTITY#190": [
        "www.makingbuyingeasy.co.uk//680"
    ],
    "ENTITY#192": [
        "www.makingbuyingeasy.co.uk//140",
        "www.makingbuyingeasy.co.uk//430"
    ],
    "ENTITY#193": [
        "www.makingbuyingeasy.co.uk//362"
    ],
    "ENTITY#194": [
        "www.makingbuyingeasy.co.uk//80"
    ],
    "ENTITY#195": [
        "www.makingbuyingeasy.co.uk//660"
    ],
    "ENTITY#196": [
        "www.makingbuyingeasy.co.uk//272",
        "www.makingbuyingeasy.co.uk//529"
    ],
    "ENTITY#197": [
        "www.makingbuyingeasy.co.uk//446",
        "www.makingbuyingeasy.co.uk//365"
    ],
    "ENTITY#198": [
        "www.makingbuyingeasy.co.uk//218",
        "www.makingbuyingeasy.co.uk//280"
    ],
    "ENTITY#199": [
        "www.makingbuyingeasy.co.uk//525",
        "www.makingbuyingeasy.co.uk//13",
        "www.makingbuyingeasy.co.uk//303",
        "www.makingbuyingeasy.co.uk//121"
    ],
    "ENTITY#200": [
        "www.makingbuyingeasy.co.uk//250",
        "www.makingbuyingeasy.co.uk//570",
        "www.makingbuyingeasy.co.uk//494",
        "www.makingbuyingeasy.co.uk//141",
        "www.makingbuyingeasy.co.uk//69",
        "www.makingbuyingeasy.co.uk//334"
    ]
}