{
    "ENTITY#10": [
        "http:///www.shopmania.in/698",
        "http:///www.shopmania.in/906"
    ],
    "ENTITY#12": [
        "http:///www.shopmania.in/1527"
    ],
    "ENTITY#13": [
        "http:///www.shopmania.in/899"
    ],
    "ENTITY#14": [
        "http:///www.shopmania.in/1183",
        "http:///www.shopmania.in/1662"
    ],
    "ENTITY#16": [
        "http:///www.shopmania.in/1220",
        "http:///www.shopmania.in/1605"
    ],
    "ENTITY#18": [
        "http:///www.shopmania.in/1065",
        "http:///www.shopmania.in/1549",
        "http:///www.shopmania.in/861",
        "http:///www.shopmania.in/926"
    ],
    "ENTITY#19": [
        "http:///www.shopmania.in/1069",
        "http:///www.shopmania.in/1677",
        "http:///www.shopmania.in/655"
    ],
    "ENTITY#21": [
        "http:///www.shopmania.in/1009",
        "http:///www.shopmania.in/1066"
    ],
    "ENTITY#22": [
        "http:///www.shopmania.in/974"
    ],
    "ENTITY#27": [
        "http:///www.shopmania.in/982"
    ],
    "ENTITY#29": [
        "http:///www.shopmania.in/1438",
        "http:///www.shopmania.in/1442"
    ],
    "ENTITY#30": [
        "http:///www.shopmania.in/640"
    ],
    "ENTITY#31": [
        "http:///www.shopmania.in/1188"
    ],
    "ENTITY#33": [
        "http:///www.shopmania.in/1460"
    ],
    "ENTITY#34": [
        "http:///www.shopmania.in/1617"
    ],
    "ENTITY#35": [
        "http:///www.shopmania.in/1687"
    ],
    "ENTITY#36": [
        "http:///www.shopmania.in/1167",
        "http:///www.shopmania.in/1300"
    ],
    "ENTITY#38": [
        "http:///www.shopmania.in/1114"
    ],
    "ENTITY#4": [
        "http:///www.shopmania.in/1347"
    ],
    "ENTITY#44": [
        "http:///www.shopmania.in/949",
        "http:///www.shopmania.in/950",
        "http:///www.shopmania.in/984"
    ],
    "ENTITY#45": [
        "http:///www.shopmania.in/1712"
    ],
    "ENTITY#46": [
        "http:///www.shopmania.in/1189"
    ],
    "ENTITY#48": [
        "http:///www.shopmania.in/665"
    ],
    "ENTITY#51": [
        "http:///www.shopmania.in/1140",
        "http:///www.shopmania.in/1598"
    ],
    "ENTITY#53": [
        "http:///www.shopmania.in/1013",
        "http:///www.shopmania.in/1376",
        "http:///www.shopmania.in/1478"
    ],
    "ENTITY#54": [
        "http:///www.shopmania.in/1122"
    ],
    "ENTITY#55": [
        "http:///www.shopmania.in/1135",
        "http:///www.shopmania.in/1583"
    ],
    "ENTITY#56": [
        "http:///www.shopmania.in/1490"
    ],
    "ENTITY#57": [
        "http:///www.shopmania.in/1646"
    ],
    "ENTITY#59": [
        "http:///www.shopmania.in/932"
    ],
    "ENTITY#6": [
        "http:///www.shopmania.in/1071",
        "http:///www.shopmania.in/1150",
        "http:///www.shopmania.in/1721"
    ],
    "ENTITY#62": [
        "http:///www.shopmania.in/1461",
        "http:///www.shopmania.in/1555"
    ],
    "ENTITY#64": [
        "http:///www.shopmania.in/1019"
    ],
    "ENTITY#65": [
        "http:///www.shopmania.in/1107"
    ],
    "ENTITY#66": [
        "http:///www.shopmania.in/1311",
        "http:///www.shopmania.in/1338",
        "http:///www.shopmania.in/872"
    ],
    "ENTITY#67": [
        "http:///www.shopmania.in/1352"
    ],
    "ENTITY#68": [
        "http:///www.shopmania.in/1226"
    ],
    "ENTITY#69": [
        "http:///www.shopmania.in/1458"
    ],
    "ENTITY#7": [
        "http:///www.shopmania.in/1043"
    ],
    "ENTITY#70": [
        "http:///www.shopmania.in/916"
    ],
    "ENTITY#71": [
        "http:///www.shopmania.in/1117"
    ],
    "ENTITY#72": [
        "http:///www.shopmania.in/1507"
    ],
    "ENTITY#73": [
        "http:///www.shopmania.in/1102"
    ],
    "ENTITY#74": [
        "http:///www.shopmania.in/1660"
    ],
    "ENTITY#75": [
        "http:///www.shopmania.in/1099",
        "http:///www.shopmania.in/1284",
        "http:///www.shopmania.in/1686"
    ],
    "ENTITY#76": [
        "http:///www.shopmania.in/1138",
        "http:///www.shopmania.in/1693"
    ],
    "ENTITY#78": [
        "http:///www.shopmania.in/858"
    ],
    "ENTITY#79": [
        "http:///www.shopmania.in/1021",
        "http:///www.shopmania.in/1308",
        "http:///www.shopmania.in/992"
    ],
    "ENTITY#8": [
        "http:///www.shopmania.in/1430",
        "http:///www.shopmania.in/965"
    ],
    "ENTITY#80": [
        "http:///www.shopmania.in/1341"
    ],
    "ENTITY#81": [
        "http:///www.shopmania.in/859"
    ],
    "ENTITY#82": [
        "http:///www.shopmania.in/634"
    ],
    "ENTITY#83": [
        "http:///www.shopmania.in/1101"
    ],
    "ENTITY#84": [
        "http:///www.shopmania.in/1406"
    ],
    "ENTITY#85": [
        "http:///www.shopmania.in/1454"
    ],
    "ENTITY#86": [
        "http:///www.shopmania.in/1383"
    ],
    "ENTITY#87": [
        "http:///www.shopmania.in/1700"
    ],
    "ENTITY#88": [
        "http:///www.shopmania.in/1569"
    ],
    "ENTITY#89": [
        "http:///www.shopmania.in/714"
    ],
    "ENTITY#91": [
        "http:///www.shopmania.in/1547"
    ],
    "ENTITY#92": [
        "http:///www.shopmania.in/1727"
    ],
    "ENTITY#98": [
        "http:///www.shopmania.in/975"
    ],
    "ENTITY#99": [
        "http:///www.shopmania.in/1291"
    ]
}