{
    "1": [
        "http:///www.shopmania.in/1610"
    ],
    "2": [
        "http:///www.shopmania.in/919"
    ],
    "4": [
        "http:///www.shopmania.in/1727"
    ],
    "5": [
        "http:///www.shopmania.in/1687"
    ],
    "6": [
        "http:///www.shopmania.in/1564"
    ],
    "7": [
        "http:///www.shopmania.in/1571"
    ],
    "9": [
        "http:///www.shopmania.in/1087"
    ],
    "12": [
        "http:///www.shopmania.in/686"
    ],
    "13": [
        "http:///www.shopmania.in/1190"
    ],
    "15": [
        "http:///www.shopmania.in/714"
    ],
    "16": [
        "http:///www.shopmania.in/1383"
    ],
    "19": [
        "http:///www.shopmania.in/1417"
    ],
    "20": [
        "http:///www.shopmania.in/661"
    ],
    "21": [
        "http:///www.shopmania.in/1347"
    ],
    "22": [
        "http:///www.shopmania.in/1382"
    ],
    "23": [
        "http:///www.shopmania.in/917"
    ],
    "25": [
        "http:///www.shopmania.in/1211"
    ],
    "28": [
        "http:///www.shopmania.in/1074"
    ],
    "29": [
        "http:///www.shopmania.in/1527"
    ],
    "33": [
        "http:///www.shopmania.in/847"
    ],
    "34": [
        "http:///www.shopmania.in/640"
    ],
    "36": [
        "http:///www.shopmania.in/1438"
    ],
    "39": [
        "http:///www.shopmania.in/1098",
        "http:///www.shopmania.in/1487",
        "http:///www.shopmania.in/1696"
    ],
    "40": [
        "http:///www.shopmania.in/1700"
    ],
    "41": [
        "http:///www.shopmania.in/949",
        "http:///www.shopmania.in/950",
        "http:///www.shopmania.in/984"
    ],
    "42": [
        "http:///www.shopmania.in/1101"
    ],
    "43": [
        "http:///www.shopmania.in/1065",
        "http:///www.shopmania.in/1549",
        "http:///www.shopmania.in/861",
        "http:///www.shopmania.in/926"
    ],
    "44": [
        "http:///www.shopmania.in/1450"
    ],
    "45": [
        "http:///www.shopmania.in/1697"
    ],
    "46": [
        "http:///www.shopmania.in/1080"
    ],
    "47": [
        "http:///www.shopmania.in/1007"
    ],
    "49": [
        "http:///www.shopmania.in/1071",
        "http:///www.shopmania.in/1150",
        "http:///www.shopmania.in/1721"
    ],
    "50": [
        "http:///www.shopmania.in/1111",
        "http:///www.shopmania.in/1155",
        "http:///www.shopmania.in/1201"
    ],
    "51": [
        "http:///www.shopmania.in/1251",
        "http:///www.shopmania.in/998"
    ],
    "54": [
        "http:///www.shopmania.in/1411",
        "http:///www.shopmania.in/1567",
        "http:///www.shopmania.in/1576"
    ],
    "55": [
        "http:///www.shopmania.in/1091"
    ],
    "56": [
        "http:///www.shopmania.in/1311",
        "http:///www.shopmania.in/1338",
        "http:///www.shopmania.in/872"
    ],
    "57": [
        "http:///www.shopmania.in/1003",
        "http:///www.shopmania.in/1274",
        "http:///www.shopmania.in/886"
    ],
    "58": [
        "http:///www.shopmania.in/707"
    ],
    "59": [
        "http:///www.shopmania.in/1195"
    ],
    "60": [
        "http:///www.shopmania.in/932"
    ],
    "61": [
        "http:///www.shopmania.in/1138",
        "http:///www.shopmania.in/1693"
    ],
    "62": [
        "http:///www.shopmania.in/1259"
    ],
    "64": [
        "http:///www.shopmania.in/1141",
        "http:///www.shopmania.in/1276",
        "http:///www.shopmania.in/1294",
        "http:///www.shopmania.in/904"
    ],
    "66": [
        "http:///www.shopmania.in/1167",
        "http:///www.shopmania.in/1300"
    ],
    "67": [
        "http:///www.shopmania.in/1130"
    ],
    "68": [
        "http:///www.shopmania.in/1039"
    ],
    "71": [
        "http:///www.shopmania.in/974"
    ],
    "72": [
        "http:///www.shopmania.in/1364"
    ],
    "73": [
        "http:///www.shopmania.in/1547"
    ],
    "75": [
        "http:///www.shopmania.in/1102"
    ],
    "76": [
        "http:///www.shopmania.in/1711"
    ],
    "77": [
        "http:///www.shopmania.in/665"
    ],
    "79": [
        "http:///www.shopmania.in/1599"
    ],
    "80": [
        "http:///www.shopmania.in/1247"
    ],
    "81": [
        "http:///www.shopmania.in/1202"
    ],
    "83": [
        "http:///www.shopmania.in/995"
    ],
    "85": [
        "http:///www.shopmania.in/1157"
    ],
    "86": [
        "http:///www.shopmania.in/1645"
    ],
    "87": [
        "http:///www.shopmania.in/937"
    ],
    "88": [
        "http:///www.shopmania.in/1669"
    ],
    "93": [
        "http:///www.shopmania.in/1395"
    ],
    "96": [
        "http:///www.shopmania.in/939"
    ],
    "97": [
        "http:///www.shopmania.in/667"
    ],
    "99": [
        "http:///www.shopmania.in/1175",
        "http:///www.shopmania.in/1260",
        "http:///www.shopmania.in/682"
    ],
    "100": [
        "http:///www.shopmania.in/936"
    ],
    "101": [
        "http:///www.shopmania.in/915"
    ],
    "102": [
        "http:///www.shopmania.in/698",
        "http:///www.shopmania.in/906"
    ],
    "103": [
        "http:///www.shopmania.in/1336",
        "http:///www.shopmania.in/1353",
        "http:///www.shopmania.in/1630",
        "http:///www.shopmania.in/1726",
        "http:///www.shopmania.in/889"
    ],
    "104": [
        "http:///www.shopmania.in/846"
    ],
    "105": [
        "http:///www.shopmania.in/1701",
        "http:///www.shopmania.in/894"
    ],
    "106": [
        "http:///www.shopmania.in/1069",
        "http:///www.shopmania.in/1677",
        "http:///www.shopmania.in/655"
    ],
    "107": [
        "http:///www.shopmania.in/1617"
    ],
    "108": [
        "http:///www.shopmania.in/1135",
        "http:///www.shopmania.in/1583"
    ],
    "109": [
        "http:///www.shopmania.in/1570"
    ],
    "110": [
        "http:///www.shopmania.in/1569"
    ],
    "111": [
        "http:///www.shopmania.in/1235",
        "http:///www.shopmania.in/1542"
    ],
    "112": [
        "http:///www.shopmania.in/1529",
        "http:///www.shopmania.in/1621"
    ],
    "113": [
        "http:///www.shopmania.in/1524"
    ],
    "114": [
        "http:///www.shopmania.in/1507"
    ],
    "115": [
        "http:///www.shopmania.in/1498"
    ],
    "116": [
        "http:///www.shopmania.in/1057",
        "http:///www.shopmania.in/1268",
        "http:///www.shopmania.in/1270",
        "http:///www.shopmania.in/1473",
        "http:///www.shopmania.in/711"
    ],
    "117": [
        "http:///www.shopmania.in/1472"
    ],
    "118": [
        "http:///www.shopmania.in/1461",
        "http:///www.shopmania.in/1555"
    ],
    "119": [
        "http:///www.shopmania.in/1302",
        "http:///www.shopmania.in/1448",
        "http:///www.shopmania.in/1451",
        "http:///www.shopmania.in/900"
    ],
    "120": [
        "http:///www.shopmania.in/1442"
    ],
    "121": [
        "http:///www.shopmania.in/1430",
        "http:///www.shopmania.in/965"
    ],
    "122": [
        "http:///www.shopmania.in/1055",
        "http:///www.shopmania.in/1258",
        "http:///www.shopmania.in/1317",
        "http:///www.shopmania.in/1425"
    ],
    "123": [
        "http:///www.shopmania.in/1013",
        "http:///www.shopmania.in/1376",
        "http:///www.shopmania.in/1478"
    ],
    "124": [
        "http:///www.shopmania.in/1355",
        "http:///www.shopmania.in/1405"
    ],
    "125": [
        "http:///www.shopmania.in/1350"
    ],
    "126": [
        "http:///www.shopmania.in/1329"
    ],
    "127": [
        "http:///www.shopmania.in/1318"
    ],
    "128": [
        "http:///www.shopmania.in/1021",
        "http:///www.shopmania.in/1308",
        "http:///www.shopmania.in/992"
    ],
    "129": [
        "http:///www.shopmania.in/1305"
    ],
    "130": [
        "http:///www.shopmania.in/1099",
        "http:///www.shopmania.in/1284",
        "http:///www.shopmania.in/1686"
    ],
    "131": [
        "http:///www.shopmania.in/1237",
        "http:///www.shopmania.in/1292"
    ],
    "132": [
        "http:///www.shopmania.in/1232",
        "http:///www.shopmania.in/1622"
    ],
    "133": [
        "http:///www.shopmania.in/1220",
        "http:///www.shopmania.in/1605"
    ],
    "134": [
        "http:///www.shopmania.in/1212",
        "http:///www.shopmania.in/1351"
    ],
    "135": [
        "http:///www.shopmania.in/1192",
        "http:///www.shopmania.in/962"
    ],
    "136": [
        "http:///www.shopmania.in/1183",
        "http:///www.shopmania.in/1662"
    ],
    "137": [
        "http:///www.shopmania.in/1177"
    ],
    "138": [
        "http:///www.shopmania.in/1173",
        "http:///www.shopmania.in/1643"
    ],
    "139": [
        "http:///www.shopmania.in/1172"
    ],
    "140": [
        "http:///www.shopmania.in/1170"
    ],
    "141": [
        "http:///www.shopmania.in/1146",
        "http:///www.shopmania.in/1225"
    ],
    "142": [
        "http:///www.shopmania.in/1140",
        "http:///www.shopmania.in/1598"
    ],
    "143": [
        "http:///www.shopmania.in/1046",
        "http:///www.shopmania.in/1059",
        "http:///www.shopmania.in/1136",
        "http:///www.shopmania.in/1558"
    ],
    "144": [
        "http:///www.shopmania.in/1134",
        "http:///www.shopmania.in/1632"
    ],
    "145": [
        "http:///www.shopmania.in/1121",
        "http:///www.shopmania.in/848"
    ],
    "146": [
        "http:///www.shopmania.in/1107"
    ],
    "147": [
        "http:///www.shopmania.in/1103"
    ],
    "148": [
        "http:///www.shopmania.in/1092",
        "http:///www.shopmania.in/1499"
    ],
    "149": [
        "http:///www.shopmania.in/1083",
        "http:///www.shopmania.in/1369"
    ],
    "150": [
        "http:///www.shopmania.in/1075",
        "http:///www.shopmania.in/1163"
    ],
    "151": [
        "http:///www.shopmania.in/1064"
    ],
    "152": [
        "http:///www.shopmania.in/1043"
    ],
    "153": [
        "http:///www.shopmania.in/1031"
    ],
    "154": [
        "http:///www.shopmania.in/1019"
    ],
    "155": [
        "http:///www.shopmania.in/1016"
    ],
    "156": [
        "http:///www.shopmania.in/1009",
        "http:///www.shopmania.in/1066"
    ],
    "157": [
        "http:///www.shopmania.in/1005"
    ],
    "158": [
        "http:///www.shopmania.in/1400"
    ],
    "159": [
        "http:///www.shopmania.in/1504"
    ],
    "160": [
        "http:///www.shopmania.in/1618"
    ],
    "161": [
        "http:///www.shopmania.in/1272"
    ],
    "162": [
        "http:///www.shopmania.in/1315"
    ],
    "163": [
        "http:///www.shopmania.in/1431"
    ],
    "164": [
        "http:///www.shopmania.in/626"
    ],
    "165": [
        "http:///www.shopmania.in/1279"
    ],
    "166": [
        "http:///www.shopmania.in/1289"
    ],
    "167": [
        "http:///www.shopmania.in/1600"
    ],
    "168": [
        "http:///www.shopmania.in/1519"
    ],
    "169": [
        "http:///www.shopmania.in/1548"
    ],
    "170": [
        "http:///www.shopmania.in/1715"
    ],
    "171": [
        "http:///www.shopmania.in/1485"
    ],
    "172": [
        "http:///www.shopmania.in/1297"
    ],
    "173": [
        "http:///www.shopmania.in/1295"
    ],
    "176": [
        "http:///www.shopmania.in/869"
    ],
    "177": [
        "http:///www.shopmania.in/1661"
    ],
    "178": [
        "http:///www.shopmania.in/622"
    ],
    "179": [
        "http:///www.shopmania.in/1158"
    ],
    "180": [
        "http:///www.shopmania.in/1399"
    ],
    "181": [
        "http:///www.shopmania.in/1716"
    ],
    "182": [
        "http:///www.shopmania.in/1712"
    ],
    "183": [
        "http:///www.shopmania.in/1458"
    ],
    "185": [
        "http:///www.shopmania.in/635"
    ],
    "187": [
        "http:///www.shopmania.in/858"
    ],
    "188": [
        "http:///www.shopmania.in/1200"
    ],
    "190": [
        "http:///www.shopmania.in/647"
    ],
    "191": [
        "http:///www.shopmania.in/1122"
    ],
    "192": [
        "http:///www.shopmania.in/1725"
    ],
    "193": [
        "http:///www.shopmania.in/1085"
    ],
    "194": [
        "http:///www.shopmania.in/1054"
    ],
    "195": [
        "http:///www.shopmania.in/930"
    ],
    "196": [
        "http:///www.shopmania.in/690"
    ],
    "197": [
        "http:///www.shopmania.in/1465"
    ],
    "198": [
        "http:///www.shopmania.in/1210"
    ],
    "199": [
        "http:///www.shopmania.in/988"
    ],
    "206": [
        "http:///www.shopmania.in/1584"
    ],
    "207": [
        "http:///www.shopmania.in/1115"
    ],
    "209": [
        "http:///www.shopmania.in/885"
    ],
    "210": [
        "http:///www.shopmania.in/671"
    ],
    "213": [
        "http:///www.shopmania.in/859"
    ],
    "214": [
        "http:///www.shopmania.in/663"
    ],
    "216": [
        "http:///www.shopmania.in/1647"
    ],
    "217": [
        "http:///www.shopmania.in/1339"
    ],
    "219": [
        "http:///www.shopmania.in/1025"
    ],
    "221": [
        "http:///www.shopmania.in/921"
    ],
    "223": [
        "http:///www.shopmania.in/1628"
    ],
    "224": [
        "http:///www.shopmania.in/1401"
    ],
    "225": [
        "http:///www.shopmania.in/1032"
    ],
    "226": [
        "http:///www.shopmania.in/1020"
    ],
    "227": [
        "http:///www.shopmania.in/1250"
    ],
    "228": [
        "http:///www.shopmania.in/993"
    ],
    "229": [
        "http:///www.shopmania.in/850"
    ],
    "230": [
        "http:///www.shopmania.in/1646"
    ],
    "231": [
        "http:///www.shopmania.in/1341"
    ],
    "233": [
        "http:///www.shopmania.in/1218"
    ],
    "234": [
        "http:///www.shopmania.in/1394"
    ],
    "235": [
        "http:///www.shopmania.in/929"
    ],
    "236": [
        "http:///www.shopmania.in/1398"
    ],
    "237": [
        "http:///www.shopmania.in/1068"
    ],
    "238": [
        "http:///www.shopmania.in/1391"
    ],
    "239": [
        "http:///www.shopmania.in/1506"
    ],
    "241": [
        "http:///www.shopmania.in/1453"
    ],
    "242": [
        "http:///www.shopmania.in/1296"
    ],
    "245": [
        "http:///www.shopmania.in/1215"
    ],
    "246": [
        "http:///www.shopmania.in/1673"
    ],
    "247": [
        "http:///www.shopmania.in/1149"
    ],
    "248": [
        "http:///www.shopmania.in/1042"
    ],
    "249": [
        "http:///www.shopmania.in/1551"
    ],
    "251": [
        "http:///www.shopmania.in/637"
    ],
    "252": [
        "http:///www.shopmania.in/649"
    ],
    "253": [
        "http:///www.shopmania.in/1164"
    ],
    "254": [
        "http:///www.shopmania.in/1271"
    ],
    "257": [
        "http:///www.shopmania.in/1659"
    ],
    "258": [
        "http:///www.shopmania.in/1226"
    ],
    "259": [
        "http:///www.shopmania.in/1217"
    ],
    "261": [
        "http:///www.shopmania.in/1035"
    ],
    "262": [
        "http:///www.shopmania.in/1139"
    ],
    "263": [
        "http:///www.shopmania.in/1114"
    ],
    "264": [
        "http:///www.shopmania.in/1467"
    ],
    "265": [
        "http:///www.shopmania.in/1037"
    ],
    "266": [
        "http:///www.shopmania.in/1127"
    ],
    "268": [
        "http:///www.shopmania.in/1128"
    ],
    "270": [
        "http:///www.shopmania.in/973"
    ],
    "271": [
        "http:///www.shopmania.in/920"
    ],
    "273": [
        "http:///www.shopmania.in/1393"
    ],
    "276": [
        "http:///www.shopmania.in/1426"
    ],
    "278": [
        "http:///www.shopmania.in/1105"
    ],
    "279": [
        "http:///www.shopmania.in/1408"
    ],
    "280": [
        "http:///www.shopmania.in/1241"
    ],
    "281": [
        "http:///www.shopmania.in/1556"
    ],
    "282": [
        "http:///www.shopmania.in/865"
    ],
    "283": [
        "http:///www.shopmania.in/931"
    ],
    "284": [
        "http:///www.shopmania.in/1494"
    ],
    "285": [
        "http:///www.shopmania.in/851"
    ],
    "286": [
        "http:///www.shopmania.in/1097"
    ],
    "287": [
        "http:///www.shopmania.in/634"
    ],
    "288": [
        "http:///www.shopmania.in/1657"
    ],
    "289": [
        "http:///www.shopmania.in/899"
    ],
    "291": [
        "http:///www.shopmania.in/1596"
    ],
    "292": [
        "http:///www.shopmania.in/1385"
    ],
    "293": [
        "http:///www.shopmania.in/1689"
    ],
    "294": [
        "http:///www.shopmania.in/1648"
    ],
    "296": [
        "http:///www.shopmania.in/664"
    ],
    "297": [
        "http:///www.shopmania.in/1608"
    ],
    "299": [
        "http:///www.shopmania.in/1404"
    ],
    "301": [
        "http:///www.shopmania.in/1151"
    ],
    "302": [
        "http:///www.shopmania.in/934"
    ],
    "303": [
        "http:///www.shopmania.in/1641"
    ],
    "305": [
        "http:///www.shopmania.in/1004"
    ],
    "306": [
        "http:///www.shopmania.in/1286"
    ],
    "307": [
        "http:///www.shopmania.in/946"
    ],
    "309": [
        "http:///www.shopmania.in/1058"
    ],
    "311": [
        "http:///www.shopmania.in/1635"
    ],
    "313": [
        "http:///www.shopmania.in/1293"
    ],
    "315": [
        "http:///www.shopmania.in/1392"
    ],
    "316": [
        "http:///www.shopmania.in/625"
    ],
    "317": [
        "http:///www.shopmania.in/1441"
    ],
    "318": [
        "http:///www.shopmania.in/1052"
    ],
    "319": [
        "http:///www.shopmania.in/1714"
    ],
    "320": [
        "http:///www.shopmania.in/1124"
    ],
    "321": [
        "http:///www.shopmania.in/1357"
    ],
    "322": [
        "http:///www.shopmania.in/1495"
    ],
    "323": [
        "http:///www.shopmania.in/1026"
    ],
    "324": [
        "http:///www.shopmania.in/879"
    ],
    "326": [
        "http:///www.shopmania.in/1536"
    ],
    "327": [
        "http:///www.shopmania.in/866"
    ],
    "332": [
        "http:///www.shopmania.in/1096"
    ],
    "333": [
        "http:///www.shopmania.in/1269"
    ],
    "334": [
        "http:///www.shopmania.in/1388"
    ],
    "336": [
        "http:///www.shopmania.in/1143"
    ],
    "337": [
        "http:///www.shopmania.in/1267"
    ],
    "340": [
        "http:///www.shopmania.in/1316"
    ],
    "342": [
        "http:///www.shopmania.in/1706"
    ],
    "343": [
        "http:///www.shopmania.in/1424"
    ],
    "345": [
        "http:///www.shopmania.in/1423"
    ],
    "346": [
        "http:///www.shopmania.in/1484"
    ],
    "347": [
        "http:///www.shopmania.in/1236"
    ],
    "348": [
        "http:///www.shopmania.in/1420"
    ],
    "352": [
        "http:///www.shopmania.in/1030"
    ],
    "353": [
        "http:///www.shopmania.in/1682"
    ],
    "354": [
        "http:///www.shopmania.in/1078"
    ],
    "355": [
        "http:///www.shopmania.in/1188"
    ],
    "356": [
        "http:///www.shopmania.in/1352"
    ],
    "358": [
        "http:///www.shopmania.in/951"
    ],
    "360": [
        "http:///www.shopmania.in/1459"
    ],
    "361": [
        "http:///www.shopmania.in/1328"
    ],
    "362": [
        "http:///www.shopmania.in/1262"
    ],
    "363": [
        "http:///www.shopmania.in/1636"
    ],
    "365": [
        "http:///www.shopmania.in/976"
    ],
    "366": [
        "http:///www.shopmania.in/1626"
    ],
    "368": [
        "http:///www.shopmania.in/896"
    ],
    "370": [
        "http:///www.shopmania.in/1248"
    ],
    "371": [
        "http:///www.shopmania.in/1194"
    ],
    "373": [
        "http:///www.shopmania.in/1532"
    ],
    "374": [
        "http:///www.shopmania.in/912"
    ],
    "377": [
        "http:///www.shopmania.in/1011"
    ],
    "378": [
        "http:///www.shopmania.in/1079"
    ],
    "380": [
        "http:///www.shopmania.in/963"
    ],
    "381": [
        "http:///www.shopmania.in/1432"
    ],
    "382": [
        "http:///www.shopmania.in/853"
    ],
    "383": [
        "http:///www.shopmania.in/1264"
    ],
    "384": [
        "http:///www.shopmania.in/1148"
    ],
    "386": [
        "http:///www.shopmania.in/1729"
    ],
    "388": [
        "http:///www.shopmania.in/1313"
    ],
    "390": [
        "http:///www.shopmania.in/1482"
    ],
    "393": [
        "http:///www.shopmania.in/1312"
    ],
    "394": [
        "http:///www.shopmania.in/1337"
    ],
    "395": [
        "http:///www.shopmania.in/1474"
    ],
    "396": [
        "http:///www.shopmania.in/1017"
    ],
    "397": [
        "http:///www.shopmania.in/1089"
    ],
    "398": [
        "http:///www.shopmania.in/1412"
    ],
    "399": [
        "http:///www.shopmania.in/1178"
    ],
    "400": [
        "http:///www.shopmania.in/628"
    ],
    "401": [
        "http:///www.shopmania.in/650"
    ],
    "403": [
        "http:///www.shopmania.in/1559"
    ],
    "404": [
        "http:///www.shopmania.in/1573"
    ],
    "406": [
        "http:///www.shopmania.in/1428"
    ],
    "409": [
        "http:///www.shopmania.in/1517"
    ],
    "411": [
        "http:///www.shopmania.in/928"
    ],
    "412": [
        "http:///www.shopmania.in/1298"
    ],
    "413": [
        "http:///www.shopmania.in/710"
    ],
    "415": [
        "http:///www.shopmania.in/1702"
    ],
    "416": [
        "http:///www.shopmania.in/1081"
    ],
    "419": [
        "http:///www.shopmania.in/863"
    ],
    "422": [
        "http:///www.shopmania.in/880"
    ],
    "423": [
        "http:///www.shopmania.in/1162"
    ],
    "424": [
        "http:///www.shopmania.in/898"
    ],
    "425": [
        "http:///www.shopmania.in/1606"
    ],
    "426": [
        "http:///www.shopmania.in/1366"
    ],
    "427": [
        "http:///www.shopmania.in/1619"
    ],
    "429": [
        "http:///www.shopmania.in/1233"
    ],
    "431": [
        "http:///www.shopmania.in/1501"
    ],
    "433": [
        "http:///www.shopmania.in/1113"
    ],
    "434": [
        "http:///www.shopmania.in/952"
    ],
    "435": [
        "http:///www.shopmania.in/1326"
    ],
    "436": [
        "http:///www.shopmania.in/1038"
    ],
    "437": [
        "http:///www.shopmania.in/1281"
    ],
    "438": [
        "http:///www.shopmania.in/627"
    ],
    "439": [
        "http:///www.shopmania.in/1492"
    ],
    "440": [
        "http:///www.shopmania.in/1000"
    ],
    "442": [
        "http:///www.shopmania.in/914"
    ],
    "444": [
        "http:///www.shopmania.in/1389"
    ],
    "445": [
        "http:///www.shopmania.in/1240"
    ],
    "446": [
        "http:///www.shopmania.in/1490"
    ],
    "447": [
        "http:///www.shopmania.in/1207"
    ],
    "450": [
        "http:///www.shopmania.in/1589"
    ],
    "451": [
        "http:///www.shopmania.in/1238"
    ],
    "452": [
        "http:///www.shopmania.in/852"
    ],
    "453": [
        "http:///www.shopmania.in/1145"
    ],
    "454": [
        "http:///www.shopmania.in/1222"
    ],
    "455": [
        "http:///www.shopmania.in/1612"
    ],
    "456": [
        "http:///www.shopmania.in/938"
    ],
    "457": [
        "http:///www.shopmania.in/1515"
    ],
    "458": [
        "http:///www.shopmania.in/1309"
    ],
    "459": [
        "http:///www.shopmania.in/1117"
    ],
    "460": [
        "http:///www.shopmania.in/652"
    ],
    "462": [
        "http:///www.shopmania.in/672"
    ],
    "464": [
        "http:///www.shopmania.in/1541"
    ],
    "465": [
        "http:///www.shopmania.in/961"
    ],
    "466": [
        "http:///www.shopmania.in/1363"
    ],
    "467": [
        "http:///www.shopmania.in/1227"
    ],
    "468": [
        "http:///www.shopmania.in/1523"
    ],
    "469": [
        "http:///www.shopmania.in/1036"
    ],
    "471": [
        "http:///www.shopmania.in/629"
    ],
    "472": [
        "http:///www.shopmania.in/692"
    ],
    "473": [
        "http:///www.shopmania.in/1072"
    ],
    "474": [
        "http:///www.shopmania.in/1120"
    ],
    "475": [
        "http:///www.shopmania.in/673"
    ],
    "476": [
        "http:///www.shopmania.in/689"
    ],
    "477": [
        "http:///www.shopmania.in/1372"
    ],
    "478": [
        "http:///www.shopmania.in/631"
    ],
    "479": [
        "http:///www.shopmania.in/1242"
    ],
    "480": [
        "http:///www.shopmania.in/1119"
    ],
    "481": [
        "http:///www.shopmania.in/1093"
    ],
    "482": [
        "http:///www.shopmania.in/1325"
    ],
    "483": [
        "http:///www.shopmania.in/901"
    ],
    "484": [
        "http:///www.shopmania.in/903"
    ],
    "485": [
        "http:///www.shopmania.in/1333"
    ],
    "486": [
        "http:///www.shopmania.in/691"
    ],
    "487": [
        "http:///www.shopmania.in/977"
    ],
    "488": [
        "http:///www.shopmania.in/1611"
    ],
    "489": [
        "http:///www.shopmania.in/1660"
    ],
    "490": [
        "http:///www.shopmania.in/1244"
    ],
    "491": [
        "http:///www.shopmania.in/1160"
    ],
    "492": [
        "http:///www.shopmania.in/854"
    ],
    "493": [
        "http:///www.shopmania.in/1614"
    ],
    "494": [
        "http:///www.shopmania.in/1287"
    ],
    "495": [
        "http:///www.shopmania.in/1580"
    ],
    "496": [
        "http:///www.shopmania.in/942"
    ],
    "497": [
        "http:///www.shopmania.in/678"
    ],
    "498": [
        "http:///www.shopmania.in/1671"
    ],
    "499": [
        "http:///www.shopmania.in/1591"
    ],
    "500": [
        "http:///www.shopmania.in/1730"
    ],
    "501": [
        "http:///www.shopmania.in/922"
    ],
    "502": [
        "http:///www.shopmania.in/1197"
    ],
    "503": [
        "http:///www.shopmania.in/1518"
    ],
    "504": [
        "http:///www.shopmania.in/887"
    ],
    "505": [
        "http:///www.shopmania.in/1694"
    ],
    "506": [
        "http:///www.shopmania.in/1331"
    ],
    "507": [
        "http:///www.shopmania.in/644"
    ],
    "508": [
        "http:///www.shopmania.in/1553"
    ],
    "509": [
        "http:///www.shopmania.in/1604"
    ],
    "510": [
        "http:///www.shopmania.in/1575"
    ],
    "511": [
        "http:///www.shopmania.in/1189"
    ],
    "512": [
        "http:///www.shopmania.in/1462"
    ],
    "513": [
        "http:///www.shopmania.in/1502"
    ],
    "514": [
        "http:///www.shopmania.in/1497"
    ],
    "515": [
        "http:///www.shopmania.in/1664"
    ],
    "516": [
        "http:///www.shopmania.in/1304"
    ],
    "517": [
        "http:///www.shopmania.in/967"
    ],
    "518": [
        "http:///www.shopmania.in/875"
    ],
    "519": [
        "http:///www.shopmania.in/1655"
    ],
    "520": [
        "http:///www.shopmania.in/1327"
    ],
    "522": [
        "http:///www.shopmania.in/1221"
    ],
    "524": [
        "http:///www.shopmania.in/1050"
    ],
    "525": [
        "http:///www.shopmania.in/694"
    ],
    "526": [
        "http:///www.shopmania.in/982"
    ],
    "527": [
        "http:///www.shopmania.in/1520"
    ],
    "528": [
        "http:///www.shopmania.in/702"
    ],
    "529": [
        "http:///www.shopmania.in/1214"
    ],
    "530": [
        "http:///www.shopmania.in/1229"
    ],
    "531": [
        "http:///www.shopmania.in/1125"
    ],
    "532": [
        "http:///www.shopmania.in/916"
    ],
    "534": [
        "http:///www.shopmania.in/1531"
    ],
    "535": [
        "http:///www.shopmania.in/1653"
    ],
    "536": [
        "http:///www.shopmania.in/639"
    ],
    "537": [
        "http:///www.shopmania.in/1616"
    ],
    "538": [
        "http:///www.shopmania.in/1370"
    ],
    "539": [
        "http:///www.shopmania.in/1086"
    ],
    "541": [
        "http:///www.shopmania.in/1436"
    ],
    "543": [
        "http:///www.shopmania.in/996"
    ],
    "544": [
        "http:///www.shopmania.in/1656"
    ],
    "545": [
        "http:///www.shopmania.in/1491"
    ],
    "547": [
        "http:///www.shopmania.in/1620"
    ],
    "548": [
        "http:///www.shopmania.in/1698"
    ],
    "551": [
        "http:///www.shopmania.in/687"
    ],
    "553": [
        "http:///www.shopmania.in/706"
    ],
    "554": [
        "http:///www.shopmania.in/907"
    ],
    "556": [
        "http:///www.shopmania.in/1505"
    ],
    "557": [
        "http:///www.shopmania.in/1460"
    ],
    "563": [
        "http:///www.shopmania.in/902"
    ],
    "566": [
        "http:///www.shopmania.in/881"
    ],
    "568": [
        "http:///www.shopmania.in/712"
    ],
    "570": [
        "http:///www.shopmania.in/1440"
    ],
    "579": [
        "http:///www.shopmania.in/1239"
    ],
    "580": [
        "http:///www.shopmania.in/1219"
    ],
    "581": [
        "http:///www.shopmania.in/1680"
    ],
    "586": [
        "http:///www.shopmania.in/1469"
    ],
    "590": [
        "http:///www.shopmania.in/1466"
    ],
    "593": [
        "http:///www.shopmania.in/1216"
    ],
    "595": [
        "http:///www.shopmania.in/1561"
    ],
    "605": [
        "http:///www.shopmania.in/660"
    ],
    "612": [
        "http:///www.shopmania.in/1581"
    ],
    "616": [
        "http:///www.shopmania.in/1710"
    ],
    "619": [
        "http:///www.shopmania.in/1346"
    ],
    "622": [
        "http:///www.shopmania.in/1454"
    ],
    "627": [
        "http:///www.shopmania.in/1713"
    ],
    "628": [
        "http:///www.shopmania.in/1595"
    ],
    "631": [
        "http:///www.shopmania.in/677"
    ],
    "636": [
        "http:///www.shopmania.in/1633"
    ],
    "637": [
        "http:///www.shopmania.in/1147"
    ],
    "642": [
        "http:///www.shopmania.in/1508"
    ],
    "644": [
        "http:///www.shopmania.in/642"
    ],
    "645": [
        "http:///www.shopmania.in/1418"
    ],
    "647": [
        "http:///www.shopmania.in/975"
    ],
    "651": [
        "http:///www.shopmania.in/1360"
    ],
    "652": [
        "http:///www.shopmania.in/1273"
    ],
    "656": [
        "http:///www.shopmania.in/1471"
    ],
    "657": [
        "http:///www.shopmania.in/1708"
    ],
    "659": [
        "http:///www.shopmania.in/1601"
    ],
    "661": [
        "http:///www.shopmania.in/1521"
    ],
    "664": [
        "http:///www.shopmania.in/1343"
    ],
    "666": [
        "http:///www.shopmania.in/892"
    ],
    "667": [
        "http:///www.shopmania.in/1685"
    ],
    "669": [
        "http:///www.shopmania.in/1041"
    ],
    "670": [
        "http:///www.shopmania.in/1290"
    ],
    "671": [
        "http:///www.shopmania.in/1406"
    ],
    "676": [
        "http:///www.shopmania.in/978"
    ],
    "678": [
        "http:///www.shopmania.in/1166"
    ],
    "685": [
        "http:///www.shopmania.in/1720"
    ],
    "687": [
        "http:///www.shopmania.in/1516"
    ],
    "688": [
        "http:///www.shopmania.in/1246"
    ],
    "692": [
        "http:///www.shopmania.in/1367"
    ],
    "695": [
        "http:///www.shopmania.in/1023"
    ],
    "703": [
        "http:///www.shopmania.in/1199"
    ],
    "705": [
        "http:///www.shopmania.in/945"
    ],
    "707": [
        "http:///www.shopmania.in/1213"
    ],
    "716": [
        "http:///www.shopmania.in/1314"
    ],
    "719": [
        "http:///www.shopmania.in/1684"
    ],
    "720": [
        "http:///www.shopmania.in/1187"
    ],
    "721": [
        "http:///www.shopmania.in/675"
    ],
    "722": [
        "http:///www.shopmania.in/1629"
    ],
    "731": [
        "http:///www.shopmania.in/1546"
    ],
    "733": [
        "http:///www.shopmania.in/878"
    ],
    "735": [
        "http:///www.shopmania.in/1234"
    ],
    "737": [
        "http:///www.shopmania.in/1323"
    ],
    "746": [
        "http:///www.shopmania.in/1390"
    ],
    "750": [
        "http:///www.shopmania.in/1627"
    ],
    "753": [
        "http:///www.shopmania.in/1204"
    ],
    "759": [
        "http:///www.shopmania.in/927"
    ],
    "777": [
        "http:///www.shopmania.in/955"
    ],
    "780": [
        "http:///www.shopmania.in/1437"
    ],
    "781": [
        "http:///www.shopmania.in/1132"
    ],
    "783": [
        "http:///www.shopmania.in/1358"
    ],
    "784": [
        "http:///www.shopmania.in/1723"
    ],
    "789": [
        "http:///www.shopmania.in/871"
    ],
    "790": [
        "http:///www.shopmania.in/1493"
    ],
    "796": [
        "http:///www.shopmania.in/1707"
    ],
    "802": [
        "http:///www.shopmania.in/1718"
    ],
    "816": [
        "http:///www.shopmania.in/1371"
    ],
    "818": [
        "http:///www.shopmania.in/1427"
    ],
    "830": [
        "http:///www.shopmania.in/1182"
    ],
    "832": [
        "http:///www.shopmania.in/688"
    ],
    "839": [
        "http:///www.shopmania.in/1709"
    ],
    "840": [
        "http:///www.shopmania.in/1137"
    ],
    "843": [
        "http:///www.shopmania.in/645"
    ],
    "845": [
        "http:///www.shopmania.in/705"
    ],
    "848": [
        "http:///www.shopmania.in/905"
    ],
    "850": [
        "http:///www.shopmania.in/1652"
    ],
    "855": [
        "http:///www.shopmania.in/1565"
    ],
    "863": [
        "http:///www.shopmania.in/1384"
    ],
    "866": [
        "http:///www.shopmania.in/1578"
    ],
    "867": [
        "http:///www.shopmania.in/1184"
    ],
    "869": [
        "http:///www.shopmania.in/670"
    ],
    "870": [
        "http:///www.shopmania.in/1692"
    ],
    "871": [
        "http:///www.shopmania.in/1283"
    ],
    "874": [
        "http:///www.shopmania.in/1607"
    ],
    "875": [
        "http:///www.shopmania.in/1076"
    ],
    "878": [
        "http:///www.shopmania.in/654"
    ],
    "887": [
        "http:///www.shopmania.in/989"
    ],
    "889": [
        "http:///www.shopmania.in/657"
    ],
    "891": [
        "http:///www.shopmania.in/1185"
    ],
    "893": [
        "http:///www.shopmania.in/1159"
    ],
    "895": [
        "http:///www.shopmania.in/940"
    ]
}