{
    "ENTITY#022": [
        "www.itenergy.co.uk//229"
    ],
    "ENTITY#025": [
        "www.itenergy.co.uk//684"
    ],
    "ENTITY#026": [
        "www.itenergy.co.uk//214"
    ],
    "ENTITY#027": [
        "www.itenergy.co.uk//405"
    ],
    "ENTITY#028": [
        "www.itenergy.co.uk//718"
    ],
    "ENTITY#032": [
        "www.itenergy.co.uk//392"
    ],
    "ENTITY#034": [
        "www.itenergy.co.uk//234"
    ],
    "ENTITY#036": [
        "www.itenergy.co.uk//217"
    ],
    "ENTITY#037": [
        "www.itenergy.co.uk//794"
    ],
    "ENTITY#038": [
        "www.itenergy.co.uk//727"
    ],
    "ENTITY#039": [
        "www.itenergy.co.uk//439",
        "www.itenergy.co.uk//725"
    ],
    "ENTITY#040": [
        "www.itenergy.co.uk//505"
    ],
    "ENTITY#041": [
        "www.itenergy.co.uk//464"
    ],
    "ENTITY#042": [
        "www.itenergy.co.uk//655"
    ],
    "ENTITY#044": [
        "www.itenergy.co.uk//675"
    ],
    "ENTITY#046": [
        "www.itenergy.co.uk//194"
    ],
    "ENTITY#080": [
        "www.itenergy.co.uk//700"
    ],
    "ENTITY#102": [
        "www.itenergy.co.uk//782"
    ],
    "ENTITY#103": [
        "www.itenergy.co.uk//518"
    ],
    "ENTITY#164": [
        "www.itenergy.co.uk//327"
    ],
    "ENTITY#176": [
        "www.itenergy.co.uk//784"
    ],
    "ENTITY#177": [
        "www.itenergy.co.uk//731"
    ],
    "ENTITY#187": [
        "www.itenergy.co.uk//766"
    ],
    "ENTITY#193": [
        "www.itenergy.co.uk//297"
    ],
    "ENTITY#236": [
        "www.itenergy.co.uk//674"
    ]
}