{
    "ENTITY#13": [
        "http:///www.priceme.co.nz/2130"
    ],
    "ENTITY#14": [
        "http:///www.priceme.co.nz/1691",
        "http:///www.priceme.co.nz/2004",
        "http:///www.priceme.co.nz/2356",
        "http:///www.priceme.co.nz/2397"
    ],
    "ENTITY#16": [
        "http:///www.priceme.co.nz/1746",
        "http:///www.priceme.co.nz/1833",
        "http:///www.priceme.co.nz/2216"
    ],
    "ENTITY#17": [
        "http:///www.priceme.co.nz/1682"
    ],
    "ENTITY#18": [
        "http:///www.priceme.co.nz/1731",
        "http:///www.priceme.co.nz/1793",
        "http:///www.priceme.co.nz/1934",
        "http:///www.priceme.co.nz/2027",
        "http:///www.priceme.co.nz/2162",
        "http:///www.priceme.co.nz/2278",
        "http:///www.priceme.co.nz/2333"
    ],
    "ENTITY#19": [
        "http:///www.priceme.co.nz/1829",
        "http:///www.priceme.co.nz/1865",
        "http:///www.priceme.co.nz/1945",
        "http:///www.priceme.co.nz/2110",
        "http:///www.priceme.co.nz/2342"
    ],
    "ENTITY#20": [
        "http:///www.priceme.co.nz/80"
    ],
    "ENTITY#21": [
        "http:///www.priceme.co.nz/1800",
        "http:///www.priceme.co.nz/2007",
        "http:///www.priceme.co.nz/2056",
        "http:///www.priceme.co.nz/2181",
        "http:///www.priceme.co.nz/2403",
        "http:///www.priceme.co.nz/85"
    ],
    "ENTITY#29": [
        "http:///www.priceme.co.nz/1734",
        "http:///www.priceme.co.nz/1825"
    ],
    "ENTITY#30": [
        "http:///www.priceme.co.nz/1881"
    ],
    "ENTITY#31": [
        "http:///www.priceme.co.nz/2125"
    ],
    "ENTITY#34": [
        "http:///www.priceme.co.nz/2283"
    ],
    "ENTITY#35": [
        "http:///www.priceme.co.nz/2374"
    ],
    "ENTITY#36": [
        "http:///www.priceme.co.nz/1869",
        "http:///www.priceme.co.nz/2145",
        "http:///www.priceme.co.nz/2161",
        "http:///www.priceme.co.nz/2265",
        "http:///www.priceme.co.nz/2317",
        "http:///www.priceme.co.nz/2373"
    ],
    "ENTITY#38": [
        "http:///www.priceme.co.nz/2025"
    ],
    "ENTITY#4": [
        "http:///www.priceme.co.nz/2103"
    ],
    "ENTITY#40": [
        "http:///www.priceme.co.nz/2008"
    ],
    "ENTITY#42": [
        "http:///www.priceme.co.nz/100"
    ],
    "ENTITY#43": [
        "http:///www.priceme.co.nz/1692"
    ],
    "ENTITY#44": [
        "http:///www.priceme.co.nz/1670",
        "http:///www.priceme.co.nz/1778",
        "http:///www.priceme.co.nz/2018",
        "http:///www.priceme.co.nz/2043",
        "http:///www.priceme.co.nz/2073",
        "http:///www.priceme.co.nz/2082",
        "http:///www.priceme.co.nz/2172",
        "http:///www.priceme.co.nz/2192",
        "http:///www.priceme.co.nz/2202",
        "http:///www.priceme.co.nz/2249"
    ],
    "ENTITY#45": [
        "http:///www.priceme.co.nz/32"
    ],
    "ENTITY#48": [
        "http:///www.priceme.co.nz/2285"
    ],
    "ENTITY#50": [
        "http:///www.priceme.co.nz/2353"
    ],
    "ENTITY#51": [
        "http:///www.priceme.co.nz/1809",
        "http:///www.priceme.co.nz/2325"
    ],
    "ENTITY#53": [
        "http:///www.priceme.co.nz/1699",
        "http:///www.priceme.co.nz/1885",
        "http:///www.priceme.co.nz/2058",
        "http:///www.priceme.co.nz/2203"
    ],
    "ENTITY#54": [
        "http:///www.priceme.co.nz/55"
    ],
    "ENTITY#55": [
        "http:///www.priceme.co.nz/1787",
        "http:///www.priceme.co.nz/2002",
        "http:///www.priceme.co.nz/62"
    ],
    "ENTITY#57": [
        "http:///www.priceme.co.nz/1847",
        "http:///www.priceme.co.nz/2306"
    ],
    "ENTITY#6": [
        "http:///www.priceme.co.nz/1727",
        "http:///www.priceme.co.nz/1735",
        "http:///www.priceme.co.nz/1817",
        "http:///www.priceme.co.nz/1927",
        "http:///www.priceme.co.nz/2196",
        "http:///www.priceme.co.nz/2220"
    ],
    "ENTITY#61": [
        "http:///www.priceme.co.nz/1802",
        "http:///www.priceme.co.nz/39",
        "http:///www.priceme.co.nz/67",
        "http:///www.priceme.co.nz/84"
    ],
    "ENTITY#62": [
        "http:///www.priceme.co.nz/1925",
        "http:///www.priceme.co.nz/1998",
        "http:///www.priceme.co.nz/2232",
        "http:///www.priceme.co.nz/2276",
        "http:///www.priceme.co.nz/37"
    ],
    "ENTITY#64": [
        "http:///www.priceme.co.nz/2049"
    ],
    "ENTITY#65": [
        "http:///www.priceme.co.nz/1674"
    ],
    "ENTITY#66": [
        "http:///www.priceme.co.nz/1914",
        "http:///www.priceme.co.nz/2",
        "http:///www.priceme.co.nz/2246",
        "http:///www.priceme.co.nz/2349",
        "http:///www.priceme.co.nz/48",
        "http:///www.priceme.co.nz/5"
    ],
    "ENTITY#67": [
        "http:///www.priceme.co.nz/2111"
    ],
    "ENTITY#68": [
        "http:///www.priceme.co.nz/1762"
    ],
    "ENTITY#7": [
        "http:///www.priceme.co.nz/0",
        "http:///www.priceme.co.nz/1911",
        "http:///www.priceme.co.nz/1958",
        "http:///www.priceme.co.nz/1974",
        "http:///www.priceme.co.nz/1995",
        "http:///www.priceme.co.nz/2011",
        "http:///www.priceme.co.nz/2223"
    ],
    "ENTITY#72": [
        "http:///www.priceme.co.nz/1712",
        "http:///www.priceme.co.nz/2129"
    ],
    "ENTITY#73": [
        "http:///www.priceme.co.nz/1676"
    ],
    "ENTITY#76": [
        "http:///www.priceme.co.nz/1938",
        "http:///www.priceme.co.nz/1950",
        "http:///www.priceme.co.nz/21",
        "http:///www.priceme.co.nz/2252",
        "http:///www.priceme.co.nz/2300",
        "http:///www.priceme.co.nz/2369"
    ],
    "ENTITY#77": [
        "http:///www.priceme.co.nz/2093",
        "http:///www.priceme.co.nz/2186",
        "http:///www.priceme.co.nz/2308",
        "http:///www.priceme.co.nz/2354"
    ],
    "ENTITY#78": [
        "http:///www.priceme.co.nz/2344"
    ],
    "ENTITY#79": [
        "http:///www.priceme.co.nz/2051",
        "http:///www.priceme.co.nz/2185",
        "http:///www.priceme.co.nz/2294",
        "http:///www.priceme.co.nz/2393"
    ],
    "ENTITY#8": [
        "http:///www.priceme.co.nz/2153",
        "http:///www.priceme.co.nz/2352",
        "http:///www.priceme.co.nz/2382"
    ],
    "ENTITY#80": [
        "http:///www.priceme.co.nz/1912"
    ],
    "ENTITY#81": [
        "http:///www.priceme.co.nz/1747"
    ],
    "ENTITY#83": [
        "http:///www.priceme.co.nz/2346"
    ],
    "ENTITY#87": [
        "http:///www.priceme.co.nz/2336"
    ],
    "ENTITY#89": [
        "http:///www.priceme.co.nz/1795"
    ],
    "ENTITY#91": [
        "http:///www.priceme.co.nz/1935"
    ],
    "ENTITY#92": [
        "http:///www.priceme.co.nz/30"
    ]
}