{
    "0": [
        "http:///www.priceme.co.nz/2152"
    ],
    "1": [
        "http:///www.priceme.co.nz/2128"
    ],
    "2": [
        "http:///www.priceme.co.nz/2390"
    ],
    "4": [
        "http:///www.priceme.co.nz/30"
    ],
    "5": [
        "http:///www.priceme.co.nz/2374"
    ],
    "6": [
        "http:///www.priceme.co.nz/29"
    ],
    "7": [
        "http:///www.priceme.co.nz/58"
    ],
    "9": [
        "http:///www.priceme.co.nz/16"
    ],
    "10": [
        "http:///www.priceme.co.nz/2041"
    ],
    "12": [
        "http:///www.priceme.co.nz/7"
    ],
    "13": [
        "http:///www.priceme.co.nz/20"
    ],
    "14": [
        "http:///www.priceme.co.nz/1915"
    ],
    "15": [
        "http:///www.priceme.co.nz/1795"
    ],
    "18": [
        "http:///www.priceme.co.nz/1678"
    ],
    "20": [
        "http:///www.priceme.co.nz/1937"
    ],
    "21": [
        "http:///www.priceme.co.nz/2103"
    ],
    "22": [
        "http:///www.priceme.co.nz/2003"
    ],
    "23": [
        "http:///www.priceme.co.nz/2199"
    ],
    "24": [
        "http:///www.priceme.co.nz/2070"
    ],
    "25": [
        "http:///www.priceme.co.nz/1697"
    ],
    "26": [
        "http:///www.priceme.co.nz/40"
    ],
    "27": [
        "http:///www.priceme.co.nz/1968"
    ],
    "29": [
        "http:///www.priceme.co.nz/2156"
    ],
    "32": [
        "http:///www.priceme.co.nz/1977"
    ],
    "33": [
        "http:///www.priceme.co.nz/9"
    ],
    "34": [
        "http:///www.priceme.co.nz/1881"
    ],
    "35": [
        "http:///www.priceme.co.nz/1705"
    ],
    "37": [
        "http:///www.priceme.co.nz/63"
    ],
    "38": [
        "http:///www.priceme.co.nz/1926"
    ],
    "39": [
        "http:///www.priceme.co.nz/1879",
        "http:///www.priceme.co.nz/2029",
        "http:///www.priceme.co.nz/2120",
        "http:///www.priceme.co.nz/2288",
        "http:///www.priceme.co.nz/2310"
    ],
    "40": [
        "http:///www.priceme.co.nz/2336"
    ],
    "41": [
        "http:///www.priceme.co.nz/1670",
        "http:///www.priceme.co.nz/1778",
        "http:///www.priceme.co.nz/2018",
        "http:///www.priceme.co.nz/2043",
        "http:///www.priceme.co.nz/2073",
        "http:///www.priceme.co.nz/2082",
        "http:///www.priceme.co.nz/2172",
        "http:///www.priceme.co.nz/2192",
        "http:///www.priceme.co.nz/2202",
        "http:///www.priceme.co.nz/2249"
    ],
    "42": [
        "http:///www.priceme.co.nz/2346"
    ],
    "43": [
        "http:///www.priceme.co.nz/1731",
        "http:///www.priceme.co.nz/1793",
        "http:///www.priceme.co.nz/1934",
        "http:///www.priceme.co.nz/2027",
        "http:///www.priceme.co.nz/2162",
        "http:///www.priceme.co.nz/2278",
        "http:///www.priceme.co.nz/2333"
    ],
    "44": [
        "http:///www.priceme.co.nz/1797",
        "http:///www.priceme.co.nz/2035",
        "http:///www.priceme.co.nz/2160",
        "http:///www.priceme.co.nz/2194"
    ],
    "46": [
        "http:///www.priceme.co.nz/2063"
    ],
    "48": [
        "http:///www.priceme.co.nz/80"
    ],
    "49": [
        "http:///www.priceme.co.nz/1727",
        "http:///www.priceme.co.nz/1735",
        "http:///www.priceme.co.nz/1817",
        "http:///www.priceme.co.nz/1927",
        "http:///www.priceme.co.nz/2196",
        "http:///www.priceme.co.nz/2220"
    ],
    "50": [
        "http:///www.priceme.co.nz/2019",
        "http:///www.priceme.co.nz/2034",
        "http:///www.priceme.co.nz/2045",
        "http:///www.priceme.co.nz/2113",
        "http:///www.priceme.co.nz/2263"
    ],
    "51": [
        "http:///www.priceme.co.nz/1777",
        "http:///www.priceme.co.nz/1792",
        "http:///www.priceme.co.nz/1796",
        "http:///www.priceme.co.nz/1870",
        "http:///www.priceme.co.nz/1982",
        "http:///www.priceme.co.nz/2146",
        "http:///www.priceme.co.nz/2279"
    ],
    "52": [
        "http:///www.priceme.co.nz/2115"
    ],
    "54": [
        "http:///www.priceme.co.nz/1714",
        "http:///www.priceme.co.nz/1718",
        "http:///www.priceme.co.nz/2057",
        "http:///www.priceme.co.nz/2135",
        "http:///www.priceme.co.nz/2141",
        "http:///www.priceme.co.nz/2407"
    ],
    "55": [
        "http:///www.priceme.co.nz/43"
    ],
    "56": [
        "http:///www.priceme.co.nz/1914",
        "http:///www.priceme.co.nz/2",
        "http:///www.priceme.co.nz/2246",
        "http:///www.priceme.co.nz/2349",
        "http:///www.priceme.co.nz/48",
        "http:///www.priceme.co.nz/5"
    ],
    "57": [
        "http:///www.priceme.co.nz/1798",
        "http:///www.priceme.co.nz/1946",
        "http:///www.priceme.co.nz/2021",
        "http:///www.priceme.co.nz/2062",
        "http:///www.priceme.co.nz/2134",
        "http:///www.priceme.co.nz/2262",
        "http:///www.priceme.co.nz/2350"
    ],
    "58": [
        "http:///www.priceme.co.nz/91"
    ],
    "59": [
        "http:///www.priceme.co.nz/1765"
    ],
    "61": [
        "http:///www.priceme.co.nz/1938",
        "http:///www.priceme.co.nz/1950",
        "http:///www.priceme.co.nz/21",
        "http:///www.priceme.co.nz/2252",
        "http:///www.priceme.co.nz/2300",
        "http:///www.priceme.co.nz/2369"
    ],
    "62": [
        "http:///www.priceme.co.nz/1826"
    ],
    "63": [
        "http:///www.priceme.co.nz/1839"
    ],
    "64": [
        "http:///www.priceme.co.nz/1684",
        "http:///www.priceme.co.nz/1700",
        "http:///www.priceme.co.nz/1860",
        "http:///www.priceme.co.nz/1941",
        "http:///www.priceme.co.nz/1952",
        "http:///www.priceme.co.nz/2109",
        "http:///www.priceme.co.nz/2116",
        "http:///www.priceme.co.nz/38",
        "http:///www.priceme.co.nz/69"
    ],
    "66": [
        "http:///www.priceme.co.nz/1869",
        "http:///www.priceme.co.nz/2145",
        "http:///www.priceme.co.nz/2161",
        "http:///www.priceme.co.nz/2265",
        "http:///www.priceme.co.nz/2317",
        "http:///www.priceme.co.nz/2373"
    ],
    "67": [
        "http:///www.priceme.co.nz/1969",
        "http:///www.priceme.co.nz/2266",
        "http:///www.priceme.co.nz/33"
    ],
    "70": [
        "http:///www.priceme.co.nz/0",
        "http:///www.priceme.co.nz/1867",
        "http:///www.priceme.co.nz/2166",
        "http:///www.priceme.co.nz/2178",
        "http:///www.priceme.co.nz/87"
    ],
    "72": [
        "http:///www.priceme.co.nz/1756"
    ],
    "73": [
        "http:///www.priceme.co.nz/1935"
    ],
    "75": [
        "http:///www.priceme.co.nz/1676"
    ],
    "77": [
        "http:///www.priceme.co.nz/2285"
    ],
    "78": [
        "http:///www.priceme.co.nz/2198"
    ],
    "79": [
        "http:///www.priceme.co.nz/2301"
    ],
    "81": [
        "http:///www.priceme.co.nz/77"
    ],
    "82": [
        "http:///www.priceme.co.nz/1924"
    ],
    "84": [
        "http:///www.priceme.co.nz/56"
    ],
    "85": [
        "http:///www.priceme.co.nz/2122"
    ],
    "86": [
        "http:///www.priceme.co.nz/1759"
    ],
    "87": [
        "http:///www.priceme.co.nz/2290"
    ],
    "88": [
        "http:///www.priceme.co.nz/2009"
    ],
    "89": [
        "http:///www.priceme.co.nz/2054"
    ],
    "90": [
        "http:///www.priceme.co.nz/2292"
    ],
    "91": [
        "http:///www.priceme.co.nz/1763"
    ],
    "92": [
        "http:///www.priceme.co.nz/1682"
    ],
    "94": [
        "http:///www.priceme.co.nz/100"
    ],
    "95": [
        "http:///www.priceme.co.nz/2008"
    ],
    "97": [
        "http:///www.priceme.co.nz/1874"
    ],
    "98": [
        "http:///www.priceme.co.nz/2353"
    ],
    "99": [
        "http:///www.priceme.co.nz/105",
        "http:///www.priceme.co.nz/1891",
        "http:///www.priceme.co.nz/2050",
        "http:///www.priceme.co.nz/2126",
        "http:///www.priceme.co.nz/2311",
        "http:///www.priceme.co.nz/2318",
        "http:///www.priceme.co.nz/94"
    ],
    "103": [
        "http:///www.priceme.co.nz/1687",
        "http:///www.priceme.co.nz/1832",
        "http:///www.priceme.co.nz/1907",
        "http:///www.priceme.co.nz/1986",
        "http:///www.priceme.co.nz/1994",
        "http:///www.priceme.co.nz/2100",
        "http:///www.priceme.co.nz/2303",
        "http:///www.priceme.co.nz/2359",
        "http:///www.priceme.co.nz/2366"
    ],
    "105": [
        "http:///www.priceme.co.nz/1732"
    ],
    "106": [
        "http:///www.priceme.co.nz/1829",
        "http:///www.priceme.co.nz/1865",
        "http:///www.priceme.co.nz/1945",
        "http:///www.priceme.co.nz/2110",
        "http:///www.priceme.co.nz/2342"
    ],
    "107": [
        "http:///www.priceme.co.nz/2283"
    ],
    "108": [
        "http:///www.priceme.co.nz/1787",
        "http:///www.priceme.co.nz/2002",
        "http:///www.priceme.co.nz/62"
    ],
    "109": [
        "http:///www.priceme.co.nz/1822"
    ],
    "111": [
        "http:///www.priceme.co.nz/2197",
        "http:///www.priceme.co.nz/2219"
    ],
    "112": [
        "http:///www.priceme.co.nz/1963"
    ],
    "114": [
        "http:///www.priceme.co.nz/1712",
        "http:///www.priceme.co.nz/2129"
    ],
    "116": [
        "http:///www.priceme.co.nz/106",
        "http:///www.priceme.co.nz/112",
        "http:///www.priceme.co.nz/1698",
        "http:///www.priceme.co.nz/2371"
    ],
    "117": [
        "http:///www.priceme.co.nz/1873",
        "http:///www.priceme.co.nz/2313"
    ],
    "118": [
        "http:///www.priceme.co.nz/1925",
        "http:///www.priceme.co.nz/1998",
        "http:///www.priceme.co.nz/2232",
        "http:///www.priceme.co.nz/2276",
        "http:///www.priceme.co.nz/37"
    ],
    "119": [
        "http:///www.priceme.co.nz/1726"
    ],
    "120": [
        "http:///www.priceme.co.nz/1734",
        "http:///www.priceme.co.nz/1825"
    ],
    "121": [
        "http:///www.priceme.co.nz/2153",
        "http:///www.priceme.co.nz/2352",
        "http:///www.priceme.co.nz/2382"
    ],
    "122": [
        "http:///www.priceme.co.nz/1786",
        "http:///www.priceme.co.nz/1804",
        "http:///www.priceme.co.nz/2059",
        "http:///www.priceme.co.nz/2147",
        "http:///www.priceme.co.nz/2171",
        "http:///www.priceme.co.nz/2208",
        "http:///www.priceme.co.nz/2227",
        "http:///www.priceme.co.nz/2272",
        "http:///www.priceme.co.nz/2319",
        "http:///www.priceme.co.nz/2343",
        "http:///www.priceme.co.nz/25"
    ],
    "123": [
        "http:///www.priceme.co.nz/1699",
        "http:///www.priceme.co.nz/1885",
        "http:///www.priceme.co.nz/2058",
        "http:///www.priceme.co.nz/2203"
    ],
    "124": [
        "http:///www.priceme.co.nz/1820",
        "http:///www.priceme.co.nz/1936",
        "http:///www.priceme.co.nz/2204",
        "http:///www.priceme.co.nz/2335"
    ],
    "125": [
        "http:///www.priceme.co.nz/1904",
        "http:///www.priceme.co.nz/2267"
    ],
    "128": [
        "http:///www.priceme.co.nz/2051",
        "http:///www.priceme.co.nz/2185",
        "http:///www.priceme.co.nz/2294",
        "http:///www.priceme.co.nz/2393"
    ],
    "130": [
        "http:///www.priceme.co.nz/1675",
        "http:///www.priceme.co.nz/1980",
        "http:///www.priceme.co.nz/1985",
        "http:///www.priceme.co.nz/2064",
        "http:///www.priceme.co.nz/2081",
        "http:///www.priceme.co.nz/2136",
        "http:///www.priceme.co.nz/2188",
        "http:///www.priceme.co.nz/2244",
        "http:///www.priceme.co.nz/2396",
        "http:///www.priceme.co.nz/41",
        "http:///www.priceme.co.nz/73"
    ],
    "131": [
        "http:///www.priceme.co.nz/1740",
        "http:///www.priceme.co.nz/1959"
    ],
    "132": [
        "http:///www.priceme.co.nz/2386",
        "http:///www.priceme.co.nz/89",
        "http:///www.priceme.co.nz/97"
    ],
    "133": [
        "http:///www.priceme.co.nz/1746",
        "http:///www.priceme.co.nz/1833",
        "http:///www.priceme.co.nz/2216"
    ],
    "134": [
        "http:///www.priceme.co.nz/1748",
        "http:///www.priceme.co.nz/2332"
    ],
    "135": [
        "http:///www.priceme.co.nz/1838",
        "http:///www.priceme.co.nz/1983",
        "http:///www.priceme.co.nz/2105"
    ],
    "136": [
        "http:///www.priceme.co.nz/1691",
        "http:///www.priceme.co.nz/2004",
        "http:///www.priceme.co.nz/2356"
    ],
    "141": [
        "http:///www.priceme.co.nz/1720",
        "http:///www.priceme.co.nz/2233",
        "http:///www.priceme.co.nz/2362"
    ],
    "142": [
        "http:///www.priceme.co.nz/1809",
        "http:///www.priceme.co.nz/2325"
    ],
    "143": [
        "http:///www.priceme.co.nz/1666",
        "http:///www.priceme.co.nz/1966",
        "http:///www.priceme.co.nz/2334"
    ],
    "144": [
        "http:///www.priceme.co.nz/1694",
        "http:///www.priceme.co.nz/1933",
        "http:///www.priceme.co.nz/2038",
        "http:///www.priceme.co.nz/2257",
        "http:///www.priceme.co.nz/2330",
        "http:///www.priceme.co.nz/98"
    ],
    "145": [
        "http:///www.priceme.co.nz/1775",
        "http:///www.priceme.co.nz/2000",
        "http:///www.priceme.co.nz/2258"
    ],
    "146": [
        "http:///www.priceme.co.nz/1674"
    ],
    "148": [
        "http:///www.priceme.co.nz/1824"
    ],
    "149": [
        "http:///www.priceme.co.nz/1923",
        "http:///www.priceme.co.nz/1949",
        "http:///www.priceme.co.nz/2284",
        "http:///www.priceme.co.nz/2328"
    ],
    "150": [
        "http:///www.priceme.co.nz/1681",
        "http:///www.priceme.co.nz/1683",
        "http:///www.priceme.co.nz/2150"
    ],
    "151": [
        "http:///www.priceme.co.nz/2106"
    ],
    "152": [
        "http:///www.priceme.co.nz/1911",
        "http:///www.priceme.co.nz/1958",
        "http:///www.priceme.co.nz/1974",
        "http:///www.priceme.co.nz/1995",
        "http:///www.priceme.co.nz/2011",
        "http:///www.priceme.co.nz/2223"
    ],
    "154": [
        "http:///www.priceme.co.nz/2049"
    ],
    "155": [
        "http:///www.priceme.co.nz/1741"
    ],
    "156": [
        "http:///www.priceme.co.nz/1800",
        "http:///www.priceme.co.nz/2007",
        "http:///www.priceme.co.nz/2056",
        "http:///www.priceme.co.nz/2181",
        "http:///www.priceme.co.nz/2403",
        "http:///www.priceme.co.nz/85"
    ],
    "158": [
        "http:///www.priceme.co.nz/1722"
    ],
    "159": [
        "http:///www.priceme.co.nz/2234"
    ],
    "160": [
        "http:///www.priceme.co.nz/11"
    ],
    "161": [
        "http:///www.priceme.co.nz/72"
    ],
    "162": [
        "http:///www.priceme.co.nz/2222"
    ],
    "164": [
        "http:///www.priceme.co.nz/1878"
    ],
    "165": [
        "http:///www.priceme.co.nz/1852",
        "http:///www.priceme.co.nz/2077",
        "http:///www.priceme.co.nz/2133",
        "http:///www.priceme.co.nz/2392"
    ],
    "166": [
        "http:///www.priceme.co.nz/1783"
    ],
    "167": [
        "http:///www.priceme.co.nz/79"
    ],
    "168": [
        "http:///www.priceme.co.nz/1805"
    ],
    "169": [
        "http:///www.priceme.co.nz/2173"
    ],
    "170": [
        "http:///www.priceme.co.nz/1981"
    ],
    "171": [
        "http:///www.priceme.co.nz/2140"
    ],
    "172": [
        "http:///www.priceme.co.nz/1909"
    ],
    "173": [
        "http:///www.priceme.co.nz/1690"
    ],
    "174": [
        "http:///www.priceme.co.nz/2361",
        "http:///www.priceme.co.nz/6"
    ],
    "175": [
        "http:///www.priceme.co.nz/1724",
        "http:///www.priceme.co.nz/2076",
        "http:///www.priceme.co.nz/2237"
    ],
    "176": [
        "http:///www.priceme.co.nz/1851"
    ],
    "177": [
        "http:///www.priceme.co.nz/2363"
    ],
    "179": [
        "http:///www.priceme.co.nz/2074"
    ],
    "180": [
        "http:///www.priceme.co.nz/1863",
        "http:///www.priceme.co.nz/45"
    ],
    "181": [
        "http:///www.priceme.co.nz/2040"
    ],
    "182": [
        "http:///www.priceme.co.nz/32"
    ],
    "183": [
        "http:///www.priceme.co.nz/2191",
        "http:///www.priceme.co.nz/2295",
        "http:///www.priceme.co.nz/28"
    ],
    "184": [
        "http:///www.priceme.co.nz/1737",
        "http:///www.priceme.co.nz/2213",
        "http:///www.priceme.co.nz/2358"
    ],
    "185": [
        "http:///www.priceme.co.nz/2254"
    ],
    "186": [
        "http:///www.priceme.co.nz/1993"
    ],
    "187": [
        "http:///www.priceme.co.nz/2344"
    ],
    "188": [
        "http:///www.priceme.co.nz/1972",
        "http:///www.priceme.co.nz/1996"
    ],
    "189": [
        "http:///www.priceme.co.nz/3"
    ],
    "190": [
        "http:///www.priceme.co.nz/2179"
    ],
    "191": [
        "http:///www.priceme.co.nz/55"
    ],
    "192": [
        "http:///www.priceme.co.nz/44"
    ],
    "193": [
        "http:///www.priceme.co.nz/1813",
        "http:///www.priceme.co.nz/2119"
    ],
    "194": [
        "http:///www.priceme.co.nz/1864"
    ],
    "195": [
        "http:///www.priceme.co.nz/2321"
    ],
    "196": [
        "http:///www.priceme.co.nz/60"
    ],
    "197": [
        "http:///www.priceme.co.nz/2102",
        "http:///www.priceme.co.nz/2275",
        "http:///www.priceme.co.nz/2384"
    ],
    "198": [
        "http:///www.priceme.co.nz/2014"
    ],
    "200": [
        "http:///www.priceme.co.nz/1739",
        "http:///www.priceme.co.nz/2098"
    ],
    "201": [
        "http:///www.priceme.co.nz/1803",
        "http:///www.priceme.co.nz/2389",
        "http:///www.priceme.co.nz/68"
    ],
    "203": [
        "http:///www.priceme.co.nz/2048",
        "http:///www.priceme.co.nz/2117",
        "http:///www.priceme.co.nz/2242",
        "http:///www.priceme.co.nz/2367"
    ],
    "204": [
        "http:///www.priceme.co.nz/1671",
        "http:///www.priceme.co.nz/1784"
    ],
    "207": [
        "http:///www.priceme.co.nz/1821"
    ],
    "208": [
        "http:///www.priceme.co.nz/1677",
        "http:///www.priceme.co.nz/1884"
    ],
    "210": [
        "http:///www.priceme.co.nz/2235"
    ],
    "211": [
        "http:///www.priceme.co.nz/54"
    ],
    "213": [
        "http:///www.priceme.co.nz/1747"
    ],
    "215": [
        "http:///www.priceme.co.nz/1751",
        "http:///www.priceme.co.nz/1812"
    ],
    "216": [
        "http:///www.priceme.co.nz/2248",
        "http:///www.priceme.co.nz/65"
    ],
    "217": [
        "http:///www.priceme.co.nz/1953"
    ],
    "218": [
        "http:///www.priceme.co.nz/2236",
        "http:///www.priceme.co.nz/52"
    ],
    "219": [
        "http:///www.priceme.co.nz/1882"
    ],
    "220": [
        "http:///www.priceme.co.nz/2387"
    ],
    "221": [
        "http:///www.priceme.co.nz/2138"
    ],
    "222": [
        "http:///www.priceme.co.nz/12",
        "http:///www.priceme.co.nz/1954"
    ],
    "226": [
        "http:///www.priceme.co.nz/1834",
        "http:///www.priceme.co.nz/2282"
    ],
    "228": [
        "http:///www.priceme.co.nz/2326"
    ],
    "230": [
        "http:///www.priceme.co.nz/1847",
        "http:///www.priceme.co.nz/2306"
    ],
    "231": [
        "http:///www.priceme.co.nz/1912"
    ],
    "232": [
        "http:///www.priceme.co.nz/1736",
        "http:///www.priceme.co.nz/1755",
        "http:///www.priceme.co.nz/1861",
        "http:///www.priceme.co.nz/2121"
    ],
    "234": [
        "http:///www.priceme.co.nz/2323"
    ],
    "235": [
        "http:///www.priceme.co.nz/1967",
        "http:///www.priceme.co.nz/2104"
    ],
    "236": [
        "http:///www.priceme.co.nz/2010"
    ],
    "239": [
        "http:///www.priceme.co.nz/2404"
    ],
    "240": [
        "http:///www.priceme.co.nz/108",
        "http:///www.priceme.co.nz/1827",
        "http:///www.priceme.co.nz/1859",
        "http:///www.priceme.co.nz/1897",
        "http:///www.priceme.co.nz/2357"
    ],
    "241": [
        "http:///www.priceme.co.nz/2060"
    ],
    "242": [
        "http:///www.priceme.co.nz/1886"
    ],
    "243": [
        "http:///www.priceme.co.nz/1781"
    ],
    "244": [
        "http:///www.priceme.co.nz/1943",
        "http:///www.priceme.co.nz/2291",
        "http:///www.priceme.co.nz/2398"
    ],
    "245": [
        "http:///www.priceme.co.nz/1841",
        "http:///www.priceme.co.nz/2245"
    ],
    "246": [
        "http:///www.priceme.co.nz/1951"
    ],
    "247": [
        "http:///www.priceme.co.nz/2348"
    ],
    "248": [
        "http:///www.priceme.co.nz/1903"
    ],
    "250": [
        "http:///www.priceme.co.nz/17",
        "http:///www.priceme.co.nz/2042"
    ],
    "254": [
        "http:///www.priceme.co.nz/2297"
    ],
    "255": [
        "http:///www.priceme.co.nz/1753",
        "http:///www.priceme.co.nz/2123",
        "http:///www.priceme.co.nz/2127",
        "http:///www.priceme.co.nz/50"
    ],
    "256": [
        "http:///www.priceme.co.nz/2093",
        "http:///www.priceme.co.nz/2186",
        "http:///www.priceme.co.nz/2308",
        "http:///www.priceme.co.nz/2354"
    ],
    "257": [
        "http:///www.priceme.co.nz/1965"
    ],
    "258": [
        "http:///www.priceme.co.nz/1762"
    ],
    "259": [
        "http:///www.priceme.co.nz/1766"
    ],
    "261": [
        "http:///www.priceme.co.nz/19"
    ],
    "262": [
        "http:///www.priceme.co.nz/2256"
    ],
    "263": [
        "http:///www.priceme.co.nz/2025"
    ],
    "264": [
        "http:///www.priceme.co.nz/1768"
    ],
    "265": [
        "http:///www.priceme.co.nz/1984"
    ],
    "266": [
        "http:///www.priceme.co.nz/1773"
    ],
    "267": [
        "http:///www.priceme.co.nz/1713",
        "http:///www.priceme.co.nz/2078",
        "http:///www.priceme.co.nz/2124",
        "http:///www.priceme.co.nz/2307",
        "http:///www.priceme.co.nz/2375",
        "http:///www.priceme.co.nz/2408"
    ],
    "268": [
        "http:///www.priceme.co.nz/59"
    ],
    "269": [
        "http:///www.priceme.co.nz/2405"
    ],
    "272": [
        "http:///www.priceme.co.nz/2149"
    ],
    "275": [
        "http:///www.priceme.co.nz/1961",
        "http:///www.priceme.co.nz/2170",
        "http:///www.priceme.co.nz/2205",
        "http:///www.priceme.co.nz/78"
    ],
    "277": [
        "http:///www.priceme.co.nz/1932",
        "http:///www.priceme.co.nz/2084",
        "http:///www.priceme.co.nz/2094"
    ],
    "278": [
        "http:///www.priceme.co.nz/1908"
    ],
    "279": [
        "http:///www.priceme.co.nz/2001"
    ],
    "281": [
        "http:///www.priceme.co.nz/75"
    ],
    "282": [
        "http:///www.priceme.co.nz/2221"
    ],
    "283": [
        "http:///www.priceme.co.nz/66"
    ],
    "284": [
        "http:///www.priceme.co.nz/15"
    ],
    "286": [
        "http:///www.priceme.co.nz/2097"
    ],
    "287": [
        "http:///www.priceme.co.nz/10"
    ],
    "289": [
        "http:///www.priceme.co.nz/2130"
    ],
    "290": [
        "http:///www.priceme.co.nz/2095",
        "http:///www.priceme.co.nz/70"
    ],
    "291": [
        "http:///www.priceme.co.nz/2183"
    ],
    "292": [
        "http:///www.priceme.co.nz/2259"
    ],
    "293": [
        "http:///www.priceme.co.nz/2309"
    ],
    "295": [
        "http:///www.priceme.co.nz/1802",
        "http:///www.priceme.co.nz/39",
        "http:///www.priceme.co.nz/67",
        "http:///www.priceme.co.nz/84"
    ],
    "299": [
        "http:///www.priceme.co.nz/2380"
    ],
    "300": [
        "http:///www.priceme.co.nz/1888",
        "http:///www.priceme.co.nz/2068",
        "http:///www.priceme.co.nz/2271",
        "http:///www.priceme.co.nz/2299"
    ],
    "301": [
        "http:///www.priceme.co.nz/2139"
    ],
    "302": [
        "http:///www.priceme.co.nz/2226"
    ],
    "303": [
        "http:///www.priceme.co.nz/1704"
    ],
    "304": [
        "http:///www.priceme.co.nz/1890"
    ],
    "305": [
        "http:///www.priceme.co.nz/2031"
    ],
    "306": [
        "http:///www.priceme.co.nz/2061"
    ],
    "307": [
        "http:///www.priceme.co.nz/90"
    ],
    "308": [
        "http:///www.priceme.co.nz/86"
    ],
    "309": [
        "http:///www.priceme.co.nz/76"
    ],
    "310": [
        "http:///www.priceme.co.nz/61"
    ],
    "311": [
        "http:///www.priceme.co.nz/53"
    ],
    "312": [
        "http:///www.priceme.co.nz/2066",
        "http:///www.priceme.co.nz/49"
    ],
    "313": [
        "http:///www.priceme.co.nz/47"
    ],
    "314": [
        "http:///www.priceme.co.nz/1807",
        "http:///www.priceme.co.nz/46"
    ],
    "315": [
        "http:///www.priceme.co.nz/4"
    ],
    "316": [
        "http:///www.priceme.co.nz/27"
    ],
    "317": [
        "http:///www.priceme.co.nz/2401"
    ],
    "318": [
        "http:///www.priceme.co.nz/2391"
    ],
    "319": [
        "http:///www.priceme.co.nz/1910",
        "http:///www.priceme.co.nz/2385"
    ],
    "320": [
        "http:///www.priceme.co.nz/2381"
    ],
    "321": [
        "http:///www.priceme.co.nz/2377"
    ],
    "322": [
        "http:///www.priceme.co.nz/1717",
        "http:///www.priceme.co.nz/1733",
        "http:///www.priceme.co.nz/2372"
    ],
    "323": [
        "http:///www.priceme.co.nz/2364"
    ],
    "324": [
        "http:///www.priceme.co.nz/2345"
    ],
    "325": [
        "http:///www.priceme.co.nz/2341"
    ],
    "326": [
        "http:///www.priceme.co.nz/2339"
    ],
    "327": [
        "http:///www.priceme.co.nz/2331"
    ],
    "328": [
        "http:///www.priceme.co.nz/2324"
    ],
    "329": [
        "http:///www.priceme.co.nz/2200",
        "http:///www.priceme.co.nz/2316"
    ],
    "330": [
        "http:///www.priceme.co.nz/2085",
        "http:///www.priceme.co.nz/2312"
    ],
    "331": [
        "http:///www.priceme.co.nz/1931",
        "http:///www.priceme.co.nz/2289"
    ],
    "332": [
        "http:///www.priceme.co.nz/2286"
    ],
    "333": [
        "http:///www.priceme.co.nz/2280"
    ],
    "334": [
        "http:///www.priceme.co.nz/2270"
    ],
    "335": [
        "http:///www.priceme.co.nz/2261"
    ],
    "336": [
        "http:///www.priceme.co.nz/2260"
    ],
    "337": [
        "http:///www.priceme.co.nz/2247"
    ],
    "338": [
        "http:///www.priceme.co.nz/2241"
    ],
    "339": [
        "http:///www.priceme.co.nz/2229"
    ],
    "340": [
        "http:///www.priceme.co.nz/2225"
    ],
    "341": [
        "http:///www.priceme.co.nz/1849",
        "http:///www.priceme.co.nz/2215",
        "http:///www.priceme.co.nz/34"
    ],
    "342": [
        "http:///www.priceme.co.nz/2210"
    ],
    "343": [
        "http:///www.priceme.co.nz/2206"
    ],
    "344": [
        "http:///www.priceme.co.nz/2201"
    ],
    "345": [
        "http:///www.priceme.co.nz/2193"
    ],
    "346": [
        "http:///www.priceme.co.nz/2187"
    ],
    "347": [
        "http:///www.priceme.co.nz/2182"
    ],
    "348": [
        "http:///www.priceme.co.nz/2175"
    ],
    "349": [
        "http:///www.priceme.co.nz/2174"
    ],
    "350": [
        "http:///www.priceme.co.nz/2167"
    ],
    "351": [
        "http:///www.priceme.co.nz/2163"
    ],
    "352": [
        "http:///www.priceme.co.nz/2151"
    ],
    "353": [
        "http:///www.priceme.co.nz/2142"
    ],
    "354": [
        "http:///www.priceme.co.nz/2131"
    ],
    "355": [
        "http:///www.priceme.co.nz/1876",
        "http:///www.priceme.co.nz/2125"
    ],
    "356": [
        "http:///www.priceme.co.nz/2111"
    ],
    "357": [
        "http:///www.priceme.co.nz/2099"
    ],
    "358": [
        "http:///www.priceme.co.nz/2091"
    ],
    "359": [
        "http:///www.priceme.co.nz/1831",
        "http:///www.priceme.co.nz/2090"
    ],
    "360": [
        "http:///www.priceme.co.nz/2089"
    ],
    "361": [
        "http:///www.priceme.co.nz/2088"
    ],
    "362": [
        "http:///www.priceme.co.nz/2086"
    ],
    "363": [
        "http:///www.priceme.co.nz/2083"
    ],
    "364": [
        "http:///www.priceme.co.nz/2080"
    ],
    "365": [
        "http:///www.priceme.co.nz/2075"
    ],
    "366": [
        "http:///www.priceme.co.nz/2069"
    ],
    "367": [
        "http:///www.priceme.co.nz/1669",
        "http:///www.priceme.co.nz/2067"
    ],
    "368": [
        "http:///www.priceme.co.nz/2065"
    ],
    "369": [
        "http:///www.priceme.co.nz/2052",
        "http:///www.priceme.co.nz/2376"
    ],
    "370": [
        "http:///www.priceme.co.nz/2044"
    ],
    "371": [
        "http:///www.priceme.co.nz/2037"
    ],
    "372": [
        "http:///www.priceme.co.nz/2030"
    ],
    "373": [
        "http:///www.priceme.co.nz/2026"
    ],
    "374": [
        "http:///www.priceme.co.nz/2020"
    ],
    "375": [
        "http:///www.priceme.co.nz/2017"
    ],
    "376": [
        "http:///www.priceme.co.nz/2016"
    ],
    "377": [
        "http:///www.priceme.co.nz/1997"
    ],
    "378": [
        "http:///www.priceme.co.nz/1990"
    ],
    "379": [
        "http:///www.priceme.co.nz/1988"
    ],
    "380": [
        "http:///www.priceme.co.nz/1987"
    ],
    "381": [
        "http:///www.priceme.co.nz/1978"
    ],
    "382": [
        "http:///www.priceme.co.nz/1976"
    ],
    "383": [
        "http:///www.priceme.co.nz/1975"
    ],
    "384": [
        "http:///www.priceme.co.nz/1973"
    ],
    "385": [
        "http:///www.priceme.co.nz/1971"
    ],
    "386": [
        "http:///www.priceme.co.nz/1957"
    ],
    "387": [
        "http:///www.priceme.co.nz/1956"
    ],
    "388": [
        "http:///www.priceme.co.nz/1944"
    ],
    "389": [
        "http:///www.priceme.co.nz/1942"
    ],
    "390": [
        "http:///www.priceme.co.nz/1940"
    ],
    "391": [
        "http:///www.priceme.co.nz/1810",
        "http:///www.priceme.co.nz/1939",
        "http:///www.priceme.co.nz/2107"
    ],
    "392": [
        "http:///www.priceme.co.nz/1905",
        "http:///www.priceme.co.nz/2180"
    ],
    "393": [
        "http:///www.priceme.co.nz/1900"
    ],
    "394": [
        "http:///www.priceme.co.nz/1898"
    ],
    "395": [
        "http:///www.priceme.co.nz/1895"
    ],
    "396": [
        "http:///www.priceme.co.nz/1894"
    ],
    "397": [
        "http:///www.priceme.co.nz/1893"
    ],
    "398": [
        "http:///www.priceme.co.nz/1889"
    ],
    "399": [
        "http:///www.priceme.co.nz/1887"
    ],
    "400": [
        "http:///www.priceme.co.nz/1880"
    ],
    "401": [
        "http:///www.priceme.co.nz/1877"
    ],
    "402": [
        "http:///www.priceme.co.nz/1875"
    ],
    "403": [
        "http:///www.priceme.co.nz/1854"
    ],
    "404": [
        "http:///www.priceme.co.nz/1853"
    ],
    "405": [
        "http:///www.priceme.co.nz/1850"
    ],
    "406": [
        "http:///www.priceme.co.nz/1848"
    ],
    "407": [
        "http:///www.priceme.co.nz/1842"
    ],
    "408": [
        "http:///www.priceme.co.nz/1837"
    ],
    "409": [
        "http:///www.priceme.co.nz/1828"
    ],
    "410": [
        "http:///www.priceme.co.nz/1823"
    ],
    "411": [
        "http:///www.priceme.co.nz/1819"
    ],
    "412": [
        "http:///www.priceme.co.nz/1816"
    ],
    "413": [
        "http:///www.priceme.co.nz/1814"
    ],
    "414": [
        "http:///www.priceme.co.nz/1808"
    ],
    "415": [
        "http:///www.priceme.co.nz/1806"
    ],
    "416": [
        "http:///www.priceme.co.nz/1801"
    ],
    "417": [
        "http:///www.priceme.co.nz/18",
        "http:///www.priceme.co.nz/2055"
    ],
    "418": [
        "http:///www.priceme.co.nz/1789"
    ],
    "419": [
        "http:///www.priceme.co.nz/1788"
    ],
    "420": [
        "http:///www.priceme.co.nz/1785",
        "http:///www.priceme.co.nz/2400"
    ],
    "421": [
        "http:///www.priceme.co.nz/1774"
    ],
    "422": [
        "http:///www.priceme.co.nz/1772"
    ],
    "423": [
        "http:///www.priceme.co.nz/1767"
    ],
    "424": [
        "http:///www.priceme.co.nz/1764"
    ],
    "425": [
        "http:///www.priceme.co.nz/1758"
    ],
    "426": [
        "http:///www.priceme.co.nz/1750"
    ],
    "427": [
        "http:///www.priceme.co.nz/1744"
    ],
    "428": [
        "http:///www.priceme.co.nz/1743"
    ],
    "429": [
        "http:///www.priceme.co.nz/1730"
    ],
    "430": [
        "http:///www.priceme.co.nz/1729",
        "http:///www.priceme.co.nz/2158"
    ],
    "431": [
        "http:///www.priceme.co.nz/1728"
    ],
    "432": [
        "http:///www.priceme.co.nz/1719"
    ],
    "433": [
        "http:///www.priceme.co.nz/1710"
    ],
    "434": [
        "http:///www.priceme.co.nz/1709"
    ],
    "435": [
        "http:///www.priceme.co.nz/1708"
    ],
    "436": [
        "http:///www.priceme.co.nz/1707"
    ],
    "437": [
        "http:///www.priceme.co.nz/1702"
    ],
    "438": [
        "http:///www.priceme.co.nz/1701"
    ],
    "439": [
        "http:///www.priceme.co.nz/1696"
    ],
    "440": [
        "http:///www.priceme.co.nz/1695"
    ],
    "441": [
        "http:///www.priceme.co.nz/1693"
    ],
    "442": [
        "http:///www.priceme.co.nz/1689"
    ],
    "443": [
        "http:///www.priceme.co.nz/1686"
    ],
    "444": [
        "http:///www.priceme.co.nz/1668"
    ],
    "445": [
        "http:///www.priceme.co.nz/1667"
    ],
    "446": [
        "http:///www.priceme.co.nz/1665"
    ],
    "447": [
        "http:///www.priceme.co.nz/110"
    ],
    "448": [
        "http:///www.priceme.co.nz/103",
        "http:///www.priceme.co.nz/1794"
    ],
    "449": [
        "http:///www.priceme.co.nz/1"
    ],
    "461": [
        "http:///www.priceme.co.nz/13"
    ],
    "470": [
        "http:///www.priceme.co.nz/1901"
    ],
    "521": [
        "http:///www.priceme.co.nz/2143"
    ],
    "523": [
        "http:///www.priceme.co.nz/2047"
    ],
    "540": [
        "http:///www.priceme.co.nz/1868"
    ],
    "552": [
        "http:///www.priceme.co.nz/1960"
    ],
    "560": [
        "http:///www.priceme.co.nz/1692"
    ],
    "567": [
        "http:///www.priceme.co.nz/2015"
    ],
    "569": [
        "http:///www.priceme.co.nz/1716"
    ],
    "600": [
        "http:///www.priceme.co.nz/1913"
    ],
    "601": [
        "http:///www.priceme.co.nz/1799"
    ],
    "603": [
        "http:///www.priceme.co.nz/2032"
    ],
    "606": [
        "http:///www.priceme.co.nz/1845"
    ],
    "607": [
        "http:///www.priceme.co.nz/24"
    ],
    "608": [
        "http:///www.priceme.co.nz/2302"
    ],
    "609": [
        "http:///www.priceme.co.nz/2383"
    ],
    "614": [
        "http:///www.priceme.co.nz/2112"
    ],
    "615": [
        "http:///www.priceme.co.nz/1906"
    ],
    "618": [
        "http:///www.priceme.co.nz/1992"
    ],
    "620": [
        "http:///www.priceme.co.nz/95"
    ],
    "624": [
        "http:///www.priceme.co.nz/2365"
    ],
    "625": [
        "http:///www.priceme.co.nz/2023"
    ],
    "634": [
        "http:///www.priceme.co.nz/2351"
    ],
    "639": [
        "http:///www.priceme.co.nz/1930"
    ],
    "640": [
        "http:///www.priceme.co.nz/1918"
    ],
    "641": [
        "http:///www.priceme.co.nz/1761"
    ],
    "643": [
        "http:///www.priceme.co.nz/1840"
    ],
    "662": [
        "http:///www.priceme.co.nz/2092"
    ],
    "663": [
        "http:///www.priceme.co.nz/1721"
    ],
    "672": [
        "http:///www.priceme.co.nz/1999"
    ],
    "675": [
        "http:///www.priceme.co.nz/1790"
    ],
    "681": [
        "http:///www.priceme.co.nz/83"
    ],
    "689": [
        "http:///www.priceme.co.nz/2378"
    ],
    "690": [
        "http:///www.priceme.co.nz/1711"
    ],
    "697": [
        "http:///www.priceme.co.nz/64"
    ],
    "701": [
        "http:///www.priceme.co.nz/1811"
    ],
    "725": [
        "http:///www.priceme.co.nz/1920"
    ],
    "728": [
        "http:///www.priceme.co.nz/1858"
    ],
    "742": [
        "http:///www.priceme.co.nz/1673"
    ],
    "743": [
        "http:///www.priceme.co.nz/2340"
    ],
    "744": [
        "http:///www.priceme.co.nz/1857"
    ],
    "745": [
        "http:///www.priceme.co.nz/2255"
    ],
    "754": [
        "http:///www.priceme.co.nz/2177"
    ],
    "757": [
        "http:///www.priceme.co.nz/1779"
    ],
    "758": [
        "http:///www.priceme.co.nz/2277"
    ],
    "764": [
        "http:///www.priceme.co.nz/2071"
    ],
    "765": [
        "http:///www.priceme.co.nz/2305"
    ],
    "768": [
        "http:///www.priceme.co.nz/1855"
    ],
    "774": [
        "http:///www.priceme.co.nz/2240"
    ],
    "776": [
        "http:///www.priceme.co.nz/2209"
    ],
    "785": [
        "http:///www.priceme.co.nz/2269"
    ],
    "787": [
        "http:///www.priceme.co.nz/2211"
    ],
    "803": [
        "http:///www.priceme.co.nz/1745"
    ],
    "808": [
        "http:///www.priceme.co.nz/2189"
    ],
    "809": [
        "http:///www.priceme.co.nz/1991"
    ],
    "813": [
        "http:///www.priceme.co.nz/1892"
    ],
    "817": [
        "http:///www.priceme.co.nz/71"
    ],
    "819": [
        "http:///www.priceme.co.nz/2238"
    ],
    "825": [
        "http:///www.priceme.co.nz/2195"
    ],
    "827": [
        "http:///www.priceme.co.nz/1916"
    ],
    "833": [
        "http:///www.priceme.co.nz/2264"
    ],
    "837": [
        "http:///www.priceme.co.nz/1715"
    ],
    "838": [
        "http:///www.priceme.co.nz/2217"
    ],
    "841": [
        "http:///www.priceme.co.nz/35"
    ],
    "842": [
        "http:///www.priceme.co.nz/1706"
    ],
    "849": [
        "http:///www.priceme.co.nz/2402"
    ],
    "851": [
        "http:///www.priceme.co.nz/1964"
    ],
    "857": [
        "http:///www.priceme.co.nz/2148"
    ],
    "862": [
        "http:///www.priceme.co.nz/2132"
    ],
    "879": [
        "http:///www.priceme.co.nz/1955"
    ],
    "880": [
        "http:///www.priceme.co.nz/2036"
    ],
    "892": [
        "http:///www.priceme.co.nz/1846"
    ],
    "896": [
        "http:///www.priceme.co.nz/1928"
    ]
}