{
    "0": [
        "http:///www.wexphotographic.com/595",
        "http:///www.wexphotographic.com/608",
        "http:///www.wexphotographic.com/615"
    ],
    "1": [
        "http:///www.wexphotographic.com/550",
        "http:///www.wexphotographic.com/602",
        "http:///www.wexphotographic.com/626"
    ],
    "2": [
        "http:///www.wexphotographic.com/556",
        "http:///www.wexphotographic.com/577",
        "http:///www.wexphotographic.com/599",
        "http:///www.wexphotographic.com/621"
    ],
    "3": [
        "http:///www.wexphotographic.com/591",
        "http:///www.wexphotographic.com/614"
    ],
    "4": [
        "http:///www.wexphotographic.com/585",
        "http:///www.wexphotographic.com/589",
        "http:///www.wexphotographic.com/619"
    ],
    "5": [
        "http:///www.wexphotographic.com/574",
        "http:///www.wexphotographic.com/586",
        "http:///www.wexphotographic.com/612"
    ],
    "6": [
        "http:///www.wexphotographic.com/564",
        "http:///www.wexphotographic.com/570",
        "http:///www.wexphotographic.com/578",
        "http:///www.wexphotographic.com/609"
    ],
    "7": [
        "http:///www.wexphotographic.com/576",
        "http:///www.wexphotographic.com/582"
    ],
    "8": [
        "http:///www.wexphotographic.com/573",
        "http:///www.wexphotographic.com/616"
    ],
    "9": [
        "http:///www.wexphotographic.com/572",
        "http:///www.wexphotographic.com/592"
    ],
    "10": [
        "http:///www.wexphotographic.com/562",
        "http:///www.wexphotographic.com/624"
    ],
    "11": [
        "http:///www.wexphotographic.com/561",
        "http:///www.wexphotographic.com/580"
    ],
    "12": [
        "http:///www.wexphotographic.com/557",
        "http:///www.wexphotographic.com/558"
    ],
    "13": [
        "http:///www.wexphotographic.com/553",
        "http:///www.wexphotographic.com/568"
    ],
    "14": [
        "http:///www.wexphotographic.com/552",
        "http:///www.wexphotographic.com/566"
    ],
    "15": [
        "http:///www.wexphotographic.com/551",
        "http:///www.wexphotographic.com/611"
    ],
    "16": [
        "http:///www.wexphotographic.com/160",
        "http:///www.wexphotographic.com/208",
        "http:///www.wexphotographic.com/559"
    ],
    "17": [
        "http:///www.wexphotographic.com/147",
        "http:///www.wexphotographic.com/203",
        "http:///www.wexphotographic.com/571"
    ],
    "18": [
        "http:///www.wexphotographic.com/200",
        "http:///www.wexphotographic.com/617"
    ],
    "19": [
        "http:///www.wexphotographic.com/197",
        "http:///www.wexphotographic.com/210"
    ],
    "20": [
        "http:///www.wexphotographic.com/194",
        "http:///www.wexphotographic.com/199"
    ],
    "21": [
        "http:///www.wexphotographic.com/185",
        "http:///www.wexphotographic.com/190",
        "http:///www.wexphotographic.com/192",
        "http:///www.wexphotographic.com/214"
    ],
    "22": [
        "http:///www.wexphotographic.com/149",
        "http:///www.wexphotographic.com/173",
        "http:///www.wexphotographic.com/182",
        "http:///www.wexphotographic.com/191",
        "http:///www.wexphotographic.com/206"
    ],
    "23": [
        "http:///www.wexphotographic.com/154",
        "http:///www.wexphotographic.com/181",
        "http:///www.wexphotographic.com/187"
    ],
    "24": [
        "http:///www.wexphotographic.com/151",
        "http:///www.wexphotographic.com/180",
        "http:///www.wexphotographic.com/216"
    ],
    "25": [
        "http:///www.wexphotographic.com/179",
        "http:///www.wexphotographic.com/184"
    ],
    "26": [
        "http:///www.wexphotographic.com/178",
        "http:///www.wexphotographic.com/204"
    ],
    "27": [
        "http:///www.wexphotographic.com/159",
        "http:///www.wexphotographic.com/165",
        "http:///www.wexphotographic.com/177",
        "http:///www.wexphotographic.com/196"
    ],
    "28": [
        "http:///www.wexphotographic.com/172",
        "http:///www.wexphotographic.com/583"
    ],
    "29": [
        "http:///www.wexphotographic.com/171",
        "http:///www.wexphotographic.com/207"
    ],
    "30": [
        "http:///www.wexphotographic.com/163",
        "http:///www.wexphotographic.com/169",
        "http:///www.wexphotographic.com/215"
    ],
    "31": [
        "http:///www.wexphotographic.com/168",
        "http:///www.wexphotographic.com/186"
    ],
    "32": [
        "http:///www.wexphotographic.com/155",
        "http:///www.wexphotographic.com/166",
        "http:///www.wexphotographic.com/575"
    ],
    "33": [
        "http:///www.wexphotographic.com/164",
        "http:///www.wexphotographic.com/174"
    ],
    "34": [
        "http:///www.wexphotographic.com/158",
        "http:///www.wexphotographic.com/603"
    ],
    "35": [
        "http:///www.wexphotographic.com/157",
        "http:///www.wexphotographic.com/588"
    ],
    "36": [
        "http:///www.wexphotographic.com/152",
        "http:///www.wexphotographic.com/211"
    ],
    "37": [
        "http:///www.wexphotographic.com/148",
        "http:///www.wexphotographic.com/597"
    ],
    "38": [
        "http:///www.wexphotographic.com/146",
        "http:///www.wexphotographic.com/162"
    ],
    "40": [
        "http:///www.wexphotographic.com/193"
    ],
    "42": [
        "http:///www.wexphotographic.com/198"
    ],
    "46": [
        "http:///www.wexphotographic.com/610"
    ],
    "48": [
        "http:///www.wexphotographic.com/620"
    ],
    "52": [
        "http:///www.wexphotographic.com/569"
    ],
    "53": [
        "http:///www.wexphotographic.com/623"
    ],
    "58": [
        "http:///www.wexphotographic.com/600"
    ],
    "65": [
        "http:///www.wexphotographic.com/565"
    ],
    "73": [
        "http:///www.wexphotographic.com/618"
    ],
    "74": [
        "http:///www.wexphotographic.com/176"
    ],
    "78": [
        "http:///www.wexphotographic.com/607"
    ],
    "79": [
        "http:///www.wexphotographic.com/596"
    ],
    "80": [
        "http:///www.wexphotographic.com/594"
    ],
    "81": [
        "http:///www.wexphotographic.com/554"
    ],
    "82": [
        "http:///www.wexphotographic.com/156"
    ],
    "84": [
        "http:///www.wexphotographic.com/530"
    ],
    "85": [
        "http:///www.wexphotographic.com/183"
    ],
    "86": [
        "http:///www.wexphotographic.com/567"
    ],
    "89": [
        "http:///www.wexphotographic.com/150"
    ],
    "90": [
        "http:///www.wexphotographic.com/584"
    ],
    "91": [
        "http:///www.wexphotographic.com/533"
    ],
    "92": [
        "http:///www.wexphotographic.com/601"
    ],
    "94": [
        "http:///www.wexphotographic.com/213"
    ],
    "96": [
        "http:///www.wexphotographic.com/537"
    ],
    "97": [
        "http:///www.wexphotographic.com/593"
    ],
    "98": [
        "http:///www.wexphotographic.com/161"
    ],
    "101": [
        "http:///www.wexphotographic.com/188"
    ],
    "109": [
        "http:///www.wexphotographic.com/563"
    ],
    "110": [
        "http:///www.wexphotographic.com/587"
    ],
    "113": [
        "http:///www.wexphotographic.com/622"
    ],
    "115": [
        "http:///www.wexphotographic.com/581"
    ],
    "126": [
        "http:///www.wexphotographic.com/606"
    ],
    "127": [
        "http:///www.wexphotographic.com/205"
    ],
    "146": [
        "http:///www.wexphotographic.com/170"
    ],
    "147": [
        "http:///www.wexphotographic.com/579"
    ],
    "151": [
        "http:///www.wexphotographic.com/590"
    ],
    "153": [
        "http:///www.wexphotographic.com/549"
    ],
    "154": [
        "http:///www.wexphotographic.com/605"
    ],
    "202": [
        "http:///www.wexphotographic.com/555"
    ],
    "220": [
        "http:///www.wexphotographic.com/212"
    ],
    "243": [
        "http:///www.wexphotographic.com/195"
    ],
    "272": [
        "http:///www.wexphotographic.com/201"
    ],
    "290": [
        "http:///www.wexphotographic.com/167"
    ],
    "542": [
        "http:///www.wexphotographic.com/604"
    ],
    "559": [
        "http:///www.wexphotographic.com/202"
    ],
    "610": [
        "http:///www.wexphotographic.com/209"
    ],
    "762": [
        "http:///www.wexphotographic.com/175"
    ]
}