{
    "ENTITY#100": [
        "http:///www.wexphotographic.com/615"
    ],
    "ENTITY#11": [
        "http:///www.wexphotographic.com/147",
        "http:///www.wexphotographic.com/203",
        "http:///www.wexphotographic.com/571"
    ],
    "ENTITY#12": [
        "http:///www.wexphotographic.com/171",
        "http:///www.wexphotographic.com/207"
    ],
    "ENTITY#17": [
        "http:///www.wexphotographic.com/601"
    ],
    "ENTITY#20": [
        "http:///www.wexphotographic.com/620"
    ],
    "ENTITY#29": [
        "http:///www.wexphotographic.com/152",
        "http:///www.wexphotographic.com/211"
    ],
    "ENTITY#30": [
        "http:///www.wexphotographic.com/158",
        "http:///www.wexphotographic.com/603"
    ],
    "ENTITY#35": [
        "http:///www.wexphotographic.com/574",
        "http:///www.wexphotographic.com/586",
        "http:///www.wexphotographic.com/612"
    ],
    "ENTITY#4": [
        "http:///www.wexphotographic.com/185",
        "http:///www.wexphotographic.com/190",
        "http:///www.wexphotographic.com/192",
        "http:///www.wexphotographic.com/214"
    ],
    "ENTITY#42": [
        "http:///www.wexphotographic.com/213"
    ],
    "ENTITY#50": [
        "http:///www.wexphotographic.com/161"
    ],
    "ENTITY#64": [
        "http:///www.wexphotographic.com/605"
    ],
    "ENTITY#65": [
        "http:///www.wexphotographic.com/170"
    ],
    "ENTITY#83": [
        "http:///www.wexphotographic.com/198"
    ],
    "ENTITY#86": [
        "http:///www.wexphotographic.com/160",
        "http:///www.wexphotographic.com/208",
        "http:///www.wexphotographic.com/559"
    ],
    "ENTITY#87": [
        "http:///www.wexphotographic.com/193"
    ],
    "ENTITY#88": [
        "http:///www.wexphotographic.com/587"
    ],
    "ENTITY#89": [
        "http:///www.wexphotographic.com/551",
        "http:///www.wexphotographic.com/611"
    ],
    "ENTITY#90": [
        "http:///www.wexphotographic.com/591",
        "http:///www.wexphotographic.com/614"
    ],
    "ENTITY#91": [
        "http:///www.wexphotographic.com/618"
    ],
    "ENTITY#92": [
        "http:///www.wexphotographic.com/585",
        "http:///www.wexphotographic.com/589",
        "http:///www.wexphotographic.com/619"
    ],
    "ENTITY#93": [
        "http:///www.wexphotographic.com/623"
    ]
}