[
    {
        "spec": {
            "Engine": "3.5l V6 MPI Sohc 3.5l",
            "Fuel": "Gas",
            "Mileage": "769557",
            "Stock #": "011557",
            "Transmission": "Auto"
        },
        "url": "896-6222.com//2901934"
    },
    {
        "spec": {
            "Engine": "1.5l I-4 MPI Dohc 1.5l",
            "Exterior Color": "Gold",
            "Fuel": "Gas",
            "Mileage": "173637",
            "Stock #": "135485",
            "Transmission": "Auto"
        },
        "url": "896-6222.com//3865975"
    },
    {
        "spec": {
            "Engine": "3.4l V6 MPI HO 3.4l",
            "Exterior Color": "Silver",
            "Fuel": "Gas",
            "Interior Color": "Silver",
            "Mileage": "1000",
            "Stock #": "301650",
            "Transmission": "Auto"
        },
        "url": "896-6222.com//2237317"
    },
    {
        "spec": {
            "Engine": "3.4l V6 MPI HO 3.4l",
            "Exterior Color": "Silver",
            "Fuel": "Gas",
            "Interior Color": "Silver",
            "Mileage": "1000",
            "Stock #": "301650",
            "Transmission": "Auto"
        },
        "url": "896-6222.com//594386"
    },
    {
        "spec": {
            "Engine": "32v Northstar",
            "Exterior Color": "Gold",
            "Fuel": "Gasoline Fuel",
            "Interior Color": "Tan",
            "Mileage": "145000",
            "Stock #": "938536",
            "Transmission": "Auto"
        },
        "url": "896-6222.com//2692157"
    },
    {
        "spec": {
            "Engine": "3.4l V6 MPI HO 3.4l",
            "Exterior Color": "Silver",
            "Fuel": "Gas",
            "Interior Color": "Silver",
            "Mileage": "1000",
            "Stock #": "301650",
            "Transmission": "Auto"
        },
        "url": "896-6222.com//9176346"
    },
    {
        "spec": {
            "Engine": "3.4l V6 MPI HO 3.4l",
            "Exterior Color": "Silver",
            "Fuel": "Gas",
            "Interior Color": "Silver",
            "Mileage": "1000",
            "Stock #": "301650",
            "Transmission": "Auto"
        },
        "url": "896-6222.com//8941664"
    },
    {
        "spec": {
            "Engine": "3.4l V6 MPI HO 3.4l",
            "Exterior Color": "Silver",
            "Fuel": "Gas",
            "Interior Color": "Silver",
            "Mileage": "1000",
            "Stock #": "301650",
            "Transmission": "Auto"
        },
        "url": "896-6222.com//8908997"
    },
    {
        "spec": {
            "Engine": "3.4l V6 MPI HO 3.4l",
            "Exterior Color": "Silver",
            "Fuel": "Gas",
            "Interior Color": "Silver",
            "Mileage": "1000",
            "Stock #": "301650",
            "Transmission": "Auto"
        },
        "url": "896-6222.com//15684341"
    },
    {
        "spec": {
            "Engine": "3.4l V6 MPI HO 3.4l",
            "Exterior Color": "Silver",
            "Fuel": "Gas",
            "Interior Color": "Silver",
            "Mileage": "1000",
            "Stock #": "301650",
            "Transmission": "Auto"
        },
        "url": "896-6222.com//12493457"
    },
    {
        "spec": {
            "Engine": "3.4l V6 MPI HO 3.4l",
            "Exterior Color": "Silver",
            "Fuel": "Gas",
            "Interior Color": "Silver",
            "Mileage": "1000",
            "Stock #": "301650",
            "Transmission": "Auto"
        },
        "url": "896-6222.com//16237070"
    },
    {
        "spec": {
            "Engine": "3.4l V6 MPI HO 3.4l",
            "Exterior Color": "Silver",
            "Fuel": "Gas",
            "Interior Color": "Silver",
            "Mileage": "1000",
            "Stock #": "301650",
            "Transmission": "Auto"
        },
        "url": "896-6222.com//7135342"
    },
    {
        "spec": {
            "Engine": "3.4l V6 MPI HO 3.4l",
            "Exterior Color": "Silver",
            "Fuel": "Gas",
            "Interior Color": "Silver",
            "Mileage": "1000",
            "Stock #": "301650",
            "Transmission": "Auto"
        },
        "url": "896-6222.com//1904239"
    }
]