[
    {
        "spec": {
            "Couleur dominante": "Rose",
            "Dimension (mm)": "16 x 12 x 8 mm",
            "Origine": "Br\u00e9sil",
            "Poids Moyen (Carats)": "8.60 ct",
            "R\u00e9f": "SKU017722",
            "Type de pierre": "Tourmaline Elbaite Rubellite"
        },
        "url": "abijoux.com//3267589"
    },
    {
        "spec": {
            "Couleur dominante": "Vert",
            "Dimension (mm)": "25 x 24 x 10 mm",
            "Origine": "Madagascar",
            "Poids Moyen (Carats)": "34.84 ct",
            "R\u00e9f": "SKU015073",
            "Type de pierre": "Emeraude"
        },
        "url": "abijoux.com//2933027"
    },
    {
        "spec": {
            "Couleur dominante": "Rose",
            "Dimension (mm)": "13,8 x 9,9 x 4,6 mm",
            "Origine": "Argentine",
            "Poids Moyen (Carats)": "6.60 cts",
            "R\u00e9f": "SKU008301",
            "Type de pierre": "Rhodochrosite"
        },
        "url": "abijoux.com//17367391"
    },
    {
        "spec": {
            "Couleur dominante": "Blanc",
            "Dimension (mm)": "9,27 x 5,56 x 4,23 mm",
            "Origine": "France",
            "Poids Moyen (Carats)": "1.45 ct",
            "R\u00e9f": "SKU015080",
            "Type de pierre": "Quartz cristal de roche"
        },
        "url": "abijoux.com//11175898"
    }
]