[
    {
        "spec": {
            "Couleur dominante": "Multicolore",
            "Dimension (mm)": "35 x 26 x 12 mm",
            "Origine": "France",
            "Poids Moyen (Carats)": "38.70 ct",
            "R\u00e9f": "SKU017712",
            "Type de pierre": "Or natif, Brannerite, Gal\u00e9ne, Quartz"
        },
        "url": "abijoux.com//8618489"
    },
    {
        "spec": {
            "Couleur dominante": "Multicolore",
            "Dimension (mm)": "80 x 60 x 40 mm",
            "Origine": "France",
            "Poids Moyen (Carats)": "748.7 ct",
            "R\u00e9f": "SKU016044",
            "Type de pierre": "Siderite, Pyrite, Quartz"
        },
        "url": "abijoux.com//6511685"
    },
    {
        "spec": {
            "Couleur dominante": "Multicolore",
            "Dimension (mm)": "42 x 32 x 24 mm",
            "Origine": "France",
            "Poids Moyen (Carats)": "183.2 ct",
            "R\u00e9f": "SKU016027",
            "Type de pierre": "Bournonite, Baryte, Siderite, Quartz"
        },
        "url": "abijoux.com//6224502"
    }
]