[
    {
        "spec": {
            "Couleur dominante": "Bleu",
            "Dimension (mm)": "10,49 x 7,30 x 5,53 mm",
            "Origine": "Madagascar",
            "Poids Moyen (Carats)": "2.21 cts",
            "R\u00e9f": "SKU008972",
            "Type de pierre": "Aigue-Marine"
        },
        "url": "abijoux.com//7024807"
    },
    {
        "spec": {
            "Couleur dominante": "Vert",
            "Dimension (mm)": "7,27 x 5,21 x 3,50 mm",
            "Origine": "Colombie",
            "Poids Moyen (Carats)": "0.71 cts",
            "R\u00e9f": "SKU011180",
            "Type de pierre": "\u00c9meraude"
        },
        "url": "abijoux.com//1535338"
    },
    {
        "spec": {
            "Couleur dominante": "Vert",
            "Dimension (mm)": "22 x 16 x 14 mm",
            "Origine": "Br\u00e9sil",
            "Poids Moyen (Carats)": "44.09 ct",
            "R\u00e9f": "SKU017717",
            "Type de pierre": "Tourmaline Elbaite"
        },
        "url": "abijoux.com//6366931"
    }
]