{
    "ENTITY#001": [
        "www.ebay.com//14633",
        "www.ebay.com//21940",
        "www.ebay.com//20380",
        "www.ebay.com//20839"
    ],
    "ENTITY#002": [
        "www.ebay.com//14413",
        "www.ebay.com//19927",
        "www.ebay.com//16628",
        "www.ebay.com//23720",
        "www.ebay.com//12307",
        "www.ebay.com//22113",
        "www.ebay.com//23335"
    ],
    "ENTITY#004": [
        "www.ebay.com//18227"
    ],
    "ENTITY#005": [
        "www.ebay.com//18704"
    ],
    "ENTITY#009": [
        "www.ebay.com//23319",
        "www.ebay.com//16047",
        "www.ebay.com//21885",
        "www.ebay.com//19861",
        "www.ebay.com//9531",
        "www.ebay.com//20575",
        "www.ebay.com//16278"
    ],
    "ENTITY#010": [
        "www.ebay.com//14838",
        "www.ebay.com//22111",
        "www.ebay.com//21363",
        "www.ebay.com//9342",
        "www.ebay.com//19295"
    ],
    "ENTITY#011": [
        "www.ebay.com//21596",
        "www.ebay.com//20923",
        "www.ebay.com//11620",
        "www.ebay.com//18840",
        "www.ebay.com//22417",
        "www.ebay.com//20888",
        "www.ebay.com//14209",
        "www.ebay.com//17066"
    ],
    "ENTITY#012": [
        "www.ebay.com//15814",
        "www.ebay.com//21016",
        "www.ebay.com//21447"
    ],
    "ENTITY#013": [
        "www.ebay.com//19208"
    ],
    "ENTITY#015": [
        "www.ebay.com//16806",
        "www.ebay.com//19815",
        "www.ebay.com//20921",
        "www.ebay.com//21435",
        "www.ebay.com//21080",
        "www.ebay.com//20341",
        "www.ebay.com//21812",
        "www.ebay.com//22461",
        "www.ebay.com//11445",
        "www.ebay.com//20637",
        "www.ebay.com//20857",
        "www.ebay.com//20160",
        "www.ebay.com//15110",
        "www.ebay.com//14687"
    ],
    "ENTITY#016": [
        "www.ebay.com//11736",
        "www.ebay.com//19456",
        "www.ebay.com//21698",
        "www.ebay.com//19217",
        "www.ebay.com//19019",
        "www.ebay.com//22949",
        "www.ebay.com//21925",
        "www.ebay.com//23137",
        "www.ebay.com//23060",
        "www.ebay.com//20115",
        "www.ebay.com//23355"
    ],
    "ENTITY#017": [
        "www.ebay.com//11892",
        "www.ebay.com//22602",
        "www.ebay.com//21935",
        "www.ebay.com//22859",
        "www.ebay.com//9497",
        "www.ebay.com//20663",
        "www.ebay.com//20922",
        "www.ebay.com//11335",
        "www.ebay.com//22337",
        "www.ebay.com//16011",
        "www.ebay.com//15624",
        "www.ebay.com//14256",
        "www.ebay.com//20879",
        "www.ebay.com//19923",
        "www.ebay.com//18178",
        "www.ebay.com//20375",
        "www.ebay.com//23521"
    ],
    "ENTITY#018": [
        "www.ebay.com//11180",
        "www.ebay.com//19377",
        "www.ebay.com//20987",
        "www.ebay.com//21512"
    ],
    "ENTITY#019": [
        "www.ebay.com//19991",
        "www.ebay.com//18113",
        "www.ebay.com//14749"
    ],
    "ENTITY#020": [
        "www.ebay.com//19291",
        "www.ebay.com//14937",
        "www.ebay.com//20124",
        "www.ebay.com//18841"
    ],
    "ENTITY#021": [
        "www.ebay.com//23044",
        "www.ebay.com//9462",
        "www.ebay.com//21492",
        "www.ebay.com//16381",
        "www.ebay.com//18140"
    ],
    "ENTITY#022": [
        "www.ebay.com//11038"
    ],
    "ENTITY#029": [
        "www.ebay.com//16466",
        "www.ebay.com//20254",
        "www.ebay.com//21590",
        "www.ebay.com//21853"
    ],
    "ENTITY#030": [
        "www.ebay.com//10883",
        "www.ebay.com//20203",
        "www.ebay.com//12286",
        "www.ebay.com//20116",
        "www.ebay.com//23514",
        "www.ebay.com//19564"
    ],
    "ENTITY#031": [
        "www.ebay.com//23374",
        "www.ebay.com//9344",
        "www.ebay.com//16169",
        "www.ebay.com//9834",
        "www.ebay.com//20812",
        "www.ebay.com//23516"
    ],
    "ENTITY#032": [
        "www.ebay.com//19695"
    ],
    "ENTITY#033": [
        "www.ebay.com//20045"
    ],
    "ENTITY#043": [
        "www.ebay.com//11464",
        "www.ebay.com//15390",
        "www.ebay.com//10062",
        "www.ebay.com//14690",
        "www.ebay.com//15418",
        "www.ebay.com//22722"
    ],
    "ENTITY#044": [
        "www.ebay.com//19363"
    ],
    "ENTITY#045": [
        "www.ebay.com//23328"
    ],
    "ENTITY#049": [
        "www.ebay.com//23401",
        "www.ebay.com//21054",
        "www.ebay.com//23569",
        "www.ebay.com//22747",
        "www.ebay.com//21018",
        "www.ebay.com//11551"
    ],
    "ENTITY#051": [
        "www.ebay.com//14641",
        "www.ebay.com//22762"
    ],
    "ENTITY#052": [
        "www.ebay.com//21369",
        "www.ebay.com//16788",
        "www.ebay.com//23725",
        "www.ebay.com//10881",
        "www.ebay.com//20289",
        "www.ebay.com//11384",
        "www.ebay.com//19077"
    ],
    "ENTITY#054": [
        "www.ebay.com//15640",
        "www.ebay.com//18894",
        "www.ebay.com//23008",
        "www.ebay.com//22284",
        "www.ebay.com//22524",
        "www.ebay.com//19423",
        "www.ebay.com//20191",
        "www.ebay.com//22929",
        "www.ebay.com//16653",
        "www.ebay.com//23531"
    ],
    "ENTITY#055": [
        "www.ebay.com//21660",
        "www.ebay.com//21404",
        "www.ebay.com//19006"
    ],
    "ENTITY#056": [
        "www.ebay.com//21602",
        "www.ebay.com//19232",
        "www.ebay.com//9382",
        "www.ebay.com//15546",
        "www.ebay.com//18885",
        "www.ebay.com//22948",
        "www.ebay.com//9379",
        "www.ebay.com//19591",
        "www.ebay.com//21107",
        "www.ebay.com//20682"
    ],
    "ENTITY#057": [
        "www.ebay.com//21994",
        "www.ebay.com//9779",
        "www.ebay.com//18920",
        "www.ebay.com//22449",
        "www.ebay.com//14807",
        "www.ebay.com//14918",
        "www.ebay.com//19844",
        "www.ebay.com//15669",
        "www.ebay.com//20855",
        "www.ebay.com//16280",
        "www.ebay.com//17030",
        "www.ebay.com//11653",
        "www.ebay.com//23156",
        "www.ebay.com//11386",
        "www.ebay.com//22640",
        "www.ebay.com//19440",
        "www.ebay.com//15888",
        "www.ebay.com//17072",
        "www.ebay.com//16408"
    ],
    "ENTITY#058": [
        "www.ebay.com//16669",
        "www.ebay.com//22743",
        "www.ebay.com//22564",
        "www.ebay.com//18591"
    ],
    "ENTITY#059": [
        "www.ebay.com//9354"
    ],
    "ENTITY#063": [
        "www.ebay.com//15640",
        "www.ebay.com//18894",
        "www.ebay.com//23008",
        "www.ebay.com//22524",
        "www.ebay.com//19423",
        "www.ebay.com//20191",
        "www.ebay.com//22929",
        "www.ebay.com//16653",
        "www.ebay.com//23531"
    ],
    "ENTITY#065": [
        "www.ebay.com//23209",
        "www.ebay.com//14921",
        "www.ebay.com//19635",
        "www.ebay.com//23369",
        "www.ebay.com//19688"
    ],
    "ENTITY#066": [
        "www.ebay.com//18983",
        "www.ebay.com//19247",
        "www.ebay.com//16736",
        "www.ebay.com//14362",
        "www.ebay.com//22572",
        "www.ebay.com//22500",
        "www.ebay.com//23056",
        "www.ebay.com//18576",
        "www.ebay.com//22907",
        "www.ebay.com//20618"
    ],
    "ENTITY#067": [
        "www.ebay.com//21854",
        "www.ebay.com//18724",
        "www.ebay.com//21645",
        "www.ebay.com//23158",
        "www.ebay.com//21134",
        "www.ebay.com//11998"
    ],
    "ENTITY#069": [
        "www.ebay.com//18212",
        "www.ebay.com//11563",
        "www.ebay.com//22727",
        "www.ebay.com//21421"
    ],
    "ENTITY#070": [
        "www.ebay.com//22840",
        "www.ebay.com//21736",
        "www.ebay.com//23574",
        "www.ebay.com//18638",
        "www.ebay.com//23705",
        "www.ebay.com//23697"
    ],
    "ENTITY#072": [
        "www.ebay.com//20706",
        "www.ebay.com//16912",
        "www.ebay.com//17055",
        "www.ebay.com//22040"
    ],
    "ENTITY#073": [
        "www.ebay.com//20100",
        "www.ebay.com//23039",
        "www.ebay.com//11844",
        "www.ebay.com//21540",
        "www.ebay.com//21425",
        "www.ebay.com//19489"
    ],
    "ENTITY#075": [
        "www.ebay.com//18069",
        "www.ebay.com//14813",
        "www.ebay.com//23633",
        "www.ebay.com//19080",
        "www.ebay.com//21328"
    ],
    "ENTITY#077": [
        "www.ebay.com//21726",
        "www.ebay.com//20972",
        "www.ebay.com//20240",
        "www.ebay.com//19898"
    ],
    "ENTITY#078": [
        "www.ebay.com//10903",
        "www.ebay.com//19931",
        "www.ebay.com//21008",
        "www.ebay.com//18869"
    ],
    "ENTITY#079": [
        "www.ebay.com//21775",
        "www.ebay.com//20181",
        "www.ebay.com//22962",
        "www.ebay.com//19230",
        "www.ebay.com//19880",
        "www.ebay.com//23688"
    ],
    "ENTITY#082": [
        "www.ebay.com//9711",
        "www.ebay.com//21354"
    ],
    "ENTITY#083": [
        "www.ebay.com//15801",
        "www.ebay.com//19835",
        "www.ebay.com//16258",
        "www.ebay.com//21057",
        "www.ebay.com//22347",
        "www.ebay.com//22898",
        "www.ebay.com//16372"
    ],
    "ENTITY#084": [
        "www.ebay.com//17009",
        "www.ebay.com//12284",
        "www.ebay.com//21548",
        "www.ebay.com//11924"
    ],
    "ENTITY#085": [
        "www.ebay.com//20709",
        "www.ebay.com//10013",
        "www.ebay.com//23676",
        "www.ebay.com//22256",
        "www.ebay.com//19529",
        "www.ebay.com//19922",
        "www.ebay.com//20910",
        "www.ebay.com//23354",
        "www.ebay.com//12103"
    ],
    "ENTITY#086": [
        "www.ebay.com//9426",
        "www.ebay.com//21745"
    ],
    "ENTITY#087": [
        "www.ebay.com//19992",
        "www.ebay.com//11985",
        "www.ebay.com//20037"
    ],
    "ENTITY#090": [
        "www.ebay.com//20657",
        "www.ebay.com//21207"
    ],
    "ENTITY#091": [
        "www.ebay.com//19487"
    ],
    "ENTITY#092": [
        "www.ebay.com//20427",
        "www.ebay.com//19843",
        "www.ebay.com//20102"
    ],
    "ENTITY#093": [
        "www.ebay.com//23079"
    ],
    "ENTITY#094": [
        "www.ebay.com//22453"
    ],
    "ENTITY#095": [
        "www.ebay.com//11409",
        "www.ebay.com//21614",
        "www.ebay.com//20612"
    ],
    "ENTITY#100": [
        "www.ebay.com//23735"
    ],
    "ENTITY#102": [
        "www.ebay.com//10867",
        "www.ebay.com//22636"
    ],
    "ENTITY#104": [
        "www.ebay.com//21476",
        "www.ebay.com//10090",
        "www.ebay.com//17093",
        "www.ebay.com//19362",
        "www.ebay.com//10772",
        "www.ebay.com//15514"
    ],
    "ENTITY#105": [
        "www.ebay.com//21224",
        "www.ebay.com//20336"
    ],
    "ENTITY#106": [
        "www.ebay.com//17128",
        "www.ebay.com//21619",
        "www.ebay.com//19771",
        "www.ebay.com//16445"
    ],
    "ENTITY#107": [
        "www.ebay.com//21588",
        "www.ebay.com//21675",
        "www.ebay.com//9397",
        "www.ebay.com//14342"
    ],
    "ENTITY#108": [
        "www.ebay.com//11356",
        "www.ebay.com//21028",
        "www.ebay.com//23055",
        "www.ebay.com//22041"
    ],
    "ENTITY#114": [
        "www.ebay.com//22687",
        "www.ebay.com//23099"
    ],
    "ENTITY#115": [
        "www.ebay.com//12139"
    ],
    "ENTITY#116": [
        "www.ebay.com//12266",
        "www.ebay.com//11677"
    ],
    "ENTITY#117": [
        "www.ebay.com//18713",
        "www.ebay.com//20043"
    ],
    "ENTITY#119": [
        "www.ebay.com//16294",
        "www.ebay.com//22361",
        "www.ebay.com//20316",
        "www.ebay.com//11579",
        "www.ebay.com//23151"
    ],
    "ENTITY#120": [
        "www.ebay.com//16730",
        "www.ebay.com//18964",
        "www.ebay.com//19756",
        "www.ebay.com//23440",
        "www.ebay.com//20022",
        "www.ebay.com//20919",
        "www.ebay.com//20098"
    ],
    "ENTITY#121": [
        "www.ebay.com//22163",
        "www.ebay.com//19388",
        "www.ebay.com//15001",
        "www.ebay.com//21091",
        "www.ebay.com//19316",
        "www.ebay.com//9674",
        "www.ebay.com//10826",
        "www.ebay.com//23681",
        "www.ebay.com//15809",
        "www.ebay.com//22132",
        "www.ebay.com//20071",
        "www.ebay.com//11734",
        "www.ebay.com//23635"
    ],
    "ENTITY#122": [
        "www.ebay.com//23479",
        "www.ebay.com//11069",
        "www.ebay.com//22660",
        "www.ebay.com//10814",
        "www.ebay.com//19479",
        "www.ebay.com//19271",
        "www.ebay.com//21562",
        "www.ebay.com//21623"
    ],
    "ENTITY#123": [
        "www.ebay.com//19065"
    ],
    "ENTITY#124": [
        "www.ebay.com//19434",
        "www.ebay.com//15200",
        "www.ebay.com//16432",
        "www.ebay.com//11994",
        "www.ebay.com//22713"
    ],
    "ENTITY#125": [
        "www.ebay.com//19891",
        "www.ebay.com//21730",
        "www.ebay.com//20633",
        "www.ebay.com//14802"
    ],
    "ENTITY#126": [
        "www.ebay.com//22070",
        "www.ebay.com//19521",
        "www.ebay.com//18795",
        "www.ebay.com//9909",
        "www.ebay.com//18982",
        "www.ebay.com//14249",
        "www.ebay.com//11842",
        "www.ebay.com//19867"
    ],
    "ENTITY#127": [
        "www.ebay.com//20727",
        "www.ebay.com//14503",
        "www.ebay.com//19015",
        "www.ebay.com//22536",
        "www.ebay.com//11100",
        "www.ebay.com//18750"
    ],
    "ENTITY#128": [
        "www.ebay.com//19537",
        "www.ebay.com//22767"
    ],
    "ENTITY#130": [
        "www.ebay.com//22545",
        "www.ebay.com//16754",
        "www.ebay.com//21202",
        "www.ebay.com//9905",
        "www.ebay.com//21622"
    ],
    "ENTITY#131": [
        "www.ebay.com//20724",
        "www.ebay.com//20371",
        "www.ebay.com//14728"
    ],
    "ENTITY#132": [
        "www.ebay.com//23515",
        "www.ebay.com//23093"
    ],
    "ENTITY#134": [
        "www.ebay.com//18870"
    ],
    "ENTITY#135": [
        "www.ebay.com//20520",
        "www.ebay.com//18916",
        "www.ebay.com//20338",
        "www.ebay.com//9385",
        "www.ebay.com//19284",
        "www.ebay.com//20396",
        "www.ebay.com//21101",
        "www.ebay.com//20186",
        "www.ebay.com//22067",
        "www.ebay.com//10774",
        "www.ebay.com//10106",
        "www.ebay.com//19610",
        "www.ebay.com//22986",
        "www.ebay.com//19240"
    ],
    "ENTITY#136": [
        "www.ebay.com//10044",
        "www.ebay.com//21338",
        "www.ebay.com//23398",
        "www.ebay.com//9552",
        "www.ebay.com//12224",
        "www.ebay.com//17085",
        "www.ebay.com//19854",
        "www.ebay.com//16706"
    ],
    "ENTITY#137": [
        "www.ebay.com//16476",
        "www.ebay.com//21301",
        "www.ebay.com//22276",
        "www.ebay.com//12156",
        "www.ebay.com//11142",
        "www.ebay.com//20303",
        "www.ebay.com//23754"
    ],
    "ENTITY#138": [
        "www.ebay.com//23394",
        "www.ebay.com//21841",
        "www.ebay.com//15089",
        "www.ebay.com//22252",
        "www.ebay.com//20422",
        "www.ebay.com//15341",
        "www.ebay.com//16855"
    ],
    "ENTITY#139": [
        "www.ebay.com//11368",
        "www.ebay.com//15349",
        "www.ebay.com//16404",
        "www.ebay.com//18299",
        "www.ebay.com//18898"
    ],
    "ENTITY#140": [
        "www.ebay.com//22164",
        "www.ebay.com//23190",
        "www.ebay.com//11280"
    ],
    "ENTITY#141": [
        "www.ebay.com//11029",
        "www.ebay.com//21513",
        "www.ebay.com//21782"
    ],
    "ENTITY#142": [
        "www.ebay.com//11102",
        "www.ebay.com//18237",
        "www.ebay.com//18572",
        "www.ebay.com//19118",
        "www.ebay.com//9516",
        "www.ebay.com//20331",
        "www.ebay.com//10874",
        "www.ebay.com//15054",
        "www.ebay.com//22459"
    ],
    "ENTITY#143": [
        "www.ebay.com//22846",
        "www.ebay.com//19860",
        "www.ebay.com//21581",
        "www.ebay.com//14225",
        "www.ebay.com//20226",
        "www.ebay.com//22584"
    ],
    "ENTITY#144": [
        "www.ebay.com//22554",
        "www.ebay.com//10768",
        "www.ebay.com//23711",
        "www.ebay.com//23488",
        "www.ebay.com//14705",
        "www.ebay.com//22615"
    ],
    "ENTITY#145": [
        "www.ebay.com//18078",
        "www.ebay.com//19641",
        "www.ebay.com//20464",
        "www.ebay.com//22940",
        "www.ebay.com//10730",
        "www.ebay.com//23303",
        "www.ebay.com//22134",
        "www.ebay.com//22075",
        "www.ebay.com//21673",
        "www.ebay.com//10726",
        "www.ebay.com//22239",
        "www.ebay.com//21030"
    ],
    "ENTITY#146": [
        "www.ebay.com//20218",
        "www.ebay.com//16564",
        "www.ebay.com//20035",
        "www.ebay.com//19444",
        "www.ebay.com//23133"
    ],
    "ENTITY#148": [
        "www.ebay.com//12324",
        "www.ebay.com//22567",
        "www.ebay.com//23342",
        "www.ebay.com//21029",
        "www.ebay.com//11846",
        "www.ebay.com//20370",
        "www.ebay.com//19581",
        "www.ebay.com//19993",
        "www.ebay.com//21984",
        "www.ebay.com//16702",
        "www.ebay.com//14486"
    ],
    "ENTITY#149": [
        "www.ebay.com//19315",
        "www.ebay.com//19420",
        "www.ebay.com//20738",
        "www.ebay.com//22435",
        "www.ebay.com//11936",
        "www.ebay.com//22588",
        "www.ebay.com//20356",
        "www.ebay.com//19530",
        "www.ebay.com//9969",
        "www.ebay.com//16722",
        "www.ebay.com//11226",
        "www.ebay.com//22711"
    ],
    "ENTITY#150": [
        "www.ebay.com//20254",
        "www.ebay.com//21853",
        "www.ebay.com//21590",
        "www.ebay.com//19459",
        "www.ebay.com//22617",
        "www.ebay.com//16466",
        "www.ebay.com//12074",
        "www.ebay.com//19018"
    ],
    "ENTITY#151": [
        "www.ebay.com//12218",
        "www.ebay.com//18479",
        "www.ebay.com//18677",
        "www.ebay.com//20849",
        "www.ebay.com//18447"
    ],
    "ENTITY#152": [
        "www.ebay.com//23377",
        "www.ebay.com//19128",
        "www.ebay.com//20093",
        "www.ebay.com//19090",
        "www.ebay.com//16272",
        "www.ebay.com//20632",
        "www.ebay.com//16615",
        "www.ebay.com//14582",
        "www.ebay.com//23347"
    ],
    "ENTITY#153": [
        "www.ebay.com//15204",
        "www.ebay.com//11900"
    ],
    "ENTITY#154": [
        "www.ebay.com//20671",
        "www.ebay.com//21066",
        "www.ebay.com//11934",
        "www.ebay.com//17028",
        "www.ebay.com//21498"
    ],
    "ENTITY#155": [
        "www.ebay.com//22144",
        "www.ebay.com//22146",
        "www.ebay.com//14244"
    ],
    "ENTITY#156": [
        "www.ebay.com//19710",
        "www.ebay.com//20619"
    ],
    "ENTITY#157": [
        "www.ebay.com//20293",
        "www.ebay.com//20814",
        "www.ebay.com//21257",
        "www.ebay.com//21631",
        "www.ebay.com//22877",
        "www.ebay.com//14203"
    ],
    "ENTITY#158": [
        "www.ebay.com//23047",
        "www.ebay.com//15542"
    ],
    "ENTITY#159": [
        "www.ebay.com//21042",
        "www.ebay.com//23467",
        "www.ebay.com//21376",
        "www.ebay.com//19589",
        "www.ebay.com//19997"
    ],
    "ENTITY#160": [
        "www.ebay.com//22120",
        "www.ebay.com//20837",
        "www.ebay.com//11045"
    ],
    "ENTITY#161": [
        "www.ebay.com//20145",
        "www.ebay.com//9558",
        "www.ebay.com//16681",
        "www.ebay.com//20800",
        "www.ebay.com//15153",
        "www.ebay.com//18737",
        "www.ebay.com//19766",
        "www.ebay.com//23269",
        "www.ebay.com//21241"
    ],
    "ENTITY#162": [
        "www.ebay.com//22029",
        "www.ebay.com//20135",
        "www.ebay.com//18978",
        "www.ebay.com//18337",
        "www.ebay.com//23505"
    ],
    "ENTITY#163": [
        "www.ebay.com//23279",
        "www.ebay.com//20483",
        "www.ebay.com//19576",
        "www.ebay.com//20610",
        "www.ebay.com//19156"
    ],
    "ENTITY#165": [
        "www.ebay.com//22751",
        "www.ebay.com//22672",
        "www.ebay.com//11054",
        "www.ebay.com//22316",
        "www.ebay.com//10100",
        "www.ebay.com//22427",
        "www.ebay.com//23425",
        "www.ebay.com//19711"
    ],
    "ENTITY#166": [
        "www.ebay.com//23245",
        "www.ebay.com//21565",
        "www.ebay.com//14867",
        "www.ebay.com//16991",
        "www.ebay.com//23545",
        "www.ebay.com//22048",
        "www.ebay.com//18979"
    ],
    "ENTITY#167": [
        "www.ebay.com//22598",
        "www.ebay.com//21172",
        "www.ebay.com//16897",
        "www.ebay.com//14348",
        "www.ebay.com//21289",
        "www.ebay.com//20105"
    ],
    "ENTITY#168": [
        "www.ebay.com//19048",
        "www.ebay.com//18003"
    ],
    "ENTITY#169": [
        "www.ebay.com//20747",
        "www.ebay.com//20673",
        "www.ebay.com//18620"
    ],
    "ENTITY#170": [
        "www.ebay.com//23348",
        "www.ebay.com//20685",
        "www.ebay.com//22176"
    ],
    "ENTITY#171": [
        "www.ebay.com//23191",
        "www.ebay.com//19549",
        "www.ebay.com//21037",
        "www.ebay.com//18305"
    ],
    "ENTITY#172": [
        "www.ebay.com//20468",
        "www.ebay.com//9694",
        "www.ebay.com//22380",
        "www.ebay.com//16513",
        "www.ebay.com//22058",
        "www.ebay.com//14275",
        "www.ebay.com//20485",
        "www.ebay.com//21643",
        "www.ebay.com//19540",
        "www.ebay.com//11977",
        "www.ebay.com//22969"
    ],
    "ENTITY#173": [
        "www.ebay.com//20130",
        "www.ebay.com//23636",
        "www.ebay.com//23534",
        "www.ebay.com//10841"
    ],
    "ENTITY#174": [
        "www.ebay.com//20620",
        "www.ebay.com//21864",
        "www.ebay.com//16732",
        "www.ebay.com//22988"
    ],
    "ENTITY#175": [
        "www.ebay.com//22820"
    ],
    "ENTITY#176": [
        "www.ebay.com//19560"
    ],
    "ENTITY#177": [
        "www.ebay.com//16203",
        "www.ebay.com//20535"
    ],
    "ENTITY#178": [
        "www.ebay.com//22624",
        "www.ebay.com//18900",
        "www.ebay.com//11690",
        "www.ebay.com//22400",
        "www.ebay.com//23459",
        "www.ebay.com//11261"
    ],
    "ENTITY#179": [
        "www.ebay.com//22151",
        "www.ebay.com//22161",
        "www.ebay.com//15835",
        "www.ebay.com//20385",
        "www.ebay.com//18581",
        "www.ebay.com//20155",
        "www.ebay.com//23385",
        "www.ebay.com//11717",
        "www.ebay.com//18893",
        "www.ebay.com//21072",
        "www.ebay.com//11833",
        "www.ebay.com//22966",
        "www.ebay.com//12083",
        "www.ebay.com//21358",
        "www.ebay.com//19958",
        "www.ebay.com//18180",
        "www.ebay.com//9436"
    ],
    "ENTITY#180": [
        "www.ebay.com//15498",
        "www.ebay.com//22851",
        "www.ebay.com//19718",
        "www.ebay.com//21238",
        "www.ebay.com//18960",
        "www.ebay.com//11157",
        "www.ebay.com//14350",
        "www.ebay.com//11195"
    ],
    "ENTITY#181": [
        "www.ebay.com//14533",
        "www.ebay.com//22437",
        "www.ebay.com//22913",
        "www.ebay.com//23694",
        "www.ebay.com//15169",
        "www.ebay.com//14598",
        "www.ebay.com//22684",
        "www.ebay.com//23550"
    ],
    "ENTITY#182": [
        "www.ebay.com//21390",
        "www.ebay.com//20001",
        "www.ebay.com//21438",
        "www.ebay.com//20578",
        "www.ebay.com//20216",
        "www.ebay.com//18134",
        "www.ebay.com//18711"
    ],
    "ENTITY#183": [
        "www.ebay.com//14731",
        "www.ebay.com//10092",
        "www.ebay.com//22062",
        "www.ebay.com//22351",
        "www.ebay.com//19378",
        "www.ebay.com//18109"
    ],
    "ENTITY#184": [
        "www.ebay.com//11224",
        "www.ebay.com//18773",
        "www.ebay.com//19649",
        "www.ebay.com//21004",
        "www.ebay.com//23327"
    ],
    "ENTITY#185": [
        "www.ebay.com//22011",
        "www.ebay.com//11872"
    ],
    "ENTITY#187": [
        "www.ebay.com//18022"
    ],
    "ENTITY#188": [
        "www.ebay.com//11118",
        "www.ebay.com//19507",
        "www.ebay.com//20649"
    ],
    "ENTITY#189": [
        "www.ebay.com//21772"
    ],
    "ENTITY#190": [
        "www.ebay.com//23030"
    ],
    "ENTITY#191": [
        "www.ebay.com//18991",
        "www.ebay.com//19498",
        "www.ebay.com//9430",
        "www.ebay.com//20046",
        "www.ebay.com//18926",
        "www.ebay.com//19611",
        "www.ebay.com//19302",
        "www.ebay.com//20902",
        "www.ebay.com//11512",
        "www.ebay.com//20672"
    ],
    "ENTITY#192": [
        "www.ebay.com//19744",
        "www.ebay.com//22295",
        "www.ebay.com//20357",
        "www.ebay.com//23682"
    ],
    "ENTITY#194": [
        "www.ebay.com//19002",
        "www.ebay.com//21786",
        "www.ebay.com//23460",
        "www.ebay.com//23624"
    ],
    "ENTITY#195": [
        "www.ebay.com//18962",
        "www.ebay.com//10973"
    ],
    "ENTITY#196": [
        "www.ebay.com//14326",
        "www.ebay.com//11651",
        "www.ebay.com//19653"
    ],
    "ENTITY#198": [
        "www.ebay.com//22495",
        "www.ebay.com//22618"
    ],
    "ENTITY#200": [
        "www.ebay.com//15988"
    ],
    "ENTITY#201": [
        "www.ebay.com//22408"
    ],
    "ENTITY#205": [
        "www.ebay.com//9783"
    ],
    "ENTITY#213": [
        "www.ebay.com//21318"
    ],
    "ENTITY#215": [
        "www.ebay.com//19960",
        "www.ebay.com//19566",
        "www.ebay.com//14777",
        "www.ebay.com//19265",
        "www.ebay.com//19466"
    ],
    "ENTITY#216": [
        "www.ebay.com//11475"
    ],
    "ENTITY#217": [
        "www.ebay.com//20928"
    ],
    "ENTITY#220": [
        "www.ebay.com//16216",
        "www.ebay.com//19234"
    ],
    "ENTITY#226": [
        "www.ebay.com//21857",
        "www.ebay.com//19292"
    ],
    "ENTITY#227": [
        "www.ebay.com//15284",
        "www.ebay.com//19138"
    ],
    "ENTITY#228": [
        "www.ebay.com//20269"
    ],
    "ENTITY#229": [
        "www.ebay.com//19422"
    ],
    "ENTITY#237": [
        "www.ebay.com//11766",
        "www.ebay.com//21852",
        "www.ebay.com//12087",
        "www.ebay.com//21532",
        "www.ebay.com//21148",
        "www.ebay.com//20994",
        "www.ebay.com//19035",
        "www.ebay.com//23171"
    ],
    "ENTITY#238": [
        "www.ebay.com//22306",
        "www.ebay.com//20866"
    ],
    "ENTITY#239": [
        "www.ebay.com//14956",
        "www.ebay.com//23045",
        "www.ebay.com//18731",
        "www.ebay.com//10846",
        "www.ebay.com//21989",
        "www.ebay.com//23747"
    ],
    "ENTITY#240": [
        "www.ebay.com//20276",
        "www.ebay.com//20139",
        "www.ebay.com//16297",
        "www.ebay.com//19515"
    ],
    "ENTITY#241": [
        "www.ebay.com//21294",
        "www.ebay.com//11293",
        "www.ebay.com//20583"
    ],
    "ENTITY#242": [
        "www.ebay.com//19474",
        "www.ebay.com//23750",
        "www.ebay.com//21773",
        "www.ebay.com//22401"
    ],
    "ENTITY#243": [
        "www.ebay.com//21861",
        "www.ebay.com//20389"
    ],
    "ENTITY#244": [
        "www.ebay.com//20650",
        "www.ebay.com//16790"
    ],
    "ENTITY#245": [
        "www.ebay.com//16656",
        "www.ebay.com//18823",
        "www.ebay.com//23071",
        "www.ebay.com//19413"
    ],
    "ENTITY#246": [
        "www.ebay.com//19810",
        "www.ebay.com//16302"
    ],
    "ENTITY#247": [
        "www.ebay.com//23517",
        "www.ebay.com//18086"
    ],
    "ENTITY#248": [
        "www.ebay.com//19585",
        "www.ebay.com//22481"
    ]
}