{
    "11124810": [
        "700carconnection.com//4184179",
        "700carconnection.com//4555281",
        "700carconnection.com//6734781",
        "700carconnection.com//9575888"
    ],
    "11606466": [
        "700carconnection.com//897934"
    ],
    "11972923": [
        "700carconnection.com//6552990"
    ],
    "12947575": [
        "700carconnection.com//7843753"
    ],
    "14312584": [
        "700carconnection.com//7308443"
    ],
    "14439367": [
        "700carconnection.com//2371542"
    ],
    "14726016": [
        "700carconnection.com//16341938"
    ],
    "15530932": [
        "700carconnection.com//3364574"
    ],
    "16160710": [
        "700carconnection.com//15104910"
    ],
    "7576714": [
        "700carconnection.com//13528250"
    ],
    "8591625": [
        "700carconnection.com//13268129"
    ],
    "9755184": [
        "700carconnection.com//7073668"
    ]
}