{
    "11595430": [
        "12volttechnology.com.au//22510654"
    ],
    "13500074": [
        "12volttechnology.com.au//22117093"
    ],
    "15304844": [
        "12volttechnology.com.au//21659267"
    ],
    "2479680": [
        "12volttechnology.com.au//18650412"
    ],
    "3712999": [
        "12volttechnology.com.au//25887110"
    ],
    "4411235": [
        "12volttechnology.com.au//22093415"
    ],
    "4466538": [
        "12volttechnology.com.au//20620400"
    ],
    "5390960": [
        "12volttechnology.com.au//22430613"
    ],
    "6275864": [
        "12volttechnology.com.au//23209799"
    ],
    "6790638": [
        "12volttechnology.com.au//24497725"
    ],
    "7192218": [
        "12volttechnology.com.au//27596731"
    ],
    "7468100": [
        "12volttechnology.com.au//24748971"
    ],
    "8800232": [
        "12volttechnology.com.au//27097875"
    ]
}