[
    {
        "spec": {
            "Battery Charger Amps": "40A",
            "Dimensions (HxWxD)": "426 x 239 x 135",
            "Display Read Out": "Yes",
            "Feature": "Output to 3 Battery Banks",
            "IP Rating": "IP20",
            "Total Charge Output": "40 Amps",
            "Warranty": "2 Yrs",
            "Weight": "5 Kg"
        },
        "url": "12volttechnology.com.au//27596731"
    },
    {
        "spec": {
            "Battery Charger Amps": "16A",
            "Dimensions (HxWxD)": "355 x 215 x 110",
            "Display Read Out": "Yes",
            "Feature": "Output to 3 Battery Banks",
            "IP Rating": "IP20",
            "Warranty": "2 Yrs",
            "Weight": "3.8Kg"
        },
        "url": "12volttechnology.com.au//25887110"
    },
    {
        "spec": {
            "Battery Charger Amps": "30A",
            "Dimensions (HxWxD)": "355 x 215 x 110",
            "Display Read Out": "Yes",
            "Feature": "Output to 3 Battery Banks",
            "IP Rating": "IP20",
            "Warranty": "2 Yrs",
            "Weight": "3.8Kg"
        },
        "url": "12volttechnology.com.au//24497725"
    },
    {
        "spec": {
            "Colour": "Blue",
            "Dimensions (HxWxD)": "520 x 255 x 125 mm",
            "Display Read Out": "LED Lights",
            "Feature": "Remote Control Available (Optional Extra)",
            "IP Rating": "IP21",
            "Inverter Output Watts": "1600W",
            "Warranty": "2 Yrs",
            "Watts Output": "4000 Watt Peak",
            "Weight": "12 Kg"
        },
        "url": "12volttechnology.com.au//21659267"
    },
    {
        "spec": {
            "Colour": "Blue",
            "Dimensions (HxWxD)": "375 x 214 x110 mm",
            "Display Read Out": "LED Lights",
            "Feature": "Remote Control Available (Optional Extra)",
            "IP Rating": "IP21",
            "Inverter Output Watts": "1000W",
            "Warranty": "2 Yrs",
            "Watts Output": "2400 Watt Peak",
            "Weight": "10 Kg"
        },
        "url": "12volttechnology.com.au//20620400"
    },
    {
        "spec": {
            "Battery Charger Amps": "35A",
            "Colour": "Blue",
            "Dimensions (HxWxD)": "375 x 215 x 110",
            "Display Read Out": "Yes",
            "Feature": "16A Transfer switch",
            "IP Rating": "IP20",
            "Inverter Output Watts": "700W",
            "Warranty": "2 Yrs",
            "Watts Output": "1600W Peak Output",
            "Weight": "10Kg"
        },
        "url": "12volttechnology.com.au//22510654"
    },
    {
        "spec": {
            "Battery Charger Amps": "100A",
            "Colour": "Blue",
            "Dimensions (HxWxD)": "215 x 295 x 103 mm",
            "Display Read Out": "LED Lights",
            "Feature": "Battery Voltage: 12 / 24 / 48V Auto Select (software tool needed to select 36V)",
            "Total Charge Output": "100A",
            "Warranty": "5 Yrs",
            "Weight": "4.5 Kg"
        },
        "url": "12volttechnology.com.au//18650412"
    },
    {
        "spec": {
            "Battery Charger Amps": "80A",
            "Dimensions (HxWxD)": "426 x 239 x 135",
            "Display Read Out": "Yes",
            "Feature": "Output to 3 Battery Banks",
            "IP Rating": "IP20",
            "Warranty": "2 Yrs",
            "Weight": "5 Kg"
        },
        "url": "12volttechnology.com.au//27097875"
    },
    {
        "spec": {
            "Battery Charger Amps": "20A",
            "Dimensions (HxWxD)": "160 x 82 x 48 mm",
            "Display Read Out": "LED lights",
            "Feature": "Overload Protection",
            "Total Charge Output": "20A",
            "Warranty": "5 Yrs",
            "Weight": "0.3 Kg"
        },
        "url": "12volttechnology.com.au//22430613"
    },
    {
        "spec": {
            "Colour": "Blue",
            "Dimensions (HxWxD)": "362 x 258 x 218 mm",
            "Display Read Out": "LED Lights",
            "Feature": "Remote Control Available (Optional Extra)",
            "IP Rating": "IP21",
            "Inverter Output Watts": "2400W",
            "Warranty": "2 Yrs",
            "Watts Output": "6000 Watt Peak",
            "Weight": "18 Kg"
        },
        "url": "12volttechnology.com.au//24748971"
    },
    {
        "spec": {
            "Battery Charger Amps": "10A",
            "Colour": "Blue",
            "Dimensions (HxWxD)": "100 x 113 x 40 mm",
            "Display Read Out": "LED lights",
            "Feature": "Output Short Circuit Protection",
            "Total Charge Output": "10A",
            "Warranty": "5 Yrs",
            "Weight": "0.5 Kg"
        },
        "url": "12volttechnology.com.au//22117093"
    },
    {
        "spec": {
            "Battery Charger Amps": "30A",
            "Dimensions (HxWxD)": "426 x 239 x 135",
            "Display Read Out": "Yes",
            "Feature": "Output to 3 Battery Banks",
            "IP Rating": "IP20",
            "Warranty": "2 Yrs",
            "Weight": "5 Kg"
        },
        "url": "12volttechnology.com.au//22093415"
    },
    {
        "spec": {
            "Battery Charger Amps": "45A",
            "Colour": "Blue",
            "Dimensions (HxWxD)": "185 x 250 x 95 mm",
            "Display Read Out": "LED Lights",
            "Feature": "Output Short Circuit Protection",
            "Total Charge Output": "45A",
            "Warranty": "5 Yrs",
            "Weight": "3 Kg"
        },
        "url": "12volttechnology.com.au//23209799"
    }
]