[
    {
        "spec": {
            "Battery Charger Amps": "50A",
            "Colour": "Blue",
            "Dimensions (HxWxD)": "375 x 215 x 110",
            "Display Read Out": "Yes",
            "Feature": "16A Transfer switch",
            "IP Rating": "IP20",
            "Inverter Output Watts": "1000W",
            "Warranty": "2 Yrs",
            "Watts Output": "2400W Peak Output",
            "Weight": "10Kg"
        },
        "url": "12volttechnology.com.au//27484892"
    },
    {
        "spec": {
            "Battery Charger Amps": "120A",
            "Colour": "Blue",
            "Dimensions (HxWxD)": "362 x 258 x 218",
            "Display Read Out": "Yes",
            "Feature": "50A Transfer switch",
            "IP Rating": "IP20",
            "Inverter Output Watts": "2400W",
            "Warranty": "2 Yrs",
            "Watts Output": "6000W Peak Output",
            "Weight": "18 Kg"
        },
        "url": "12volttechnology.com.au//23299704"
    },
    {
        "spec": {
            "Feature": "2 pairs of grilles supplied",
            "IP Rating": "IP65",
            "Warranty": "3 Years"
        },
        "url": "12volttechnology.com.au//27141651"
    },
    {
        "spec": {
            "Battery Charger Amps": "220A",
            "Colour": "Blue",
            "Dimensions (HxWxD)": "470 x 350 x 280",
            "Display Read Out": "Yes",
            "Feature": "2x 100A Maximum Feed Through",
            "IP Rating": "IP20",
            "Inverter Output Watts": "4000W",
            "Warranty": "2 Yrs",
            "Watts Output": "10,000W Peak Output",
            "Weight": "34 Kg"
        },
        "url": "12volttechnology.com.au//20647680"
    },
    {
        "spec": {
            "Dimensions (HxWxD)": "210 x 50 x 300mm",
            "Feature": "440 Watts RMS x 2 @ 4 Ohm Bridged 1% THD+N",
            "Warranty": "3 Years",
            "Watts Output": "1400 Watts Peak"
        },
        "url": "12volttechnology.com.au//19631524"
    },
    {
        "spec": {
            "Battery Charger Amps": "80A",
            "Colour": "Blue",
            "Dimensions (HxWxD)": "520 x 255 x 125",
            "Display Read Out": "Yes",
            "Feature": "30A Transfer switch",
            "IP Rating": "IP20",
            "Inverter Output Watts": "1600W",
            "Warranty": "2 Yrs",
            "Watts Output": "4000W Peak Output",
            "Weight": "12 Kg"
        },
        "url": "12volttechnology.com.au//25871509"
    },
    {
        "spec": {
            "Battery Charger Amps": "70A",
            "Colour": "Blue",
            "Dimensions (HxWxD)": "375 x 215 x 110",
            "Display Read Out": "Yes",
            "Feature": "16A Transfer switch",
            "IP Rating": "IP20",
            "Inverter Output Watts": "1300W",
            "Warranty": "2 Yrs",
            "Watts Output": "3000W Peak Output",
            "Weight": "10Kg"
        },
        "url": "12volttechnology.com.au//20778547"
    }
]