{
    "15506952": [
        "12volttechnology.com.au//19575875"
    ],
    "4560101": [
        "12volttechnology.com.au//17973456"
    ],
    "4674225": [
        "12volttechnology.com.au//27027153"
    ],
    "4912847": [
        "12volttechnology.com.au//21812996"
    ],
    "4990294": [
        "12volttechnology.com.au//21068888"
    ],
    "5721934": [
        "12volttechnology.com.au//20496646"
    ],
    "7043823": [
        "12volttechnology.com.au//22338496"
    ],
    "9504903": [
        "12volttechnology.com.au//18190045"
    ]
}