{
    "4": [
        "http:///www.shopbot.com.au/401"
    ],
    "5": [
        "http:///www.shopbot.com.au/407"
    ],
    "6": [
        "http:///www.shopbot.com.au/1289"
    ],
    "7": [
        "http:///www.shopbot.com.au/350"
    ],
    "9": [
        "http:///www.shopbot.com.au/199"
    ],
    "10": [
        "http:///www.shopbot.com.au/276"
    ],
    "12": [
        "http:///www.shopbot.com.au/322"
    ],
    "13": [
        "http:///www.shopbot.com.au/315"
    ],
    "16": [
        "http:///www.shopbot.com.au/383"
    ],
    "18": [
        "http:///www.shopbot.com.au/194"
    ],
    "20": [
        "http:///www.shopbot.com.au/1492"
    ],
    "21": [
        "http:///www.shopbot.com.au/289"
    ],
    "22": [
        "http:///www.shopbot.com.au/316"
    ],
    "23": [
        "http:///www.shopbot.com.au/1384"
    ],
    "24": [
        "http:///www.shopbot.com.au/1202"
    ],
    "25": [
        "http:///www.shopbot.com.au/441"
    ],
    "32": [
        "http:///www.shopbot.com.au/1461"
    ],
    "33": [
        "http:///www.shopbot.com.au/425"
    ],
    "34": [
        "http:///www.shopbot.com.au/326"
    ],
    "35": [
        "http:///www.shopbot.com.au/1426"
    ],
    "36": [
        "http:///www.shopbot.com.au/227"
    ],
    "39": [
        "http:///www.shopbot.com.au/1354",
        "http:///www.shopbot.com.au/297",
        "http:///www.shopbot.com.au/311"
    ],
    "40": [
        "http:///www.shopbot.com.au/403"
    ],
    "41": [
        "http:///www.shopbot.com.au/1217",
        "http:///www.shopbot.com.au/1222",
        "http:///www.shopbot.com.au/1343",
        "http:///www.shopbot.com.au/1482",
        "http:///www.shopbot.com.au/1659",
        "http:///www.shopbot.com.au/1664",
        "http:///www.shopbot.com.au/260",
        "http:///www.shopbot.com.au/308",
        "http:///www.shopbot.com.au/419",
        "http:///www.shopbot.com.au/431"
    ],
    "42": [
        "http:///www.shopbot.com.au/1358"
    ],
    "43": [
        "http:///www.shopbot.com.au/1355",
        "http:///www.shopbot.com.au/1413",
        "http:///www.shopbot.com.au/1415",
        "http:///www.shopbot.com.au/1473",
        "http:///www.shopbot.com.au/1662",
        "http:///www.shopbot.com.au/290"
    ],
    "44": [
        "http:///www.shopbot.com.au/283",
        "http:///www.shopbot.com.au/409"
    ],
    "45": [
        "http:///www.shopbot.com.au/221"
    ],
    "46": [
        "http:///www.shopbot.com.au/294"
    ],
    "48": [
        "http:///www.shopbot.com.au/354"
    ],
    "49": [
        "http:///www.shopbot.com.au/1445",
        "http:///www.shopbot.com.au/1567",
        "http:///www.shopbot.com.au/217"
    ],
    "50": [
        "http:///www.shopbot.com.au/1514",
        "http:///www.shopbot.com.au/241",
        "http:///www.shopbot.com.au/291"
    ],
    "51": [
        "http:///www.shopbot.com.au/1251",
        "http:///www.shopbot.com.au/1334",
        "http:///www.shopbot.com.au/417",
        "http:///www.shopbot.com.au/430",
        "http:///www.shopbot.com.au/435"
    ],
    "53": [
        "http:///www.shopbot.com.au/309"
    ],
    "54": [
        "http:///www.shopbot.com.au/1304",
        "http:///www.shopbot.com.au/1388",
        "http:///www.shopbot.com.au/1663",
        "http:///www.shopbot.com.au/201",
        "http:///www.shopbot.com.au/255",
        "http:///www.shopbot.com.au/436"
    ],
    "55": [
        "http:///www.shopbot.com.au/246"
    ],
    "56": [
        "http:///www.shopbot.com.au/271",
        "http:///www.shopbot.com.au/369",
        "http:///www.shopbot.com.au/388",
        "http:///www.shopbot.com.au/402"
    ],
    "57": [
        "http:///www.shopbot.com.au/1373",
        "http:///www.shopbot.com.au/1503",
        "http:///www.shopbot.com.au/1594",
        "http:///www.shopbot.com.au/205",
        "http:///www.shopbot.com.au/214",
        "http:///www.shopbot.com.au/320",
        "http:///www.shopbot.com.au/333",
        "http:///www.shopbot.com.au/353"
    ],
    "58": [
        "http:///www.shopbot.com.au/379"
    ],
    "59": [
        "http:///www.shopbot.com.au/413"
    ],
    "61": [
        "http:///www.shopbot.com.au/1378",
        "http:///www.shopbot.com.au/429"
    ],
    "62": [
        "http:///www.shopbot.com.au/232"
    ],
    "64": [
        "http:///www.shopbot.com.au/1216",
        "http:///www.shopbot.com.au/1228",
        "http:///www.shopbot.com.au/1357",
        "http:///www.shopbot.com.au/1447",
        "http:///www.shopbot.com.au/1489",
        "http:///www.shopbot.com.au/1572",
        "http:///www.shopbot.com.au/1580",
        "http:///www.shopbot.com.au/389"
    ],
    "65": [
        "http:///www.shopbot.com.au/1430"
    ],
    "66": [
        "http:///www.shopbot.com.au/1453",
        "http:///www.shopbot.com.au/231",
        "http:///www.shopbot.com.au/299",
        "http:///www.shopbot.com.au/319"
    ],
    "67": [
        "http:///www.shopbot.com.au/1340",
        "http:///www.shopbot.com.au/1396"
    ],
    "70": [
        "http:///www.shopbot.com.au/1206",
        "http:///www.shopbot.com.au/1256",
        "http:///www.shopbot.com.au/1452"
    ],
    "71": [
        "http:///www.shopbot.com.au/1335",
        "http:///www.shopbot.com.au/1518"
    ],
    "73": [
        "http:///www.shopbot.com.au/348"
    ],
    "74": [
        "http:///www.shopbot.com.au/1547"
    ],
    "77": [
        "http:///www.shopbot.com.au/273"
    ],
    "78": [
        "http:///www.shopbot.com.au/269"
    ],
    "79": [
        "http:///www.shopbot.com.au/330"
    ],
    "81": [
        "http:///www.shopbot.com.au/1476",
        "http:///www.shopbot.com.au/266"
    ],
    "82": [
        "http:///www.shopbot.com.au/438"
    ],
    "84": [
        "http:///www.shopbot.com.au/363"
    ],
    "86": [
        "http:///www.shopbot.com.au/275"
    ],
    "87": [
        "http:///www.shopbot.com.au/202"
    ],
    "90": [
        "http:///www.shopbot.com.au/361"
    ],
    "91": [
        "http:///www.shopbot.com.au/321",
        "http:///www.shopbot.com.au/423"
    ],
    "92": [
        "http:///www.shopbot.com.au/1247"
    ],
    "93": [
        "http:///www.shopbot.com.au/1277"
    ],
    "95": [
        "http:///www.shopbot.com.au/249"
    ],
    "96": [
        "http:///www.shopbot.com.au/226"
    ],
    "97": [
        "http:///www.shopbot.com.au/1631"
    ],
    "98": [
        "http:///www.shopbot.com.au/1219"
    ],
    "99": [
        "http:///www.shopbot.com.au/1203",
        "http:///www.shopbot.com.au/1480",
        "http:///www.shopbot.com.au/233",
        "http:///www.shopbot.com.au/254",
        "http:///www.shopbot.com.au/303",
        "http:///www.shopbot.com.au/357",
        "http:///www.shopbot.com.au/433"
    ],
    "102": [
        "http:///www.shopbot.com.au/362",
        "http:///www.shopbot.com.au/371"
    ],
    "103": [
        "http:///www.shopbot.com.au/1316",
        "http:///www.shopbot.com.au/1457",
        "http:///www.shopbot.com.au/1565",
        "http:///www.shopbot.com.au/247",
        "http:///www.shopbot.com.au/412",
        "http:///www.shopbot.com.au/442"
    ],
    "104": [
        "http:///www.shopbot.com.au/207"
    ],
    "105": [
        "http:///www.shopbot.com.au/1410",
        "http:///www.shopbot.com.au/1634"
    ],
    "106": [
        "http:///www.shopbot.com.au/1464",
        "http:///www.shopbot.com.au/1498",
        "http:///www.shopbot.com.au/1540"
    ],
    "108": [
        "http:///www.shopbot.com.au/1344",
        "http:///www.shopbot.com.au/1419",
        "http:///www.shopbot.com.au/257"
    ],
    "109": [
        "http:///www.shopbot.com.au/1501"
    ],
    "114": [
        "http:///www.shopbot.com.au/1429"
    ],
    "115": [
        "http:///www.shopbot.com.au/1250"
    ],
    "116": [
        "http:///www.shopbot.com.au/1209",
        "http:///www.shopbot.com.au/1433",
        "http:///www.shopbot.com.au/368"
    ],
    "118": [
        "http:///www.shopbot.com.au/1263",
        "http:///www.shopbot.com.au/281"
    ],
    "120": [
        "http:///www.shopbot.com.au/1350"
    ],
    "121": [
        "http:///www.shopbot.com.au/1460"
    ],
    "122": [
        "http:///www.shopbot.com.au/1313",
        "http:///www.shopbot.com.au/1387",
        "http:///www.shopbot.com.au/1481",
        "http:///www.shopbot.com.au/1601",
        "http:///www.shopbot.com.au/1665",
        "http:///www.shopbot.com.au/332",
        "http:///www.shopbot.com.au/352",
        "http:///www.shopbot.com.au/399"
    ],
    "123": [
        "http:///www.shopbot.com.au/1225"
    ],
    "125": [
        "http:///www.shopbot.com.au/1365",
        "http:///www.shopbot.com.au/1483",
        "http:///www.shopbot.com.au/1657"
    ],
    "128": [
        "http:///www.shopbot.com.au/1491",
        "http:///www.shopbot.com.au/198",
        "http:///www.shopbot.com.au/287",
        "http:///www.shopbot.com.au/378"
    ],
    "130": [
        "http:///www.shopbot.com.au/1226",
        "http:///www.shopbot.com.au/1245",
        "http:///www.shopbot.com.au/1281",
        "http:///www.shopbot.com.au/1376",
        "http:///www.shopbot.com.au/1549",
        "http:///www.shopbot.com.au/284",
        "http:///www.shopbot.com.au/404"
    ],
    "131": [
        "http:///www.shopbot.com.au/1439",
        "http:///www.shopbot.com.au/1628"
    ],
    "132": [
        "http:///www.shopbot.com.au/1622",
        "http:///www.shopbot.com.au/377",
        "http:///www.shopbot.com.au/422"
    ],
    "133": [
        "http:///www.shopbot.com.au/331",
        "http:///www.shopbot.com.au/372"
    ],
    "135": [
        "http:///www.shopbot.com.au/1554"
    ],
    "136": [
        "http:///www.shopbot.com.au/1257",
        "http:///www.shopbot.com.au/1300",
        "http:///www.shopbot.com.au/1386",
        "http:///www.shopbot.com.au/1407",
        "http:///www.shopbot.com.au/1513",
        "http:///www.shopbot.com.au/1612",
        "http:///www.shopbot.com.au/248"
    ],
    "137": [
        "http:///www.shopbot.com.au/230"
    ],
    "138": [
        "http:///www.shopbot.com.au/390"
    ],
    "139": [
        "http:///www.shopbot.com.au/1302"
    ],
    "140": [
        "http:///www.shopbot.com.au/1646"
    ],
    "141": [
        "http:///www.shopbot.com.au/1512",
        "http:///www.shopbot.com.au/1552",
        "http:///www.shopbot.com.au/1563"
    ],
    "142": [
        "http:///www.shopbot.com.au/1240",
        "http:///www.shopbot.com.au/313"
    ],
    "143": [
        "http:///www.shopbot.com.au/1484",
        "http:///www.shopbot.com.au/1486",
        "http:///www.shopbot.com.au/1558",
        "http:///www.shopbot.com.au/259",
        "http:///www.shopbot.com.au/351"
    ],
    "144": [
        "http:///www.shopbot.com.au/1311",
        "http:///www.shopbot.com.au/1431",
        "http:///www.shopbot.com.au/1455",
        "http:///www.shopbot.com.au/1502"
    ],
    "145": [
        "http:///www.shopbot.com.au/1417",
        "http:///www.shopbot.com.au/263",
        "http:///www.shopbot.com.au/385"
    ],
    "146": [
        "http:///www.shopbot.com.au/1231"
    ],
    "148": [
        "http:///www.shopbot.com.au/1661"
    ],
    "149": [
        "http:///www.shopbot.com.au/1268",
        "http:///www.shopbot.com.au/1643"
    ],
    "150": [
        "http:///www.shopbot.com.au/1348",
        "http:///www.shopbot.com.au/1550"
    ],
    "152": [
        "http:///www.shopbot.com.au/1478",
        "http:///www.shopbot.com.au/235",
        "http:///www.shopbot.com.au/323",
        "http:///www.shopbot.com.au/336",
        "http:///www.shopbot.com.au/393"
    ],
    "154": [
        "http:///www.shopbot.com.au/1201"
    ],
    "155": [
        "http:///www.shopbot.com.au/324"
    ],
    "156": [
        "http:///www.shopbot.com.au/1382",
        "http:///www.shopbot.com.au/1522",
        "http:///www.shopbot.com.au/196"
    ],
    "157": [
        "http:///www.shopbot.com.au/428"
    ],
    "158": [
        "http:///www.shopbot.com.au/418"
    ],
    "159": [
        "http:///www.shopbot.com.au/405"
    ],
    "160": [
        "http:///www.shopbot.com.au/373"
    ],
    "161": [
        "http:///www.shopbot.com.au/1215",
        "http:///www.shopbot.com.au/1235",
        "http:///www.shopbot.com.au/1389",
        "http:///www.shopbot.com.au/1459",
        "http:///www.shopbot.com.au/370"
    ],
    "162": [
        "http:///www.shopbot.com.au/367"
    ],
    "163": [
        "http:///www.shopbot.com.au/366"
    ],
    "164": [
        "http:///www.shopbot.com.au/358"
    ],
    "165": [
        "http:///www.shopbot.com.au/1264",
        "http:///www.shopbot.com.au/1392",
        "http:///www.shopbot.com.au/1412",
        "http:///www.shopbot.com.au/1441",
        "http:///www.shopbot.com.au/1632",
        "http:///www.shopbot.com.au/356"
    ],
    "166": [
        "http:///www.shopbot.com.au/355"
    ],
    "167": [
        "http:///www.shopbot.com.au/347"
    ],
    "168": [
        "http:///www.shopbot.com.au/345"
    ],
    "169": [
        "http:///www.shopbot.com.au/341"
    ],
    "170": [
        "http:///www.shopbot.com.au/337"
    ],
    "171": [
        "http:///www.shopbot.com.au/328"
    ],
    "172": [
        "http:///www.shopbot.com.au/327"
    ],
    "173": [
        "http:///www.shopbot.com.au/325"
    ],
    "174": [
        "http:///www.shopbot.com.au/1352",
        "http:///www.shopbot.com.au/1651",
        "http:///www.shopbot.com.au/317"
    ],
    "175": [
        "http:///www.shopbot.com.au/1545",
        "http:///www.shopbot.com.au/307",
        "http:///www.shopbot.com.au/415"
    ],
    "176": [
        "http:///www.shopbot.com.au/305"
    ],
    "177": [
        "http:///www.shopbot.com.au/293"
    ],
    "178": [
        "http:///www.shopbot.com.au/292"
    ],
    "179": [
        "http:///www.shopbot.com.au/288"
    ],
    "180": [
        "http:///www.shopbot.com.au/1287",
        "http:///www.shopbot.com.au/280"
    ],
    "181": [
        "http:///www.shopbot.com.au/265"
    ],
    "182": [
        "http:///www.shopbot.com.au/262"
    ],
    "183": [
        "http:///www.shopbot.com.au/258"
    ],
    "184": [
        "http:///www.shopbot.com.au/1655",
        "http:///www.shopbot.com.au/243",
        "http:///www.shopbot.com.au/306"
    ],
    "185": [
        "http:///www.shopbot.com.au/242"
    ],
    "186": [
        "http:///www.shopbot.com.au/223"
    ],
    "187": [
        "http:///www.shopbot.com.au/222"
    ],
    "188": [
        "http:///www.shopbot.com.au/1315",
        "http:///www.shopbot.com.au/218"
    ],
    "189": [
        "http:///www.shopbot.com.au/212"
    ],
    "190": [
        "http:///www.shopbot.com.au/208"
    ],
    "191": [
        "http:///www.shopbot.com.au/193"
    ],
    "192": [
        "http:///www.shopbot.com.au/1656"
    ],
    "193": [
        "http:///www.shopbot.com.au/1644"
    ],
    "194": [
        "http:///www.shopbot.com.au/1638"
    ],
    "195": [
        "http:///www.shopbot.com.au/1636"
    ],
    "196": [
        "http:///www.shopbot.com.au/1629"
    ],
    "197": [
        "http:///www.shopbot.com.au/1626"
    ],
    "198": [
        "http:///www.shopbot.com.au/1619"
    ],
    "199": [
        "http:///www.shopbot.com.au/1618"
    ],
    "200": [
        "http:///www.shopbot.com.au/1614",
        "http:///www.shopbot.com.au/1649"
    ],
    "201": [
        "http:///www.shopbot.com.au/1377",
        "http:///www.shopbot.com.au/1395",
        "http:///www.shopbot.com.au/1611"
    ],
    "202": [
        "http:///www.shopbot.com.au/1610"
    ],
    "203": [
        "http:///www.shopbot.com.au/1379",
        "http:///www.shopbot.com.au/1608",
        "http:///www.shopbot.com.au/1633"
    ],
    "204": [
        "http:///www.shopbot.com.au/1603",
        "http:///www.shopbot.com.au/312"
    ],
    "205": [
        "http:///www.shopbot.com.au/1598",
        "http:///www.shopbot.com.au/1640"
    ],
    "206": [
        "http:///www.shopbot.com.au/1592"
    ],
    "207": [
        "http:///www.shopbot.com.au/1590"
    ],
    "208": [
        "http:///www.shopbot.com.au/1494",
        "http:///www.shopbot.com.au/1588",
        "http:///www.shopbot.com.au/318"
    ],
    "209": [
        "http:///www.shopbot.com.au/1585"
    ],
    "210": [
        "http:///www.shopbot.com.au/1584"
    ],
    "211": [
        "http:///www.shopbot.com.au/1423",
        "http:///www.shopbot.com.au/1583",
        "http:///www.shopbot.com.au/334"
    ],
    "212": [
        "http:///www.shopbot.com.au/1578",
        "http:///www.shopbot.com.au/391"
    ],
    "213": [
        "http:///www.shopbot.com.au/1577"
    ],
    "214": [
        "http:///www.shopbot.com.au/1576"
    ],
    "215": [
        "http:///www.shopbot.com.au/1574",
        "http:///www.shopbot.com.au/295"
    ],
    "216": [
        "http:///www.shopbot.com.au/1566"
    ],
    "217": [
        "http:///www.shopbot.com.au/1564"
    ],
    "218": [
        "http:///www.shopbot.com.au/1562",
        "http:///www.shopbot.com.au/1573"
    ],
    "219": [
        "http:///www.shopbot.com.au/1560"
    ],
    "220": [
        "http:///www.shopbot.com.au/1553"
    ],
    "221": [
        "http:///www.shopbot.com.au/1551"
    ],
    "222": [
        "http:///www.shopbot.com.au/1546",
        "http:///www.shopbot.com.au/229"
    ],
    "223": [
        "http:///www.shopbot.com.au/1544"
    ],
    "224": [
        "http:///www.shopbot.com.au/1542"
    ],
    "225": [
        "http:///www.shopbot.com.au/1537"
    ],
    "226": [
        "http:///www.shopbot.com.au/1403",
        "http:///www.shopbot.com.au/1531"
    ],
    "227": [
        "http:///www.shopbot.com.au/1530"
    ],
    "228": [
        "http:///www.shopbot.com.au/1529"
    ],
    "229": [
        "http:///www.shopbot.com.au/1528"
    ],
    "230": [
        "http:///www.shopbot.com.au/1272",
        "http:///www.shopbot.com.au/1524"
    ],
    "231": [
        "http:///www.shopbot.com.au/1523"
    ],
    "232": [
        "http:///www.shopbot.com.au/1436",
        "http:///www.shopbot.com.au/1521",
        "http:///www.shopbot.com.au/437"
    ],
    "233": [
        "http:///www.shopbot.com.au/1511"
    ],
    "234": [
        "http:///www.shopbot.com.au/1509"
    ],
    "235": [
        "http:///www.shopbot.com.au/1505"
    ],
    "236": [
        "http:///www.shopbot.com.au/1504"
    ],
    "237": [
        "http:///www.shopbot.com.au/1497"
    ],
    "238": [
        "http:///www.shopbot.com.au/1495"
    ],
    "239": [
        "http:///www.shopbot.com.au/1493"
    ],
    "240": [
        "http:///www.shopbot.com.au/1458",
        "http:///www.shopbot.com.au/1488",
        "http:///www.shopbot.com.au/1571"
    ],
    "241": [
        "http:///www.shopbot.com.au/1479"
    ],
    "242": [
        "http:///www.shopbot.com.au/1477"
    ],
    "243": [
        "http:///www.shopbot.com.au/1470"
    ],
    "244": [
        "http:///www.shopbot.com.au/1467",
        "http:///www.shopbot.com.au/209"
    ],
    "245": [
        "http:///www.shopbot.com.au/1296",
        "http:///www.shopbot.com.au/1466"
    ],
    "246": [
        "http:///www.shopbot.com.au/1465"
    ],
    "247": [
        "http:///www.shopbot.com.au/1456"
    ],
    "248": [
        "http:///www.shopbot.com.au/1450"
    ],
    "249": [
        "http:///www.shopbot.com.au/1438"
    ],
    "250": [
        "http:///www.shopbot.com.au/1244",
        "http:///www.shopbot.com.au/1425",
        "http:///www.shopbot.com.au/395"
    ],
    "251": [
        "http:///www.shopbot.com.au/1416"
    ],
    "252": [
        "http:///www.shopbot.com.au/1409"
    ],
    "253": [
        "http:///www.shopbot.com.au/1405"
    ],
    "254": [
        "http:///www.shopbot.com.au/1401"
    ],
    "255": [
        "http:///www.shopbot.com.au/1229",
        "http:///www.shopbot.com.au/1399",
        "http:///www.shopbot.com.au/1534"
    ],
    "256": [
        "http:///www.shopbot.com.au/1301",
        "http:///www.shopbot.com.au/1394"
    ],
    "257": [
        "http:///www.shopbot.com.au/1385"
    ],
    "258": [
        "http:///www.shopbot.com.au/1383"
    ],
    "259": [
        "http:///www.shopbot.com.au/1374"
    ],
    "260": [
        "http:///www.shopbot.com.au/1359",
        "http:///www.shopbot.com.au/1370",
        "http:///www.shopbot.com.au/1579"
    ],
    "261": [
        "http:///www.shopbot.com.au/1369"
    ],
    "262": [
        "http:///www.shopbot.com.au/1367"
    ],
    "263": [
        "http:///www.shopbot.com.au/1366"
    ],
    "264": [
        "http:///www.shopbot.com.au/1360"
    ],
    "265": [
        "http:///www.shopbot.com.au/1339"
    ],
    "266": [
        "http:///www.shopbot.com.au/1332"
    ],
    "267": [
        "http:///www.shopbot.com.au/1330",
        "http:///www.shopbot.com.au/1613"
    ],
    "268": [
        "http:///www.shopbot.com.au/1329"
    ],
    "269": [
        "http:///www.shopbot.com.au/1323",
        "http:///www.shopbot.com.au/1515"
    ],
    "270": [
        "http:///www.shopbot.com.au/1321"
    ],
    "271": [
        "http:///www.shopbot.com.au/1319"
    ],
    "272": [
        "http:///www.shopbot.com.au/1317"
    ],
    "273": [
        "http:///www.shopbot.com.au/1309"
    ],
    "274": [
        "http:///www.shopbot.com.au/1307",
        "http:///www.shopbot.com.au/250"
    ],
    "275": [
        "http:///www.shopbot.com.au/1305",
        "http:///www.shopbot.com.au/1428"
    ],
    "276": [
        "http:///www.shopbot.com.au/1303"
    ],
    "277": [
        "http:///www.shopbot.com.au/1297",
        "http:///www.shopbot.com.au/1424"
    ],
    "278": [
        "http:///www.shopbot.com.au/1291"
    ],
    "279": [
        "http:///www.shopbot.com.au/1288"
    ],
    "280": [
        "http:///www.shopbot.com.au/1279"
    ],
    "281": [
        "http:///www.shopbot.com.au/1278"
    ],
    "282": [
        "http:///www.shopbot.com.au/1276"
    ],
    "283": [
        "http:///www.shopbot.com.au/1273"
    ],
    "284": [
        "http:///www.shopbot.com.au/1270"
    ],
    "285": [
        "http:///www.shopbot.com.au/1269"
    ],
    "286": [
        "http:///www.shopbot.com.au/1266"
    ],
    "287": [
        "http:///www.shopbot.com.au/1265"
    ],
    "288": [
        "http:///www.shopbot.com.au/1260"
    ],
    "289": [
        "http:///www.shopbot.com.au/1254"
    ],
    "290": [
        "http:///www.shopbot.com.au/1253"
    ],
    "291": [
        "http:///www.shopbot.com.au/1246"
    ],
    "292": [
        "http:///www.shopbot.com.au/1243"
    ],
    "293": [
        "http:///www.shopbot.com.au/1239"
    ],
    "294": [
        "http:///www.shopbot.com.au/1237"
    ],
    "295": [
        "http:///www.shopbot.com.au/1233",
        "http:///www.shopbot.com.au/1398"
    ],
    "296": [
        "http:///www.shopbot.com.au/1232"
    ],
    "297": [
        "http:///www.shopbot.com.au/1230"
    ],
    "298": [
        "http:///www.shopbot.com.au/1224",
        "http:///www.shopbot.com.au/268"
    ],
    "299": [
        "http:///www.shopbot.com.au/1218"
    ],
    "300": [
        "http:///www.shopbot.com.au/1214",
        "http:///www.shopbot.com.au/1375"
    ],
    "301": [
        "http:///www.shopbot.com.au/1211"
    ],
    "302": [
        "http:///www.shopbot.com.au/1208"
    ],
    "303": [
        "http:///www.shopbot.com.au/1205"
    ],
    "304": [
        "http:///www.shopbot.com.au/1199",
        "http:///www.shopbot.com.au/1422"
    ],
    "305": [
        "http:///www.shopbot.com.au/1198"
    ],
    "306": [
        "http:///www.shopbot.com.au/1197"
    ],
    "308": [
        "http:///www.shopbot.com.au/343"
    ],
    "310": [
        "http:///www.shopbot.com.au/1606"
    ],
    "312": [
        "http:///www.shopbot.com.au/1582"
    ],
    "314": [
        "http:///www.shopbot.com.au/1212"
    ],
    "325": [
        "http:///www.shopbot.com.au/1557"
    ],
    "328": [
        "http:///www.shopbot.com.au/1624"
    ],
    "329": [
        "http:///www.shopbot.com.au/374"
    ],
    "330": [
        "http:///www.shopbot.com.au/1336"
    ],
    "335": [
        "http:///www.shopbot.com.au/1325"
    ],
    "338": [
        "http:///www.shopbot.com.au/1271"
    ],
    "339": [
        "http:///www.shopbot.com.au/215"
    ],
    "344": [
        "http:///www.shopbot.com.au/1397"
    ],
    "349": [
        "http:///www.shopbot.com.au/1427"
    ],
    "350": [
        "http:///www.shopbot.com.au/1639"
    ],
    "351": [
        "http:///www.shopbot.com.au/1570"
    ],
    "357": [
        "http:///www.shopbot.com.au/1442"
    ],
    "359": [
        "http:///www.shopbot.com.au/286"
    ],
    "364": [
        "http:///www.shopbot.com.au/1362"
    ],
    "367": [
        "http:///www.shopbot.com.au/1342"
    ],
    "372": [
        "http:///www.shopbot.com.au/1525"
    ],
    "375": [
        "http:///www.shopbot.com.au/1449"
    ],
    "376": [
        "http:///www.shopbot.com.au/1527"
    ],
    "379": [
        "http:///www.shopbot.com.au/1499"
    ],
    "385": [
        "http:///www.shopbot.com.au/261"
    ],
    "387": [
        "http:///www.shopbot.com.au/1333"
    ],
    "389": [
        "http:///www.shopbot.com.au/1568"
    ],
    "402": [
        "http:///www.shopbot.com.au/1414"
    ],
    "405": [
        "http:///www.shopbot.com.au/1526"
    ],
    "407": [
        "http:///www.shopbot.com.au/1647"
    ],
    "408": [
        "http:///www.shopbot.com.au/1596"
    ],
    "410": [
        "http:///www.shopbot.com.au/1408"
    ],
    "414": [
        "http:///www.shopbot.com.au/1242"
    ],
    "418": [
        "http:///www.shopbot.com.au/1306"
    ],
    "421": [
        "http:///www.shopbot.com.au/1345"
    ],
    "428": [
        "http:///www.shopbot.com.au/1635"
    ],
    "432": [
        "http:///www.shopbot.com.au/1364"
    ],
    "441": [
        "http:///www.shopbot.com.au/1261"
    ],
    "443": [
        "http:///www.shopbot.com.au/251"
    ],
    "449": [
        "http:///www.shopbot.com.au/238"
    ],
    "562": [
        "http:///www.shopbot.com.au/1625"
    ],
    "571": [
        "http:///www.shopbot.com.au/1581"
    ],
    "584": [
        "http:///www.shopbot.com.au/1437"
    ],
    "589": [
        "http:///www.shopbot.com.au/344"
    ],
    "613": [
        "http:///www.shopbot.com.au/1593"
    ],
    "617": [
        "http:///www.shopbot.com.au/285"
    ],
    "632": [
        "http:///www.shopbot.com.au/1602"
    ],
    "633": [
        "http:///www.shopbot.com.au/1337"
    ],
    "638": [
        "http:///www.shopbot.com.au/1274"
    ],
    "648": [
        "http:///www.shopbot.com.au/1620"
    ],
    "650": [
        "http:///www.shopbot.com.au/424"
    ],
    "729": [
        "http:///www.shopbot.com.au/411"
    ],
    "739": [
        "http:///www.shopbot.com.au/339"
    ],
    "749": [
        "http:///www.shopbot.com.au/1338"
    ],
    "766": [
        "http:///www.shopbot.com.au/1650"
    ],
    "767": [
        "http:///www.shopbot.com.au/1255"
    ],
    "770": [
        "http:///www.shopbot.com.au/1262"
    ],
    "773": [
        "http:///www.shopbot.com.au/1508"
    ],
    "815": [
        "http:///www.shopbot.com.au/1402"
    ],
    "820": [
        "http:///www.shopbot.com.au/1520"
    ],
    "835": [
        "http:///www.shopbot.com.au/298"
    ],
    "836": [
        "http:///www.shopbot.com.au/1555"
    ],
    "852": [
        "http:///www.shopbot.com.au/1258"
    ],
    "858": [
        "http:///www.shopbot.com.au/398"
    ],
    "859": [
        "http:///www.shopbot.com.au/1604"
    ],
    "873": [
        "http:///www.shopbot.com.au/252"
    ],
    "890": [
        "http:///www.shopbot.com.au/1318"
    ],
    "894": [
        "http:///www.shopbot.com.au/1600"
    ]
}