{
    "ENTITY#10": [
        "http:///www.shopbot.com.au/362"
    ],
    "ENTITY#13": [
        "http:///www.shopbot.com.au/1254"
    ],
    "ENTITY#14": [
        "http:///www.shopbot.com.au/1257",
        "http:///www.shopbot.com.au/1300",
        "http:///www.shopbot.com.au/1386",
        "http:///www.shopbot.com.au/1407",
        "http:///www.shopbot.com.au/1513",
        "http:///www.shopbot.com.au/1612",
        "http:///www.shopbot.com.au/248"
    ],
    "ENTITY#16": [
        "http:///www.shopbot.com.au/331",
        "http:///www.shopbot.com.au/372",
        "http:///www.shopbot.com.au/372"
    ],
    "ENTITY#17": [
        "http:///www.shopbot.com.au/1247"
    ],
    "ENTITY#18": [
        "http:///www.shopbot.com.au/1355",
        "http:///www.shopbot.com.au/1413",
        "http:///www.shopbot.com.au/1415",
        "http:///www.shopbot.com.au/1473",
        "http:///www.shopbot.com.au/1662",
        "http:///www.shopbot.com.au/290"
    ],
    "ENTITY#19": [
        "http:///www.shopbot.com.au/1464",
        "http:///www.shopbot.com.au/1498",
        "http:///www.shopbot.com.au/1540"
    ],
    "ENTITY#20": [
        "http:///www.shopbot.com.au/354"
    ],
    "ENTITY#21": [
        "http:///www.shopbot.com.au/1382",
        "http:///www.shopbot.com.au/1522",
        "http:///www.shopbot.com.au/196"
    ],
    "ENTITY#22": [
        "http:///www.shopbot.com.au/1335",
        "http:///www.shopbot.com.au/1518"
    ],
    "ENTITY#29": [
        "http:///www.shopbot.com.au/1350",
        "http:///www.shopbot.com.au/227"
    ],
    "ENTITY#30": [
        "http:///www.shopbot.com.au/326"
    ],
    "ENTITY#35": [
        "http:///www.shopbot.com.au/407"
    ],
    "ENTITY#36": [
        "http:///www.shopbot.com.au/1453",
        "http:///www.shopbot.com.au/231",
        "http:///www.shopbot.com.au/299",
        "http:///www.shopbot.com.au/319"
    ],
    "ENTITY#38": [
        "http:///www.shopbot.com.au/1366"
    ],
    "ENTITY#4": [
        "http:///www.shopbot.com.au/289"
    ],
    "ENTITY#40": [
        "http:///www.shopbot.com.au/249"
    ],
    "ENTITY#44": [
        "http:///www.shopbot.com.au/1217",
        "http:///www.shopbot.com.au/1222",
        "http:///www.shopbot.com.au/1343",
        "http:///www.shopbot.com.au/1482",
        "http:///www.shopbot.com.au/1659",
        "http:///www.shopbot.com.au/1664",
        "http:///www.shopbot.com.au/260",
        "http:///www.shopbot.com.au/308",
        "http:///www.shopbot.com.au/419",
        "http:///www.shopbot.com.au/431"
    ],
    "ENTITY#45": [
        "http:///www.shopbot.com.au/262"
    ],
    "ENTITY#48": [
        "http:///www.shopbot.com.au/273"
    ],
    "ENTITY#51": [
        "http:///www.shopbot.com.au/1240",
        "http:///www.shopbot.com.au/313"
    ],
    "ENTITY#53": [
        "http:///www.shopbot.com.au/1225"
    ],
    "ENTITY#54": [
        "http:///www.shopbot.com.au/193"
    ],
    "ENTITY#55": [
        "http:///www.shopbot.com.au/1344",
        "http:///www.shopbot.com.au/1419",
        "http:///www.shopbot.com.au/257"
    ],
    "ENTITY#57": [
        "http:///www.shopbot.com.au/1272",
        "http:///www.shopbot.com.au/1524"
    ],
    "ENTITY#6": [
        "http:///www.shopbot.com.au/1445",
        "http:///www.shopbot.com.au/1567",
        "http:///www.shopbot.com.au/217"
    ],
    "ENTITY#60": [
        "http:///www.shopbot.com.au/1593"
    ],
    "ENTITY#61": [
        "http:///www.shopbot.com.au/1233",
        "http:///www.shopbot.com.au/1398"
    ],
    "ENTITY#62": [
        "http:///www.shopbot.com.au/1263",
        "http:///www.shopbot.com.au/281"
    ],
    "ENTITY#64": [
        "http:///www.shopbot.com.au/1201"
    ],
    "ENTITY#65": [
        "http:///www.shopbot.com.au/1231"
    ],
    "ENTITY#66": [
        "http:///www.shopbot.com.au/271",
        "http:///www.shopbot.com.au/369",
        "http:///www.shopbot.com.au/388",
        "http:///www.shopbot.com.au/402"
    ],
    "ENTITY#68": [
        "http:///www.shopbot.com.au/1383"
    ],
    "ENTITY#69": [
        "http:///www.shopbot.com.au/258"
    ],
    "ENTITY#7": [
        "http:///www.shopbot.com.au/1478",
        "http:///www.shopbot.com.au/235",
        "http:///www.shopbot.com.au/323",
        "http:///www.shopbot.com.au/336",
        "http:///www.shopbot.com.au/393"
    ],
    "ENTITY#72": [
        "http:///www.shopbot.com.au/1429"
    ],
    "ENTITY#75": [
        "http:///www.shopbot.com.au/1226",
        "http:///www.shopbot.com.au/1376"
    ],
    "ENTITY#76": [
        "http:///www.shopbot.com.au/1378",
        "http:///www.shopbot.com.au/429"
    ],
    "ENTITY#77": [
        "http:///www.shopbot.com.au/1301",
        "http:///www.shopbot.com.au/1394"
    ],
    "ENTITY#78": [
        "http:///www.shopbot.com.au/222"
    ],
    "ENTITY#79": [
        "http:///www.shopbot.com.au/1491",
        "http:///www.shopbot.com.au/198",
        "http:///www.shopbot.com.au/287",
        "http:///www.shopbot.com.au/378"
    ],
    "ENTITY#8": [
        "http:///www.shopbot.com.au/1460"
    ],
    "ENTITY#80": [
        "http:///www.shopbot.com.au/1523"
    ],
    "ENTITY#81": [
        "http:///www.shopbot.com.au/1577"
    ],
    "ENTITY#82": [
        "http:///www.shopbot.com.au/1265"
    ],
    "ENTITY#83": [
        "http:///www.shopbot.com.au/1358"
    ],
    "ENTITY#86": [
        "http:///www.shopbot.com.au/383"
    ],
    "ENTITY#87": [
        "http:///www.shopbot.com.au/403"
    ],
    "ENTITY#91": [
        "http:///www.shopbot.com.au/348"
    ],
    "ENTITY#92": [
        "http:///www.shopbot.com.au/401"
    ],
    "ENTITY#93": [
        "http:///www.shopbot.com.au/309"
    ]
}