{
    "ENTITY#023": [
        "www.softwarecity.ca//5771"
    ],
    "ENTITY#028": [
        "www.softwarecity.ca//5418"
    ],
    "ENTITY#030": [
        "www.softwarecity.ca//5484"
    ],
    "ENTITY#031": [
        "www.softwarecity.ca//5753"
    ],
    "ENTITY#033": [
        "www.softwarecity.ca//5730"
    ],
    "ENTITY#034": [
        "www.softwarecity.ca//5871"
    ],
    "ENTITY#036": [
        "www.softwarecity.ca//5446"
    ],
    "ENTITY#041": [
        "www.softwarecity.ca//5669"
    ],
    "ENTITY#044": [
        "www.softwarecity.ca//5804"
    ],
    "ENTITY#045": [
        "www.softwarecity.ca//5842"
    ],
    "ENTITY#055": [
        "www.softwarecity.ca//5439"
    ],
    "ENTITY#062": [
        "www.softwarecity.ca//5801"
    ],
    "ENTITY#066": [
        "www.softwarecity.ca//5442"
    ],
    "ENTITY#078": [
        "www.softwarecity.ca//1596",
        "www.softwarecity.ca//5727"
    ],
    "ENTITY#083": [
        "www.softwarecity.ca//5425"
    ],
    "ENTITY#084": [
        "www.softwarecity.ca//5749"
    ],
    "ENTITY#086": [
        "www.softwarecity.ca//1541",
        "www.softwarecity.ca//1579"
    ],
    "ENTITY#087": [
        "www.softwarecity.ca//5912"
    ],
    "ENTITY#091": [
        "www.softwarecity.ca//5453"
    ],
    "ENTITY#093": [
        "www.softwarecity.ca//5729"
    ],
    "ENTITY#099": [
        "www.softwarecity.ca//5788"
    ],
    "ENTITY#104": [
        "www.softwarecity.ca//5763"
    ],
    "ENTITY#107": [
        "www.softwarecity.ca//1599"
    ],
    "ENTITY#114": [
        "www.softwarecity.ca//5717",
        "www.softwarecity.ca//1508",
        "www.softwarecity.ca//1535"
    ],
    "ENTITY#116": [
        "www.softwarecity.ca//5432"
    ],
    "ENTITY#117": [
        "www.softwarecity.ca//5684"
    ],
    "ENTITY#118": [
        "www.softwarecity.ca//1573"
    ],
    "ENTITY#123": [
        "www.softwarecity.ca//1528",
        "www.softwarecity.ca//1593"
    ],
    "ENTITY#128": [
        "www.softwarecity.ca//5820"
    ],
    "ENTITY#129": [
        "www.softwarecity.ca//5787"
    ],
    "ENTITY#130": [
        "www.softwarecity.ca//5893"
    ],
    "ENTITY#131": [
        "www.softwarecity.ca//5666"
    ],
    "ENTITY#132": [
        "www.softwarecity.ca//5757"
    ],
    "ENTITY#134": [
        "www.softwarecity.ca//5430"
    ],
    "ENTITY#136": [
        "www.softwarecity.ca//5797"
    ],
    "ENTITY#144": [
        "www.softwarecity.ca//5698"
    ],
    "ENTITY#150": [
        "www.softwarecity.ca//5892"
    ],
    "ENTITY#160": [
        "www.softwarecity.ca//5452"
    ],
    "ENTITY#161": [
        "www.softwarecity.ca//5419"
    ],
    "ENTITY#162": [
        "www.softwarecity.ca//5423"
    ],
    "ENTITY#163": [
        "www.softwarecity.ca//5785",
        "www.softwarecity.ca//5714",
        "www.softwarecity.ca//5459"
    ],
    "ENTITY#164": [
        "www.softwarecity.ca//5859"
    ],
    "ENTITY#165": [
        "www.softwarecity.ca//5653"
    ],
    "ENTITY#166": [
        "www.softwarecity.ca//5748"
    ],
    "ENTITY#167": [
        "www.softwarecity.ca//5829"
    ],
    "ENTITY#168": [
        "www.softwarecity.ca//5733"
    ],
    "ENTITY#171": [
        "www.softwarecity.ca//5846"
    ],
    "ENTITY#173": [
        "www.softwarecity.ca//5457"
    ],
    "ENTITY#174": [
        "www.softwarecity.ca//5817"
    ],
    "ENTITY#175": [
        "www.softwarecity.ca//5713"
    ],
    "ENTITY#176": [
        "www.softwarecity.ca//5878"
    ],
    "ENTITY#177": [
        "www.softwarecity.ca//5843"
    ],
    "ENTITY#187": [
        "www.softwarecity.ca//5794"
    ],
    "ENTITY#189": [
        "www.softwarecity.ca//5743"
    ],
    "ENTITY#194": [
        "www.softwarecity.ca//5436"
    ],
    "ENTITY#195": [
        "www.softwarecity.ca//5739"
    ],
    "ENTITY#196": [
        "www.softwarecity.ca//5706",
        "www.softwarecity.ca//5711"
    ],
    "ENTITY#198": [
        "www.softwarecity.ca//5894",
        "www.softwarecity.ca//5715"
    ],
    "ENTITY#199": [
        "www.softwarecity.ca//1512",
        "www.softwarecity.ca//1514"
    ],
    "ENTITY#200": [
        "www.softwarecity.ca//5699",
        "www.softwarecity.ca//1533"
    ],
    "ENTITY#215": [
        "www.softwarecity.ca//5800",
        "www.softwarecity.ca//5877"
    ],
    "ENTITY#231": [
        "www.softwarecity.ca//5652"
    ],
    "ENTITY#232": [
        "www.softwarecity.ca//5768"
    ],
    "ENTITY#235": [
        "www.softwarecity.ca//5827"
    ]
}