{
    "ENTITY#022": [
        "www.imldirect.it//864"
    ],
    "ENTITY#025": [
        "www.imldirect.it//286"
    ],
    "ENTITY#026": [
        "www.imldirect.it//705"
    ],
    "ENTITY#027": [
        "www.imldirect.it//230"
    ],
    "ENTITY#028": [
        "www.imldirect.it//680"
    ],
    "ENTITY#032": [
        "www.imldirect.it//550",
        "www.imldirect.it//856"
    ],
    "ENTITY#033": [
        "www.imldirect.it//462"
    ],
    "ENTITY#034": [
        "www.imldirect.it//769"
    ],
    "ENTITY#035": [
        "www.imldirect.it//301"
    ],
    "ENTITY#036": [
        "www.imldirect.it//431"
    ],
    "ENTITY#037": [
        "www.imldirect.it//656"
    ],
    "ENTITY#039": [
        "www.imldirect.it//167"
    ],
    "ENTITY#040": [
        "www.imldirect.it//888"
    ],
    "ENTITY#041": [
        "www.imldirect.it//135"
    ],
    "ENTITY#042": [
        "www.imldirect.it//189",
        "www.imldirect.it//391"
    ],
    "ENTITY#044": [
        "www.imldirect.it//476"
    ],
    "ENTITY#045": [
        "www.imldirect.it//220"
    ],
    "ENTITY#046": [
        "www.imldirect.it//529"
    ],
    "ENTITY#050": [
        "www.imldirect.it//155"
    ],
    "ENTITY#062": [
        "www.imldirect.it//464"
    ],
    "ENTITY#080": [
        "www.imldirect.it//606"
    ],
    "ENTITY#083": [
        "www.imldirect.it//759"
    ],
    "ENTITY#087": [
        "www.imldirect.it//770"
    ],
    "ENTITY#088": [
        "www.imldirect.it//872"
    ],
    "ENTITY#089": [
        "www.imldirect.it//586"
    ],
    "ENTITY#091": [
        "www.imldirect.it//137"
    ],
    "ENTITY#099": [
        "www.imldirect.it//514"
    ],
    "ENTITY#103": [
        "www.imldirect.it//169"
    ],
    "ENTITY#116": [
        "www.imldirect.it//736"
    ],
    "ENTITY#117": [
        "www.imldirect.it//506"
    ],
    "ENTITY#128": [
        "www.imldirect.it//682"
    ],
    "ENTITY#129": [
        "www.imldirect.it//823"
    ],
    "ENTITY#130": [
        "www.imldirect.it//796"
    ],
    "ENTITY#131": [
        "www.imldirect.it//608"
    ],
    "ENTITY#132": [
        "www.imldirect.it//471"
    ],
    "ENTITY#133": [
        "www.imldirect.it//638"
    ],
    "ENTITY#134": [
        "www.imldirect.it//374"
    ],
    "ENTITY#164": [
        "www.imldirect.it//417"
    ],
    "ENTITY#168": [
        "www.imldirect.it//213"
    ],
    "ENTITY#170": [
        "www.imldirect.it//848"
    ],
    "ENTITY#171": [
        "www.imldirect.it//863"
    ],
    "ENTITY#172": [
        "www.imldirect.it//844"
    ],
    "ENTITY#173": [
        "www.imldirect.it//589"
    ],
    "ENTITY#174": [
        "www.imldirect.it//694"
    ],
    "ENTITY#175": [
        "www.imldirect.it//177"
    ],
    "ENTITY#176": [
        "www.imldirect.it//328"
    ],
    "ENTITY#177": [
        "www.imldirect.it//870"
    ],
    "ENTITY#186": [
        "www.imldirect.it//182"
    ],
    "ENTITY#187": [
        "www.imldirect.it//655"
    ],
    "ENTITY#189": [
        "www.imldirect.it//876"
    ],
    "ENTITY#190": [
        "www.imldirect.it//408"
    ],
    "ENTITY#193": [
        "www.imldirect.it//336"
    ]
}