[
    {
        "spec": {
            "coil:": "stock or High Energy coil, primary coil NOT below 1,0 ohm",
            "dwell:": "constant current, fully autom.",
            "max.advance:": "45 degr. crankshaft",
            "range:": "500 - 8000 rpm",
            "spark-bal.:": "better than 0,5 degr. crankshaft",
            "temperature:": "-30 to 100 Celsius",
            "time-out:": "after 1 second current is switched off",
            "vacuum:": "vacuum advance or boost retard, max. 20 degrees crankshaft",
            "voltage:": "4,0-15,0 Volts",
            "wiring:": "red = +6V or +12V, black = '-' coil, blue = ground"
        },
        "url": "123ignitionusa.com//13157918"
    },
    {
        "spec": {
            "coil:": "stock or High Energy coil, primary coil NOT below 1,0 ohm",
            "dwell:": "constant current, fully autom.",
            "max.advance:": "45 degr. crankshaft",
            "range:": "500 - 8000 rpm",
            "spark-bal.:": "better than 0,5 degr. crankshaft",
            "temperature:": "-30 to 100 Celsius",
            "time-out:": "after 1 second current is switched off",
            "vacuum:": "vacuum advance or boost retard, max. 20 degrees crankshaft",
            "voltage:": "4,0-15,0 Volts",
            "wiring:": "red = +6V or +12V, black = '-' coil, blue = ground"
        },
        "url": "123ignitionusa.com//2148841"
    },
    {
        "spec": {
            "coil": ": stock or High Energy coil",
            "dwell": ": constant current, fully autom.",
            "max.advance": ": 45 degr. crankshaft",
            "range": ": 500 - 7000 rpm",
            "spark-bal.": ": better than 0,5 degr. crankshaft",
            "temperature": ": -30 to 85 Celsius",
            "time-out": ": after 1 second current is switched off",
            "vacuum": ": advance starts at 5 inchHg",
            "voltage": ": 4,0-15,0 Volts",
            "wiring": ": red = +6V or +12V, black = '-' coil"
        },
        "url": "123ignitionusa.com//16985315"
    }
]