[
    {
        "spec": {
            "coil": ": stock or High Energy coil",
            "direct.": ": CW (topview)",
            "dwell": ": constant current, fully autom.",
            "max.advance": ": 45 degr. crankshaft",
            "range": ": 500 - 7000 rpm",
            "spark-bal.": ": better than 0,5 degr. crankshaft",
            "temperature": ": -30 to 85 Celsius",
            "time-out": ": after 1 second current is switched off",
            "vacuum": ": advance starts at 5 inchHg",
            "voltage": ": 4,0-15,0 Volts",
            "wiring": ": red = +6V or +12V, black = '-' coil"
        },
        "url": "123ignitionusa.com//11868568"
    },
    {
        "spec": {
            "coil": ": stock or High Energy coil",
            "direct.": ": CW (topview)",
            "dwell": ": constant current, fully autom.",
            "max.advance": ": 45 degr. crankshaft",
            "range": ": 500 - 7000 rpm",
            "spark-bal.": ": better than 0,5 degr. crankshaft",
            "temperature": ": -30 to 85 Celsius",
            "time-out": ": after 1 second current is switched off",
            "vacuum": ": advance starts at 5 inchHg",
            "voltage": ": 4,0-15,0 Volts",
            "wiring": ": red = +6V or +12V, black = '-' coil"
        },
        "url": "123ignitionusa.com//17255175"
    },
    {
        "spec": {
            "coil": ": stock or High Energy coil",
            "direct.": ": CCW (topview)",
            "dwell": ": constant current, fully autom.",
            "max.advance": ": 45 degr. crankshaft",
            "range": ": 500 - 7000 rpm",
            "spark-bal.": ": better than 0,5 degr. crankshaft",
            "temperature": ": -30 to 85 Celsius",
            "time-out": ": after 1 second current is switched off",
            "vacuum": ": advance starts at 5 inchHg",
            "voltage": ": 4,0-15,0 Volts",
            "wiring": ": red = +6V or +12V, black = '-' coil"
        },
        "url": "123ignitionusa.com//830093"
    }
]