{
    "33": [
        "http:///www.buzzillions.com/2118"
    ],
    "39": [
        "http:///www.buzzillions.com/2584"
    ],
    "41": [
        "http:///www.buzzillions.com/2073"
    ],
    "43": [
        "http:///www.buzzillions.com/1984",
        "http:///www.buzzillions.com/2923"
    ],
    "44": [
        "http:///www.buzzillions.com/1938",
        "http:///www.buzzillions.com/1966",
        "http:///www.buzzillions.com/2051",
        "http:///www.buzzillions.com/2757"
    ],
    "45": [
        "http:///www.buzzillions.com/904"
    ],
    "46": [
        "http:///www.buzzillions.com/2316"
    ],
    "50": [
        "http:///www.buzzillions.com/1798"
    ],
    "51": [
        "http:///www.buzzillions.com/2473",
        "http:///www.buzzillions.com/2885"
    ],
    "54": [
        "http:///www.buzzillions.com/1868",
        "http:///www.buzzillions.com/2147",
        "http:///www.buzzillions.com/2697"
    ],
    "57": [
        "http:///www.buzzillions.com/2330",
        "http:///www.buzzillions.com/2348",
        "http:///www.buzzillions.com/2436",
        "http:///www.buzzillions.com/2538",
        "http:///www.buzzillions.com/2614"
    ],
    "58": [
        "http:///www.buzzillions.com/1915"
    ],
    "59": [
        "http:///www.buzzillions.com/1832"
    ],
    "64": [
        "http:///www.buzzillions.com/1796",
        "http:///www.buzzillions.com/1932",
        "http:///www.buzzillions.com/2108",
        "http:///www.buzzillions.com/2727"
    ],
    "65": [
        "http:///www.buzzillions.com/2002"
    ],
    "66": [
        "http:///www.buzzillions.com/1820",
        "http:///www.buzzillions.com/1957",
        "http:///www.buzzillions.com/2974"
    ],
    "67": [
        "http:///www.buzzillions.com/2022"
    ],
    "73": [
        "http:///www.buzzillions.com/908"
    ],
    "77": [
        "http:///www.buzzillions.com/1831"
    ],
    "81": [
        "http:///www.buzzillions.com/1878",
        "http:///www.buzzillions.com/2493"
    ],
    "86": [
        "http:///www.buzzillions.com/1802"
    ],
    "90": [
        "http:///www.buzzillions.com/2402"
    ],
    "99": [
        "http:///www.buzzillions.com/1936",
        "http:///www.buzzillions.com/2440"
    ],
    "100": [
        "http:///www.buzzillions.com/2300"
    ],
    "101": [
        "http:///www.buzzillions.com/2406"
    ],
    "103": [
        "http:///www.buzzillions.com/2809"
    ],
    "105": [
        "http:///www.buzzillions.com/2304"
    ],
    "107": [
        "http:///www.buzzillions.com/1778"
    ],
    "111": [
        "http:///www.buzzillions.com/955"
    ],
    "112": [
        "http:///www.buzzillions.com/2497"
    ],
    "119": [
        "http:///www.buzzillions.com/2113",
        "http:///www.buzzillions.com/2433",
        "http:///www.buzzillions.com/2633"
    ],
    "121": [
        "http:///www.buzzillions.com/2630"
    ],
    "122": [
        "http:///www.buzzillions.com/2063",
        "http:///www.buzzillions.com/2736"
    ],
    "123": [
        "http:///www.buzzillions.com/2098",
        "http:///www.buzzillions.com/2298"
    ],
    "124": [
        "http:///www.buzzillions.com/1908"
    ],
    "130": [
        "http:///www.buzzillions.com/2005",
        "http:///www.buzzillions.com/2815"
    ],
    "131": [
        "http:///www.buzzillions.com/1941",
        "http:///www.buzzillions.com/2225"
    ],
    "132": [
        "http:///www.buzzillions.com/910"
    ],
    "133": [
        "http:///www.buzzillions.com/2163",
        "http:///www.buzzillions.com/2296"
    ],
    "134": [
        "http:///www.buzzillions.com/2749",
        "http:///www.buzzillions.com/2900"
    ],
    "136": [
        "http:///www.buzzillions.com/649"
    ],
    "137": [
        "http:///www.buzzillions.com/2049"
    ],
    "138": [
        "http:///www.buzzillions.com/2719"
    ],
    "139": [
        "http:///www.buzzillions.com/2187"
    ],
    "141": [
        "http:///www.buzzillions.com/2148"
    ],
    "142": [
        "http:///www.buzzillions.com/2404",
        "http:///www.buzzillions.com/2893"
    ],
    "143": [
        "http:///www.buzzillions.com/1976",
        "http:///www.buzzillions.com/2526",
        "http:///www.buzzillions.com/2940"
    ],
    "144": [
        "http:///www.buzzillions.com/2107"
    ],
    "146": [
        "http:///www.buzzillions.com/2585"
    ],
    "148": [
        "http:///www.buzzillions.com/2395",
        "http:///www.buzzillions.com/2640"
    ],
    "149": [
        "http:///www.buzzillions.com/1849",
        "http:///www.buzzillions.com/2290",
        "http:///www.buzzillions.com/2837"
    ],
    "156": [
        "http:///www.buzzillions.com/1864",
        "http:///www.buzzillions.com/2315"
    ],
    "159": [
        "http:///www.buzzillions.com/2438"
    ],
    "161": [
        "http:///www.buzzillions.com/2650"
    ],
    "164": [
        "http:///www.buzzillions.com/2789"
    ],
    "165": [
        "http:///www.buzzillions.com/2420"
    ],
    "166": [
        "http:///www.buzzillions.com/2519"
    ],
    "167": [
        "http:///www.buzzillions.com/1862"
    ],
    "168": [
        "http:///www.buzzillions.com/2970"
    ],
    "170": [
        "http:///www.buzzillions.com/2907"
    ],
    "173": [
        "http:///www.buzzillions.com/2524",
        "http:///www.buzzillions.com/2764"
    ],
    "174": [
        "http:///www.buzzillions.com/2448"
    ],
    "176": [
        "http:///www.buzzillions.com/2299"
    ],
    "181": [
        "http:///www.buzzillions.com/1977"
    ],
    "182": [
        "http:///www.buzzillions.com/2027",
        "http:///www.buzzillions.com/2576"
    ],
    "184": [
        "http:///www.buzzillions.com/913"
    ],
    "187": [
        "http:///www.buzzillions.com/2021"
    ],
    "188": [
        "http:///www.buzzillions.com/2276"
    ],
    "191": [
        "http:///www.buzzillions.com/2392"
    ],
    "195": [
        "http:///www.buzzillions.com/2257"
    ],
    "198": [
        "http:///www.buzzillions.com/1948"
    ],
    "199": [
        "http:///www.buzzillions.com/901"
    ],
    "203": [
        "http:///www.buzzillions.com/1960",
        "http:///www.buzzillions.com/2582",
        "http:///www.buzzillions.com/2952"
    ],
    "206": [
        "http:///www.buzzillions.com/1925",
        "http:///www.buzzillions.com/1975"
    ],
    "207": [
        "http:///www.buzzillions.com/2265",
        "http:///www.buzzillions.com/2767"
    ],
    "208": [
        "http:///www.buzzillions.com/1979"
    ],
    "209": [
        "http:///www.buzzillions.com/2152",
        "http:///www.buzzillions.com/996"
    ],
    "210": [
        "http:///www.buzzillions.com/2216",
        "http:///www.buzzillions.com/2352",
        "http:///www.buzzillions.com/2740"
    ],
    "213": [
        "http:///www.buzzillions.com/2573"
    ],
    "214": [
        "http:///www.buzzillions.com/883"
    ],
    "219": [
        "http:///www.buzzillions.com/2520",
        "http:///www.buzzillions.com/2623"
    ],
    "221": [
        "http:///www.buzzillions.com/2219"
    ],
    "225": [
        "http:///www.buzzillions.com/1963"
    ],
    "226": [
        "http:///www.buzzillions.com/1970",
        "http:///www.buzzillions.com/2384"
    ],
    "227": [
        "http:///www.buzzillions.com/1891",
        "http:///www.buzzillions.com/2069"
    ],
    "228": [
        "http:///www.buzzillions.com/1943"
    ],
    "231": [
        "http:///www.buzzillions.com/2206"
    ],
    "232": [
        "http:///www.buzzillions.com/2760"
    ],
    "234": [
        "http:///www.buzzillions.com/1999"
    ],
    "235": [
        "http:///www.buzzillions.com/2766"
    ],
    "236": [
        "http:///www.buzzillions.com/2881"
    ],
    "237": [
        "http:///www.buzzillions.com/2518"
    ],
    "238": [
        "http:///www.buzzillions.com/2258",
        "http:///www.buzzillions.com/2622"
    ],
    "240": [
        "http:///www.buzzillions.com/1001",
        "http:///www.buzzillions.com/848"
    ],
    "242": [
        "http:///www.buzzillions.com/1850",
        "http:///www.buzzillions.com/2542"
    ],
    "253": [
        "http:///www.buzzillions.com/2872",
        "http:///www.buzzillions.com/963"
    ],
    "254": [
        "http:///www.buzzillions.com/2632"
    ],
    "255": [
        "http:///www.buzzillions.com/2382",
        "http:///www.buzzillions.com/2471",
        "http:///www.buzzillions.com/2572"
    ],
    "264": [
        "http:///www.buzzillions.com/865"
    ],
    "265": [
        "http:///www.buzzillions.com/2549"
    ],
    "267": [
        "http:///www.buzzillions.com/2332"
    ],
    "270": [
        "http:///www.buzzillions.com/2892"
    ],
    "275": [
        "http:///www.buzzillions.com/2349"
    ],
    "278": [
        "http:///www.buzzillions.com/1014"
    ],
    "280": [
        "http:///www.buzzillions.com/1786"
    ],
    "282": [
        "http:///www.buzzillions.com/2302"
    ],
    "285": [
        "http:///www.buzzillions.com/2941"
    ],
    "287": [
        "http:///www.buzzillions.com/2301"
    ],
    "289": [
        "http:///www.buzzillions.com/2909"
    ],
    "292": [
        "http:///www.buzzillions.com/2271"
    ],
    "296": [
        "http:///www.buzzillions.com/1843"
    ],
    "298": [
        "http:///www.buzzillions.com/905"
    ],
    "299": [
        "http:///www.buzzillions.com/1000",
        "http:///www.buzzillions.com/1034",
        "http:///www.buzzillions.com/869",
        "http:///www.buzzillions.com/916"
    ],
    "300": [
        "http:///www.buzzillions.com/2242"
    ],
    "301": [
        "http:///www.buzzillions.com/1808"
    ],
    "302": [
        "http:///www.buzzillions.com/1842"
    ],
    "305": [
        "http:///www.buzzillions.com/2768"
    ],
    "306": [
        "http:///www.buzzillions.com/1919"
    ],
    "307": [
        "http:///www.buzzillions.com/2609",
        "http:///www.buzzillions.com/2725"
    ],
    "309": [
        "http:///www.buzzillions.com/2559"
    ],
    "312": [
        "http:///www.buzzillions.com/1899",
        "http:///www.buzzillions.com/2605"
    ],
    "314": [
        "http:///www.buzzillions.com/2949"
    ],
    "317": [
        "http:///www.buzzillions.com/935"
    ],
    "319": [
        "http:///www.buzzillions.com/942"
    ],
    "320": [
        "http:///www.buzzillions.com/2139",
        "http:///www.buzzillions.com/2161"
    ],
    "321": [
        "http:///www.buzzillions.com/2183"
    ],
    "322": [
        "http:///www.buzzillions.com/1841",
        "http:///www.buzzillions.com/2903"
    ],
    "324": [
        "http:///www.buzzillions.com/2124",
        "http:///www.buzzillions.com/2777",
        "http:///www.buzzillions.com/2845"
    ],
    "327": [
        "http:///www.buzzillions.com/1025",
        "http:///www.buzzillions.com/877"
    ],
    "330": [
        "http:///www.buzzillions.com/2460",
        "http:///www.buzzillions.com/2878",
        "http:///www.buzzillions.com/867"
    ],
    "331": [
        "http:///www.buzzillions.com/2033",
        "http:///www.buzzillions.com/2594",
        "http:///www.buzzillions.com/2675"
    ],
    "332": [
        "http:///www.buzzillions.com/1897",
        "http:///www.buzzillions.com/2269",
        "http:///www.buzzillions.com/2638"
    ],
    "333": [
        "http:///www.buzzillions.com/2769"
    ],
    "334": [
        "http:///www.buzzillions.com/987"
    ],
    "335": [
        "http:///www.buzzillions.com/1037"
    ],
    "336": [
        "http:///www.buzzillions.com/1927"
    ],
    "337": [
        "http:///www.buzzillions.com/2803"
    ],
    "339": [
        "http:///www.buzzillions.com/1880"
    ],
    "340": [
        "http:///www.buzzillions.com/1027"
    ],
    "343": [
        "http:///www.buzzillions.com/2748"
    ],
    "344": [
        "http:///www.buzzillions.com/2511",
        "http:///www.buzzillions.com/2710",
        "http:///www.buzzillions.com/2715"
    ],
    "345": [
        "http:///www.buzzillions.com/2268"
    ],
    "346": [
        "http:///www.buzzillions.com/2470"
    ],
    "347": [
        "http:///www.buzzillions.com/2874"
    ],
    "348": [
        "http:///www.buzzillions.com/1859",
        "http:///www.buzzillions.com/2179"
    ],
    "349": [
        "http:///www.buzzillions.com/2127"
    ],
    "352": [
        "http:///www.buzzillions.com/1814",
        "http:///www.buzzillions.com/2805"
    ],
    "353": [
        "http:///www.buzzillions.com/876"
    ],
    "354": [
        "http:///www.buzzillions.com/2359",
        "http:///www.buzzillions.com/2679"
    ],
    "355": [
        "http:///www.buzzillions.com/1835"
    ],
    "356": [
        "http:///www.buzzillions.com/2723"
    ],
    "360": [
        "http:///www.buzzillions.com/2213",
        "http:///www.buzzillions.com/2672"
    ],
    "363": [
        "http:///www.buzzillions.com/1837"
    ],
    "366": [
        "http:///www.buzzillions.com/2447"
    ],
    "368": [
        "http:///www.buzzillions.com/1848"
    ],
    "370": [
        "http:///www.buzzillions.com/1929"
    ],
    "371": [
        "http:///www.buzzillions.com/1860"
    ],
    "373": [
        "http:///www.buzzillions.com/2117"
    ],
    "377": [
        "http:///www.buzzillions.com/2047",
        "http:///www.buzzillions.com/2480"
    ],
    "379": [
        "http:///www.buzzillions.com/2484"
    ],
    "380": [
        "http:///www.buzzillions.com/2015",
        "http:///www.buzzillions.com/2126"
    ],
    "381": [
        "http:///www.buzzillions.com/2140"
    ],
    "383": [
        "http:///www.buzzillions.com/2654"
    ],
    "385": [
        "http:///www.buzzillions.com/2101",
        "http:///www.buzzillions.com/2927"
    ],
    "387": [
        "http:///www.buzzillions.com/2879"
    ],
    "388": [
        "http:///www.buzzillions.com/2669"
    ],
    "390": [
        "http:///www.buzzillions.com/2456"
    ],
    "391": [
        "http:///www.buzzillions.com/1918",
        "http:///www.buzzillions.com/2868"
    ],
    "392": [
        "http:///www.buzzillions.com/2917"
    ],
    "393": [
        "http:///www.buzzillions.com/1912",
        "http:///www.buzzillions.com/2162",
        "http:///www.buzzillions.com/2236"
    ],
    "394": [
        "http:///www.buzzillions.com/2153"
    ],
    "397": [
        "http:///www.buzzillions.com/2905"
    ],
    "403": [
        "http:///www.buzzillions.com/2652"
    ],
    "404": [
        "http:///www.buzzillions.com/2336"
    ],
    "406": [
        "http:///www.buzzillions.com/1909"
    ],
    "409": [
        "http:///www.buzzillions.com/2353"
    ],
    "411": [
        "http:///www.buzzillions.com/1023"
    ],
    "413": [
        "http:///www.buzzillions.com/2807"
    ],
    "416": [
        "http:///www.buzzillions.com/1788"
    ],
    "418": [
        "http:///www.buzzillions.com/2550"
    ],
    "420": [
        "http:///www.buzzillions.com/1883",
        "http:///www.buzzillions.com/969"
    ],
    "424": [
        "http:///www.buzzillions.com/1852"
    ],
    "430": [
        "http:///www.buzzillions.com/1828",
        "http:///www.buzzillions.com/2142",
        "http:///www.buzzillions.com/2154",
        "http:///www.buzzillions.com/2253",
        "http:///www.buzzillions.com/2660",
        "http:///www.buzzillions.com/2883"
    ],
    "431": [
        "http:///www.buzzillions.com/2820"
    ],
    "434": [
        "http:///www.buzzillions.com/2613"
    ],
    "435": [
        "http:///www.buzzillions.com/2370",
        "http:///www.buzzillions.com/2501",
        "http:///www.buzzillions.com/2555"
    ],
    "442": [
        "http:///www.buzzillions.com/2667"
    ],
    "443": [
        "http:///www.buzzillions.com/2277"
    ],
    "447": [
        "http:///www.buzzillions.com/2310",
        "http:///www.buzzillions.com/2563",
        "http:///www.buzzillions.com/2616",
        "http:///www.buzzillions.com/2866"
    ],
    "448": [
        "http:///www.buzzillions.com/2105",
        "http:///www.buzzillions.com/2430"
    ],
    "451": [
        "http:///www.buzzillions.com/1945"
    ],
    "458": [
        "http:///www.buzzillions.com/878"
    ],
    "466": [
        "http:///www.buzzillions.com/2943",
        "http:///www.buzzillions.com/2959"
    ],
    "467": [
        "http:///www.buzzillions.com/2016"
    ],
    "469": [
        "http:///www.buzzillions.com/960"
    ],
    "470": [
        "http:///www.buzzillions.com/2321",
        "http:///www.buzzillions.com/2738"
    ],
    "471": [
        "http:///www.buzzillions.com/885"
    ],
    "477": [
        "http:///www.buzzillions.com/863"
    ],
    "479": [
        "http:///www.buzzillions.com/2129",
        "http:///www.buzzillions.com/2756",
        "http:///www.buzzillions.com/2897"
    ],
    "481": [
        "http:///www.buzzillions.com/2785",
        "http:///www.buzzillions.com/2834",
        "http:///www.buzzillions.com/2844",
        "http:///www.buzzillions.com/2933"
    ],
    "485": [
        "http:///www.buzzillions.com/2293",
        "http:///www.buzzillions.com/2364",
        "http:///www.buzzillions.com/2692",
        "http:///www.buzzillions.com/2914"
    ],
    "486": [
        "http:///www.buzzillions.com/890"
    ],
    "488": [
        "http:///www.buzzillions.com/990"
    ],
    "491": [
        "http:///www.buzzillions.com/2726"
    ],
    "492": [
        "http:///www.buzzillions.com/917"
    ],
    "493": [
        "http:///www.buzzillions.com/2009"
    ],
    "495": [
        "http:///www.buzzillions.com/2703"
    ],
    "496": [
        "http:///www.buzzillions.com/2194"
    ],
    "498": [
        "http:///www.buzzillions.com/2693"
    ],
    "501": [
        "http:///www.buzzillions.com/1853"
    ],
    "503": [
        "http:///www.buzzillions.com/2553",
        "http:///www.buzzillions.com/2587",
        "http:///www.buzzillions.com/2642"
    ],
    "504": [
        "http:///www.buzzillions.com/1855",
        "http:///www.buzzillions.com/1935",
        "http:///www.buzzillions.com/2245",
        "http:///www.buzzillions.com/2383",
        "http:///www.buzzillions.com/2706"
    ],
    "510": [
        "http:///www.buzzillions.com/979"
    ],
    "511": [
        "http:///www.buzzillions.com/1804"
    ],
    "515": [
        "http:///www.buzzillions.com/859",
        "http:///www.buzzillions.com/860"
    ],
    "518": [
        "http:///www.buzzillions.com/1003",
        "http:///www.buzzillions.com/1053"
    ],
    "519": [
        "http:///www.buzzillions.com/2210",
        "http:///www.buzzillions.com/2683"
    ],
    "520": [
        "http:///www.buzzillions.com/1791"
    ],
    "522": [
        "http:///www.buzzillions.com/849"
    ],
    "524": [
        "http:///www.buzzillions.com/2839"
    ],
    "526": [
        "http:///www.buzzillions.com/1985",
        "http:///www.buzzillions.com/2294",
        "http:///www.buzzillions.com/2880"
    ],
    "528": [
        "http:///www.buzzillions.com/964"
    ],
    "536": [
        "http:///www.buzzillions.com/2109",
        "http:///www.buzzillions.com/2324",
        "http:///www.buzzillions.com/918"
    ],
    "537": [
        "http:///www.buzzillions.com/2351"
    ],
    "539": [
        "http:///www.buzzillions.com/2717"
    ],
    "542": [
        "http:///www.buzzillions.com/1028"
    ],
    "543": [
        "http:///www.buzzillions.com/2537",
        "http:///www.buzzillions.com/2862"
    ],
    "545": [
        "http:///www.buzzillions.com/1917"
    ],
    "547": [
        "http:///www.buzzillions.com/1973"
    ],
    "554": [
        "http:///www.buzzillions.com/2025"
    ],
    "556": [
        "http:///www.buzzillions.com/2007"
    ],
    "557": [
        "http:///www.buzzillions.com/2796"
    ],
    "560": [
        "http:///www.buzzillions.com/2439"
    ],
    "570": [
        "http:///www.buzzillions.com/1830"
    ],
    "595": [
        "http:///www.buzzillions.com/2243"
    ],
    "600": [
        "http:///www.buzzillions.com/906",
        "http:///www.buzzillions.com/936",
        "http:///www.buzzillions.com/952"
    ],
    "604": [
        "http:///www.buzzillions.com/2070"
    ],
    "611": [
        "http:///www.buzzillions.com/1033"
    ],
    "613": [
        "http:///www.buzzillions.com/1035"
    ],
    "615": [
        "http:///www.buzzillions.com/2574"
    ],
    "618": [
        "http:///www.buzzillions.com/2702"
    ],
    "619": [
        "http:///www.buzzillions.com/2135"
    ],
    "620": [
        "http:///www.buzzillions.com/2071"
    ],
    "621": [
        "http:///www.buzzillions.com/2173",
        "http:///www.buzzillions.com/2810"
    ],
    "624": [
        "http:///www.buzzillions.com/2510"
    ],
    "625": [
        "http:///www.buzzillions.com/1871",
        "http:///www.buzzillions.com/2221"
    ],
    "626": [
        "http:///www.buzzillions.com/2097"
    ],
    "629": [
        "http:///www.buzzillions.com/2078",
        "http:///www.buzzillions.com/2131"
    ],
    "630": [
        "http:///www.buzzillions.com/2075"
    ],
    "631": [
        "http:///www.buzzillions.com/2591"
    ],
    "632": [
        "http:///www.buzzillions.com/862"
    ],
    "633": [
        "http:///www.buzzillions.com/1781"
    ],
    "636": [
        "http:///www.buzzillions.com/1829",
        "http:///www.buzzillions.com/2222"
    ],
    "637": [
        "http:///www.buzzillions.com/892",
        "http:///www.buzzillions.com/957"
    ],
    "644": [
        "http:///www.buzzillions.com/2403"
    ],
    "649": [
        "http:///www.buzzillions.com/864"
    ],
    "651": [
        "http:///www.buzzillions.com/1901"
    ],
    "655": [
        "http:///www.buzzillions.com/1896"
    ],
    "656": [
        "http:///www.buzzillions.com/2241"
    ],
    "657": [
        "http:///www.buzzillions.com/1030"
    ],
    "659": [
        "http:///www.buzzillions.com/2229"
    ],
    "660": [
        "http:///www.buzzillions.com/2854"
    ],
    "663": [
        "http:///www.buzzillions.com/2487"
    ],
    "665": [
        "http:///www.buzzillions.com/2973"
    ],
    "668": [
        "http:///www.buzzillions.com/2262"
    ],
    "669": [
        "http:///www.buzzillions.com/939"
    ],
    "670": [
        "http:///www.buzzillions.com/1972"
    ],
    "678": [
        "http:///www.buzzillions.com/2840"
    ],
    "680": [
        "http:///www.buzzillions.com/1924"
    ],
    "681": [
        "http:///www.buzzillions.com/1776"
    ],
    "684": [
        "http:///www.buzzillions.com/2628"
    ],
    "685": [
        "http:///www.buzzillions.com/1854",
        "http:///www.buzzillions.com/2232"
    ],
    "686": [
        "http:///www.buzzillions.com/1018"
    ],
    "687": [
        "http:///www.buzzillions.com/2670",
        "http:///www.buzzillions.com/2780"
    ],
    "688": [
        "http:///www.buzzillions.com/2475",
        "http:///www.buzzillions.com/2673"
    ],
    "697": [
        "http:///www.buzzillions.com/2626"
    ],
    "698": [
        "http:///www.buzzillions.com/2090"
    ],
    "700": [
        "http:///www.buzzillions.com/1049"
    ],
    "703": [
        "http:///www.buzzillions.com/2366",
        "http:///www.buzzillions.com/2449"
    ],
    "705": [
        "http:///www.buzzillions.com/2224"
    ],
    "707": [
        "http:///www.buzzillions.com/2682"
    ],
    "708": [
        "http:///www.buzzillions.com/2413"
    ],
    "711": [
        "http:///www.buzzillions.com/2564"
    ],
    "712": [
        "http:///www.buzzillions.com/1961"
    ],
    "716": [
        "http:///www.buzzillions.com/2711"
    ],
    "722": [
        "http:///www.buzzillions.com/2426"
    ],
    "725": [
        "http:///www.buzzillions.com/2483"
    ],
    "729": [
        "http:///www.buzzillions.com/2309"
    ],
    "733": [
        "http:///www.buzzillions.com/953"
    ],
    "750": [
        "http:///www.buzzillions.com/2562",
        "http:///www.buzzillions.com/2788"
    ],
    "753": [
        "http:///www.buzzillions.com/2662"
    ],
    "756": [
        "http:///www.buzzillions.com/1856"
    ],
    "758": [
        "http:///www.buzzillions.com/2824"
    ],
    "759": [
        "http:///www.buzzillions.com/2467"
    ],
    "763": [
        "http:///www.buzzillions.com/2146"
    ],
    "765": [
        "http:///www.buzzillions.com/1052"
    ],
    "770": [
        "http:///www.buzzillions.com/1044"
    ],
    "771": [
        "http:///www.buzzillions.com/2333"
    ],
    "775": [
        "http:///www.buzzillions.com/938"
    ],
    "776": [
        "http:///www.buzzillions.com/2434"
    ],
    "777": [
        "http:///www.buzzillions.com/2327"
    ],
    "781": [
        "http:///www.buzzillions.com/2455"
    ],
    "789": [
        "http:///www.buzzillions.com/1794",
        "http:///www.buzzillions.com/2041",
        "http:///www.buzzillions.com/2112",
        "http:///www.buzzillions.com/2960"
    ],
    "790": [
        "http:///www.buzzillions.com/1857",
        "http:///www.buzzillions.com/1885"
    ],
    "798": [
        "http:///www.buzzillions.com/940"
    ],
    "802": [
        "http:///www.buzzillions.com/1846"
    ],
    "803": [
        "http:///www.buzzillions.com/1805",
        "http:///www.buzzillions.com/2888"
    ],
    "812": [
        "http:///www.buzzillions.com/1036"
    ],
    "813": [
        "http:///www.buzzillions.com/1045"
    ],
    "819": [
        "http:///www.buzzillions.com/1931"
    ],
    "820": [
        "http:///www.buzzillions.com/2624"
    ],
    "823": [
        "http:///www.buzzillions.com/2566"
    ],
    "825": [
        "http:///www.buzzillions.com/2535"
    ],
    "832": [
        "http:///www.buzzillions.com/2677"
    ],
    "833": [
        "http:///www.buzzillions.com/1797"
    ],
    "834": [
        "http:///www.buzzillions.com/2189"
    ],
    "853": [
        "http:///www.buzzillions.com/2712"
    ],
    "854": [
        "http:///www.buzzillions.com/2922"
    ],
    "856": [
        "http:///www.buzzillions.com/1876"
    ],
    "859": [
        "http:///www.buzzillions.com/2088"
    ],
    "860": [
        "http:///www.buzzillions.com/1780"
    ],
    "865": [
        "http:///www.buzzillions.com/2254",
        "http:///www.buzzillions.com/2544",
        "http:///www.buzzillions.com/2887",
        "http:///www.buzzillions.com/2964"
    ],
    "868": [
        "http:///www.buzzillions.com/951"
    ],
    "870": [
        "http:///www.buzzillions.com/2871",
        "http:///www.buzzillions.com/2924"
    ],
    "873": [
        "http:///www.buzzillions.com/2621"
    ],
    "874": [
        "http:///www.buzzillions.com/1942",
        "http:///www.buzzillions.com/1954"
    ],
    "887": [
        "http:///www.buzzillions.com/1822",
        "http:///www.buzzillions.com/2643"
    ],
    "888": [
        "http:///www.buzzillions.com/972"
    ],
    "889": [
        "http:///www.buzzillions.com/2560"
    ],
    "890": [
        "http:///www.buzzillions.com/1996",
        "http:///www.buzzillions.com/2533"
    ],
    "891": [
        "http:///www.buzzillions.com/1882",
        "http:///www.buzzillions.com/2517"
    ],
    "892": [
        "http:///www.buzzillions.com/2185",
        "http:///www.buzzillions.com/2472"
    ],
    "893": [
        "http:///www.buzzillions.com/2261"
    ],
    "894": [
        "http:///www.buzzillions.com/2202"
    ],
    "895": [
        "http:///www.buzzillions.com/2086"
    ],
    "896": [
        "http:///www.buzzillions.com/1834"
    ]
}