{
    "ENTITY#13": [
        "http:///www.buzzillions.com/2909"
    ],
    "ENTITY#14": [
        "http:///www.buzzillions.com/2719",
        "http:///www.buzzillions.com/649"
    ],
    "ENTITY#15": [
        "http:///www.buzzillions.com/2750"
    ],
    "ENTITY#16": [
        "http:///www.buzzillions.com/2163",
        "http:///www.buzzillions.com/2296"
    ],
    "ENTITY#2": [
        "http:///www.buzzillions.com/2547"
    ],
    "ENTITY#21": [
        "http:///www.buzzillions.com/1864",
        "http:///www.buzzillions.com/2315"
    ],
    "ENTITY#26": [
        "http:///www.buzzillions.com/1914",
        "http:///www.buzzillions.com/2446",
        "http:///www.buzzillions.com/2821"
    ],
    "ENTITY#27": [
        "http:///www.buzzillions.com/1985",
        "http:///www.buzzillions.com/2294",
        "http:///www.buzzillions.com/2880"
    ],
    "ENTITY#28": [
        "http:///www.buzzillions.com/2078",
        "http:///www.buzzillions.com/2131"
    ],
    "ENTITY#31": [
        "http:///www.buzzillions.com/1835"
    ],
    "ENTITY#33": [
        "http:///www.buzzillions.com/2796"
    ],
    "ENTITY#34": [
        "http:///www.buzzillions.com/1778"
    ],
    "ENTITY#36": [
        "http:///www.buzzillions.com/1820",
        "http:///www.buzzillions.com/1957",
        "http:///www.buzzillions.com/2974"
    ],
    "ENTITY#4": [
        "http:///www.buzzillions.com/2194"
    ],
    "ENTITY#45": [
        "http:///www.buzzillions.com/2027",
        "http:///www.buzzillions.com/2576"
    ],
    "ENTITY#46": [
        "http:///www.buzzillions.com/1804"
    ],
    "ENTITY#49": [
        "http:///www.buzzillions.com/2913"
    ],
    "ENTITY#51": [
        "http:///www.buzzillions.com/2404",
        "http:///www.buzzillions.com/2893"
    ],
    "ENTITY#54": [
        "http:///www.buzzillions.com/2392"
    ],
    "ENTITY#60": [
        "http:///www.buzzillions.com/1035"
    ],
    "ENTITY#67": [
        "http:///www.buzzillions.com/2723"
    ],
    "ENTITY#75": [
        "http:///www.buzzillions.com/2005",
        "http:///www.buzzillions.com/2815"
    ],
    "ENTITY#78": [
        "http:///www.buzzillions.com/2021"
    ],
    "ENTITY#8": [
        "http:///www.buzzillions.com/2630"
    ],
    "ENTITY#80": [
        "http:///www.buzzillions.com/2206"
    ],
    "ENTITY#81": [
        "http:///www.buzzillions.com/2573"
    ],
    "ENTITY#82": [
        "http:///www.buzzillions.com/2301"
    ],
    "ENTITY#9": [
        "http:///www.buzzillions.com/2973"
    ],
    "ENTITY#91": [
        "http:///www.buzzillions.com/908"
    ]
}