{
    "10139439": [
        "absatzplus.com//17370238"
    ],
    "10147987": [
        "absatzplus.com//6846607"
    ],
    "10178177": [
        "absatzplus.com//5407839"
    ],
    "10178208": [
        "absatzplus.com//3163753"
    ],
    "10178226": [
        "absatzplus.com//15399056"
    ],
    "10178244": [
        "absatzplus.com//5921463"
    ],
    "10178246": [
        "absatzplus.com//2894069"
    ],
    "10178249": [
        "absatzplus.com//8869034"
    ],
    "10178254": [
        "absatzplus.com//14353160"
    ],
    "10178255": [
        "absatzplus.com//17148533"
    ],
    "10178616": [
        "absatzplus.com//7403590"
    ],
    "10178620": [
        "absatzplus.com//9591283"
    ],
    "10178621": [
        "absatzplus.com//540375"
    ],
    "10178625": [
        "absatzplus.com//16152608"
    ],
    "10178626": [
        "absatzplus.com//4817001"
    ],
    "10178627": [
        "absatzplus.com//7939171"
    ],
    "10178633": [
        "absatzplus.com//13628146"
    ],
    "10178634": [
        "absatzplus.com//16149456"
    ],
    "10178636": [
        "absatzplus.com//1351045"
    ],
    "10178637": [
        "absatzplus.com//11456315"
    ],
    "10178639": [
        "absatzplus.com//984532"
    ],
    "10178640": [
        "absatzplus.com//13602063"
    ],
    "10178695": [
        "absatzplus.com//7765761"
    ],
    "10178696": [
        "absatzplus.com//9429026"
    ],
    "10178713": [
        "absatzplus.com//17479731"
    ],
    "10178721": [
        "absatzplus.com//7604648"
    ],
    "10559600": [
        "absatzplus.com//17004648"
    ],
    "10604514": [
        "absatzplus.com//9469440"
    ],
    "10859140": [
        "absatzplus.com//10502854"
    ],
    "11130602": [
        "absatzplus.com//5605047"
    ],
    "11130603": [
        "absatzplus.com//8907670"
    ],
    "11307905": [
        "absatzplus.com//2587095"
    ],
    "11307908": [
        "absatzplus.com//17431915"
    ],
    "11307956": [
        "absatzplus.com//17264035"
    ],
    "11307958": [
        "absatzplus.com//452894"
    ],
    "11307962": [
        "absatzplus.com//3810540"
    ],
    "11307963": [
        "absatzplus.com//6829155"
    ],
    "11308762": [
        "absatzplus.com//11252765"
    ],
    "11308764": [
        "absatzplus.com//17318227"
    ],
    "11308779": [
        "absatzplus.com//5330662"
    ],
    "11308783": [
        "absatzplus.com//14130240"
    ],
    "11308785": [
        "absatzplus.com//4551324"
    ],
    "11308787": [
        "absatzplus.com//153332"
    ],
    "11308819": [
        "absatzplus.com//16277730"
    ],
    "11308827": [
        "absatzplus.com//9248846"
    ],
    "11308828": [
        "absatzplus.com//7518520"
    ],
    "11317845": [
        "absatzplus.com//3512364"
    ],
    "11318500": [
        "absatzplus.com//13152750"
    ],
    "11318501": [
        "absatzplus.com//10924222"
    ],
    "11318554": [
        "absatzplus.com//5310990"
    ],
    "11318555": [
        "absatzplus.com//4280781"
    ],
    "11318556": [
        "absatzplus.com//17506059"
    ],
    "11318560": [
        "absatzplus.com//9441193"
    ],
    "11350811": [
        "absatzplus.com//15653263"
    ],
    "11350813": [
        "absatzplus.com//12416779"
    ],
    "11350815": [
        "absatzplus.com//12062042"
    ],
    "11350816": [
        "absatzplus.com//11815138"
    ],
    "11350853": [
        "absatzplus.com//16254622"
    ],
    "11350856": [
        "absatzplus.com//1790274"
    ],
    "11350882": [
        "absatzplus.com//7820569"
    ],
    "11600407": [
        "absatzplus.com//10418892"
    ],
    "11967757": [
        "absatzplus.com//751122"
    ],
    "11967765": [
        "absatzplus.com//11270798"
    ],
    "11967949": [
        "absatzplus.com//8314882"
    ],
    "11967951": [
        "absatzplus.com//15889435"
    ],
    "11967952": [
        "absatzplus.com//4803984"
    ],
    "11967954": [
        "absatzplus.com//4709343"
    ],
    "11967956": [
        "absatzplus.com//6182179"
    ],
    "12123584": [
        "absatzplus.com//5508101"
    ],
    "12123588": [
        "absatzplus.com//6208319"
    ],
    "12123695": [
        "absatzplus.com//9417324"
    ],
    "12123697": [
        "absatzplus.com//16847510"
    ],
    "12123708": [
        "absatzplus.com//2431288"
    ],
    "12123710": [
        "absatzplus.com//1182363"
    ],
    "12123711": [
        "absatzplus.com//1857313"
    ],
    "12123723": [
        "absatzplus.com//14035218"
    ],
    "12123724": [
        "absatzplus.com//13801679"
    ],
    "12381086": [
        "absatzplus.com//9260836"
    ],
    "12381087": [
        "absatzplus.com//6538060"
    ],
    "12381188": [
        "absatzplus.com//8725389"
    ],
    "12381189": [
        "absatzplus.com//16052991"
    ],
    "12381196": [
        "absatzplus.com//6392457"
    ],
    "12381198": [
        "absatzplus.com//8714237"
    ],
    "12381201": [
        "absatzplus.com//4307798"
    ],
    "1240969": [
        "absatzplus.com//15195336"
    ],
    "12604702": [
        "absatzplus.com//10831918"
    ],
    "12604708": [
        "absatzplus.com//12944613"
    ],
    "12604720": [
        "absatzplus.com//15084623"
    ],
    "12605495": [
        "absatzplus.com//1688750"
    ],
    "12625751": [
        "absatzplus.com//6250696"
    ],
    "12840412": [
        "absatzplus.com//10859079"
    ],
    "12840413": [
        "absatzplus.com//1832619"
    ],
    "13517580": [
        "absatzplus.com//4537432"
    ],
    "14050248": [
        "absatzplus.com//197591"
    ],
    "14050318": [
        "absatzplus.com//4165754"
    ],
    "14096485": [
        "absatzplus.com//7920449"
    ],
    "14397118": [
        "absatzplus.com//12153303"
    ],
    "14397119": [
        "absatzplus.com//12385272"
    ],
    "14397362": [
        "absatzplus.com//5132965"
    ],
    "14397363": [
        "absatzplus.com//68113"
    ],
    "14397366": [
        "absatzplus.com//3636060"
    ],
    "14397371": [
        "absatzplus.com//4204136"
    ],
    "14397431": [
        "absatzplus.com//2862021"
    ],
    "14397432": [
        "absatzplus.com//7188363"
    ],
    "14397556": [
        "absatzplus.com//7678792"
    ],
    "14397559": [
        "absatzplus.com//5567853"
    ],
    "14540385": [
        "absatzplus.com//15754247"
    ],
    "14639670": [
        "absatzplus.com//16632038"
    ],
    "14655779": [
        "absatzplus.com//9982416"
    ],
    "14935021": [
        "absatzplus.com//293731"
    ],
    "14963847": [
        "absatzplus.com//7131797"
    ],
    "15062138": [
        "absatzplus.com//10503543"
    ],
    "15062139": [
        "absatzplus.com//6296686"
    ],
    "15063188": [
        "absatzplus.com//12877855"
    ],
    "15063189": [
        "absatzplus.com//7582957"
    ],
    "15063190": [
        "absatzplus.com//3902251"
    ],
    "15063191": [
        "absatzplus.com//11695206"
    ],
    "15063192": [
        "absatzplus.com//2814792"
    ],
    "15063194": [
        "absatzplus.com//218135"
    ],
    "15063195": [
        "absatzplus.com//8251979"
    ],
    "15072360": [
        "absatzplus.com//1188962"
    ],
    "15363026": [
        "absatzplus.com//5719317"
    ],
    "15414123": [
        "absatzplus.com//6589384"
    ],
    "15414501": [
        "absatzplus.com//4366083"
    ],
    "15584849": [
        "absatzplus.com//16008182"
    ],
    "15704213": [
        "absatzplus.com//12976019"
    ],
    "15772953": [
        "absatzplus.com//1093584"
    ],
    "15996234": [
        "absatzplus.com//8413399"
    ],
    "16006526": [
        "absatzplus.com//17119662"
    ],
    "16224850": [
        "absatzplus.com//334032"
    ],
    "1627927": [
        "absatzplus.com//7174379"
    ],
    "1818714": [
        "absatzplus.com//97271"
    ],
    "1818715": [
        "absatzplus.com//8967477"
    ],
    "1818730": [
        "absatzplus.com//3844988"
    ],
    "1851143": [
        "absatzplus.com//87621"
    ],
    "1948561": [
        "absatzplus.com//156122"
    ],
    "2340806": [
        "absatzplus.com//11960187"
    ],
    "2456202": [
        "absatzplus.com//16789956"
    ],
    "2456222": [
        "absatzplus.com//11707457"
    ],
    "2456223": [
        "absatzplus.com//4419040"
    ],
    "2840968": [
        "absatzplus.com//5714028"
    ],
    "2970439": [
        "absatzplus.com//12685958"
    ],
    "317758": [
        "absatzplus.com//14039450"
    ],
    "3237758": [
        "absatzplus.com//15385866"
    ],
    "3237811": [
        "absatzplus.com//11620996"
    ],
    "3299776": [
        "absatzplus.com//13921126"
    ],
    "380155": [
        "absatzplus.com//15546810"
    ],
    "4129605": [
        "absatzplus.com//247236"
    ],
    "4161360": [
        "absatzplus.com//9732869"
    ],
    "4174859": [
        "absatzplus.com//12673301"
    ],
    "4658836": [
        "absatzplus.com//5963660"
    ],
    "5371488": [
        "absatzplus.com//12789933"
    ],
    "5371789": [
        "absatzplus.com//5558146"
    ],
    "5461549": [
        "absatzplus.com//5603553"
    ],
    "5461552": [
        "absatzplus.com//14776279"
    ],
    "5461560": [
        "absatzplus.com//3880277"
    ],
    "5461562": [
        "absatzplus.com//7003618"
    ],
    "5461564": [
        "absatzplus.com//10161569"
    ],
    "5461565": [
        "absatzplus.com//14259383"
    ],
    "5461567": [
        "absatzplus.com//7321751"
    ],
    "5461569": [
        "absatzplus.com//8282021"
    ],
    "5461578": [
        "absatzplus.com//11982089"
    ],
    "5461579": [
        "absatzplus.com//9812672"
    ],
    "5461580": [
        "absatzplus.com//8010493"
    ],
    "5461582": [
        "absatzplus.com//8273399"
    ],
    "5461588": [
        "absatzplus.com//16845787"
    ],
    "5706788": [
        "absatzplus.com//7260953"
    ],
    "5706792": [
        "absatzplus.com//11748700"
    ],
    "5759260": [
        "absatzplus.com//8199543"
    ],
    "5765768": [
        "absatzplus.com//8971226"
    ],
    "5765769": [
        "absatzplus.com//8220038"
    ],
    "5765774": [
        "absatzplus.com//4414879"
    ],
    "5765775": [
        "absatzplus.com//7210824"
    ],
    "5789940": [
        "absatzplus.com//6876197"
    ],
    "5798642": [
        "absatzplus.com//11289625"
    ],
    "5798644": [
        "absatzplus.com//5592118"
    ],
    "5798645": [
        "absatzplus.com//470035"
    ],
    "5806032": [
        "absatzplus.com//5099932"
    ],
    "5806033": [
        "absatzplus.com//11883808"
    ],
    "5806347": [
        "absatzplus.com//15347095"
    ],
    "5806532": [
        "absatzplus.com//1084071"
    ],
    "5806535": [
        "absatzplus.com//69172"
    ],
    "583345": [
        "absatzplus.com//284942"
    ],
    "5860924": [
        "absatzplus.com//6421328"
    ],
    "5860925": [
        "absatzplus.com//4514750"
    ],
    "5860927": [
        "absatzplus.com//4680668"
    ],
    "5860929": [
        "absatzplus.com//4844833"
    ],
    "5860932": [
        "absatzplus.com//1987731"
    ],
    "5860941": [
        "absatzplus.com//11035293"
    ],
    "5860942": [
        "absatzplus.com//11868428"
    ],
    "5860943": [
        "absatzplus.com//5379882"
    ],
    "5860946": [
        "absatzplus.com//3457592"
    ],
    "5860947": [
        "absatzplus.com//11891864"
    ],
    "5860948": [
        "absatzplus.com//10119338"
    ],
    "5860949": [
        "absatzplus.com//13892697"
    ],
    "5860963": [
        "absatzplus.com//3043955"
    ],
    "5860965": [
        "absatzplus.com//4949591"
    ],
    "5860966": [
        "absatzplus.com//937415"
    ],
    "5860968": [
        "absatzplus.com//15474341"
    ],
    "5860982": [
        "absatzplus.com//10810721"
    ],
    "6018973": [
        "absatzplus.com//2063934"
    ],
    "6105758": [
        "absatzplus.com//211576"
    ],
    "6155936": [
        "absatzplus.com//14188276"
    ],
    "6155937": [
        "absatzplus.com//1561318"
    ],
    "6157478": [
        "absatzplus.com//10340301"
    ],
    "6158122": [
        "absatzplus.com//3255522"
    ],
    "6182646": [
        "absatzplus.com//11358217"
    ],
    "6335976": [
        "absatzplus.com//12817353"
    ],
    "6482644": [
        "absatzplus.com//8419340"
    ],
    "6482645": [
        "absatzplus.com//1711349"
    ],
    "6482651": [
        "absatzplus.com//8539842"
    ],
    "6482652": [
        "absatzplus.com//15708263"
    ],
    "6502280": [
        "absatzplus.com//1621208"
    ],
    "6596647": [
        "absatzplus.com//8246134"
    ],
    "6596650": [
        "absatzplus.com//8284080"
    ],
    "6596659": [
        "absatzplus.com//5404180"
    ],
    "6597247": [
        "absatzplus.com//11686032"
    ],
    "6597456": [
        "absatzplus.com//2591482"
    ],
    "6597458": [
        "absatzplus.com//11896076"
    ],
    "6597460": [
        "absatzplus.com//6010651"
    ],
    "6597462": [
        "absatzplus.com//17501093"
    ],
    "6597463": [
        "absatzplus.com//9657075"
    ],
    "6599772": [
        "absatzplus.com//405279"
    ],
    "6599773": [
        "absatzplus.com//6491683"
    ],
    "679038": [
        "absatzplus.com//13836019"
    ],
    "6986105": [
        "absatzplus.com//8033197"
    ],
    "6988188": [
        "absatzplus.com//4839944"
    ],
    "6988664": [
        "absatzplus.com//6902795"
    ],
    "7004823": [
        "absatzplus.com//13069705"
    ],
    "7004828": [
        "absatzplus.com//1076477"
    ],
    "7004853": [
        "absatzplus.com//17126218"
    ],
    "7004854": [
        "absatzplus.com//2958579"
    ],
    "7004871": [
        "absatzplus.com//7613097"
    ],
    "7004873": [
        "absatzplus.com//3813692"
    ],
    "7004878": [
        "absatzplus.com//10336443"
    ],
    "7005135": [
        "absatzplus.com//470718"
    ],
    "7005138": [
        "absatzplus.com//17366544"
    ],
    "7005139": [
        "absatzplus.com//2126644"
    ],
    "7005149": [
        "absatzplus.com//11849924"
    ],
    "7005309": [
        "absatzplus.com//4357031"
    ],
    "7005311": [
        "absatzplus.com//2243584"
    ],
    "7005316": [
        "absatzplus.com//4753790"
    ],
    "7005321": [
        "absatzplus.com//10010120"
    ],
    "7005322": [
        "absatzplus.com//15490189"
    ],
    "7005367": [
        "absatzplus.com//10713410"
    ],
    "7005371": [
        "absatzplus.com//7247079"
    ],
    "7005375": [
        "absatzplus.com//13840480"
    ],
    "7005377": [
        "absatzplus.com//6607934"
    ],
    "7006096": [
        "absatzplus.com//896299"
    ],
    "7006102": [
        "absatzplus.com//5658870"
    ],
    "7006104": [
        "absatzplus.com//5530931"
    ],
    "7006105": [
        "absatzplus.com//11524632"
    ],
    "7012231": [
        "absatzplus.com//15542588"
    ],
    "7012232": [
        "absatzplus.com//13239175"
    ],
    "7012233": [
        "absatzplus.com//2533116"
    ],
    "7012237": [
        "absatzplus.com//5241431"
    ],
    "7012239": [
        "absatzplus.com//8013166"
    ],
    "7012277": [
        "absatzplus.com//13630241"
    ],
    "7166422": [
        "absatzplus.com//16873267"
    ],
    "7203350": [
        "absatzplus.com//3047265"
    ],
    "7258986": [
        "absatzplus.com//11764380"
    ],
    "7258991": [
        "absatzplus.com//137797"
    ],
    "7394565": [
        "absatzplus.com//687293"
    ],
    "7394574": [
        "absatzplus.com//5606379"
    ],
    "7410892": [
        "absatzplus.com//4937181"
    ],
    "7410933": [
        "absatzplus.com//2783731"
    ],
    "7410934": [
        "absatzplus.com//3519940"
    ],
    "7410937": [
        "absatzplus.com//4338735"
    ],
    "7410949": [
        "absatzplus.com//13687211"
    ],
    "7410955": [
        "absatzplus.com//10294702"
    ],
    "7410956": [
        "absatzplus.com//1836647"
    ],
    "7410957": [
        "absatzplus.com//8231990"
    ],
    "7411337": [
        "absatzplus.com//9845836"
    ],
    "7416607": [
        "absatzplus.com//8180188"
    ],
    "7416612": [
        "absatzplus.com//13082594"
    ],
    "7416613": [
        "absatzplus.com//4174660"
    ],
    "7416614": [
        "absatzplus.com//3597155"
    ],
    "7417761": [
        "absatzplus.com//262191"
    ],
    "7417769": [
        "absatzplus.com//2748446"
    ],
    "7417833": [
        "absatzplus.com//6079440"
    ],
    "7598626": [
        "absatzplus.com//1385303"
    ],
    "7625826": [
        "absatzplus.com//12050389"
    ],
    "7627013": [
        "absatzplus.com//4943673"
    ],
    "7675402": [
        "absatzplus.com//4585233"
    ],
    "7675405": [
        "absatzplus.com//15476412"
    ],
    "7797650": [
        "absatzplus.com//3815756"
    ],
    "8344168": [
        "absatzplus.com//16058172"
    ],
    "8466064": [
        "absatzplus.com//3194424"
    ],
    "8466066": [
        "absatzplus.com//13951654"
    ],
    "8466067": [
        "absatzplus.com//6150606"
    ],
    "854821": [
        "absatzplus.com//6984541"
    ],
    "9147997": [
        "absatzplus.com//3548795"
    ],
    "9148199": [
        "absatzplus.com//2266781"
    ],
    "9148210": [
        "absatzplus.com//14087240"
    ],
    "9191270": [
        "absatzplus.com//6070444"
    ],
    "9272528": [
        "absatzplus.com//7594229"
    ],
    "9272534": [
        "absatzplus.com//3761008"
    ],
    "9538823": [
        "absatzplus.com//5387190"
    ],
    "9703208": [
        "absatzplus.com//15336400"
    ],
    "9703209": [
        "absatzplus.com//8289958"
    ],
    "9703712": [
        "absatzplus.com//10400091"
    ],
    "9703713": [
        "absatzplus.com//6943543"
    ],
    "9703716": [
        "absatzplus.com//17335809"
    ],
    "9732868": [
        "absatzplus.com//14701357"
    ],
    "9733836": [
        "absatzplus.com//13980932"
    ],
    "9733838": [
        "absatzplus.com//2912477"
    ],
    "9733841": [
        "absatzplus.com//13756844"
    ],
    "9733842": [
        "absatzplus.com//16658492"
    ],
    "9733972": [
        "absatzplus.com//17374185"
    ],
    "9733975": [
        "absatzplus.com//382309"
    ],
    "9734346": [
        "absatzplus.com//14912674"
    ],
    "9734365": [
        "absatzplus.com//4216924"
    ],
    "9743289": [
        "absatzplus.com//11830728"
    ],
    "9743295": [
        "absatzplus.com//14981758"
    ],
    "9743299": [
        "absatzplus.com//217977"
    ],
    "9743301": [
        "absatzplus.com//9233124"
    ],
    "9743304": [
        "absatzplus.com//9094338"
    ],
    "9743322": [
        "absatzplus.com//3540042"
    ],
    "9743325": [
        "absatzplus.com//16131291"
    ],
    "9743327": [
        "absatzplus.com//2807595"
    ],
    "9743330": [
        "absatzplus.com//9332568"
    ],
    "9743762": [
        "absatzplus.com//13411009"
    ],
    "9743767": [
        "absatzplus.com//2407331"
    ],
    "9743769": [
        "absatzplus.com//10302173"
    ],
    "9743773": [
        "absatzplus.com//12175513"
    ],
    "9743774": [
        "absatzplus.com//15296266"
    ],
    "9743780": [
        "absatzplus.com//17483868"
    ],
    "9743789": [
        "absatzplus.com//16547707"
    ],
    "9743794": [
        "absatzplus.com//16105071"
    ],
    "9743815": [
        "absatzplus.com//15265987"
    ],
    "9743820": [
        "absatzplus.com//9037106"
    ],
    "9743948": [
        "absatzplus.com//17479511"
    ],
    "9744350": [
        "absatzplus.com//1675101"
    ],
    "9744355": [
        "absatzplus.com//1126663"
    ],
    "9744369": [
        "absatzplus.com//12371409"
    ],
    "9744390": [
        "absatzplus.com//4113185"
    ],
    "9744391": [
        "absatzplus.com//13390210"
    ],
    "9744396": [
        "absatzplus.com//6753905"
    ],
    "9744400": [
        "absatzplus.com//14463971"
    ],
    "9744621": [
        "absatzplus.com//16816257"
    ],
    "9744809": [
        "absatzplus.com//225280"
    ],
    "9744811": [
        "absatzplus.com//17105361"
    ],
    "9744819": [
        "absatzplus.com//265234"
    ],
    "9744831": [
        "absatzplus.com//9236578"
    ],
    "9744835": [
        "absatzplus.com//13013769"
    ],
    "9744853": [
        "absatzplus.com//5127865"
    ],
    "9744856": [
        "absatzplus.com//8480090"
    ],
    "9746045": [
        "absatzplus.com//4015575"
    ],
    "9746046": [
        "absatzplus.com//20971"
    ],
    "9746058": [
        "absatzplus.com//2002102"
    ],
    "9746076": [
        "absatzplus.com//14452819"
    ],
    "9746079": [
        "absatzplus.com//4659859"
    ],
    "9746080": [
        "absatzplus.com//520138"
    ],
    "9746083": [
        "absatzplus.com//9850110"
    ],
    "9746100": [
        "absatzplus.com//8218568"
    ],
    "9746103": [
        "absatzplus.com//333038"
    ],
    "9746122": [
        "absatzplus.com//10282576"
    ],
    "9746123": [
        "absatzplus.com//12336493"
    ],
    "9746124": [
        "absatzplus.com//11501882"
    ],
    "9765661": [
        "absatzplus.com//16247502"
    ],
    "9765662": [
        "absatzplus.com//8032543"
    ],
    "9766291": [
        "absatzplus.com//9172907"
    ],
    "9977332": [
        "absatzplus.com//4995166"
    ]
}