{
    "10178177": [
        "absatzplus.com//5407839"
    ],
    "10178246": [
        "absatzplus.com//2894069"
    ],
    "10178621": [
        "absatzplus.com//540375"
    ],
    "16224850": [
        "absatzplus.com//334032"
    ],
    "2340806": [
        "absatzplus.com//11960187"
    ],
    "380155": [
        "absatzplus.com//15546810"
    ],
    "7203350": [
        "absatzplus.com//3047265"
    ],
    "7598626": [
        "absatzplus.com//1385303"
    ],
    "7625826": [
        "absatzplus.com//12050389"
    ],
    "7627013": [
        "absatzplus.com//4943673"
    ]
}