[
    {
        "spec": {
            "Brutto Rechnungsbetrag": "11,58\u00a0\u20ac",
            "Frachtkosten": "6,50\u00a0\u20ac",
            "Nettobetrag": "3,23\u00a0\u20ac",
            "zuz\u00fcglich 19% MWSt.": "1,85\u00a0\u20ac"
        },
        "url": "absatzplus.com//6983411"
    },
    {
        "spec": {
            "Brutto Rechnungsbetrag": "1 071,00\u00a0\u20ac",
            "Frachtkosten": "100,00\u00a0\u20ac",
            "Nettobetrag": "800,00\u00a0\u20ac",
            "zuz\u00fcglich 19% MWSt.": "171,00\u00a0\u20ac"
        },
        "url": "absatzplus.com//2339409"
    },
    {
        "spec": {
            "Brutto Rechnungsbetrag": "8,62\u00a0\u20ac",
            "Frachtkosten": "6,50\u00a0\u20ac",
            "Nettobetrag": "0,74\u00a0\u20ac",
            "zuz\u00fcglich 19% MWSt.": "1,38\u00a0\u20ac"
        },
        "url": "absatzplus.com//3883756"
    },
    {
        "spec": {
            "Brutto Rechnungsbetrag": "9,47\u00a0\u20ac",
            "Frachtkosten": "6,50\u00a0\u20ac",
            "Nettobetrag": "1,46\u00a0\u20ac",
            "zuz\u00fcglich 19% MWSt.": "1,51\u00a0\u20ac"
        },
        "url": "absatzplus.com//14836388"
    },
    {
        "spec": {
            "Brutto Rechnungsbetrag": "245,74\u00a0\u20ac",
            "Frachtkosten": "6,50\u00a0\u20ac",
            "Nettobetrag": "200,00\u00a0\u20ac",
            "zuz\u00fcglich 19% MWSt.": "39,24\u00a0\u20ac"
        },
        "url": "absatzplus.com//13052300"
    },
    {
        "spec": {
            "Brutto Rechnungsbetrag": "8,57\u00a0\u20ac",
            "Frachtkosten": "6,50\u00a0\u20ac",
            "Nettobetrag": "0,70\u00a0\u20ac",
            "zuz\u00fcglich 19% MWSt.": "1,37\u00a0\u20ac"
        },
        "url": "absatzplus.com//16542653"
    },
    {
        "spec": {
            "Brutto Rechnungsbetrag": "11,51\u00a0\u20ac",
            "Frachtkosten": "6,50\u00a0\u20ac",
            "Nettobetrag": "3,17\u00a0\u20ac",
            "zuz\u00fcglich 19% MWSt.": "1,84\u00a0\u20ac"
        },
        "url": "absatzplus.com//13782582"
    },
    {
        "spec": {
            "Brutto Rechnungsbetrag": "721,74\u00a0\u20ac",
            "Frachtkosten": "6,50\u00a0\u20ac",
            "Nettobetrag": "600,00\u00a0\u20ac",
            "zuz\u00fcglich 19% MWSt.": "115,24\u00a0\u20ac"
        },
        "url": "absatzplus.com//4228737"
    },
    {
        "spec": {
            "Brutto Rechnungsbetrag": "2 558,50\u00a0\u20ac",
            "Frachtkosten": "100,00\u00a0\u20ac",
            "Nettobetrag": "2 050,00\u00a0\u20ac",
            "zuz\u00fcglich 19% MWSt.": "408,50\u00a0\u20ac"
        },
        "url": "absatzplus.com//4110674"
    },
    {
        "spec": {
            "Brutto Rechnungsbetrag": "476,60\u00a0\u20ac",
            "Frachtkosten": "19,50\u00a0\u20ac",
            "Nettobetrag": "381,00\u00a0\u20ac",
            "zuz\u00fcglich 19% MWSt.": "76,10\u00a0\u20ac"
        },
        "url": "absatzplus.com//3224899"
    },
    {
        "spec": {
            "Brutto Rechnungsbetrag": "15,87\u00a0\u20ac",
            "Frachtkosten": "6,50\u00a0\u20ac",
            "Nettobetrag": "6,84\u00a0\u20ac",
            "zuz\u00fcglich 19% MWSt.": "2,53\u00a0\u20ac"
        },
        "url": "absatzplus.com//10133113"
    },
    {
        "spec": {
            "Brutto Rechnungsbetrag": "888,34\u00a0\u20ac",
            "Frachtkosten": "6,50\u00a0\u20ac",
            "Nettobetrag": "740,00\u00a0\u20ac",
            "zuz\u00fcglich 19% MWSt.": "141,84\u00a0\u20ac"
        },
        "url": "absatzplus.com//11229749"
    },
    {
        "spec": {
            "Brutto Rechnungsbetrag": "13,69\u00a0\u20ac",
            "Frachtkosten": "6,50\u00a0\u20ac",
            "Nettobetrag": "5,00\u00a0\u20ac",
            "zuz\u00fcglich 19% MWSt.": "2,19\u00a0\u20ac"
        },
        "url": "absatzplus.com//9348957"
    },
    {
        "spec": {
            "Brutto Rechnungsbetrag": "427,81\u00a0\u20ac",
            "Frachtkosten": "19,50\u00a0\u20ac",
            "Nettobetrag": "340,00\u00a0\u20ac",
            "zuz\u00fcglich 19% MWSt.": "68,31\u00a0\u20ac"
        },
        "url": "absatzplus.com//3961095"
    },
    {
        "spec": {
            "Brutto Rechnungsbetrag": "18,09\u00a0\u20ac",
            "Frachtkosten": "6,50\u00a0\u20ac",
            "Nettobetrag": "8,70\u00a0\u20ac",
            "zuz\u00fcglich 19% MWSt.": "2,89\u00a0\u20ac"
        },
        "url": "absatzplus.com//11274601"
    },
    {
        "spec": {
            "Brutto Rechnungsbetrag": "3 171,35\u00a0\u20ac",
            "Frachtkosten": "65,00\u00a0\u20ac",
            "Nettobetrag": "2 600,00\u00a0\u20ac",
            "zuz\u00fcglich 19% MWSt.": "506,35\u00a0\u20ac"
        },
        "url": "absatzplus.com//6454010"
    },
    {
        "spec": {
            "Brutto Rechnungsbetrag": "427,81\u00a0\u20ac",
            "Frachtkosten": "19,50\u00a0\u20ac",
            "Nettobetrag": "340,00\u00a0\u20ac",
            "zuz\u00fcglich 19% MWSt.": "68,31\u00a0\u20ac"
        },
        "url": "absatzplus.com//1114520"
    },
    {
        "spec": {
            "Brutto Rechnungsbetrag": "9,44\u00a0\u20ac",
            "Frachtkosten": "6,50\u00a0\u20ac",
            "Nettobetrag": "1,43\u00a0\u20ac",
            "zuz\u00fcglich 19% MWSt.": "1,51\u00a0\u20ac"
        },
        "url": "absatzplus.com//13559895"
    },
    {
        "spec": {
            "Brutto Rechnungsbetrag": "4 093,60\u00a0\u20ac",
            "Frachtkosten": "100,00\u00a0\u20ac",
            "Nettobetrag": "3 340,00\u00a0\u20ac",
            "zuz\u00fcglich 19% MWSt.": "653,60\u00a0\u20ac"
        },
        "url": "absatzplus.com//2231163"
    },
    {
        "spec": {
            "Brutto Rechnungsbetrag": "14,05\u00a0\u20ac",
            "Frachtkosten": "6,50\u00a0\u20ac",
            "Nettobetrag": "5,31\u00a0\u20ac",
            "zuz\u00fcglich 19% MWSt.": "2,24\u00a0\u20ac"
        },
        "url": "absatzplus.com//6474575"
    },
    {
        "spec": {
            "Brutto Rechnungsbetrag": "9,53\u00a0\u20ac",
            "Frachtkosten": "6,50\u00a0\u20ac",
            "Nettobetrag": "1,51\u00a0\u20ac",
            "zuz\u00fcglich 19% MWSt.": "1,52\u00a0\u20ac"
        },
        "url": "absatzplus.com//90862"
    },
    {
        "spec": {
            "Brutto Rechnungsbetrag": "16,78\u00a0\u20ac",
            "Frachtkosten": "6,50\u00a0\u20ac",
            "Nettobetrag": "7,60\u00a0\u20ac",
            "zuz\u00fcglich 19% MWSt.": "2,68\u00a0\u20ac"
        },
        "url": "absatzplus.com//9220775"
    },
    {
        "spec": {
            "Brutto Rechnungsbetrag": "3 070,20\u00a0\u20ac",
            "Frachtkosten": "100,00\u00a0\u20ac",
            "Nettobetrag": "2 480,00\u00a0\u20ac",
            "zuz\u00fcglich 19% MWSt.": "490,20\u00a0\u20ac"
        },
        "url": "absatzplus.com//3707990"
    },
    {
        "spec": {
            "Brutto Rechnungsbetrag": "12,25\u00a0\u20ac",
            "Frachtkosten": "6,50\u00a0\u20ac",
            "Nettobetrag": "3,79\u00a0\u20ac",
            "zuz\u00fcglich 19% MWSt.": "1,96\u00a0\u20ac"
        },
        "url": "absatzplus.com//10914755"
    },
    {
        "spec": {
            "Brutto Rechnungsbetrag": "79,14\u00a0\u20ac",
            "Frachtkosten": "6,50\u00a0\u20ac",
            "Nettobetrag": "60,00\u00a0\u20ac",
            "zuz\u00fcglich 19% MWSt.": "12,64\u00a0\u20ac"
        },
        "url": "absatzplus.com//13722126"
    },
    {
        "spec": {
            "Brutto Rechnungsbetrag": "13,86\u00a0\u20ac",
            "Frachtkosten": "6,50\u00a0\u20ac",
            "Nettobetrag": "5,15\u00a0\u20ac",
            "zuz\u00fcglich 19% MWSt.": "2,21\u00a0\u20ac"
        },
        "url": "absatzplus.com//15128364"
    },
    {
        "spec": {
            "Brutto Rechnungsbetrag": "4 093,60\u00a0\u20ac",
            "Frachtkosten": "100,00\u00a0\u20ac",
            "Nettobetrag": "3 340,00\u00a0\u20ac",
            "zuz\u00fcglich 19% MWSt.": "653,60\u00a0\u20ac"
        },
        "url": "absatzplus.com//16619622"
    },
    {
        "spec": {
            "Brutto Rechnungsbetrag": "21,05\u00a0\u20ac",
            "Frachtkosten": "6,50\u00a0\u20ac",
            "Nettobetrag": "11,19\u00a0\u20ac",
            "zuz\u00fcglich 19% MWSt.": "3,36\u00a0\u20ac"
        },
        "url": "absatzplus.com//16330189"
    },
    {
        "spec": {
            "Brutto Rechnungsbetrag": "22,65\u00a0\u20ac",
            "Frachtkosten": "6,50\u00a0\u20ac",
            "Nettobetrag": "12,53\u00a0\u20ac",
            "zuz\u00fcglich 19% MWSt.": "3,62\u00a0\u20ac"
        },
        "url": "absatzplus.com//6965386"
    },
    {
        "spec": {
            "Brutto Rechnungsbetrag": "239,19\u00a0\u20ac",
            "Frachtkosten": "6,50\u00a0\u20ac",
            "Nettobetrag": "194,50\u00a0\u20ac",
            "zuz\u00fcglich 19% MWSt.": "38,19\u00a0\u20ac"
        },
        "url": "absatzplus.com//16947553"
    },
    {
        "spec": {
            "Brutto Rechnungsbetrag": "9,79\u00a0\u20ac",
            "Frachtkosten": "6,50\u00a0\u20ac",
            "Nettobetrag": "1,73\u00a0\u20ac",
            "zuz\u00fcglich 19% MWSt.": "1,56\u00a0\u20ac"
        },
        "url": "absatzplus.com//7376269"
    },
    {
        "spec": {
            "Brutto Rechnungsbetrag": "125,55\u00a0\u20ac",
            "Frachtkosten": "6,50\u00a0\u20ac",
            "Nettobetrag": "99,00\u00a0\u20ac",
            "zuz\u00fcglich 19% MWSt.": "20,05\u00a0\u20ac"
        },
        "url": "absatzplus.com//6833652"
    },
    {
        "spec": {
            "Brutto Rechnungsbetrag": "8,72\u00a0\u20ac",
            "Frachtkosten": "6,50\u00a0\u20ac",
            "Nettobetrag": "0,83\u00a0\u20ac",
            "zuz\u00fcglich 19% MWSt.": "1,39\u00a0\u20ac"
        },
        "url": "absatzplus.com//11519725"
    },
    {
        "spec": {
            "Brutto Rechnungsbetrag": "4 093,60\u00a0\u20ac",
            "Frachtkosten": "100,00\u00a0\u20ac",
            "Nettobetrag": "3 340,00\u00a0\u20ac",
            "zuz\u00fcglich 19% MWSt.": "653,60\u00a0\u20ac"
        },
        "url": "absatzplus.com//6965465"
    },
    {
        "spec": {
            "Brutto Rechnungsbetrag": "13,26\u00a0\u20ac",
            "Frachtkosten": "6,50\u00a0\u20ac",
            "Nettobetrag": "4,64\u00a0\u20ac",
            "zuz\u00fcglich 19% MWSt.": "2,12\u00a0\u20ac"
        },
        "url": "absatzplus.com//2087632"
    },
    {
        "spec": {
            "Brutto Rechnungsbetrag": "276,08\u00a0\u20ac",
            "Frachtkosten": "13,00\u00a0\u20ac",
            "Nettobetrag": "219,00\u00a0\u20ac",
            "zuz\u00fcglich 19% MWSt.": "44,08\u00a0\u20ac"
        },
        "url": "absatzplus.com//2902903"
    },
    {
        "spec": {
            "Brutto Rechnungsbetrag": "16,77\u00a0\u20ac",
            "Frachtkosten": "6,50\u00a0\u20ac",
            "Nettobetrag": "7,59\u00a0\u20ac",
            "zuz\u00fcglich 19% MWSt.": "2,68\u00a0\u20ac"
        },
        "url": "absatzplus.com//149503"
    },
    {
        "spec": {
            "Brutto Rechnungsbetrag": "31,83\u00a0\u20ac",
            "Frachtkosten": "6,50\u00a0\u20ac",
            "Nettobetrag": "20,25\u00a0\u20ac",
            "zuz\u00fcglich 19% MWSt.": "5,08\u00a0\u20ac"
        },
        "url": "absatzplus.com//11174820"
    },
    {
        "spec": {
            "Brutto Rechnungsbetrag": "10,35\u00a0\u20ac",
            "Frachtkosten": "6,50\u00a0\u20ac",
            "Nettobetrag": "2,20\u00a0\u20ac",
            "zuz\u00fcglich 19% MWSt.": "1,65\u00a0\u20ac"
        },
        "url": "absatzplus.com//8544433"
    },
    {
        "spec": {
            "Brutto Rechnungsbetrag": "455,77\u00a0\u20ac",
            "Frachtkosten": "13,00\u00a0\u20ac",
            "Nettobetrag": "370,00\u00a0\u20ac",
            "zuz\u00fcglich 19% MWSt.": "72,77\u00a0\u20ac"
        },
        "url": "absatzplus.com//7368951"
    },
    {
        "spec": {
            "Brutto Rechnungsbetrag": "427,81\u00a0\u20ac",
            "Frachtkosten": "19,50\u00a0\u20ac",
            "Nettobetrag": "340,00\u00a0\u20ac",
            "zuz\u00fcglich 19% MWSt.": "68,31\u00a0\u20ac"
        },
        "url": "absatzplus.com//8482575"
    },
    {
        "spec": {
            "Brutto Rechnungsbetrag": "66,56\u00a0\u20ac",
            "Frachtkosten": "6,50\u00a0\u20ac",
            "Nettobetrag": "49,43\u00a0\u20ac",
            "zuz\u00fcglich 19% MWSt.": "10,63\u00a0\u20ac"
        },
        "url": "absatzplus.com//9519026"
    },
    {
        "spec": {
            "Brutto Rechnungsbetrag": "765,17\u00a0\u20ac",
            "Frachtkosten": "13,00\u00a0\u20ac",
            "Nettobetrag": "630,00\u00a0\u20ac",
            "zuz\u00fcglich 19% MWSt.": "122,17\u00a0\u20ac"
        },
        "url": "absatzplus.com//4122059"
    },
    {
        "spec": {
            "Brutto Rechnungsbetrag": "13,09\u00a0\u20ac",
            "Frachtkosten": "6,50\u00a0\u20ac",
            "Nettobetrag": "4,50\u00a0\u20ac",
            "zuz\u00fcglich 19% MWSt.": "2,09\u00a0\u20ac"
        },
        "url": "absatzplus.com//13945012"
    },
    {
        "spec": {
            "Brutto Rechnungsbetrag": "8,57\u00a0\u20ac",
            "Frachtkosten": "6,50\u00a0\u20ac",
            "Nettobetrag": "0,70\u00a0\u20ac",
            "zuz\u00fcglich 19% MWSt.": "1,37\u00a0\u20ac"
        },
        "url": "absatzplus.com//1898540"
    },
    {
        "spec": {
            "Brutto Rechnungsbetrag": "25,09\u00a0\u20ac",
            "Frachtkosten": "6,50\u00a0\u20ac",
            "Nettobetrag": "14,58\u00a0\u20ac",
            "zuz\u00fcglich 19% MWSt.": "4,01\u00a0\u20ac"
        },
        "url": "absatzplus.com//10491012"
    },
    {
        "spec": {
            "Brutto Rechnungsbetrag": "343,91\u00a0\u20ac",
            "Frachtkosten": "13,00\u00a0\u20ac",
            "Nettobetrag": "276,00\u00a0\u20ac",
            "zuz\u00fcglich 19% MWSt.": "54,91\u00a0\u20ac"
        },
        "url": "absatzplus.com//17418476"
    },
    {
        "spec": {
            "Brutto Rechnungsbetrag": "11,97\u00a0\u20ac",
            "Frachtkosten": "6,50\u00a0\u20ac",
            "Nettobetrag": "3,56\u00a0\u20ac",
            "zuz\u00fcglich 19% MWSt.": "1,91\u00a0\u20ac"
        },
        "url": "absatzplus.com//15824124"
    },
    {
        "spec": {
            "Brutto Rechnungsbetrag": "620,59\u00a0\u20ac",
            "Frachtkosten": "6,50\u00a0\u20ac",
            "Nettobetrag": "515,00\u00a0\u20ac",
            "zuz\u00fcglich 19% MWSt.": "99,09\u00a0\u20ac"
        },
        "url": "absatzplus.com//16227595"
    },
    {
        "spec": {
            "Brutto Rechnungsbetrag": "9,88\u00a0\u20ac",
            "Frachtkosten": "6,50\u00a0\u20ac",
            "Nettobetrag": "1,80\u00a0\u20ac",
            "zuz\u00fcglich 19% MWSt.": "1,58\u00a0\u20ac"
        },
        "url": "absatzplus.com//1613993"
    },
    {
        "spec": {
            "Brutto Rechnungsbetrag": "11,13\u00a0\u20ac",
            "Frachtkosten": "6,50\u00a0\u20ac",
            "Nettobetrag": "2,85\u00a0\u20ac",
            "zuz\u00fcglich 19% MWSt.": "1,78\u00a0\u20ac"
        },
        "url": "absatzplus.com//12581928"
    },
    {
        "spec": {
            "Brutto Rechnungsbetrag": "8,47\u00a0\u20ac",
            "Frachtkosten": "6,50\u00a0\u20ac",
            "Nettobetrag": "0,62\u00a0\u20ac",
            "zuz\u00fcglich 19% MWSt.": "1,35\u00a0\u20ac"
        },
        "url": "absatzplus.com//3534382"
    },
    {
        "spec": {
            "Brutto Rechnungsbetrag": "2 635,85\u00a0\u20ac",
            "Frachtkosten": "65,00\u00a0\u20ac",
            "Nettobetrag": "2 150,00\u00a0\u20ac",
            "zuz\u00fcglich 19% MWSt.": "420,85\u00a0\u20ac"
        },
        "url": "absatzplus.com//15626651"
    },
    {
        "spec": {
            "Brutto Rechnungsbetrag": "9,70\u00a0\u20ac",
            "Frachtkosten": "6,50\u00a0\u20ac",
            "Nettobetrag": "1,65\u00a0\u20ac",
            "zuz\u00fcglich 19% MWSt.": "1,55\u00a0\u20ac"
        },
        "url": "absatzplus.com//4931056"
    },
    {
        "spec": {
            "Brutto Rechnungsbetrag": "9,64\u00a0\u20ac",
            "Frachtkosten": "6,50\u00a0\u20ac",
            "Nettobetrag": "1,60\u00a0\u20ac",
            "zuz\u00fcglich 19% MWSt.": "1,54\u00a0\u20ac"
        },
        "url": "absatzplus.com//6621240"
    },
    {
        "spec": {
            "Brutto Rechnungsbetrag": "8,27\u00a0\u20ac",
            "Frachtkosten": "6,50\u00a0\u20ac",
            "Nettobetrag": "0,45\u00a0\u20ac",
            "zuz\u00fcglich 19% MWSt.": "1,32\u00a0\u20ac"
        },
        "url": "absatzplus.com//8990173"
    },
    {
        "spec": {
            "Brutto Rechnungsbetrag": "10,59\u00a0\u20ac",
            "Frachtkosten": "6,50\u00a0\u20ac",
            "Nettobetrag": "2,40\u00a0\u20ac",
            "zuz\u00fcglich 19% MWSt.": "1,69\u00a0\u20ac"
        },
        "url": "absatzplus.com//965218"
    },
    {
        "spec": {
            "Brutto Rechnungsbetrag": "8,01\u00a0\u20ac",
            "Frachtkosten": "6,50\u00a0\u20ac",
            "Nettobetrag": "0,23\u00a0\u20ac",
            "zuz\u00fcglich 19% MWSt.": "1,28\u00a0\u20ac"
        },
        "url": "absatzplus.com//11142443"
    },
    {
        "spec": {
            "Brutto Rechnungsbetrag": "11,58\u00a0\u20ac",
            "Frachtkosten": "6,50\u00a0\u20ac",
            "Nettobetrag": "3,23\u00a0\u20ac",
            "zuz\u00fcglich 19% MWSt.": "1,85\u00a0\u20ac"
        },
        "url": "absatzplus.com//5255368"
    },
    {
        "spec": {
            "Brutto Rechnungsbetrag": "13,49\u00a0\u20ac",
            "Frachtkosten": "6,50\u00a0\u20ac",
            "Nettobetrag": "4,84\u00a0\u20ac",
            "zuz\u00fcglich 19% MWSt.": "2,15\u00a0\u20ac"
        },
        "url": "absatzplus.com//2039191"
    },
    {
        "spec": {
            "Brutto Rechnungsbetrag": "340,94\u00a0\u20ac",
            "Frachtkosten": "6,50\u00a0\u20ac",
            "Nettobetrag": "280,00\u00a0\u20ac",
            "zuz\u00fcglich 19% MWSt.": "54,44\u00a0\u20ac"
        },
        "url": "absatzplus.com//14238661"
    },
    {
        "spec": {
            "Brutto Rechnungsbetrag": "13,04\u00a0\u20ac",
            "Frachtkosten": "6,50\u00a0\u20ac",
            "Nettobetrag": "4,46\u00a0\u20ac",
            "zuz\u00fcglich 19% MWSt.": "2,08\u00a0\u20ac"
        },
        "url": "absatzplus.com//11602642"
    },
    {
        "spec": {
            "Brutto Rechnungsbetrag": "4 093,60\u00a0\u20ac",
            "Frachtkosten": "100,00\u00a0\u20ac",
            "Nettobetrag": "3 340,00\u00a0\u20ac",
            "zuz\u00fcglich 19% MWSt.": "653,60\u00a0\u20ac"
        },
        "url": "absatzplus.com//12388242"
    },
    {
        "spec": {
            "Brutto Rechnungsbetrag": "11,29\u00a0\u20ac",
            "Frachtkosten": "6,50\u00a0\u20ac",
            "Nettobetrag": "2,99\u00a0\u20ac",
            "zuz\u00fcglich 19% MWSt.": "1,80\u00a0\u20ac"
        },
        "url": "absatzplus.com//399541"
    },
    {
        "spec": {
            "Brutto Rechnungsbetrag": "11,90\u00a0\u20ac",
            "Frachtkosten": "6,50\u00a0\u20ac",
            "Nettobetrag": "3,50\u00a0\u20ac",
            "zuz\u00fcglich 19% MWSt.": "1,90\u00a0\u20ac"
        },
        "url": "absatzplus.com//10167392"
    },
    {
        "spec": {
            "Brutto Rechnungsbetrag": "8,27\u00a0\u20ac",
            "Frachtkosten": "6,50\u00a0\u20ac",
            "Nettobetrag": "0,45\u00a0\u20ac",
            "zuz\u00fcglich 19% MWSt.": "1,32\u00a0\u20ac"
        },
        "url": "absatzplus.com//13622590"
    },
    {
        "spec": {
            "Brutto Rechnungsbetrag": "11,51\u00a0\u20ac",
            "Frachtkosten": "6,50\u00a0\u20ac",
            "Nettobetrag": "3,17\u00a0\u20ac",
            "zuz\u00fcglich 19% MWSt.": "1,84\u00a0\u20ac"
        },
        "url": "absatzplus.com//14269755"
    },
    {
        "spec": {
            "Brutto Rechnungsbetrag": "8,27\u00a0\u20ac",
            "Frachtkosten": "6,50\u00a0\u20ac",
            "Nettobetrag": "0,45\u00a0\u20ac",
            "zuz\u00fcglich 19% MWSt.": "1,32\u00a0\u20ac"
        },
        "url": "absatzplus.com//9559472"
    },
    {
        "spec": {
            "Brutto Rechnungsbetrag": "27,85\u00a0\u20ac",
            "Frachtkosten": "6,50\u00a0\u20ac",
            "Nettobetrag": "16,90\u00a0\u20ac",
            "zuz\u00fcglich 19% MWSt.": "4,45\u00a0\u20ac"
        },
        "url": "absatzplus.com//3973299"
    },
    {
        "spec": {
            "Brutto Rechnungsbetrag": "22,59\u00a0\u20ac",
            "Frachtkosten": "6,50\u00a0\u20ac",
            "Nettobetrag": "12,48\u00a0\u20ac",
            "zuz\u00fcglich 19% MWSt.": "3,61\u00a0\u20ac"
        },
        "url": "absatzplus.com//14204845"
    },
    {
        "spec": {
            "Brutto Rechnungsbetrag": "9,16\u00a0\u20ac",
            "Frachtkosten": "6,50\u00a0\u20ac",
            "Nettobetrag": "1,20\u00a0\u20ac",
            "zuz\u00fcglich 19% MWSt.": "1,46\u00a0\u20ac"
        },
        "url": "absatzplus.com//14191828"
    },
    {
        "spec": {
            "Brutto Rechnungsbetrag": "257,64\u00a0\u20ac",
            "Frachtkosten": "6,50\u00a0\u20ac",
            "Nettobetrag": "210,00\u00a0\u20ac",
            "zuz\u00fcglich 19% MWSt.": "41,14\u00a0\u20ac"
        },
        "url": "absatzplus.com//480989"
    },
    {
        "spec": {
            "Brutto Rechnungsbetrag": "2 558,50\u00a0\u20ac",
            "Frachtkosten": "100,00\u00a0\u20ac",
            "Nettobetrag": "2 050,00\u00a0\u20ac",
            "zuz\u00fcglich 19% MWSt.": "408,50\u00a0\u20ac"
        },
        "url": "absatzplus.com//4385198"
    },
    {
        "spec": {
            "Brutto Rechnungsbetrag": "10,56\u00a0\u20ac",
            "Frachtkosten": "6,50\u00a0\u20ac",
            "Nettobetrag": "2,37\u00a0\u20ac",
            "zuz\u00fcglich 19% MWSt.": "1,69\u00a0\u20ac"
        },
        "url": "absatzplus.com//2598719"
    },
    {
        "spec": {
            "Brutto Rechnungsbetrag": "8,57\u00a0\u20ac",
            "Frachtkosten": "6,50\u00a0\u20ac",
            "Nettobetrag": "0,70\u00a0\u20ac",
            "zuz\u00fcglich 19% MWSt.": "1,37\u00a0\u20ac"
        },
        "url": "absatzplus.com//4691562"
    },
    {
        "spec": {
            "Brutto Rechnungsbetrag": "29,04\u00a0\u20ac",
            "Frachtkosten": "6,50\u00a0\u20ac",
            "Nettobetrag": "17,90\u00a0\u20ac",
            "zuz\u00fcglich 19% MWSt.": "4,64\u00a0\u20ac"
        },
        "url": "absatzplus.com//12991666"
    },
    {
        "spec": {
            "Brutto Rechnungsbetrag": "193,38\u00a0\u20ac",
            "Frachtkosten": "13,00\u00a0\u20ac",
            "Nettobetrag": "149,50\u00a0\u20ac",
            "zuz\u00fcglich 19% MWSt.": "30,88\u00a0\u20ac"
        },
        "url": "absatzplus.com//8909480"
    },
    {
        "spec": {
            "Brutto Rechnungsbetrag": "10,33\u00a0\u20ac",
            "Frachtkosten": "6,50\u00a0\u20ac",
            "Nettobetrag": "2,18\u00a0\u20ac",
            "zuz\u00fcglich 19% MWSt.": "1,65\u00a0\u20ac"
        },
        "url": "absatzplus.com//1564293"
    },
    {
        "spec": {
            "Brutto Rechnungsbetrag": "9,44\u00a0\u20ac",
            "Frachtkosten": "6,50\u00a0\u20ac",
            "Nettobetrag": "1,43\u00a0\u20ac",
            "zuz\u00fcglich 19% MWSt.": "1,51\u00a0\u20ac"
        },
        "url": "absatzplus.com//8069657"
    },
    {
        "spec": {
            "Brutto Rechnungsbetrag": "427,81\u00a0\u20ac",
            "Frachtkosten": "19,50\u00a0\u20ac",
            "Nettobetrag": "340,00\u00a0\u20ac",
            "zuz\u00fcglich 19% MWSt.": "68,31\u00a0\u20ac"
        },
        "url": "absatzplus.com//2855123"
    },
    {
        "spec": {
            "Brutto Rechnungsbetrag": "8,27\u00a0\u20ac",
            "Frachtkosten": "6,50\u00a0\u20ac",
            "Nettobetrag": "0,45\u00a0\u20ac",
            "zuz\u00fcglich 19% MWSt.": "1,32\u00a0\u20ac"
        },
        "url": "absatzplus.com//2056477"
    },
    {
        "spec": {
            "Brutto Rechnungsbetrag": "8,76\u00a0\u20ac",
            "Frachtkosten": "6,50\u00a0\u20ac",
            "Nettobetrag": "0,86\u00a0\u20ac",
            "zuz\u00fcglich 19% MWSt.": "1,40\u00a0\u20ac"
        },
        "url": "absatzplus.com//710143"
    },
    {
        "spec": {
            "Brutto Rechnungsbetrag": "183,26\u00a0\u20ac",
            "Frachtkosten": "6,50\u00a0\u20ac",
            "Nettobetrag": "147,50\u00a0\u20ac",
            "zuz\u00fcglich 19% MWSt.": "29,26\u00a0\u20ac"
        },
        "url": "absatzplus.com//1498545"
    },
    {
        "spec": {
            "Brutto Rechnungsbetrag": "8,47\u00a0\u20ac",
            "Frachtkosten": "6,50\u00a0\u20ac",
            "Nettobetrag": "0,62\u00a0\u20ac",
            "zuz\u00fcglich 19% MWSt.": "1,35\u00a0\u20ac"
        },
        "url": "absatzplus.com//8341659"
    },
    {
        "spec": {
            "Brutto Rechnungsbetrag": "14,79\u00a0\u20ac",
            "Frachtkosten": "6,50\u00a0\u20ac",
            "Nettobetrag": "5,93\u00a0\u20ac",
            "zuz\u00fcglich 19% MWSt.": "2,36\u00a0\u20ac"
        },
        "url": "absatzplus.com//15158101"
    },
    {
        "spec": {
            "Brutto Rechnungsbetrag": "371,28\u00a0\u20ac",
            "Frachtkosten": "6,50\u00a0\u20ac",
            "Nettobetrag": "305,50\u00a0\u20ac",
            "zuz\u00fcglich 19% MWSt.": "59,28\u00a0\u20ac"
        },
        "url": "absatzplus.com//1902019"
    },
    {
        "spec": {
            "Brutto Rechnungsbetrag": "18,65\u00a0\u20ac",
            "Frachtkosten": "6,50\u00a0\u20ac",
            "Nettobetrag": "9,17\u00a0\u20ac",
            "zuz\u00fcglich 19% MWSt.": "2,98\u00a0\u20ac"
        },
        "url": "absatzplus.com//683734"
    },
    {
        "spec": {
            "Brutto Rechnungsbetrag": "711,03\u00a0\u20ac",
            "Frachtkosten": "6,50\u00a0\u20ac",
            "Nettobetrag": "591,00\u00a0\u20ac",
            "zuz\u00fcglich 19% MWSt.": "113,53\u00a0\u20ac"
        },
        "url": "absatzplus.com//882204"
    },
    {
        "spec": {
            "Brutto Rechnungsbetrag": "872,27\u00a0\u20ac",
            "Frachtkosten": "13,00\u00a0\u20ac",
            "Nettobetrag": "720,00\u00a0\u20ac",
            "zuz\u00fcglich 19% MWSt.": "139,27\u00a0\u20ac"
        },
        "url": "absatzplus.com//16793487"
    },
    {
        "spec": {
            "Brutto Rechnungsbetrag": "9,33\u00a0\u20ac",
            "Frachtkosten": "6,50\u00a0\u20ac",
            "Nettobetrag": "1,34\u00a0\u20ac",
            "zuz\u00fcglich 19% MWSt.": "1,49\u00a0\u20ac"
        },
        "url": "absatzplus.com//17356486"
    },
    {
        "spec": {
            "Brutto Rechnungsbetrag": "9,42\u00a0\u20ac",
            "Frachtkosten": "6,50\u00a0\u20ac",
            "Nettobetrag": "1,42\u00a0\u20ac",
            "zuz\u00fcglich 19% MWSt.": "1,50\u00a0\u20ac"
        },
        "url": "absatzplus.com//8787130"
    },
    {
        "spec": {
            "Brutto Rechnungsbetrag": "14,76\u00a0\u20ac",
            "Frachtkosten": "6,50\u00a0\u20ac",
            "Nettobetrag": "5,90\u00a0\u20ac",
            "zuz\u00fcglich 19% MWSt.": "2,36\u00a0\u20ac"
        },
        "url": "absatzplus.com//11571999"
    },
    {
        "spec": {
            "Brutto Rechnungsbetrag": "8,81\u00a0\u20ac",
            "Frachtkosten": "6,50\u00a0\u20ac",
            "Nettobetrag": "0,90\u00a0\u20ac",
            "zuz\u00fcglich 19% MWSt.": "1,41\u00a0\u20ac"
        },
        "url": "absatzplus.com//3012154"
    },
    {
        "spec": {
            "Brutto Rechnungsbetrag": "131,50\u00a0\u20ac",
            "Frachtkosten": "6,50\u00a0\u20ac",
            "Nettobetrag": "104,00\u00a0\u20ac",
            "zuz\u00fcglich 19% MWSt.": "21,00\u00a0\u20ac"
        },
        "url": "absatzplus.com//6457558"
    },
    {
        "spec": {
            "Brutto Rechnungsbetrag": "10,67\u00a0\u20ac",
            "Frachtkosten": "6,50\u00a0\u20ac",
            "Nettobetrag": "2,47\u00a0\u20ac",
            "zuz\u00fcglich 19% MWSt.": "1,70\u00a0\u20ac"
        },
        "url": "absatzplus.com//4665640"
    },
    {
        "spec": {
            "Brutto Rechnungsbetrag": "11,13\u00a0\u20ac",
            "Frachtkosten": "6,50\u00a0\u20ac",
            "Nettobetrag": "2,85\u00a0\u20ac",
            "zuz\u00fcglich 19% MWSt.": "1,78\u00a0\u20ac"
        },
        "url": "absatzplus.com//3657664"
    },
    {
        "spec": {
            "Brutto Rechnungsbetrag": "11,90\u00a0\u20ac",
            "Frachtkosten": "6,50\u00a0\u20ac",
            "Nettobetrag": "3,50\u00a0\u20ac",
            "zuz\u00fcglich 19% MWSt.": "1,90\u00a0\u20ac"
        },
        "url": "absatzplus.com//3829216"
    },
    {
        "spec": {
            "Brutto Rechnungsbetrag": "14,76\u00a0\u20ac",
            "Frachtkosten": "6,50\u00a0\u20ac",
            "Nettobetrag": "5,90\u00a0\u20ac",
            "zuz\u00fcglich 19% MWSt.": "2,36\u00a0\u20ac"
        },
        "url": "absatzplus.com//10691524"
    },
    {
        "spec": {
            "Brutto Rechnungsbetrag": "11,97\u00a0\u20ac",
            "Frachtkosten": "6,50\u00a0\u20ac",
            "Nettobetrag": "3,56\u00a0\u20ac",
            "zuz\u00fcglich 19% MWSt.": "1,91\u00a0\u20ac"
        },
        "url": "absatzplus.com//12178868"
    },
    {
        "spec": {
            "Brutto Rechnungsbetrag": "16,07\u00a0\u20ac",
            "Frachtkosten": "6,50\u00a0\u20ac",
            "Nettobetrag": "7,00\u00a0\u20ac",
            "zuz\u00fcglich 19% MWSt.": "2,57\u00a0\u20ac"
        },
        "url": "absatzplus.com//15876569"
    },
    {
        "spec": {
            "Brutto Rechnungsbetrag": "10,17\u00a0\u20ac",
            "Frachtkosten": "6,50\u00a0\u20ac",
            "Nettobetrag": "2,05\u00a0\u20ac",
            "zuz\u00fcglich 19% MWSt.": "1,62\u00a0\u20ac"
        },
        "url": "absatzplus.com//16859646"
    },
    {
        "spec": {
            "Brutto Rechnungsbetrag": "223,13\u00a0\u20ac",
            "Frachtkosten": "13,00\u00a0\u20ac",
            "Nettobetrag": "174,50\u00a0\u20ac",
            "zuz\u00fcglich 19% MWSt.": "35,63\u00a0\u20ac"
        },
        "url": "absatzplus.com//664643"
    },
    {
        "spec": {
            "Brutto Rechnungsbetrag": "13,49\u00a0\u20ac",
            "Frachtkosten": "6,50\u00a0\u20ac",
            "Nettobetrag": "4,84\u00a0\u20ac",
            "zuz\u00fcglich 19% MWSt.": "2,15\u00a0\u20ac"
        },
        "url": "absatzplus.com//1889411"
    },
    {
        "spec": {
            "Brutto Rechnungsbetrag": "9,44\u00a0\u20ac",
            "Frachtkosten": "6,50\u00a0\u20ac",
            "Nettobetrag": "1,43\u00a0\u20ac",
            "zuz\u00fcglich 19% MWSt.": "1,51\u00a0\u20ac"
        },
        "url": "absatzplus.com//8610190"
    },
    {
        "spec": {
            "Brutto Rechnungsbetrag": "13,49\u00a0\u20ac",
            "Frachtkosten": "6,50\u00a0\u20ac",
            "Nettobetrag": "4,84\u00a0\u20ac",
            "zuz\u00fcglich 19% MWSt.": "2,15\u00a0\u20ac"
        },
        "url": "absatzplus.com//12590910"
    },
    {
        "spec": {
            "Brutto Rechnungsbetrag": "11,04\u00a0\u20ac",
            "Frachtkosten": "6,50\u00a0\u20ac",
            "Nettobetrag": "2,78\u00a0\u20ac",
            "zuz\u00fcglich 19% MWSt.": "1,76\u00a0\u20ac"
        },
        "url": "absatzplus.com//3821404"
    },
    {
        "spec": {
            "Brutto Rechnungsbetrag": "8,27\u00a0\u20ac",
            "Frachtkosten": "6,50\u00a0\u20ac",
            "Nettobetrag": "0,45\u00a0\u20ac",
            "zuz\u00fcglich 19% MWSt.": "1,32\u00a0\u20ac"
        },
        "url": "absatzplus.com//5520288"
    },
    {
        "spec": {
            "Brutto Rechnungsbetrag": "27,85\u00a0\u20ac",
            "Frachtkosten": "6,50\u00a0\u20ac",
            "Nettobetrag": "16,90\u00a0\u20ac",
            "zuz\u00fcglich 19% MWSt.": "4,45\u00a0\u20ac"
        },
        "url": "absatzplus.com//6204282"
    },
    {
        "spec": {
            "Brutto Rechnungsbetrag": "993,65\u00a0\u20ac",
            "Frachtkosten": "65,00\u00a0\u20ac",
            "Nettobetrag": "770,00\u00a0\u20ac",
            "zuz\u00fcglich 19% MWSt.": "158,65\u00a0\u20ac"
        },
        "url": "absatzplus.com//8187889"
    },
    {
        "spec": {
            "Brutto Rechnungsbetrag": "25,09\u00a0\u20ac",
            "Frachtkosten": "6,50\u00a0\u20ac",
            "Nettobetrag": "14,58\u00a0\u20ac",
            "zuz\u00fcglich 19% MWSt.": "4,01\u00a0\u20ac"
        },
        "url": "absatzplus.com//15633709"
    },
    {
        "spec": {
            "Brutto Rechnungsbetrag": "1 631,49\u00a0\u20ac",
            "Frachtkosten": "91,00\u00a0\u20ac",
            "Nettobetrag": "1 280,00\u00a0\u20ac",
            "zuz\u00fcglich 19% MWSt.": "260,49\u00a0\u20ac"
        },
        "url": "absatzplus.com//4082760"
    },
    {
        "spec": {
            "Brutto Rechnungsbetrag": "46,11\u00a0\u20ac",
            "Frachtkosten": "6,50\u00a0\u20ac",
            "Nettobetrag": "32,25\u00a0\u20ac",
            "zuz\u00fcglich 19% MWSt.": "7,36\u00a0\u20ac"
        },
        "url": "absatzplus.com//7149563"
    },
    {
        "spec": {
            "Brutto Rechnungsbetrag": "154,11\u00a0\u20ac",
            "Frachtkosten": "6,50\u00a0\u20ac",
            "Nettobetrag": "123,00\u00a0\u20ac",
            "zuz\u00fcglich 19% MWSt.": "24,61\u00a0\u20ac"
        },
        "url": "absatzplus.com//1893005"
    },
    {
        "spec": {
            "Brutto Rechnungsbetrag": "430,19\u00a0\u20ac",
            "Frachtkosten": "6,50\u00a0\u20ac",
            "Nettobetrag": "355,00\u00a0\u20ac",
            "zuz\u00fcglich 19% MWSt.": "68,69\u00a0\u20ac"
        },
        "url": "absatzplus.com//10151708"
    },
    {
        "spec": {
            "Brutto Rechnungsbetrag": "23,30\u00a0\u20ac",
            "Frachtkosten": "6,50\u00a0\u20ac",
            "Nettobetrag": "13,08\u00a0\u20ac",
            "zuz\u00fcglich 19% MWSt.": "3,72\u00a0\u20ac"
        },
        "url": "absatzplus.com//4170417"
    },
    {
        "spec": {
            "Brutto Rechnungsbetrag": "27,75\u00a0\u20ac",
            "Frachtkosten": "6,50\u00a0\u20ac",
            "Nettobetrag": "16,82\u00a0\u20ac",
            "zuz\u00fcglich 19% MWSt.": "4,43\u00a0\u20ac"
        },
        "url": "absatzplus.com//8671699"
    },
    {
        "spec": {
            "Brutto Rechnungsbetrag": "32,67\u00a0\u20ac",
            "Frachtkosten": "6,50\u00a0\u20ac",
            "Nettobetrag": "20,95\u00a0\u20ac",
            "zuz\u00fcglich 19% MWSt.": "5,22\u00a0\u20ac"
        },
        "url": "absatzplus.com//318619"
    },
    {
        "spec": {
            "Brutto Rechnungsbetrag": "8,76\u00a0\u20ac",
            "Frachtkosten": "6,50\u00a0\u20ac",
            "Nettobetrag": "0,86\u00a0\u20ac",
            "zuz\u00fcglich 19% MWSt.": "1,40\u00a0\u20ac"
        },
        "url": "absatzplus.com//1507778"
    },
    {
        "spec": {
            "Brutto Rechnungsbetrag": "2 558,50\u00a0\u20ac",
            "Frachtkosten": "100,00\u00a0\u20ac",
            "Nettobetrag": "2 050,00\u00a0\u20ac",
            "zuz\u00fcglich 19% MWSt.": "408,50\u00a0\u20ac"
        },
        "url": "absatzplus.com//8186915"
    },
    {
        "spec": {
            "Brutto Rechnungsbetrag": "9,15\u00a0\u20ac",
            "Frachtkosten": "6,50\u00a0\u20ac",
            "Nettobetrag": "1,19\u00a0\u20ac",
            "zuz\u00fcglich 19% MWSt.": "1,46\u00a0\u20ac"
        },
        "url": "absatzplus.com//706674"
    },
    {
        "spec": {
            "Brutto Rechnungsbetrag": "221,94\u00a0\u20ac",
            "Frachtkosten": "6,50\u00a0\u20ac",
            "Nettobetrag": "180,00\u00a0\u20ac",
            "zuz\u00fcglich 19% MWSt.": "35,44\u00a0\u20ac"
        },
        "url": "absatzplus.com//10850427"
    },
    {
        "spec": {
            "Brutto Rechnungsbetrag": "8,76\u00a0\u20ac",
            "Frachtkosten": "6,50\u00a0\u20ac",
            "Nettobetrag": "0,86\u00a0\u20ac",
            "zuz\u00fcglich 19% MWSt.": "1,40\u00a0\u20ac"
        },
        "url": "absatzplus.com//16232639"
    },
    {
        "spec": {
            "Brutto Rechnungsbetrag": "11,69\u00a0\u20ac",
            "Frachtkosten": "6,50\u00a0\u20ac",
            "Nettobetrag": "3,32\u00a0\u20ac",
            "zuz\u00fcglich 19% MWSt.": "1,87\u00a0\u20ac"
        },
        "url": "absatzplus.com//4629086"
    },
    {
        "spec": {
            "Brutto Rechnungsbetrag": "8,57\u00a0\u20ac",
            "Frachtkosten": "6,50\u00a0\u20ac",
            "Nettobetrag": "0,70\u00a0\u20ac",
            "zuz\u00fcglich 19% MWSt.": "1,37\u00a0\u20ac"
        },
        "url": "absatzplus.com//16775381"
    },
    {
        "spec": {
            "Brutto Rechnungsbetrag": "106,49\u00a0\u20ac",
            "Frachtkosten": "6,50\u00a0\u20ac",
            "Nettobetrag": "82,99\u00a0\u20ac",
            "zuz\u00fcglich 19% MWSt.": "17,00\u00a0\u20ac"
        },
        "url": "absatzplus.com//7271973"
    },
    {
        "spec": {
            "Brutto Rechnungsbetrag": "3 070,20\u00a0\u20ac",
            "Frachtkosten": "100,00\u00a0\u20ac",
            "Nettobetrag": "2 480,00\u00a0\u20ac",
            "zuz\u00fcglich 19% MWSt.": "490,20\u00a0\u20ac"
        },
        "url": "absatzplus.com//2049778"
    },
    {
        "spec": {
            "Brutto Rechnungsbetrag": "8,81\u00a0\u20ac",
            "Frachtkosten": "6,50\u00a0\u20ac",
            "Nettobetrag": "0,90\u00a0\u20ac",
            "zuz\u00fcglich 19% MWSt.": "1,41\u00a0\u20ac"
        },
        "url": "absatzplus.com//2136014"
    },
    {
        "spec": {
            "Brutto Rechnungsbetrag": "13,09\u00a0\u20ac",
            "Frachtkosten": "6,50\u00a0\u20ac",
            "Nettobetrag": "4,50\u00a0\u20ac",
            "zuz\u00fcglich 19% MWSt.": "2,09\u00a0\u20ac"
        },
        "url": "absatzplus.com//7488909"
    },
    {
        "spec": {
            "Brutto Rechnungsbetrag": "66,56\u00a0\u20ac",
            "Frachtkosten": "6,50\u00a0\u20ac",
            "Nettobetrag": "49,43\u00a0\u20ac",
            "zuz\u00fcglich 19% MWSt.": "10,63\u00a0\u20ac"
        },
        "url": "absatzplus.com//9159456"
    },
    {
        "spec": {
            "Brutto Rechnungsbetrag": "23,30\u00a0\u20ac",
            "Frachtkosten": "6,50\u00a0\u20ac",
            "Nettobetrag": "13,08\u00a0\u20ac",
            "zuz\u00fcglich 19% MWSt.": "3,72\u00a0\u20ac"
        },
        "url": "absatzplus.com//13166895"
    },
    {
        "spec": {
            "Brutto Rechnungsbetrag": "1 561,88\u00a0\u20ac",
            "Frachtkosten": "32,50\u00a0\u20ac",
            "Nettobetrag": "1 280,00\u00a0\u20ac",
            "zuz\u00fcglich 19% MWSt.": "249,38\u00a0\u20ac"
        },
        "url": "absatzplus.com//3238817"
    },
    {
        "spec": {
            "Brutto Rechnungsbetrag": "8,27\u00a0\u20ac",
            "Frachtkosten": "6,50\u00a0\u20ac",
            "Nettobetrag": "0,45\u00a0\u20ac",
            "zuz\u00fcglich 19% MWSt.": "1,32\u00a0\u20ac"
        },
        "url": "absatzplus.com//6867"
    },
    {
        "spec": {
            "Brutto Rechnungsbetrag": "200,81\u00a0\u20ac",
            "Frachtkosten": "6,50\u00a0\u20ac",
            "Nettobetrag": "162,25\u00a0\u20ac",
            "zuz\u00fcglich 19% MWSt.": "32,06\u00a0\u20ac"
        },
        "url": "absatzplus.com//13016424"
    },
    {
        "spec": {
            "Brutto Rechnungsbetrag": "30,35\u00a0\u20ac",
            "Frachtkosten": "6,50\u00a0\u20ac",
            "Nettobetrag": "19,00\u00a0\u20ac",
            "zuz\u00fcglich 19% MWSt.": "4,85\u00a0\u20ac"
        },
        "url": "absatzplus.com//919196"
    },
    {
        "spec": {
            "Brutto Rechnungsbetrag": "16,96\u00a0\u20ac",
            "Frachtkosten": "6,50\u00a0\u20ac",
            "Nettobetrag": "7,75\u00a0\u20ac",
            "zuz\u00fcglich 19% MWSt.": "2,71\u00a0\u20ac"
        },
        "url": "absatzplus.com//12830515"
    },
    {
        "spec": {
            "Brutto Rechnungsbetrag": "11,04\u00a0\u20ac",
            "Frachtkosten": "6,50\u00a0\u20ac",
            "Nettobetrag": "2,78\u00a0\u20ac",
            "zuz\u00fcglich 19% MWSt.": "1,76\u00a0\u20ac"
        },
        "url": "absatzplus.com//966503"
    },
    {
        "spec": {
            "Brutto Rechnungsbetrag": "8,76\u00a0\u20ac",
            "Frachtkosten": "6,50\u00a0\u20ac",
            "Nettobetrag": "0,86\u00a0\u20ac",
            "zuz\u00fcglich 19% MWSt.": "1,40\u00a0\u20ac"
        },
        "url": "absatzplus.com//8400134"
    },
    {
        "spec": {
            "Brutto Rechnungsbetrag": "11,51\u00a0\u20ac",
            "Frachtkosten": "6,50\u00a0\u20ac",
            "Nettobetrag": "3,17\u00a0\u20ac",
            "zuz\u00fcglich 19% MWSt.": "1,84\u00a0\u20ac"
        },
        "url": "absatzplus.com//14522064"
    },
    {
        "spec": {
            "Brutto Rechnungsbetrag": "15,47\u00a0\u20ac",
            "Frachtkosten": "6,50\u00a0\u20ac",
            "Nettobetrag": "6,50\u00a0\u20ac",
            "zuz\u00fcglich 19% MWSt.": "2,47\u00a0\u20ac"
        },
        "url": "absatzplus.com//16298694"
    },
    {
        "spec": {
            "Brutto Rechnungsbetrag": "13,49\u00a0\u20ac",
            "Frachtkosten": "6,50\u00a0\u20ac",
            "Nettobetrag": "4,84\u00a0\u20ac",
            "zuz\u00fcglich 19% MWSt.": "2,15\u00a0\u20ac"
        },
        "url": "absatzplus.com//819172"
    },
    {
        "spec": {
            "Brutto Rechnungsbetrag": "9,53\u00a0\u20ac",
            "Frachtkosten": "6,50\u00a0\u20ac",
            "Nettobetrag": "1,51\u00a0\u20ac",
            "zuz\u00fcglich 19% MWSt.": "1,52\u00a0\u20ac"
        },
        "url": "absatzplus.com//13530858"
    },
    {
        "spec": {
            "Brutto Rechnungsbetrag": "638,44\u00a0\u20ac",
            "Frachtkosten": "6,50\u00a0\u20ac",
            "Nettobetrag": "530,00\u00a0\u20ac",
            "zuz\u00fcglich 19% MWSt.": "101,94\u00a0\u20ac"
        },
        "url": "absatzplus.com//14393281"
    },
    {
        "spec": {
            "Brutto Rechnungsbetrag": "13,49\u00a0\u20ac",
            "Frachtkosten": "6,50\u00a0\u20ac",
            "Nettobetrag": "4,84\u00a0\u20ac",
            "zuz\u00fcglich 19% MWSt.": "2,15\u00a0\u20ac"
        },
        "url": "absatzplus.com//12714354"
    },
    {
        "spec": {
            "Brutto Rechnungsbetrag": "18,65\u00a0\u20ac",
            "Frachtkosten": "6,50\u00a0\u20ac",
            "Nettobetrag": "9,17\u00a0\u20ac",
            "zuz\u00fcglich 19% MWSt.": "2,98\u00a0\u20ac"
        },
        "url": "absatzplus.com//467078"
    },
    {
        "spec": {
            "Brutto Rechnungsbetrag": "9,51\u00a0\u20ac",
            "Frachtkosten": "6,50\u00a0\u20ac",
            "Nettobetrag": "1,49\u00a0\u20ac",
            "zuz\u00fcglich 19% MWSt.": "1,52\u00a0\u20ac"
        },
        "url": "absatzplus.com//12549501"
    },
    {
        "spec": {
            "Brutto Rechnungsbetrag": "9,52\u00a0\u20ac",
            "Frachtkosten": "6,50\u00a0\u20ac",
            "Nettobetrag": "1,50\u00a0\u20ac",
            "zuz\u00fcglich 19% MWSt.": "1,52\u00a0\u20ac"
        },
        "url": "absatzplus.com//16228859"
    },
    {
        "spec": {
            "Brutto Rechnungsbetrag": "8,76\u00a0\u20ac",
            "Frachtkosten": "6,50\u00a0\u20ac",
            "Nettobetrag": "0,86\u00a0\u20ac",
            "zuz\u00fcglich 19% MWSt.": "1,40\u00a0\u20ac"
        },
        "url": "absatzplus.com//17423526"
    },
    {
        "spec": {
            "Brutto Rechnungsbetrag": "578,94\u00a0\u20ac",
            "Frachtkosten": "6,50\u00a0\u20ac",
            "Nettobetrag": "480,00\u00a0\u20ac",
            "zuz\u00fcglich 19% MWSt.": "92,44\u00a0\u20ac"
        },
        "url": "absatzplus.com//10825240"
    },
    {
        "spec": {
            "Brutto Rechnungsbetrag": "9,06\u00a0\u20ac",
            "Frachtkosten": "6,50\u00a0\u20ac",
            "Nettobetrag": "1,11\u00a0\u20ac",
            "zuz\u00fcglich 19% MWSt.": "1,45\u00a0\u20ac"
        },
        "url": "absatzplus.com//12392572"
    },
    {
        "spec": {
            "Brutto Rechnungsbetrag": "590,84\u00a0\u20ac",
            "Frachtkosten": "6,50\u00a0\u20ac",
            "Nettobetrag": "490,00\u00a0\u20ac",
            "zuz\u00fcglich 19% MWSt.": "94,34\u00a0\u20ac"
        },
        "url": "absatzplus.com//12126550"
    },
    {
        "spec": {
            "Brutto Rechnungsbetrag": "10,59\u00a0\u20ac",
            "Frachtkosten": "6,50\u00a0\u20ac",
            "Nettobetrag": "2,40\u00a0\u20ac",
            "zuz\u00fcglich 19% MWSt.": "1,69\u00a0\u20ac"
        },
        "url": "absatzplus.com//13936727"
    },
    {
        "spec": {
            "Brutto Rechnungsbetrag": "293,34\u00a0\u20ac",
            "Frachtkosten": "6,50\u00a0\u20ac",
            "Nettobetrag": "240,00\u00a0\u20ac",
            "zuz\u00fcglich 19% MWSt.": "46,84\u00a0\u20ac"
        },
        "url": "absatzplus.com//9500703"
    },
    {
        "spec": {
            "Brutto Rechnungsbetrag": "9,51\u00a0\u20ac",
            "Frachtkosten": "6,50\u00a0\u20ac",
            "Nettobetrag": "1,49\u00a0\u20ac",
            "zuz\u00fcglich 19% MWSt.": "1,52\u00a0\u20ac"
        },
        "url": "absatzplus.com//4111749"
    },
    {
        "spec": {
            "Brutto Rechnungsbetrag": "8,28\u00a0\u20ac",
            "Frachtkosten": "6,50\u00a0\u20ac",
            "Nettobetrag": "0,46\u00a0\u20ac",
            "zuz\u00fcglich 19% MWSt.": "1,32\u00a0\u20ac"
        },
        "url": "absatzplus.com//4261542"
    },
    {
        "spec": {
            "Brutto Rechnungsbetrag": "9,44\u00a0\u20ac",
            "Frachtkosten": "6,50\u00a0\u20ac",
            "Nettobetrag": "1,43\u00a0\u20ac",
            "zuz\u00fcglich 19% MWSt.": "1,51\u00a0\u20ac"
        },
        "url": "absatzplus.com//595998"
    },
    {
        "spec": {
            "Brutto Rechnungsbetrag": "14,16\u00a0\u20ac",
            "Frachtkosten": "6,50\u00a0\u20ac",
            "Nettobetrag": "5,40\u00a0\u20ac",
            "zuz\u00fcglich 19% MWSt.": "2,26\u00a0\u20ac"
        },
        "url": "absatzplus.com//4090390"
    },
    {
        "spec": {
            "Brutto Rechnungsbetrag": "11,29\u00a0\u20ac",
            "Frachtkosten": "6,50\u00a0\u20ac",
            "Nettobetrag": "2,99\u00a0\u20ac",
            "zuz\u00fcglich 19% MWSt.": "1,80\u00a0\u20ac"
        },
        "url": "absatzplus.com//641560"
    },
    {
        "spec": {
            "Brutto Rechnungsbetrag": "9,19\u00a0\u20ac",
            "Frachtkosten": "6,50\u00a0\u20ac",
            "Nettobetrag": "1,22\u00a0\u20ac",
            "zuz\u00fcglich 19% MWSt.": "1,47\u00a0\u20ac"
        },
        "url": "absatzplus.com//972721"
    },
    {
        "spec": {
            "Brutto Rechnungsbetrag": "3 070,20\u00a0\u20ac",
            "Frachtkosten": "100,00\u00a0\u20ac",
            "Nettobetrag": "2 480,00\u00a0\u20ac",
            "zuz\u00fcglich 19% MWSt.": "490,20\u00a0\u20ac"
        },
        "url": "absatzplus.com//3940676"
    },
    {
        "spec": {
            "Brutto Rechnungsbetrag": "9,00\u00a0\u20ac",
            "Frachtkosten": "6,50\u00a0\u20ac",
            "Nettobetrag": "1,06\u00a0\u20ac",
            "zuz\u00fcglich 19% MWSt.": "1,44\u00a0\u20ac"
        },
        "url": "absatzplus.com//11614576"
    },
    {
        "spec": {
            "Brutto Rechnungsbetrag": "17,02\u00a0\u20ac",
            "Frachtkosten": "6,50\u00a0\u20ac",
            "Nettobetrag": "7,80\u00a0\u20ac",
            "zuz\u00fcglich 19% MWSt.": "2,72\u00a0\u20ac"
        },
        "url": "absatzplus.com//4872986"
    },
    {
        "spec": {
            "Brutto Rechnungsbetrag": "9,64\u00a0\u20ac",
            "Frachtkosten": "6,50\u00a0\u20ac",
            "Nettobetrag": "1,60\u00a0\u20ac",
            "zuz\u00fcglich 19% MWSt.": "1,54\u00a0\u20ac"
        },
        "url": "absatzplus.com//5684241"
    },
    {
        "spec": {
            "Brutto Rechnungsbetrag": "1 768,34\u00a0\u20ac",
            "Frachtkosten": "26,00\u00a0\u20ac",
            "Nettobetrag": "1 460,00\u00a0\u20ac",
            "zuz\u00fcglich 19% MWSt.": "282,34\u00a0\u20ac"
        },
        "url": "absatzplus.com//12633841"
    },
    {
        "spec": {
            "Brutto Rechnungsbetrag": "900,24\u00a0\u20ac",
            "Frachtkosten": "6,50\u00a0\u20ac",
            "Nettobetrag": "750,00\u00a0\u20ac",
            "zuz\u00fcglich 19% MWSt.": "143,74\u00a0\u20ac"
        },
        "url": "absatzplus.com//8722570"
    },
    {
        "spec": {
            "Brutto Rechnungsbetrag": "11,97\u00a0\u20ac",
            "Frachtkosten": "6,50\u00a0\u20ac",
            "Nettobetrag": "3,56\u00a0\u20ac",
            "zuz\u00fcglich 19% MWSt.": "1,91\u00a0\u20ac"
        },
        "url": "absatzplus.com//11583317"
    },
    {
        "spec": {
            "Brutto Rechnungsbetrag": "14,76\u00a0\u20ac",
            "Frachtkosten": "6,50\u00a0\u20ac",
            "Nettobetrag": "5,90\u00a0\u20ac",
            "zuz\u00fcglich 19% MWSt.": "2,36\u00a0\u20ac"
        },
        "url": "absatzplus.com//15626478"
    },
    {
        "spec": {
            "Brutto Rechnungsbetrag": "914,52\u00a0\u20ac",
            "Frachtkosten": "6,50\u00a0\u20ac",
            "Nettobetrag": "762,00\u00a0\u20ac",
            "zuz\u00fcglich 19% MWSt.": "146,02\u00a0\u20ac"
        },
        "url": "absatzplus.com//1029679"
    },
    {
        "spec": {
            "Brutto Rechnungsbetrag": "16,07\u00a0\u20ac",
            "Frachtkosten": "6,50\u00a0\u20ac",
            "Nettobetrag": "7,00\u00a0\u20ac",
            "zuz\u00fcglich 19% MWSt.": "2,57\u00a0\u20ac"
        },
        "url": "absatzplus.com//2054086"
    },
    {
        "spec": {
            "Brutto Rechnungsbetrag": "29,04\u00a0\u20ac",
            "Frachtkosten": "6,50\u00a0\u20ac",
            "Nettobetrag": "17,90\u00a0\u20ac",
            "zuz\u00fcglich 19% MWSt.": "4,64\u00a0\u20ac"
        },
        "url": "absatzplus.com//10303384"
    },
    {
        "spec": {
            "Brutto Rechnungsbetrag": "1 832,60\u00a0\u20ac",
            "Frachtkosten": "100,00\u00a0\u20ac",
            "Nettobetrag": "1 440,00\u00a0\u20ac",
            "zuz\u00fcglich 19% MWSt.": "292,60\u00a0\u20ac"
        },
        "url": "absatzplus.com//5202713"
    },
    {
        "spec": {
            "Brutto Rechnungsbetrag": "66,56\u00a0\u20ac",
            "Frachtkosten": "6,50\u00a0\u20ac",
            "Nettobetrag": "49,43\u00a0\u20ac",
            "zuz\u00fcglich 19% MWSt.": "10,63\u00a0\u20ac"
        },
        "url": "absatzplus.com//1301369"
    },
    {
        "spec": {
            "Brutto Rechnungsbetrag": "912,14\u00a0\u20ac",
            "Frachtkosten": "6,50\u00a0\u20ac",
            "Nettobetrag": "760,00\u00a0\u20ac",
            "zuz\u00fcglich 19% MWSt.": "145,64\u00a0\u20ac"
        },
        "url": "absatzplus.com//10343617"
    },
    {
        "spec": {
            "Brutto Rechnungsbetrag": "16,66\u00a0\u20ac",
            "Frachtkosten": "6,50\u00a0\u20ac",
            "Nettobetrag": "7,50\u00a0\u20ac",
            "zuz\u00fcglich 19% MWSt.": "2,66\u00a0\u20ac"
        },
        "url": "absatzplus.com//8778054"
    },
    {
        "spec": {
            "Brutto Rechnungsbetrag": "323,68\u00a0\u20ac",
            "Frachtkosten": "13,00\u00a0\u20ac",
            "Nettobetrag": "259,00\u00a0\u20ac",
            "zuz\u00fcglich 19% MWSt.": "51,68\u00a0\u20ac"
        },
        "url": "absatzplus.com//4168882"
    },
    {
        "spec": {
            "Brutto Rechnungsbetrag": "8,02\u00a0\u20ac",
            "Frachtkosten": "6,50\u00a0\u20ac",
            "Nettobetrag": "0,24\u00a0\u20ac",
            "zuz\u00fcglich 19% MWSt.": "1,28\u00a0\u20ac"
        },
        "url": "absatzplus.com//11095814"
    },
    {
        "spec": {
            "Brutto Rechnungsbetrag": "25,09\u00a0\u20ac",
            "Frachtkosten": "6,50\u00a0\u20ac",
            "Nettobetrag": "14,58\u00a0\u20ac",
            "zuz\u00fcglich 19% MWSt.": "4,01\u00a0\u20ac"
        },
        "url": "absatzplus.com//13953841"
    },
    {
        "spec": {
            "Brutto Rechnungsbetrag": "9,51\u00a0\u20ac",
            "Frachtkosten": "6,50\u00a0\u20ac",
            "Nettobetrag": "1,49\u00a0\u20ac",
            "zuz\u00fcglich 19% MWSt.": "1,52\u00a0\u20ac"
        },
        "url": "absatzplus.com//9670010"
    },
    {
        "spec": {
            "Brutto Rechnungsbetrag": "4 093,60\u00a0\u20ac",
            "Frachtkosten": "100,00\u00a0\u20ac",
            "Nettobetrag": "3 340,00\u00a0\u20ac",
            "zuz\u00fcglich 19% MWSt.": "653,60\u00a0\u20ac"
        },
        "url": "absatzplus.com//12298077"
    },
    {
        "spec": {
            "Brutto Rechnungsbetrag": "9,97\u00a0\u20ac",
            "Frachtkosten": "6,50\u00a0\u20ac",
            "Nettobetrag": "1,88\u00a0\u20ac",
            "zuz\u00fcglich 19% MWSt.": "1,59\u00a0\u20ac"
        },
        "url": "absatzplus.com//17361047"
    },
    {
        "spec": {
            "Brutto Rechnungsbetrag": "66,28\u00a0\u20ac",
            "Frachtkosten": "6,50\u00a0\u20ac",
            "Nettobetrag": "49,20\u00a0\u20ac",
            "zuz\u00fcglich 19% MWSt.": "10,58\u00a0\u20ac"
        },
        "url": "absatzplus.com//10240094"
    },
    {
        "spec": {
            "Brutto Rechnungsbetrag": "8,90\u00a0\u20ac",
            "Frachtkosten": "6,50\u00a0\u20ac",
            "Nettobetrag": "0,98\u00a0\u20ac",
            "zuz\u00fcglich 19% MWSt.": "1,42\u00a0\u20ac"
        },
        "url": "absatzplus.com//1832267"
    },
    {
        "spec": {
            "Brutto Rechnungsbetrag": "13,49\u00a0\u20ac",
            "Frachtkosten": "6,50\u00a0\u20ac",
            "Nettobetrag": "4,84\u00a0\u20ac",
            "zuz\u00fcglich 19% MWSt.": "2,15\u00a0\u20ac"
        },
        "url": "absatzplus.com//17342802"
    },
    {
        "spec": {
            "Brutto Rechnungsbetrag": "9,47\u00a0\u20ac",
            "Frachtkosten": "6,50\u00a0\u20ac",
            "Nettobetrag": "1,46\u00a0\u20ac",
            "zuz\u00fcglich 19% MWSt.": "1,51\u00a0\u20ac"
        },
        "url": "absatzplus.com//14390582"
    },
    {
        "spec": {
            "Brutto Rechnungsbetrag": "8,62\u00a0\u20ac",
            "Frachtkosten": "6,50\u00a0\u20ac",
            "Nettobetrag": "0,74\u00a0\u20ac",
            "zuz\u00fcglich 19% MWSt.": "1,38\u00a0\u20ac"
        },
        "url": "absatzplus.com//7835150"
    },
    {
        "spec": {
            "Brutto Rechnungsbetrag": "436,14\u00a0\u20ac",
            "Frachtkosten": "6,50\u00a0\u20ac",
            "Nettobetrag": "360,00\u00a0\u20ac",
            "zuz\u00fcglich 19% MWSt.": "69,64\u00a0\u20ac"
        },
        "url": "absatzplus.com//745968"
    },
    {
        "spec": {
            "Brutto Rechnungsbetrag": "13,42\u00a0\u20ac",
            "Frachtkosten": "6,50\u00a0\u20ac",
            "Nettobetrag": "4,78\u00a0\u20ac",
            "zuz\u00fcglich 19% MWSt.": "2,14\u00a0\u20ac"
        },
        "url": "absatzplus.com//4960624"
    },
    {
        "spec": {
            "Brutto Rechnungsbetrag": "8,27\u00a0\u20ac",
            "Frachtkosten": "6,50\u00a0\u20ac",
            "Nettobetrag": "0,45\u00a0\u20ac",
            "zuz\u00fcglich 19% MWSt.": "1,32\u00a0\u20ac"
        },
        "url": "absatzplus.com//5780207"
    },
    {
        "spec": {
            "Brutto Rechnungsbetrag": "799,68\u00a0\u20ac",
            "Frachtkosten": "52,00\u00a0\u20ac",
            "Nettobetrag": "620,00\u00a0\u20ac",
            "zuz\u00fcglich 19% MWSt.": "127,68\u00a0\u20ac"
        },
        "url": "absatzplus.com//13192904"
    },
    {
        "spec": {
            "Brutto Rechnungsbetrag": "9,20\u00a0\u20ac",
            "Frachtkosten": "6,50\u00a0\u20ac",
            "Nettobetrag": "1,23\u00a0\u20ac",
            "zuz\u00fcglich 19% MWSt.": "1,47\u00a0\u20ac"
        },
        "url": "absatzplus.com//6533772"
    },
    {
        "spec": {
            "Brutto Rechnungsbetrag": "590,84\u00a0\u20ac",
            "Frachtkosten": "6,50\u00a0\u20ac",
            "Nettobetrag": "490,00\u00a0\u20ac",
            "zuz\u00fcglich 19% MWSt.": "94,34\u00a0\u20ac"
        },
        "url": "absatzplus.com//9007915"
    },
    {
        "spec": {
            "Brutto Rechnungsbetrag": "21,30\u00a0\u20ac",
            "Frachtkosten": "6,50\u00a0\u20ac",
            "Nettobetrag": "11,40\u00a0\u20ac",
            "zuz\u00fcglich 19% MWSt.": "3,40\u00a0\u20ac"
        },
        "url": "absatzplus.com//12157149"
    },
    {
        "spec": {
            "Brutto Rechnungsbetrag": "193,38\u00a0\u20ac",
            "Frachtkosten": "13,00\u00a0\u20ac",
            "Nettobetrag": "149,50\u00a0\u20ac",
            "zuz\u00fcglich 19% MWSt.": "30,88\u00a0\u20ac"
        },
        "url": "absatzplus.com//3678724"
    },
    {
        "spec": {
            "Brutto Rechnungsbetrag": "8,41\u00a0\u20ac",
            "Frachtkosten": "6,50\u00a0\u20ac",
            "Nettobetrag": "0,57\u00a0\u20ac",
            "zuz\u00fcglich 19% MWSt.": "1,34\u00a0\u20ac"
        },
        "url": "absatzplus.com//13127855"
    },
    {
        "spec": {
            "Brutto Rechnungsbetrag": "9,51\u00a0\u20ac",
            "Frachtkosten": "6,50\u00a0\u20ac",
            "Nettobetrag": "1,49\u00a0\u20ac",
            "zuz\u00fcglich 19% MWSt.": "1,52\u00a0\u20ac"
        },
        "url": "absatzplus.com//6441022"
    },
    {
        "spec": {
            "Brutto Rechnungsbetrag": "12,25\u00a0\u20ac",
            "Frachtkosten": "6,50\u00a0\u20ac",
            "Nettobetrag": "3,79\u00a0\u20ac",
            "zuz\u00fcglich 19% MWSt.": "1,96\u00a0\u20ac"
        },
        "url": "absatzplus.com//8091602"
    },
    {
        "spec": {
            "Brutto Rechnungsbetrag": "14,16\u00a0\u20ac",
            "Frachtkosten": "6,50\u00a0\u20ac",
            "Nettobetrag": "5,40\u00a0\u20ac",
            "zuz\u00fcglich 19% MWSt.": "2,26\u00a0\u20ac"
        },
        "url": "absatzplus.com//6552483"
    },
    {
        "spec": {
            "Brutto Rechnungsbetrag": "24,28\u00a0\u20ac",
            "Frachtkosten": "6,50\u00a0\u20ac",
            "Nettobetrag": "13,90\u00a0\u20ac",
            "zuz\u00fcglich 19% MWSt.": "3,88\u00a0\u20ac"
        },
        "url": "absatzplus.com//2760932"
    },
    {
        "spec": {
            "Brutto Rechnungsbetrag": "8,81\u00a0\u20ac",
            "Frachtkosten": "6,50\u00a0\u20ac",
            "Nettobetrag": "0,90\u00a0\u20ac",
            "zuz\u00fcglich 19% MWSt.": "1,41\u00a0\u20ac"
        },
        "url": "absatzplus.com//7781955"
    },
    {
        "spec": {
            "Brutto Rechnungsbetrag": "15,87\u00a0\u20ac",
            "Frachtkosten": "6,50\u00a0\u20ac",
            "Nettobetrag": "6,84\u00a0\u20ac",
            "zuz\u00fcglich 19% MWSt.": "2,53\u00a0\u20ac"
        },
        "url": "absatzplus.com//14110589"
    },
    {
        "spec": {
            "Brutto Rechnungsbetrag": "10,52\u00a0\u20ac",
            "Frachtkosten": "6,50\u00a0\u20ac",
            "Nettobetrag": "2,34\u00a0\u20ac",
            "zuz\u00fcglich 19% MWSt.": "1,68\u00a0\u20ac"
        },
        "url": "absatzplus.com//11574537"
    },
    {
        "spec": {
            "Brutto Rechnungsbetrag": "9,44\u00a0\u20ac",
            "Frachtkosten": "6,50\u00a0\u20ac",
            "Nettobetrag": "1,43\u00a0\u20ac",
            "zuz\u00fcglich 19% MWSt.": "1,51\u00a0\u20ac"
        },
        "url": "absatzplus.com//2541345"
    },
    {
        "spec": {
            "Brutto Rechnungsbetrag": "215,99\u00a0\u20ac",
            "Frachtkosten": "6,50\u00a0\u20ac",
            "Nettobetrag": "175,00\u00a0\u20ac",
            "zuz\u00fcglich 19% MWSt.": "34,49\u00a0\u20ac"
        },
        "url": "absatzplus.com//11684554"
    },
    {
        "spec": {
            "Brutto Rechnungsbetrag": "4 093,60\u00a0\u20ac",
            "Frachtkosten": "100,00\u00a0\u20ac",
            "Nettobetrag": "3 340,00\u00a0\u20ac",
            "zuz\u00fcglich 19% MWSt.": "653,60\u00a0\u20ac"
        },
        "url": "absatzplus.com//13393709"
    },
    {
        "spec": {
            "Brutto Rechnungsbetrag": "11,04\u00a0\u20ac",
            "Frachtkosten": "6,50\u00a0\u20ac",
            "Nettobetrag": "2,78\u00a0\u20ac",
            "zuz\u00fcglich 19% MWSt.": "1,76\u00a0\u20ac"
        },
        "url": "absatzplus.com//5895623"
    },
    {
        "spec": {
            "Brutto Rechnungsbetrag": "11,29\u00a0\u20ac",
            "Frachtkosten": "6,50\u00a0\u20ac",
            "Nettobetrag": "2,99\u00a0\u20ac",
            "zuz\u00fcglich 19% MWSt.": "1,80\u00a0\u20ac"
        },
        "url": "absatzplus.com//8019584"
    },
    {
        "spec": {
            "Brutto Rechnungsbetrag": "202,90\u00a0\u20ac",
            "Frachtkosten": "6,50\u00a0\u20ac",
            "Nettobetrag": "164,00\u00a0\u20ac",
            "zuz\u00fcglich 19% MWSt.": "32,40\u00a0\u20ac"
        },
        "url": "absatzplus.com//15630928"
    },
    {
        "spec": {
            "Brutto Rechnungsbetrag": "15,47\u00a0\u20ac",
            "Frachtkosten": "6,50\u00a0\u20ac",
            "Nettobetrag": "6,50\u00a0\u20ac",
            "zuz\u00fcglich 19% MWSt.": "2,47\u00a0\u20ac"
        },
        "url": "absatzplus.com//8074194"
    },
    {
        "spec": {
            "Brutto Rechnungsbetrag": "427,81\u00a0\u20ac",
            "Frachtkosten": "19,50\u00a0\u20ac",
            "Nettobetrag": "340,00\u00a0\u20ac",
            "zuz\u00fcglich 19% MWSt.": "68,31\u00a0\u20ac"
        },
        "url": "absatzplus.com//12104107"
    },
    {
        "spec": {
            "Brutto Rechnungsbetrag": "23,92\u00a0\u20ac",
            "Frachtkosten": "6,50\u00a0\u20ac",
            "Nettobetrag": "13,60\u00a0\u20ac",
            "zuz\u00fcglich 19% MWSt.": "3,82\u00a0\u20ac"
        },
        "url": "absatzplus.com//12000802"
    },
    {
        "spec": {
            "Brutto Rechnungsbetrag": "11,04\u00a0\u20ac",
            "Frachtkosten": "6,50\u00a0\u20ac",
            "Nettobetrag": "2,78\u00a0\u20ac",
            "zuz\u00fcglich 19% MWSt.": "1,76\u00a0\u20ac"
        },
        "url": "absatzplus.com//5298728"
    },
    {
        "spec": {
            "Brutto Rechnungsbetrag": "703,89\u00a0\u20ac",
            "Frachtkosten": "6,50\u00a0\u20ac",
            "Nettobetrag": "585,00\u00a0\u20ac",
            "zuz\u00fcglich 19% MWSt.": "112,39\u00a0\u20ac"
        },
        "url": "absatzplus.com//16467577"
    },
    {
        "spec": {
            "Brutto Rechnungsbetrag": "9,20\u00a0\u20ac",
            "Frachtkosten": "6,50\u00a0\u20ac",
            "Nettobetrag": "1,23\u00a0\u20ac",
            "zuz\u00fcglich 19% MWSt.": "1,47\u00a0\u20ac"
        },
        "url": "absatzplus.com//3706795"
    },
    {
        "spec": {
            "Brutto Rechnungsbetrag": "9,47\u00a0\u20ac",
            "Frachtkosten": "6,50\u00a0\u20ac",
            "Nettobetrag": "1,46\u00a0\u20ac",
            "zuz\u00fcglich 19% MWSt.": "1,51\u00a0\u20ac"
        },
        "url": "absatzplus.com//10073881"
    },
    {
        "spec": {
            "Brutto Rechnungsbetrag": "4 093,60\u00a0\u20ac",
            "Frachtkosten": "100,00\u00a0\u20ac",
            "Nettobetrag": "3 340,00\u00a0\u20ac",
            "zuz\u00fcglich 19% MWSt.": "653,60\u00a0\u20ac"
        },
        "url": "absatzplus.com//7743647"
    },
    {
        "spec": {
            "Brutto Rechnungsbetrag": "11,76\u00a0\u20ac",
            "Frachtkosten": "6,50\u00a0\u20ac",
            "Nettobetrag": "3,38\u00a0\u20ac",
            "zuz\u00fcglich 19% MWSt.": "1,88\u00a0\u20ac"
        },
        "url": "absatzplus.com//300139"
    },
    {
        "spec": {
            "Brutto Rechnungsbetrag": "9,64\u00a0\u20ac",
            "Frachtkosten": "6,50\u00a0\u20ac",
            "Nettobetrag": "1,60\u00a0\u20ac",
            "zuz\u00fcglich 19% MWSt.": "1,54\u00a0\u20ac"
        },
        "url": "absatzplus.com//14211105"
    },
    {
        "spec": {
            "Brutto Rechnungsbetrag": "476,60\u00a0\u20ac",
            "Frachtkosten": "19,50\u00a0\u20ac",
            "Nettobetrag": "381,00\u00a0\u20ac",
            "zuz\u00fcglich 19% MWSt.": "76,10\u00a0\u20ac"
        },
        "url": "absatzplus.com//16476919"
    },
    {
        "spec": {
            "Brutto Rechnungsbetrag": "9,46\u00a0\u20ac",
            "Frachtkosten": "6,50\u00a0\u20ac",
            "Nettobetrag": "1,45\u00a0\u20ac",
            "zuz\u00fcglich 19% MWSt.": "1,51\u00a0\u20ac"
        },
        "url": "absatzplus.com//2664469"
    },
    {
        "spec": {
            "Brutto Rechnungsbetrag": "1 795,71\u00a0\u20ac",
            "Frachtkosten": "39,00\u00a0\u20ac",
            "Nettobetrag": "1 470,00\u00a0\u20ac",
            "zuz\u00fcglich 19% MWSt.": "286,71\u00a0\u20ac"
        },
        "url": "absatzplus.com//13952234"
    },
    {
        "spec": {
            "Brutto Rechnungsbetrag": "23,09\u00a0\u20ac",
            "Frachtkosten": "6,50\u00a0\u20ac",
            "Nettobetrag": "12,90\u00a0\u20ac",
            "zuz\u00fcglich 19% MWSt.": "3,69\u00a0\u20ac"
        },
        "url": "absatzplus.com//5773801"
    },
    {
        "spec": {
            "Brutto Rechnungsbetrag": "22,65\u00a0\u20ac",
            "Frachtkosten": "6,50\u00a0\u20ac",
            "Nettobetrag": "12,53\u00a0\u20ac",
            "zuz\u00fcglich 19% MWSt.": "3,62\u00a0\u20ac"
        },
        "url": "absatzplus.com//13074907"
    },
    {
        "spec": {
            "Brutto Rechnungsbetrag": "2 754,85\u00a0\u20ac",
            "Frachtkosten": "65,00\u00a0\u20ac",
            "Nettobetrag": "2 250,00\u00a0\u20ac",
            "zuz\u00fcglich 19% MWSt.": "439,85\u00a0\u20ac"
        },
        "url": "absatzplus.com//14123992"
    },
    {
        "spec": {
            "Brutto Rechnungsbetrag": "25,88\u00a0\u20ac",
            "Frachtkosten": "6,50\u00a0\u20ac",
            "Nettobetrag": "15,25\u00a0\u20ac",
            "zuz\u00fcglich 19% MWSt.": "4,13\u00a0\u20ac"
        },
        "url": "absatzplus.com//2584277"
    },
    {
        "spec": {
            "Brutto Rechnungsbetrag": "10,98\u00a0\u20ac",
            "Frachtkosten": "6,50\u00a0\u20ac",
            "Nettobetrag": "2,73\u00a0\u20ac",
            "zuz\u00fcglich 19% MWSt.": "1,75\u00a0\u20ac"
        },
        "url": "absatzplus.com//13215449"
    },
    {
        "spec": {
            "Brutto Rechnungsbetrag": "8,76\u00a0\u20ac",
            "Frachtkosten": "6,50\u00a0\u20ac",
            "Nettobetrag": "0,86\u00a0\u20ac",
            "zuz\u00fcglich 19% MWSt.": "1,40\u00a0\u20ac"
        },
        "url": "absatzplus.com//1086665"
    },
    {
        "spec": {
            "Brutto Rechnungsbetrag": "8,81\u00a0\u20ac",
            "Frachtkosten": "6,50\u00a0\u20ac",
            "Nettobetrag": "0,90\u00a0\u20ac",
            "zuz\u00fcglich 19% MWSt.": "1,41\u00a0\u20ac"
        },
        "url": "absatzplus.com//12408061"
    },
    {
        "spec": {
            "Brutto Rechnungsbetrag": "19,67\u00a0\u20ac",
            "Frachtkosten": "6,50\u00a0\u20ac",
            "Nettobetrag": "10,03\u00a0\u20ac",
            "zuz\u00fcglich 19% MWSt.": "3,14\u00a0\u20ac"
        },
        "url": "absatzplus.com//17166067"
    },
    {
        "spec": {
            "Brutto Rechnungsbetrag": "20,59\u00a0\u20ac",
            "Frachtkosten": "6,50\u00a0\u20ac",
            "Nettobetrag": "10,80\u00a0\u20ac",
            "zuz\u00fcglich 19% MWSt.": "3,29\u00a0\u20ac"
        },
        "url": "absatzplus.com//14619006"
    },
    {
        "spec": {
            "Brutto Rechnungsbetrag": "427,81\u00a0\u20ac",
            "Frachtkosten": "19,50\u00a0\u20ac",
            "Nettobetrag": "340,00\u00a0\u20ac",
            "zuz\u00fcglich 19% MWSt.": "68,31\u00a0\u20ac"
        },
        "url": "absatzplus.com//7987513"
    },
    {
        "spec": {
            "Brutto Rechnungsbetrag": "984,73\u00a0\u20ac",
            "Frachtkosten": "32,50\u00a0\u20ac",
            "Nettobetrag": "795,00\u00a0\u20ac",
            "zuz\u00fcglich 19% MWSt.": "157,23\u00a0\u20ac"
        },
        "url": "absatzplus.com//8072171"
    },
    {
        "spec": {
            "Brutto Rechnungsbetrag": "18,65\u00a0\u20ac",
            "Frachtkosten": "6,50\u00a0\u20ac",
            "Nettobetrag": "9,17\u00a0\u20ac",
            "zuz\u00fcglich 19% MWSt.": "2,98\u00a0\u20ac"
        },
        "url": "absatzplus.com//15282346"
    },
    {
        "spec": {
            "Brutto Rechnungsbetrag": "66,28\u00a0\u20ac",
            "Frachtkosten": "6,50\u00a0\u20ac",
            "Nettobetrag": "49,20\u00a0\u20ac",
            "zuz\u00fcglich 19% MWSt.": "10,58\u00a0\u20ac"
        },
        "url": "absatzplus.com//5253889"
    },
    {
        "spec": {
            "Brutto Rechnungsbetrag": "4 093,60\u00a0\u20ac",
            "Frachtkosten": "100,00\u00a0\u20ac",
            "Nettobetrag": "3 340,00\u00a0\u20ac",
            "zuz\u00fcglich 19% MWSt.": "653,60\u00a0\u20ac"
        },
        "url": "absatzplus.com//4069120"
    },
    {
        "spec": {
            "Brutto Rechnungsbetrag": "54,50\u00a0\u20ac",
            "Frachtkosten": "6,50\u00a0\u20ac",
            "Nettobetrag": "39,30\u00a0\u20ac",
            "zuz\u00fcglich 19% MWSt.": "8,70\u00a0\u20ac"
        },
        "url": "absatzplus.com//11838182"
    },
    {
        "spec": {
            "Brutto Rechnungsbetrag": "18,65\u00a0\u20ac",
            "Frachtkosten": "6,50\u00a0\u20ac",
            "Nettobetrag": "9,17\u00a0\u20ac",
            "zuz\u00fcglich 19% MWSt.": "2,98\u00a0\u20ac"
        },
        "url": "absatzplus.com//15202324"
    },
    {
        "spec": {
            "Brutto Rechnungsbetrag": "54,50\u00a0\u20ac",
            "Frachtkosten": "6,50\u00a0\u20ac",
            "Nettobetrag": "39,30\u00a0\u20ac",
            "zuz\u00fcglich 19% MWSt.": "8,70\u00a0\u20ac"
        },
        "url": "absatzplus.com//10780182"
    },
    {
        "spec": {
            "Brutto Rechnungsbetrag": "1 043,04\u00a0\u20ac",
            "Frachtkosten": "6,50\u00a0\u20ac",
            "Nettobetrag": "870,00\u00a0\u20ac",
            "zuz\u00fcglich 19% MWSt.": "166,54\u00a0\u20ac"
        },
        "url": "absatzplus.com//7720996"
    },
    {
        "spec": {
            "Brutto Rechnungsbetrag": "11,40\u00a0\u20ac",
            "Frachtkosten": "6,50\u00a0\u20ac",
            "Nettobetrag": "3,08\u00a0\u20ac",
            "zuz\u00fcglich 19% MWSt.": "1,82\u00a0\u20ac"
        },
        "url": "absatzplus.com//10960526"
    },
    {
        "spec": {
            "Brutto Rechnungsbetrag": "7,91\u00a0\u20ac",
            "Frachtkosten": "6,50\u00a0\u20ac",
            "Nettobetrag": "0,146\u00a0\u20ac",
            "zuz\u00fcglich 19% MWSt.": "1,26\u00a0\u20ac"
        },
        "url": "absatzplus.com//5693695"
    },
    {
        "spec": {
            "Brutto Rechnungsbetrag": "8,50\u00a0\u20ac",
            "Frachtkosten": "6,50\u00a0\u20ac",
            "Nettobetrag": "0,64\u00a0\u20ac",
            "zuz\u00fcglich 19% MWSt.": "1,36\u00a0\u20ac"
        },
        "url": "absatzplus.com//1746887"
    },
    {
        "spec": {
            "Brutto Rechnungsbetrag": "11,80\u00a0\u20ac",
            "Frachtkosten": "6,50\u00a0\u20ac",
            "Nettobetrag": "3,42\u00a0\u20ac",
            "zuz\u00fcglich 19% MWSt.": "1,88\u00a0\u20ac"
        },
        "url": "absatzplus.com//3929213"
    },
    {
        "spec": {
            "Brutto Rechnungsbetrag": "12,25\u00a0\u20ac",
            "Frachtkosten": "6,50\u00a0\u20ac",
            "Nettobetrag": "3,79\u00a0\u20ac",
            "zuz\u00fcglich 19% MWSt.": "1,96\u00a0\u20ac"
        },
        "url": "absatzplus.com//7550387"
    },
    {
        "spec": {
            "Brutto Rechnungsbetrag": "37,26\u00a0\u20ac",
            "Frachtkosten": "6,50\u00a0\u20ac",
            "Nettobetrag": "24,81\u00a0\u20ac",
            "zuz\u00fcglich 19% MWSt.": "5,95\u00a0\u20ac"
        },
        "url": "absatzplus.com//12466663"
    },
    {
        "spec": {
            "Brutto Rechnungsbetrag": "3 070,20\u00a0\u20ac",
            "Frachtkosten": "100,00\u00a0\u20ac",
            "Nettobetrag": "2 480,00\u00a0\u20ac",
            "zuz\u00fcglich 19% MWSt.": "490,20\u00a0\u20ac"
        },
        "url": "absatzplus.com//1322805"
    },
    {
        "spec": {
            "Brutto Rechnungsbetrag": "9,70\u00a0\u20ac",
            "Frachtkosten": "6,50\u00a0\u20ac",
            "Nettobetrag": "1,65\u00a0\u20ac",
            "zuz\u00fcglich 19% MWSt.": "1,55\u00a0\u20ac"
        },
        "url": "absatzplus.com//15998572"
    },
    {
        "spec": {
            "Brutto Rechnungsbetrag": "33,71\u00a0\u20ac",
            "Frachtkosten": "6,50\u00a0\u20ac",
            "Nettobetrag": "21,83\u00a0\u20ac",
            "zuz\u00fcglich 19% MWSt.": "5,38\u00a0\u20ac"
        },
        "url": "absatzplus.com//3117316"
    },
    {
        "spec": {
            "Brutto Rechnungsbetrag": "8,57\u00a0\u20ac",
            "Frachtkosten": "6,50\u00a0\u20ac",
            "Nettobetrag": "0,70\u00a0\u20ac",
            "zuz\u00fcglich 19% MWSt.": "1,37\u00a0\u20ac"
        },
        "url": "absatzplus.com//14267496"
    },
    {
        "spec": {
            "Brutto Rechnungsbetrag": "9,29\u00a0\u20ac",
            "Frachtkosten": "6,50\u00a0\u20ac",
            "Nettobetrag": "1,31\u00a0\u20ac",
            "zuz\u00fcglich 19% MWSt.": "1,48\u00a0\u20ac"
        },
        "url": "absatzplus.com//12195409"
    },
    {
        "spec": {
            "Brutto Rechnungsbetrag": "507,54\u00a0\u20ac",
            "Frachtkosten": "6,50\u00a0\u20ac",
            "Nettobetrag": "420,00\u00a0\u20ac",
            "zuz\u00fcglich 19% MWSt.": "81,04\u00a0\u20ac"
        },
        "url": "absatzplus.com//7303223"
    },
    {
        "spec": {
            "Brutto Rechnungsbetrag": "8,81\u00a0\u20ac",
            "Frachtkosten": "6,50\u00a0\u20ac",
            "Nettobetrag": "0,90\u00a0\u20ac",
            "zuz\u00fcglich 19% MWSt.": "1,41\u00a0\u20ac"
        },
        "url": "absatzplus.com//2112462"
    },
    {
        "spec": {
            "Brutto Rechnungsbetrag": "947,84\u00a0\u20ac",
            "Frachtkosten": "6,50\u00a0\u20ac",
            "Nettobetrag": "790,00\u00a0\u20ac",
            "zuz\u00fcglich 19% MWSt.": "151,34\u00a0\u20ac"
        },
        "url": "absatzplus.com//6200912"
    },
    {
        "spec": {
            "Brutto Rechnungsbetrag": "21,05\u00a0\u20ac",
            "Frachtkosten": "6,50\u00a0\u20ac",
            "Nettobetrag": "11,19\u00a0\u20ac",
            "zuz\u00fcglich 19% MWSt.": "3,36\u00a0\u20ac"
        },
        "url": "absatzplus.com//11704762"
    },
    {
        "spec": {
            "Brutto Rechnungsbetrag": "382,59\u00a0\u20ac",
            "Frachtkosten": "6,50\u00a0\u20ac",
            "Nettobetrag": "315,00\u00a0\u20ac",
            "zuz\u00fcglich 19% MWSt.": "61,09\u00a0\u20ac"
        },
        "url": "absatzplus.com//2833412"
    },
    {
        "spec": {
            "Brutto Rechnungsbetrag": "18,65\u00a0\u20ac",
            "Frachtkosten": "6,50\u00a0\u20ac",
            "Nettobetrag": "9,17\u00a0\u20ac",
            "zuz\u00fcglich 19% MWSt.": "2,98\u00a0\u20ac"
        },
        "url": "absatzplus.com//360471"
    },
    {
        "spec": {
            "Brutto Rechnungsbetrag": "9,58\u00a0\u20ac",
            "Frachtkosten": "6,50\u00a0\u20ac",
            "Nettobetrag": "1,55\u00a0\u20ac",
            "zuz\u00fcglich 19% MWSt.": "1,53\u00a0\u20ac"
        },
        "url": "absatzplus.com//16818944"
    },
    {
        "spec": {
            "Brutto Rechnungsbetrag": "9,46\u00a0\u20ac",
            "Frachtkosten": "6,50\u00a0\u20ac",
            "Nettobetrag": "1,45\u00a0\u20ac",
            "zuz\u00fcglich 19% MWSt.": "1,51\u00a0\u20ac"
        },
        "url": "absatzplus.com//16283426"
    },
    {
        "spec": {
            "Brutto Rechnungsbetrag": "8,62\u00a0\u20ac",
            "Frachtkosten": "6,50\u00a0\u20ac",
            "Nettobetrag": "0,74\u00a0\u20ac",
            "zuz\u00fcglich 19% MWSt.": "1,38\u00a0\u20ac"
        },
        "url": "absatzplus.com//12081940"
    },
    {
        "spec": {
            "Brutto Rechnungsbetrag": "9,33\u00a0\u20ac",
            "Frachtkosten": "6,50\u00a0\u20ac",
            "Nettobetrag": "1,34\u00a0\u20ac",
            "zuz\u00fcglich 19% MWSt.": "1,49\u00a0\u20ac"
        },
        "url": "absatzplus.com//3171797"
    },
    {
        "spec": {
            "Brutto Rechnungsbetrag": "66,56\u00a0\u20ac",
            "Frachtkosten": "6,50\u00a0\u20ac",
            "Nettobetrag": "49,43\u00a0\u20ac",
            "zuz\u00fcglich 19% MWSt.": "10,63\u00a0\u20ac"
        },
        "url": "absatzplus.com//1412751"
    },
    {
        "spec": {
            "Brutto Rechnungsbetrag": "11,80\u00a0\u20ac",
            "Frachtkosten": "6,50\u00a0\u20ac",
            "Nettobetrag": "3,42\u00a0\u20ac",
            "zuz\u00fcglich 19% MWSt.": "1,88\u00a0\u20ac"
        },
        "url": "absatzplus.com//373120"
    },
    {
        "spec": {
            "Brutto Rechnungsbetrag": "66,56\u00a0\u20ac",
            "Frachtkosten": "6,50\u00a0\u20ac",
            "Nettobetrag": "49,43\u00a0\u20ac",
            "zuz\u00fcglich 19% MWSt.": "10,63\u00a0\u20ac"
        },
        "url": "absatzplus.com//10320222"
    },
    {
        "spec": {
            "Brutto Rechnungsbetrag": "11,97\u00a0\u20ac",
            "Frachtkosten": "6,50\u00a0\u20ac",
            "Nettobetrag": "3,56\u00a0\u20ac",
            "zuz\u00fcglich 19% MWSt.": "1,91\u00a0\u20ac"
        },
        "url": "absatzplus.com//7664827"
    },
    {
        "spec": {
            "Brutto Rechnungsbetrag": "9,46\u00a0\u20ac",
            "Frachtkosten": "6,50\u00a0\u20ac",
            "Nettobetrag": "1,45\u00a0\u20ac",
            "zuz\u00fcglich 19% MWSt.": "1,51\u00a0\u20ac"
        },
        "url": "absatzplus.com//15479129"
    },
    {
        "spec": {
            "Brutto Rechnungsbetrag": "9,20\u00a0\u20ac",
            "Frachtkosten": "6,50\u00a0\u20ac",
            "Nettobetrag": "1,23\u00a0\u20ac",
            "zuz\u00fcglich 19% MWSt.": "1,47\u00a0\u20ac"
        },
        "url": "absatzplus.com//16604731"
    },
    {
        "spec": {
            "Brutto Rechnungsbetrag": "8,88\u00a0\u20ac",
            "Frachtkosten": "6,50\u00a0\u20ac",
            "Nettobetrag": "0,96\u00a0\u20ac",
            "zuz\u00fcglich 19% MWSt.": "1,42\u00a0\u20ac"
        },
        "url": "absatzplus.com//1044239"
    },
    {
        "spec": {
            "Brutto Rechnungsbetrag": "138,64\u00a0\u20ac",
            "Frachtkosten": "6,50\u00a0\u20ac",
            "Nettobetrag": "110,00\u00a0\u20ac",
            "zuz\u00fcglich 19% MWSt.": "22,14\u00a0\u20ac"
        },
        "url": "absatzplus.com//1706759"
    },
    {
        "spec": {
            "Brutto Rechnungsbetrag": "13,49\u00a0\u20ac",
            "Frachtkosten": "6,50\u00a0\u20ac",
            "Nettobetrag": "4,84\u00a0\u20ac",
            "zuz\u00fcglich 19% MWSt.": "2,15\u00a0\u20ac"
        },
        "url": "absatzplus.com//10987176"
    },
    {
        "spec": {
            "Brutto Rechnungsbetrag": "519,44\u00a0\u20ac",
            "Frachtkosten": "6,50\u00a0\u20ac",
            "Nettobetrag": "430,00\u00a0\u20ac",
            "zuz\u00fcglich 19% MWSt.": "82,94\u00a0\u20ac"
        },
        "url": "absatzplus.com//10656776"
    },
    {
        "spec": {
            "Brutto Rechnungsbetrag": "8,62\u00a0\u20ac",
            "Frachtkosten": "6,50\u00a0\u20ac",
            "Nettobetrag": "0,74\u00a0\u20ac",
            "zuz\u00fcglich 19% MWSt.": "1,38\u00a0\u20ac"
        },
        "url": "absatzplus.com//1816238"
    },
    {
        "spec": {
            "Brutto Rechnungsbetrag": "2 439,50\u00a0\u20ac",
            "Frachtkosten": "100,00\u00a0\u20ac",
            "Nettobetrag": "1 950,00\u00a0\u20ac",
            "zuz\u00fcglich 19% MWSt.": "389,50\u00a0\u20ac"
        },
        "url": "absatzplus.com//876361"
    },
    {
        "spec": {
            "Brutto Rechnungsbetrag": "193,38\u00a0\u20ac",
            "Frachtkosten": "13,00\u00a0\u20ac",
            "Nettobetrag": "149,50\u00a0\u20ac",
            "zuz\u00fcglich 19% MWSt.": "30,88\u00a0\u20ac"
        },
        "url": "absatzplus.com//5523393"
    },
    {
        "spec": {
            "Brutto Rechnungsbetrag": "1 270,33\u00a0\u20ac",
            "Frachtkosten": "32,50\u00a0\u20ac",
            "Nettobetrag": "1 035,00\u00a0\u20ac",
            "zuz\u00fcglich 19% MWSt.": "202,83\u00a0\u20ac"
        },
        "url": "absatzplus.com//2961193"
    },
    {
        "spec": {
            "Brutto Rechnungsbetrag": "11,97\u00a0\u20ac",
            "Frachtkosten": "6,50\u00a0\u20ac",
            "Nettobetrag": "3,56\u00a0\u20ac",
            "zuz\u00fcglich 19% MWSt.": "1,91\u00a0\u20ac"
        },
        "url": "absatzplus.com//7599936"
    },
    {
        "spec": {
            "Brutto Rechnungsbetrag": "24,28\u00a0\u20ac",
            "Frachtkosten": "6,50\u00a0\u20ac",
            "Nettobetrag": "13,90\u00a0\u20ac",
            "zuz\u00fcglich 19% MWSt.": "3,88\u00a0\u20ac"
        },
        "url": "absatzplus.com//7034191"
    },
    {
        "spec": {
            "Brutto Rechnungsbetrag": "9,20\u00a0\u20ac",
            "Frachtkosten": "6,50\u00a0\u20ac",
            "Nettobetrag": "1,23\u00a0\u20ac",
            "zuz\u00fcglich 19% MWSt.": "1,47\u00a0\u20ac"
        },
        "url": "absatzplus.com//12259848"
    },
    {
        "spec": {
            "Brutto Rechnungsbetrag": "9,47\u00a0\u20ac",
            "Frachtkosten": "6,50\u00a0\u20ac",
            "Nettobetrag": "1,46\u00a0\u20ac",
            "zuz\u00fcglich 19% MWSt.": "1,51\u00a0\u20ac"
        },
        "url": "absatzplus.com//9205399"
    },
    {
        "spec": {
            "Brutto Rechnungsbetrag": "8,65\u00a0\u20ac",
            "Frachtkosten": "6,50\u00a0\u20ac",
            "Nettobetrag": "0,77\u00a0\u20ac",
            "zuz\u00fcglich 19% MWSt.": "1,38\u00a0\u20ac"
        },
        "url": "absatzplus.com//13914222"
    },
    {
        "spec": {
            "Brutto Rechnungsbetrag": "799,68\u00a0\u20ac",
            "Frachtkosten": "52,00\u00a0\u20ac",
            "Nettobetrag": "620,00\u00a0\u20ac",
            "zuz\u00fcglich 19% MWSt.": "127,68\u00a0\u20ac"
        },
        "url": "absatzplus.com//10663279"
    },
    {
        "spec": {
            "Brutto Rechnungsbetrag": "18,65\u00a0\u20ac",
            "Frachtkosten": "6,50\u00a0\u20ac",
            "Nettobetrag": "9,17\u00a0\u20ac",
            "zuz\u00fcglich 19% MWSt.": "2,98\u00a0\u20ac"
        },
        "url": "absatzplus.com//11712738"
    },
    {
        "spec": {
            "Brutto Rechnungsbetrag": "4 093,60\u00a0\u20ac",
            "Frachtkosten": "100,00\u00a0\u20ac",
            "Nettobetrag": "3 340,00\u00a0\u20ac",
            "zuz\u00fcglich 19% MWSt.": "653,60\u00a0\u20ac"
        },
        "url": "absatzplus.com//12784822"
    },
    {
        "spec": {
            "Brutto Rechnungsbetrag": "984,73\u00a0\u20ac",
            "Frachtkosten": "32,50\u00a0\u20ac",
            "Nettobetrag": "795,00\u00a0\u20ac",
            "zuz\u00fcglich 19% MWSt.": "157,23\u00a0\u20ac"
        },
        "url": "absatzplus.com//5406263"
    },
    {
        "spec": {
            "Brutto Rechnungsbetrag": "60,39\u00a0\u20ac",
            "Frachtkosten": "6,50\u00a0\u20ac",
            "Nettobetrag": "44,25\u00a0\u20ac",
            "zuz\u00fcglich 19% MWSt.": "9,64\u00a0\u20ac"
        },
        "url": "absatzplus.com//711260"
    },
    {
        "spec": {
            "Brutto Rechnungsbetrag": "733,64\u00a0\u20ac",
            "Frachtkosten": "6,50\u00a0\u20ac",
            "Nettobetrag": "610,00\u00a0\u20ac",
            "zuz\u00fcglich 19% MWSt.": "117,14\u00a0\u20ac"
        },
        "url": "absatzplus.com//3633595"
    },
    {
        "spec": {
            "Brutto Rechnungsbetrag": "9,51\u00a0\u20ac",
            "Frachtkosten": "6,50\u00a0\u20ac",
            "Nettobetrag": "1,49\u00a0\u20ac",
            "zuz\u00fcglich 19% MWSt.": "1,52\u00a0\u20ac"
        },
        "url": "absatzplus.com//10768444"
    },
    {
        "spec": {
            "Brutto Rechnungsbetrag": "234,79\u00a0\u20ac",
            "Frachtkosten": "6,50\u00a0\u20ac",
            "Nettobetrag": "190,80\u00a0\u20ac",
            "zuz\u00fcglich 19% MWSt.": "37,49\u00a0\u20ac"
        },
        "url": "absatzplus.com//6408046"
    },
    {
        "spec": {
            "Brutto Rechnungsbetrag": "11,97\u00a0\u20ac",
            "Frachtkosten": "6,50\u00a0\u20ac",
            "Nettobetrag": "3,56\u00a0\u20ac",
            "zuz\u00fcglich 19% MWSt.": "1,91\u00a0\u20ac"
        },
        "url": "absatzplus.com//14850474"
    },
    {
        "spec": {
            "Brutto Rechnungsbetrag": "15,47\u00a0\u20ac",
            "Frachtkosten": "6,50\u00a0\u20ac",
            "Nettobetrag": "6,50\u00a0\u20ac",
            "zuz\u00fcglich 19% MWSt.": "2,47\u00a0\u20ac"
        },
        "url": "absatzplus.com//15780437"
    },
    {
        "spec": {
            "Brutto Rechnungsbetrag": "9,51\u00a0\u20ac",
            "Frachtkosten": "6,50\u00a0\u20ac",
            "Nettobetrag": "1,49\u00a0\u20ac",
            "zuz\u00fcglich 19% MWSt.": "1,52\u00a0\u20ac"
        },
        "url": "absatzplus.com//16681186"
    },
    {
        "spec": {
            "Brutto Rechnungsbetrag": "9,08\u00a0\u20ac",
            "Frachtkosten": "6,50\u00a0\u20ac",
            "Nettobetrag": "1,13\u00a0\u20ac",
            "zuz\u00fcglich 19% MWSt.": "1,45\u00a0\u20ac"
        },
        "url": "absatzplus.com//5128464"
    },
    {
        "spec": {
            "Brutto Rechnungsbetrag": "17,73\u00a0\u20ac",
            "Frachtkosten": "6,50\u00a0\u20ac",
            "Nettobetrag": "8,40\u00a0\u20ac",
            "zuz\u00fcglich 19% MWSt.": "2,83\u00a0\u20ac"
        },
        "url": "absatzplus.com//2153504"
    },
    {
        "spec": {
            "Brutto Rechnungsbetrag": "13,04\u00a0\u20ac",
            "Frachtkosten": "6,50\u00a0\u20ac",
            "Nettobetrag": "4,46\u00a0\u20ac",
            "zuz\u00fcglich 19% MWSt.": "2,08\u00a0\u20ac"
        },
        "url": "absatzplus.com//6488977"
    },
    {
        "spec": {
            "Brutto Rechnungsbetrag": "18,65\u00a0\u20ac",
            "Frachtkosten": "6,50\u00a0\u20ac",
            "Nettobetrag": "9,17\u00a0\u20ac",
            "zuz\u00fcglich 19% MWSt.": "2,98\u00a0\u20ac"
        },
        "url": "absatzplus.com//12650311"
    },
    {
        "spec": {
            "Brutto Rechnungsbetrag": "8,27\u00a0\u20ac",
            "Frachtkosten": "6,50\u00a0\u20ac",
            "Nettobetrag": "0,45\u00a0\u20ac",
            "zuz\u00fcglich 19% MWSt.": "1,32\u00a0\u20ac"
        },
        "url": "absatzplus.com//13724444"
    }
]