{
    "1691777": [
        "absatzplus.com//14110589"
    ],
    "174081": [
        "absatzplus.com//4960624"
    ],
    "2002017": [
        "absatzplus.com//17423526"
    ],
    "2002019": [
        "absatzplus.com//1507778"
    ],
    "2044671": [
        "absatzplus.com//399541"
    ],
    "2044672": [
        "absatzplus.com//641560"
    ],
    "2045138": [
        "absatzplus.com//3829216"
    ],
    "2062912": [
        "absatzplus.com//7376269"
    ],
    "217835": [
        "absatzplus.com//16232639"
    ],
    "2339871": [
        "absatzplus.com//10133113"
    ],
    "380248": [
        "absatzplus.com//2598719"
    ]
}