{
    "10096278": [
        "absatzplus.com//11838182"
    ],
    "10097723": [
        "absatzplus.com//8069657"
    ],
    "10097725": [
        "absatzplus.com//13559895"
    ],
    "10097726": [
        "absatzplus.com//2541345"
    ],
    "10097754": [
        "absatzplus.com//8610190"
    ],
    "10099624": [
        "absatzplus.com//3883756"
    ],
    "10099625": [
        "absatzplus.com//12081940"
    ],
    "10178162": [
        "absatzplus.com//2339409"
    ],
    "10178663": [
        "absatzplus.com//7368951"
    ],
    "10178671": [
        "absatzplus.com//745968"
    ],
    "10480266": [
        "absatzplus.com//9670010"
    ],
    "10480270": [
        "absatzplus.com//4111749"
    ],
    "10480273": [
        "absatzplus.com//16681186"
    ],
    "10480307": [
        "absatzplus.com//6441022"
    ],
    "10565310": [
        "absatzplus.com//11583317"
    ],
    "10580762": [
        "absatzplus.com//15824124"
    ],
    "10767782": [
        "absatzplus.com//11174820"
    ],
    "10919088": [
        "absatzplus.com//16859646"
    ],
    "10923613": [
        "absatzplus.com//12392572"
    ],
    "10923704": [
        "absatzplus.com//4665640"
    ],
    "10924001": [
        "absatzplus.com//5520288"
    ],
    "10924004": [
        "absatzplus.com//9559472"
    ],
    "10924006": [
        "absatzplus.com//13622590"
    ],
    "10924007": [
        "absatzplus.com//5780207"
    ],
    "10924008": [
        "absatzplus.com//8990173"
    ],
    "10924010": [
        "absatzplus.com//13724444"
    ],
    "10924011": [
        "absatzplus.com//2056477"
    ],
    "10924013": [
        "absatzplus.com//6867"
    ],
    "11307052": [
        "absatzplus.com//7835150"
    ],
    "11317142": [
        "absatzplus.com//7271973"
    ],
    "11317689": [
        "absatzplus.com//15998572"
    ],
    "11318343": [
        "absatzplus.com//1086665"
    ],
    "11318415": [
        "absatzplus.com//13914222"
    ],
    "11392641": [
        "absatzplus.com//1412751"
    ],
    "11638249": [
        "absatzplus.com//2153504"
    ],
    "11683707": [
        "absatzplus.com//3117316"
    ],
    "11742867": [
        "absatzplus.com//8671699"
    ],
    "11748416": [
        "absatzplus.com//13936727"
    ],
    "11870669": [
        "absatzplus.com//318619"
    ],
    "1195145": [
        "absatzplus.com//4261542"
    ],
    "12599276": [
        "absatzplus.com//13722126"
    ],
    "13124343": [
        "absatzplus.com//300139"
    ],
    "13158907": [
        "absatzplus.com//13052300"
    ],
    "13159004": [
        "absatzplus.com//2833412"
    ],
    "13161419": [
        "absatzplus.com//480989"
    ],
    "13302216": [
        "absatzplus.com//17418476"
    ],
    "13409851": [
        "absatzplus.com//16947553"
    ],
    "13410777": [
        "absatzplus.com//15630928"
    ],
    "13418807": [
        "absatzplus.com//5895623"
    ],
    "13419435": [
        "absatzplus.com//966503"
    ],
    "13875690": [
        "absatzplus.com//11519725"
    ],
    "13942049": [
        "absatzplus.com//5128464"
    ],
    "14080111": [
        "absatzplus.com//13074907"
    ],
    "14098169": [
        "absatzplus.com//17361047"
    ],
    "14153502": [
        "absatzplus.com//1893005"
    ],
    "14210399": [
        "absatzplus.com//1498545"
    ],
    "14210444": [
        "absatzplus.com//664643"
    ],
    "14210733": [
        "absatzplus.com//6457558"
    ],
    "14210889": [
        "absatzplus.com//13016424"
    ],
    "14223968": [
        "absatzplus.com//882204"
    ],
    "14240958": [
        "absatzplus.com//8787130"
    ],
    "14541400": [
        "absatzplus.com//13952234"
    ],
    "14609321": [
        "absatzplus.com//8909480"
    ],
    "14609367": [
        "absatzplus.com//5523393"
    ],
    "14609373": [
        "absatzplus.com//3678724"
    ],
    "14620588": [
        "absatzplus.com//13215449"
    ],
    "14657262": [
        "absatzplus.com//1746887"
    ],
    "14697644": [
        "absatzplus.com//149503"
    ],
    "14800338": [
        "absatzplus.com//10240094"
    ],
    "14934393": [
        "absatzplus.com//16619622"
    ],
    "14934394": [
        "absatzplus.com//6965465"
    ],
    "14934395": [
        "absatzplus.com//12388242"
    ],
    "14934396": [
        "absatzplus.com//2087632"
    ],
    "14934398": [
        "absatzplus.com//13393709"
    ],
    "14934399": [
        "absatzplus.com//7743647"
    ],
    "14934403": [
        "absatzplus.com//12784822"
    ],
    "14934408": [
        "absatzplus.com//2231163"
    ],
    "14934421": [
        "absatzplus.com//4069120"
    ],
    "14934422": [
        "absatzplus.com//12298077"
    ],
    "14935599": [
        "absatzplus.com//10663279"
    ],
    "14947787": [
        "absatzplus.com//13127855"
    ],
    "14947819": [
        "absatzplus.com//1322805"
    ],
    "14947842": [
        "absatzplus.com//3707990"
    ],
    "14947845": [
        "absatzplus.com//3940676"
    ],
    "14947847": [
        "absatzplus.com//2049778"
    ],
    "14948314": [
        "absatzplus.com//16793487"
    ],
    "14954241": [
        "absatzplus.com//8072171"
    ],
    "14954256": [
        "absatzplus.com//5406263"
    ],
    "14954883": [
        "absatzplus.com//876361"
    ],
    "14954945": [
        "absatzplus.com//14123992"
    ],
    "14959328": [
        "absatzplus.com//3238817"
    ],
    "14969939": [
        "absatzplus.com//5202713"
    ],
    "15016657": [
        "absatzplus.com//1706759"
    ],
    "15018442": [
        "absatzplus.com//12157149"
    ],
    "15057128": [
        "absatzplus.com//17342802"
    ],
    "15057129": [
        "absatzplus.com//12714354"
    ],
    "15057183": [
        "absatzplus.com//10987176"
    ],
    "15057185": [
        "absatzplus.com//2039191"
    ],
    "15057189": [
        "absatzplus.com//819172"
    ],
    "15057192": [
        "absatzplus.com//12590910"
    ],
    "15057193": [
        "absatzplus.com//1889411"
    ],
    "15063601": [
        "absatzplus.com//11614576"
    ],
    "15063621": [
        "absatzplus.com//8400134"
    ],
    "15063622": [
        "absatzplus.com//710143"
    ],
    "15210565": [
        "absatzplus.com//9348957"
    ],
    "15341419": [
        "absatzplus.com//15626651"
    ],
    "15341424": [
        "absatzplus.com//6454010"
    ],
    "15576140": [
        "absatzplus.com//2902903"
    ],
    "15585758": [
        "absatzplus.com//4168882"
    ],
    "15704336": [
        "absatzplus.com//12178868"
    ],
    "15704782": [
        "absatzplus.com//7599936"
    ],
    "15704812": [
        "absatzplus.com//14850474"
    ],
    "15712151": [
        "absatzplus.com//7664827"
    ],
    "15718740": [
        "absatzplus.com//12581928"
    ],
    "15766857": [
        "absatzplus.com//8186915"
    ],
    "15766865": [
        "absatzplus.com//4385198"
    ],
    "15766871": [
        "absatzplus.com//4110674"
    ],
    "15766881": [
        "absatzplus.com//4082760"
    ],
    "15767513": [
        "absatzplus.com//11574537"
    ],
    "15772022": [
        "absatzplus.com//13192904"
    ],
    "15827286": [
        "absatzplus.com//5255368"
    ],
    "15836535": [
        "absatzplus.com//6488977"
    ],
    "15841570": [
        "absatzplus.com//1029679"
    ],
    "15992886": [
        "absatzplus.com//6965386"
    ],
    "16014637": [
        "absatzplus.com//6983411"
    ],
    "16089702": [
        "absatzplus.com//10960526"
    ],
    "16144164": [
        "absatzplus.com//4629086"
    ],
    "16173130": [
        "absatzplus.com//11142443"
    ],
    "16173154": [
        "absatzplus.com//12104107"
    ],
    "16173155": [
        "absatzplus.com//2855123"
    ],
    "16173157": [
        "absatzplus.com//8482575"
    ],
    "16173158": [
        "absatzplus.com//3961095"
    ],
    "16173159": [
        "absatzplus.com//1114520"
    ],
    "16222527": [
        "absatzplus.com//2961193"
    ],
    "16235816": [
        "absatzplus.com//14204845"
    ],
    "1691777": [
        "absatzplus.com//14110589"
    ],
    "174081": [
        "absatzplus.com//4960624"
    ],
    "1851156": [
        "absatzplus.com//6833652"
    ],
    "1942485": [
        "absatzplus.com//16330189"
    ],
    "1943028": [
        "absatzplus.com//11704762"
    ],
    "1977413": [
        "absatzplus.com//11602642"
    ],
    "1977437": [
        "absatzplus.com//13782582"
    ],
    "1977438": [
        "absatzplus.com//14522064"
    ],
    "1977446": [
        "absatzplus.com//14269755"
    ],
    "1988644": [
        "absatzplus.com//3012154"
    ],
    "1988649": [
        "absatzplus.com//3706795"
    ],
    "1988656": [
        "absatzplus.com//16604731"
    ],
    "1988657": [
        "absatzplus.com//12259848"
    ],
    "1988659": [
        "absatzplus.com//6533772"
    ],
    "2002017": [
        "absatzplus.com//17423526"
    ],
    "2002019": [
        "absatzplus.com//1507778"
    ],
    "2044671": [
        "absatzplus.com//399541"
    ],
    "2044672": [
        "absatzplus.com//641560"
    ],
    "2044679": [
        "absatzplus.com//8019584"
    ],
    "2045138": [
        "absatzplus.com//3829216"
    ],
    "2045139": [
        "absatzplus.com//10167392"
    ],
    "2062912": [
        "absatzplus.com//7376269"
    ],
    "217835": [
        "absatzplus.com//16232639"
    ],
    "2293578": [
        "absatzplus.com//8341659"
    ],
    "2339871": [
        "absatzplus.com//10133113"
    ],
    "2381715": [
        "absatzplus.com//8187889"
    ],
    "2382223": [
        "absatzplus.com//2136014"
    ],
    "2382248": [
        "absatzplus.com//2112462"
    ],
    "2382250": [
        "absatzplus.com//12408061"
    ],
    "2382251": [
        "absatzplus.com//7781955"
    ],
    "2383418": [
        "absatzplus.com//2054086"
    ],
    "2383430": [
        "absatzplus.com//15876569"
    ],
    "2388130": [
        "absatzplus.com//7987513"
    ],
    "2404376": [
        "absatzplus.com//5684241"
    ],
    "2404382": [
        "absatzplus.com//6621240"
    ],
    "2404385": [
        "absatzplus.com//14211105"
    ],
    "2437576": [
        "absatzplus.com//8544433"
    ],
    "2442001": [
        "absatzplus.com//3929213"
    ],
    "2465106": [
        "absatzplus.com//10691524"
    ],
    "2465460": [
        "absatzplus.com//15626478"
    ],
    "2465483": [
        "absatzplus.com//7034191"
    ],
    "2465490": [
        "absatzplus.com//15780437"
    ],
    "2465554": [
        "absatzplus.com//4872986"
    ],
    "2465656": [
        "absatzplus.com//2760932"
    ],
    "2465704": [
        "absatzplus.com//13945012"
    ],
    "2465712": [
        "absatzplus.com//4090390"
    ],
    "2501755": [
        "absatzplus.com//5253889"
    ],
    "2544182": [
        "absatzplus.com//1613993"
    ],
    "2743464": [
        "absatzplus.com//3657664"
    ],
    "2789709": [
        "absatzplus.com//10914755"
    ],
    "2789710": [
        "absatzplus.com//8091602"
    ],
    "2789712": [
        "absatzplus.com//7550387"
    ],
    "2840479": [
        "absatzplus.com//9220775"
    ],
    "2840525": [
        "absatzplus.com//16298694"
    ],
    "3049484": [
        "absatzplus.com//965218"
    ],
    "3237269": [
        "absatzplus.com//6552483"
    ],
    "3237340": [
        "absatzplus.com//5773801"
    ],
    "3237369": [
        "absatzplus.com//11571999"
    ],
    "3237798": [
        "absatzplus.com//11274601"
    ],
    "3237799": [
        "absatzplus.com//8074194"
    ],
    "380248": [
        "absatzplus.com//2598719"
    ],
    "3853618": [
        "absatzplus.com//5693695"
    ],
    "3864367": [
        "absatzplus.com//12195409"
    ],
    "3864834": [
        "absatzplus.com//972721"
    ],
    "4066755": [
        "absatzplus.com//711260"
    ],
    "4398943": [
        "absatzplus.com//1301369"
    ],
    "4434577": [
        "absatzplus.com//1832267"
    ],
    "4469140": [
        "absatzplus.com//9159456"
    ],
    "460703": [
        "absatzplus.com//373120"
    ],
    "4688219": [
        "absatzplus.com//10780182"
    ],
    "4928060": [
        "absatzplus.com//17356486"
    ],
    "4928062": [
        "absatzplus.com//3171797"
    ],
    "5228857": [
        "absatzplus.com//706674"
    ],
    "5251167": [
        "absatzplus.com//1902019"
    ],
    "5353570": [
        "absatzplus.com//11095814"
    ],
    "5428985": [
        "absatzplus.com//10151708"
    ],
    "5443762": [
        "absatzplus.com//7149563"
    ],
    "5451135": [
        "absatzplus.com//4228737"
    ],
    "5452557": [
        "absatzplus.com//10825240"
    ],
    "5452623": [
        "absatzplus.com//16467577"
    ],
    "5453004": [
        "absatzplus.com//9500703"
    ],
    "5453562": [
        "absatzplus.com//7720996"
    ],
    "5453590": [
        "absatzplus.com//12126550"
    ],
    "5453975": [
        "absatzplus.com//10343617"
    ],
    "5462086": [
        "absatzplus.com//10656776"
    ],
    "5464512": [
        "absatzplus.com//3633595"
    ],
    "5523147": [
        "absatzplus.com//10320222"
    ],
    "5588053": [
        "absatzplus.com//14191828"
    ],
    "5845024": [
        "absatzplus.com//16283426"
    ],
    "5845035": [
        "absatzplus.com//15479129"
    ],
    "5845047": [
        "absatzplus.com//2664469"
    ],
    "5845202": [
        "absatzplus.com//12830515"
    ],
    "5857463": [
        "absatzplus.com//595998"
    ],
    "5860962": [
        "absatzplus.com//11229749"
    ],
    "5862132": [
        "absatzplus.com//6200912"
    ],
    "6010446": [
        "absatzplus.com//12466663"
    ],
    "6157346": [
        "absatzplus.com//4691562"
    ],
    "6157347": [
        "absatzplus.com//16542653"
    ],
    "6157348": [
        "absatzplus.com//16775381"
    ],
    "6157350": [
        "absatzplus.com//14267496"
    ],
    "6157351": [
        "absatzplus.com//1898540"
    ],
    "6262246": [
        "absatzplus.com//14393281"
    ],
    "6262388": [
        "absatzplus.com//12633841"
    ],
    "6263600": [
        "absatzplus.com//4122059"
    ],
    "6265597": [
        "absatzplus.com//7303223"
    ],
    "6329370": [
        "absatzplus.com//12991666"
    ],
    "6356538": [
        "absatzplus.com//12000802"
    ],
    "6356550": [
        "absatzplus.com//14619006"
    ],
    "6356945": [
        "absatzplus.com//919196"
    ],
    "6356979": [
        "absatzplus.com//10303384"
    ],
    "6356982": [
        "absatzplus.com//6204282"
    ],
    "6357000": [
        "absatzplus.com//3973299"
    ],
    "6391055": [
        "absatzplus.com//9519026"
    ],
    "6403690": [
        "absatzplus.com//4170417"
    ],
    "6404373": [
        "absatzplus.com//13166895"
    ],
    "6482207": [
        "absatzplus.com//13953841"
    ],
    "6482315": [
        "absatzplus.com//10491012"
    ],
    "6482316": [
        "absatzplus.com//15633709"
    ],
    "6630872": [
        "absatzplus.com//7488909"
    ],
    "6702022": [
        "absatzplus.com//4931056"
    ],
    "6892723": [
        "absatzplus.com//360471"
    ],
    "695868": [
        "absatzplus.com//15128364"
    ],
    "7061995": [
        "absatzplus.com//8778054"
    ],
    "7062025": [
        "absatzplus.com//2584277"
    ],
    "7067841": [
        "absatzplus.com//1564293"
    ],
    "7159193": [
        "absatzplus.com//10850427"
    ],
    "7159202": [
        "absatzplus.com//11684554"
    ],
    "7323919": [
        "absatzplus.com//3224899"
    ],
    "7326821": [
        "absatzplus.com//16476919"
    ],
    "7416332": [
        "absatzplus.com//9205399"
    ],
    "7416333": [
        "absatzplus.com//14836388"
    ],
    "7416335": [
        "absatzplus.com//14390582"
    ],
    "7416336": [
        "absatzplus.com//10073881"
    ],
    "7417192": [
        "absatzplus.com//3534382"
    ],
    "7417216": [
        "absatzplus.com//13530858"
    ],
    "7417217": [
        "absatzplus.com//90862"
    ],
    "7423233": [
        "absatzplus.com//17166067"
    ],
    "7511565": [
        "absatzplus.com//9007915"
    ],
    "7651817": [
        "absatzplus.com//5298728"
    ],
    "7783801": [
        "absatzplus.com//1044239"
    ],
    "7868658": [
        "absatzplus.com//15158101"
    ],
    "8361198": [
        "absatzplus.com//3821404"
    ],
    "8406685": [
        "absatzplus.com//16228859"
    ],
    "887676": [
        "absatzplus.com//6474575"
    ],
    "8893431": [
        "absatzplus.com//14238661"
    ],
    "8893471": [
        "absatzplus.com//8722570"
    ],
    "9434655": [
        "absatzplus.com//12650311"
    ],
    "9434656": [
        "absatzplus.com//683734"
    ],
    "9434669": [
        "absatzplus.com//467078"
    ],
    "9434678": [
        "absatzplus.com//11712738"
    ],
    "9434680": [
        "absatzplus.com//15202324"
    ],
    "9627059": [
        "absatzplus.com//16227595"
    ],
    "9701256": [
        "absatzplus.com//1816238"
    ],
    "9703247": [
        "absatzplus.com//12549501"
    ],
    "9703254": [
        "absatzplus.com//10768444"
    ],
    "9732135": [
        "absatzplus.com//16818944"
    ],
    "9832558": [
        "absatzplus.com//15282346"
    ],
    "9984173": [
        "absatzplus.com//6408046"
    ]
}