{
    "10178381": [
        "absatzplus.com//2460152"
    ],
    "10178753": [
        "absatzplus.com//6073520"
    ],
    "10263499": [
        "absatzplus.com//3090142"
    ],
    "10351008": [
        "absatzplus.com//13913014"
    ],
    "10535830": [
        "absatzplus.com//13814688"
    ],
    "10535832": [
        "absatzplus.com//4947640"
    ],
    "10733207": [
        "absatzplus.com//3252460"
    ],
    "10733208": [
        "absatzplus.com//1954075"
    ],
    "10859295": [
        "absatzplus.com//16093288"
    ],
    "10924069": [
        "absatzplus.com//2266684"
    ],
    "10924070": [
        "absatzplus.com//14853774"
    ],
    "10924071": [
        "absatzplus.com//10892742"
    ],
    "10958736": [
        "absatzplus.com//9373046"
    ],
    "11322913": [
        "absatzplus.com//2171227"
    ],
    "11322992": [
        "absatzplus.com//8196590"
    ],
    "1136137": [
        "absatzplus.com//1327791"
    ],
    "11618772": [
        "absatzplus.com//8116614"
    ],
    "11618774": [
        "absatzplus.com//4368461"
    ],
    "11670027": [
        "absatzplus.com//15628882"
    ],
    "11693642": [
        "absatzplus.com//14669274"
    ],
    "11693646": [
        "absatzplus.com//5495257"
    ],
    "11702688": [
        "absatzplus.com//16326057"
    ],
    "11702690": [
        "absatzplus.com//17328825"
    ],
    "11806291": [
        "absatzplus.com//7128865"
    ],
    "12114494": [
        "absatzplus.com//3847794"
    ],
    "12167261": [
        "absatzplus.com//15791835"
    ],
    "12167810": [
        "absatzplus.com//3912716"
    ],
    "12167828": [
        "absatzplus.com//2627391"
    ],
    "12482629": [
        "absatzplus.com//5143868"
    ],
    "12507786": [
        "absatzplus.com//11425349"
    ],
    "12604239": [
        "absatzplus.com//17168391"
    ],
    "12604244": [
        "absatzplus.com//3771455"
    ],
    "12604245": [
        "absatzplus.com//11962852"
    ],
    "12605780": [
        "absatzplus.com//11448228"
    ],
    "12605782": [
        "absatzplus.com//9422495"
    ],
    "12605788": [
        "absatzplus.com//3462724"
    ],
    "12610381": [
        "absatzplus.com//10118248"
    ],
    "12610382": [
        "absatzplus.com//10721455"
    ],
    "12611321": [
        "absatzplus.com//10933138"
    ],
    "12611322": [
        "absatzplus.com//1481239"
    ],
    "12611325": [
        "absatzplus.com//2755378"
    ],
    "13030192": [
        "absatzplus.com//8077059"
    ],
    "13030193": [
        "absatzplus.com//11529992"
    ],
    "13071266": [
        "absatzplus.com//5754009"
    ],
    "13071272": [
        "absatzplus.com//13359826"
    ],
    "13071273": [
        "absatzplus.com//1726019"
    ],
    "13071274": [
        "absatzplus.com//17403360"
    ],
    "13420030": [
        "absatzplus.com//11525062"
    ],
    "13420230": [
        "absatzplus.com//2096788"
    ],
    "13420231": [
        "absatzplus.com//4353975"
    ],
    "13420259": [
        "absatzplus.com//5343993"
    ],
    "13420303": [
        "absatzplus.com//7201611"
    ],
    "13605981": [
        "absatzplus.com//14346706"
    ],
    "13605983": [
        "absatzplus.com//2633817"
    ],
    "13606033": [
        "absatzplus.com//15735234"
    ],
    "13606063": [
        "absatzplus.com//3348692"
    ],
    "13647951": [
        "absatzplus.com//10754737"
    ],
    "13812489": [
        "absatzplus.com//946349"
    ],
    "13813741": [
        "absatzplus.com//14362173"
    ],
    "13814915": [
        "absatzplus.com//8412689"
    ],
    "13815533": [
        "absatzplus.com//4531363"
    ],
    "14136746": [
        "absatzplus.com//14773434"
    ],
    "14210325": [
        "absatzplus.com//9913167"
    ],
    "14224314": [
        "absatzplus.com//9571480"
    ],
    "14224761": [
        "absatzplus.com//14862155"
    ],
    "14224822": [
        "absatzplus.com//8347555"
    ],
    "14245871": [
        "absatzplus.com//8178109"
    ],
    "14542315": [
        "absatzplus.com//9248672"
    ],
    "14609265": [
        "absatzplus.com//13539427"
    ],
    "1461284": [
        "absatzplus.com//10717978"
    ],
    "1463053": [
        "absatzplus.com//5731027"
    ],
    "14658442": [
        "absatzplus.com//7092772"
    ],
    "14658455": [
        "absatzplus.com//8293281"
    ],
    "14658456": [
        "absatzplus.com//14149965"
    ],
    "14696106": [
        "absatzplus.com//5027078"
    ],
    "14696111": [
        "absatzplus.com//3119101"
    ],
    "14737189": [
        "absatzplus.com//10399671"
    ],
    "14737191": [
        "absatzplus.com//506015"
    ],
    "14737594": [
        "absatzplus.com//15100695"
    ],
    "14737597": [
        "absatzplus.com//12165185"
    ],
    "14737648": [
        "absatzplus.com//13835489"
    ],
    "14739542": [
        "absatzplus.com//10208200"
    ],
    "14739543": [
        "absatzplus.com//4666010"
    ],
    "14739545": [
        "absatzplus.com//8842425"
    ],
    "14739582": [
        "absatzplus.com//6349488"
    ],
    "14748858": [
        "absatzplus.com//5450428"
    ],
    "15015406": [
        "absatzplus.com//11771977"
    ],
    "15017798": [
        "absatzplus.com//5595359"
    ],
    "15017799": [
        "absatzplus.com//747665"
    ],
    "15018756": [
        "absatzplus.com//1202467"
    ],
    "15018768": [
        "absatzplus.com//70975"
    ],
    "15035135": [
        "absatzplus.com//7465227"
    ],
    "15057153": [
        "absatzplus.com//9324885"
    ],
    "15057165": [
        "absatzplus.com//1992033"
    ],
    "15057166": [
        "absatzplus.com//3273967"
    ],
    "15077286": [
        "absatzplus.com//9562962"
    ],
    "15421117": [
        "absatzplus.com//7383618"
    ],
    "15432878": [
        "absatzplus.com//143950"
    ],
    "15585354": [
        "absatzplus.com//6038823"
    ],
    "15767900": [
        "absatzplus.com//16407725"
    ],
    "15773482": [
        "absatzplus.com//3706951"
    ],
    "15773483": [
        "absatzplus.com//16360786"
    ],
    "15773486": [
        "absatzplus.com//16780190"
    ],
    "15990981": [
        "absatzplus.com//15740185"
    ],
    "15996126": [
        "absatzplus.com//12051152"
    ],
    "16173083": [
        "absatzplus.com//3785268"
    ],
    "16222151": [
        "absatzplus.com//10164380"
    ],
    "16222181": [
        "absatzplus.com//14593990"
    ],
    "16245327": [
        "absatzplus.com//1646869"
    ],
    "16272169": [
        "absatzplus.com//16648165"
    ],
    "1817831": [
        "absatzplus.com//3686418"
    ],
    "1817864": [
        "absatzplus.com//6209897"
    ],
    "1818745": [
        "absatzplus.com//2892198"
    ],
    "1818763": [
        "absatzplus.com//16362535"
    ],
    "1819091": [
        "absatzplus.com//15326576"
    ],
    "1819112": [
        "absatzplus.com//17318209"
    ],
    "1819147": [
        "absatzplus.com//10648908"
    ],
    "1841517": [
        "absatzplus.com//13864790"
    ],
    "1851141": [
        "absatzplus.com//4211172"
    ],
    "1851144": [
        "absatzplus.com//14488988"
    ],
    "1851145": [
        "absatzplus.com//14531241"
    ],
    "1851146": [
        "absatzplus.com//5708816"
    ],
    "1851148": [
        "absatzplus.com//3694478"
    ],
    "1851149": [
        "absatzplus.com//3316044"
    ],
    "1851152": [
        "absatzplus.com//9752872"
    ],
    "1851167": [
        "absatzplus.com//9177942"
    ],
    "1851168": [
        "absatzplus.com//2908053"
    ],
    "1851172": [
        "absatzplus.com//10656939"
    ],
    "1851184": [
        "absatzplus.com//15806971"
    ],
    "1851186": [
        "absatzplus.com//3362981"
    ],
    "1851218": [
        "absatzplus.com//12844690"
    ],
    "1851232": [
        "absatzplus.com//12702344"
    ],
    "1988174": [
        "absatzplus.com//9990879"
    ],
    "2168600": [
        "absatzplus.com//4006533"
    ],
    "2168601": [
        "absatzplus.com//1331863"
    ],
    "2168632": [
        "absatzplus.com//11099801"
    ],
    "2168734": [
        "absatzplus.com//3669165"
    ],
    "2168739": [
        "absatzplus.com//6979309"
    ],
    "2383383": [
        "absatzplus.com//227923"
    ],
    "2383457": [
        "absatzplus.com//8487110"
    ],
    "2465513": [
        "absatzplus.com//16576879"
    ],
    "2538852": [
        "absatzplus.com//223156"
    ],
    "2538853": [
        "absatzplus.com//6406148"
    ],
    "2558126": [
        "absatzplus.com//9837802"
    ],
    "2789327": [
        "absatzplus.com//12711804"
    ],
    "2789329": [
        "absatzplus.com//7264863"
    ],
    "2817545": [
        "absatzplus.com//11125110"
    ],
    "2817546": [
        "absatzplus.com//7870592"
    ],
    "2817548": [
        "absatzplus.com//525074"
    ],
    "2820186": [
        "absatzplus.com//4324533"
    ],
    "2820739": [
        "absatzplus.com//15848275"
    ],
    "2840391": [
        "absatzplus.com//7787575"
    ],
    "2840456": [
        "absatzplus.com//4577626"
    ],
    "2840929": [
        "absatzplus.com//5847103"
    ],
    "2840937": [
        "absatzplus.com//4331249"
    ],
    "287669": [
        "absatzplus.com//13898609"
    ],
    "3084738": [
        "absatzplus.com//14240368"
    ],
    "3084740": [
        "absatzplus.com//12110051"
    ],
    "3084742": [
        "absatzplus.com//13295408"
    ],
    "3217598": [
        "absatzplus.com//11297159"
    ],
    "3237353": [
        "absatzplus.com//7331262"
    ],
    "3237379": [
        "absatzplus.com//16291856"
    ],
    "3345256": [
        "absatzplus.com//2500390"
    ],
    "3604220": [
        "absatzplus.com//12488140"
    ],
    "3604222": [
        "absatzplus.com//16058076"
    ],
    "3604224": [
        "absatzplus.com//9478620"
    ],
    "3604478": [
        "absatzplus.com//13505090"
    ],
    "3604479": [
        "absatzplus.com//10622420"
    ],
    "3749595": [
        "absatzplus.com//4760967"
    ],
    "3767777": [
        "absatzplus.com//13555892"
    ],
    "3795133": [
        "absatzplus.com//14778329"
    ],
    "3802393": [
        "absatzplus.com//5921540"
    ],
    "3864476": [
        "absatzplus.com//4012039"
    ],
    "3864480": [
        "absatzplus.com//15808533"
    ],
    "3864841": [
        "absatzplus.com//719265"
    ],
    "3995516": [
        "absatzplus.com//4437730"
    ],
    "3995561": [
        "absatzplus.com//608372"
    ],
    "3995588": [
        "absatzplus.com//2153636"
    ],
    "4137850": [
        "absatzplus.com//6000994"
    ],
    "4340264": [
        "absatzplus.com//16200343"
    ],
    "4340294": [
        "absatzplus.com//3075186"
    ],
    "4340304": [
        "absatzplus.com//221645"
    ],
    "4400292": [
        "absatzplus.com//11366855"
    ],
    "4652151": [
        "absatzplus.com//3649541"
    ],
    "4659807": [
        "absatzplus.com//3309505"
    ],
    "4840014": [
        "absatzplus.com//3686886"
    ],
    "4840015": [
        "absatzplus.com//1261876"
    ],
    "4840016": [
        "absatzplus.com//11598184"
    ],
    "4840020": [
        "absatzplus.com//11773258"
    ],
    "4840028": [
        "absatzplus.com//15118092"
    ],
    "4840041": [
        "absatzplus.com//6858361"
    ],
    "4840042": [
        "absatzplus.com//4579675"
    ],
    "4840046": [
        "absatzplus.com//8251298"
    ],
    "4840047": [
        "absatzplus.com//5907112"
    ],
    "4840057": [
        "absatzplus.com//76386"
    ],
    "4840058": [
        "absatzplus.com//100782"
    ],
    "4840059": [
        "absatzplus.com//14316237"
    ],
    "4840086": [
        "absatzplus.com//13159485"
    ],
    "4840087": [
        "absatzplus.com//17250272"
    ],
    "4840088": [
        "absatzplus.com//469519"
    ],
    "4840091": [
        "absatzplus.com//900291"
    ],
    "4840161": [
        "absatzplus.com//9625758"
    ],
    "4840162": [
        "absatzplus.com//7937455"
    ],
    "4840165": [
        "absatzplus.com//13881237"
    ],
    "4840425": [
        "absatzplus.com//9614996"
    ],
    "4842950": [
        "absatzplus.com//4562273"
    ],
    "4842961": [
        "absatzplus.com//15608879"
    ],
    "4843023": [
        "absatzplus.com//15829645"
    ],
    "4843032": [
        "absatzplus.com//16969553"
    ],
    "4843051": [
        "absatzplus.com//10203959"
    ],
    "4843058": [
        "absatzplus.com//2434593"
    ],
    "4843061": [
        "absatzplus.com//9834952"
    ],
    "4843062": [
        "absatzplus.com//2400973"
    ],
    "4843071": [
        "absatzplus.com//11243192"
    ],
    "4843075": [
        "absatzplus.com//16872914"
    ],
    "4843077": [
        "absatzplus.com//15563160"
    ],
    "4843078": [
        "absatzplus.com//8290664"
    ],
    "4843080": [
        "absatzplus.com//4742593"
    ],
    "4843276": [
        "absatzplus.com//8101570"
    ],
    "4843278": [
        "absatzplus.com//7892766"
    ],
    "4917738": [
        "absatzplus.com//4146819"
    ],
    "4952232": [
        "absatzplus.com//14524408"
    ],
    "5154528": [
        "absatzplus.com//11845130"
    ],
    "5154533": [
        "absatzplus.com//2838675"
    ],
    "5154537": [
        "absatzplus.com//668414"
    ],
    "5154544": [
        "absatzplus.com//9730404"
    ],
    "5565639": [
        "absatzplus.com//10706602"
    ],
    "5671936": [
        "absatzplus.com//9305674"
    ],
    "5671938": [
        "absatzplus.com//7400911"
    ],
    "5671941": [
        "absatzplus.com//1616071"
    ],
    "5735834": [
        "absatzplus.com//2158615"
    ],
    "5735836": [
        "absatzplus.com//8090236"
    ],
    "5811254": [
        "absatzplus.com//11642749"
    ],
    "5844768": [
        "absatzplus.com//2883661"
    ],
    "5844786": [
        "absatzplus.com//6059927"
    ],
    "5844790": [
        "absatzplus.com//16476825"
    ],
    "5844792": [
        "absatzplus.com//5824629"
    ],
    "5844795": [
        "absatzplus.com//16346901"
    ],
    "5844811": [
        "absatzplus.com//11909910"
    ],
    "5844812": [
        "absatzplus.com//211825"
    ],
    "5844814": [
        "absatzplus.com//2592388"
    ],
    "5845108": [
        "absatzplus.com//2334868"
    ],
    "6150734": [
        "absatzplus.com//14089008"
    ],
    "6150736": [
        "absatzplus.com//14735093"
    ],
    "6150737": [
        "absatzplus.com//12806092"
    ],
    "6153494": [
        "absatzplus.com//14036043"
    ],
    "6168413": [
        "absatzplus.com//12867507"
    ],
    "6520282": [
        "absatzplus.com//12402687"
    ],
    "6630778": [
        "absatzplus.com//5432055"
    ],
    "6630855": [
        "absatzplus.com//8996663"
    ],
    "6973149": [
        "absatzplus.com//6120067"
    ],
    "6973246": [
        "absatzplus.com//12840194"
    ],
    "6975793": [
        "absatzplus.com//16256219"
    ],
    "6975796": [
        "absatzplus.com//11702479"
    ],
    "6975799": [
        "absatzplus.com//8634864"
    ],
    "6976406": [
        "absatzplus.com//2247078"
    ],
    "6976409": [
        "absatzplus.com//12086961"
    ],
    "6985472": [
        "absatzplus.com//7815673"
    ],
    "6988203": [
        "absatzplus.com//5341840"
    ],
    "6988245": [
        "absatzplus.com//14001681"
    ],
    "6989700": [
        "absatzplus.com//3404248"
    ],
    "6995990": [
        "absatzplus.com//5991250"
    ],
    "6996079": [
        "absatzplus.com//8505559"
    ],
    "7062122": [
        "absatzplus.com//10147575"
    ],
    "7229209": [
        "absatzplus.com//3022601"
    ],
    "7417303": [
        "absatzplus.com//8069907"
    ],
    "7417307": [
        "absatzplus.com//12136649"
    ],
    "7417310": [
        "absatzplus.com//11950038"
    ],
    "7715024": [
        "absatzplus.com//2250965"
    ],
    "7797231": [
        "absatzplus.com//2090818"
    ],
    "7797729": [
        "absatzplus.com//13206513"
    ],
    "7832580": [
        "absatzplus.com//788239"
    ],
    "8211627": [
        "absatzplus.com//4914814"
    ],
    "8402674": [
        "absatzplus.com//4735770"
    ],
    "8683303": [
        "absatzplus.com//2941483"
    ],
    "9009580": [
        "absatzplus.com//16494364"
    ],
    "9009605": [
        "absatzplus.com//10792558"
    ],
    "9009611": [
        "absatzplus.com//2146495"
    ],
    "9074950": [
        "absatzplus.com//6927004"
    ],
    "9074960": [
        "absatzplus.com//13737507"
    ],
    "9076868": [
        "absatzplus.com//4376354"
    ],
    "9076975": [
        "absatzplus.com//9101311"
    ],
    "9076990": [
        "absatzplus.com//5104360"
    ],
    "9076998": [
        "absatzplus.com//15235066"
    ],
    "9077020": [
        "absatzplus.com//8558269"
    ],
    "9077032": [
        "absatzplus.com//16152693"
    ],
    "9077048": [
        "absatzplus.com//9095594"
    ],
    "9077174": [
        "absatzplus.com//6042189"
    ],
    "9077463": [
        "absatzplus.com//10005409"
    ],
    "9077495": [
        "absatzplus.com//660356"
    ],
    "9077512": [
        "absatzplus.com//974937"
    ],
    "9077609": [
        "absatzplus.com//6100946"
    ],
    "9077921": [
        "absatzplus.com//432573"
    ],
    "9077942": [
        "absatzplus.com//15089973"
    ],
    "9077980": [
        "absatzplus.com//15298236"
    ],
    "9078074": [
        "absatzplus.com//3400477"
    ],
    "9078097": [
        "absatzplus.com//6741089"
    ],
    "9078115": [
        "absatzplus.com//3345542"
    ],
    "9078381": [
        "absatzplus.com//6287407"
    ],
    "9078414": [
        "absatzplus.com//8208659"
    ],
    "9078480": [
        "absatzplus.com//16548998"
    ],
    "9078487": [
        "absatzplus.com//16340448"
    ],
    "9078655": [
        "absatzplus.com//8436924"
    ],
    "9078675": [
        "absatzplus.com//2959024"
    ],
    "9078724": [
        "absatzplus.com//17021111"
    ],
    "9078745": [
        "absatzplus.com//7885075"
    ],
    "9079026": [
        "absatzplus.com//9872601"
    ],
    "9079075": [
        "absatzplus.com//2521495"
    ],
    "9079089": [
        "absatzplus.com//14161718"
    ],
    "9079182": [
        "absatzplus.com//12988119"
    ],
    "9079189": [
        "absatzplus.com//7528729"
    ],
    "9079505": [
        "absatzplus.com//8258899"
    ],
    "9079518": [
        "absatzplus.com//15322547"
    ],
    "9079545": [
        "absatzplus.com//14715977"
    ],
    "9079760": [
        "absatzplus.com//5586368"
    ],
    "9081854": [
        "absatzplus.com//11505901"
    ],
    "9081994": [
        "absatzplus.com//5348629"
    ],
    "9082026": [
        "absatzplus.com//10533081"
    ],
    "9082252": [
        "absatzplus.com//4637962"
    ],
    "9082265": [
        "absatzplus.com//2352338"
    ],
    "9082789": [
        "absatzplus.com//7262295"
    ],
    "9082808": [
        "absatzplus.com//1422429"
    ],
    "9119290": [
        "absatzplus.com//6239533"
    ],
    "9119691": [
        "absatzplus.com//5463197"
    ],
    "9119699": [
        "absatzplus.com//16727542"
    ],
    "9119980": [
        "absatzplus.com//15692848"
    ],
    "9119994": [
        "absatzplus.com//6321473"
    ],
    "9120001": [
        "absatzplus.com//15906556"
    ],
    "9120008": [
        "absatzplus.com//6503718"
    ],
    "9120082": [
        "absatzplus.com//16977529"
    ],
    "9120098": [
        "absatzplus.com//3113526"
    ],
    "9120103": [
        "absatzplus.com//3694205"
    ],
    "9148083": [
        "absatzplus.com//8732724"
    ],
    "9351674": [
        "absatzplus.com//1829381"
    ],
    "9352093": [
        "absatzplus.com//374614"
    ],
    "9352106": [
        "absatzplus.com//7821141"
    ],
    "9589437": [
        "absatzplus.com//13673482"
    ],
    "9589438": [
        "absatzplus.com//286706"
    ],
    "9599263": [
        "absatzplus.com//5858959"
    ],
    "9672189": [
        "absatzplus.com//9889720"
    ],
    "9672195": [
        "absatzplus.com//2801137"
    ],
    "9702529": [
        "absatzplus.com//6725201"
    ],
    "9702531": [
        "absatzplus.com//13726961"
    ],
    "9703754": [
        "absatzplus.com//4079323"
    ],
    "9732907": [
        "absatzplus.com//8980132"
    ],
    "9737696": [
        "absatzplus.com//8804450"
    ],
    "9745351": [
        "absatzplus.com//13777834"
    ],
    "9745854": [
        "absatzplus.com//1460123"
    ],
    "9745855": [
        "absatzplus.com//3142374"
    ],
    "9745857": [
        "absatzplus.com//12690650"
    ],
    "9745858": [
        "absatzplus.com//14283747"
    ],
    "9745861": [
        "absatzplus.com//12949166"
    ],
    "9745862": [
        "absatzplus.com//2860021"
    ],
    "9745863": [
        "absatzplus.com//16505001"
    ],
    "9745865": [
        "absatzplus.com//3488835"
    ],
    "9745866": [
        "absatzplus.com//16768449"
    ],
    "9745876": [
        "absatzplus.com//6463495"
    ],
    "9745878": [
        "absatzplus.com//11913772"
    ],
    "9745879": [
        "absatzplus.com//6595822"
    ],
    "9745881": [
        "absatzplus.com//14473091"
    ],
    "9745886": [
        "absatzplus.com//881892"
    ],
    "9745889": [
        "absatzplus.com//16389046"
    ],
    "9745898": [
        "absatzplus.com//5422839"
    ],
    "9745900": [
        "absatzplus.com//13518912"
    ],
    "9745903": [
        "absatzplus.com//2274578"
    ],
    "9745905": [
        "absatzplus.com//14715848"
    ],
    "9745910": [
        "absatzplus.com//56230"
    ],
    "9745913": [
        "absatzplus.com//14446838"
    ],
    "9745917": [
        "absatzplus.com//14218456"
    ],
    "9745927": [
        "absatzplus.com//15718884"
    ],
    "9745929": [
        "absatzplus.com//3006446"
    ],
    "9745930": [
        "absatzplus.com//6196762"
    ],
    "9745939": [
        "absatzplus.com//9756556"
    ],
    "9749721": [
        "absatzplus.com//2291568"
    ]
}