[
    {
        "spec": {
            "Brutto Rechnungsbetrag": "993,65\u00a0\u20ac",
            "Frachtkosten": "65,00\u00a0\u20ac",
            "Nettobetrag": "770,00\u00a0\u20ac",
            "zuz\u00fcglich 19% MWSt.": "158,65\u00a0\u20ac"
        },
        "url": "absatzplus.com//12960079"
    },
    {
        "spec": {
            "Brutto Rechnungsbetrag": "487,31\u00a0\u20ac",
            "Frachtkosten": "19,50\u00a0\u20ac",
            "Nettobetrag": "390,00\u00a0\u20ac",
            "zuz\u00fcglich 19% MWSt.": "77,81\u00a0\u20ac"
        },
        "url": "absatzplus.com//5946362"
    },
    {
        "spec": {
            "Brutto Rechnungsbetrag": "15,08\u00a0\u20ac",
            "Frachtkosten": "6,50\u00a0\u20ac",
            "Nettobetrag": "6,17\u00a0\u20ac",
            "zuz\u00fcglich 19% MWSt.": "2,41\u00a0\u20ac"
        },
        "url": "absatzplus.com//2451410"
    },
    {
        "spec": {
            "Brutto Rechnungsbetrag": "43,32\u00a0\u20ac",
            "Frachtkosten": "6,50\u00a0\u20ac",
            "Nettobetrag": "29,90\u00a0\u20ac",
            "zuz\u00fcglich 19% MWSt.": "6,92\u00a0\u20ac"
        },
        "url": "absatzplus.com//637404"
    },
    {
        "spec": {
            "Brutto Rechnungsbetrag": "26,44\u00a0\u20ac",
            "Frachtkosten": "6,50\u00a0\u20ac",
            "Nettobetrag": "15,72\u00a0\u20ac",
            "zuz\u00fcglich 19% MWSt.": "4,22\u00a0\u20ac"
        },
        "url": "absatzplus.com//5725694"
    },
    {
        "spec": {
            "Brutto Rechnungsbetrag": "12,38\u00a0\u20ac",
            "Frachtkosten": "6,50\u00a0\u20ac",
            "Nettobetrag": "3,90\u00a0\u20ac",
            "zuz\u00fcglich 19% MWSt.": "1,98\u00a0\u20ac"
        },
        "url": "absatzplus.com//10866632"
    },
    {
        "spec": {
            "Brutto Rechnungsbetrag": "699,13\u00a0\u20ac",
            "Frachtkosten": "6,50\u00a0\u20ac",
            "Nettobetrag": "581,00\u00a0\u20ac",
            "zuz\u00fcglich 19% MWSt.": "111,63\u00a0\u20ac"
        },
        "url": "absatzplus.com//12120804"
    },
    {
        "spec": {
            "Brutto Rechnungsbetrag": "245,74\u00a0\u20ac",
            "Frachtkosten": "6,50\u00a0\u20ac",
            "Nettobetrag": "200,00\u00a0\u20ac",
            "zuz\u00fcglich 19% MWSt.": "39,24\u00a0\u20ac"
        },
        "url": "absatzplus.com//5402604"
    },
    {
        "spec": {
            "Brutto Rechnungsbetrag": "372,47\u00a0\u20ac",
            "Frachtkosten": "13,00\u00a0\u20ac",
            "Nettobetrag": "300,00\u00a0\u20ac",
            "zuz\u00fcglich 19% MWSt.": "59,47\u00a0\u20ac"
        },
        "url": "absatzplus.com//5188792"
    },
    {
        "spec": {
            "Brutto Rechnungsbetrag": "15,95\u00a0\u20ac",
            "Frachtkosten": "6,50\u00a0\u20ac",
            "Nettobetrag": "6,90\u00a0\u20ac",
            "zuz\u00fcglich 19% MWSt.": "2,55\u00a0\u20ac"
        },
        "url": "absatzplus.com//16629697"
    },
    {
        "spec": {
            "Brutto Rechnungsbetrag": "658,67\u00a0\u20ac",
            "Frachtkosten": "19,50\u00a0\u20ac",
            "Nettobetrag": "534,00\u00a0\u20ac",
            "zuz\u00fcglich 19% MWSt.": "105,17\u00a0\u20ac"
        },
        "url": "absatzplus.com//11137229"
    },
    {
        "spec": {
            "Brutto Rechnungsbetrag": "732,45\u00a0\u20ac",
            "Frachtkosten": "6,50\u00a0\u20ac",
            "Nettobetrag": "609,00\u00a0\u20ac",
            "zuz\u00fcglich 19% MWSt.": "116,95\u00a0\u20ac"
        },
        "url": "absatzplus.com//1268200"
    },
    {
        "spec": {
            "Brutto Rechnungsbetrag": "833,00\u00a0\u20ac",
            "Frachtkosten": "100,00\u00a0\u20ac",
            "Nettobetrag": "600,00\u00a0\u20ac",
            "zuz\u00fcglich 19% MWSt.": "133,00\u00a0\u20ac"
        },
        "url": "absatzplus.com//8085599"
    },
    {
        "spec": {
            "Brutto Rechnungsbetrag": "487,31\u00a0\u20ac",
            "Frachtkosten": "19,50\u00a0\u20ac",
            "Nettobetrag": "390,00\u00a0\u20ac",
            "zuz\u00fcglich 19% MWSt.": "77,81\u00a0\u20ac"
        },
        "url": "absatzplus.com//11730486"
    },
    {
        "spec": {
            "Brutto Rechnungsbetrag": "16,78\u00a0\u20ac",
            "Frachtkosten": "6,50\u00a0\u20ac",
            "Nettobetrag": "7,60\u00a0\u20ac",
            "zuz\u00fcglich 19% MWSt.": "2,68\u00a0\u20ac"
        },
        "url": "absatzplus.com//9630001"
    },
    {
        "spec": {
            "Brutto Rechnungsbetrag": "400,44\u00a0\u20ac",
            "Frachtkosten": "6,50\u00a0\u20ac",
            "Nettobetrag": "330,00\u00a0\u20ac",
            "zuz\u00fcglich 19% MWSt.": "63,94\u00a0\u20ac"
        },
        "url": "absatzplus.com//9386193"
    },
    {
        "spec": {
            "Brutto Rechnungsbetrag": "13,09\u00a0\u20ac",
            "Frachtkosten": "6,50\u00a0\u20ac",
            "Nettobetrag": "4,50\u00a0\u20ac",
            "zuz\u00fcglich 19% MWSt.": "2,09\u00a0\u20ac"
        },
        "url": "absatzplus.com//15787593"
    },
    {
        "spec": {
            "Brutto Rechnungsbetrag": "9,51\u00a0\u20ac",
            "Frachtkosten": "6,50\u00a0\u20ac",
            "Nettobetrag": "1,49\u00a0\u20ac",
            "zuz\u00fcglich 19% MWSt.": "1,52\u00a0\u20ac"
        },
        "url": "absatzplus.com//13143567"
    },
    {
        "spec": {
            "Brutto Rechnungsbetrag": "14,61\u00a0\u20ac",
            "Frachtkosten": "6,50\u00a0\u20ac",
            "Nettobetrag": "5,78\u00a0\u20ac",
            "zuz\u00fcglich 19% MWSt.": "2,33\u00a0\u20ac"
        },
        "url": "absatzplus.com//6348955"
    },
    {
        "spec": {
            "Brutto Rechnungsbetrag": "16,78\u00a0\u20ac",
            "Frachtkosten": "6,50\u00a0\u20ac",
            "Nettobetrag": "7,60\u00a0\u20ac",
            "zuz\u00fcglich 19% MWSt.": "2,68\u00a0\u20ac"
        },
        "url": "absatzplus.com//16560263"
    },
    {
        "spec": {
            "Brutto Rechnungsbetrag": "15,08\u00a0\u20ac",
            "Frachtkosten": "6,50\u00a0\u20ac",
            "Nettobetrag": "6,17\u00a0\u20ac",
            "zuz\u00fcglich 19% MWSt.": "2,41\u00a0\u20ac"
        },
        "url": "absatzplus.com//8437461"
    },
    {
        "spec": {
            "Brutto Rechnungsbetrag": "602,74\u00a0\u20ac",
            "Frachtkosten": "6,50\u00a0\u20ac",
            "Nettobetrag": "500,00\u00a0\u20ac",
            "zuz\u00fcglich 19% MWSt.": "96,24\u00a0\u20ac"
        },
        "url": "absatzplus.com//5324836"
    },
    {
        "spec": {
            "Brutto Rechnungsbetrag": "12,73\u00a0\u20ac",
            "Frachtkosten": "6,50\u00a0\u20ac",
            "Nettobetrag": "4,20\u00a0\u20ac",
            "zuz\u00fcglich 19% MWSt.": "2,03\u00a0\u20ac"
        },
        "url": "absatzplus.com//12214761"
    },
    {
        "spec": {
            "Brutto Rechnungsbetrag": "850,26\u00a0\u20ac",
            "Frachtkosten": "6,50\u00a0\u20ac",
            "Nettobetrag": "708,00\u00a0\u20ac",
            "zuz\u00fcglich 19% MWSt.": "135,76\u00a0\u20ac"
        },
        "url": "absatzplus.com//14975775"
    },
    {
        "spec": {
            "Brutto Rechnungsbetrag": "1 552,95\u00a0\u20ac",
            "Frachtkosten": "65,00\u00a0\u20ac",
            "Nettobetrag": "1 240,00\u00a0\u20ac",
            "zuz\u00fcglich 19% MWSt.": "247,95\u00a0\u20ac"
        },
        "url": "absatzplus.com//7105296"
    },
    {
        "spec": {
            "Brutto Rechnungsbetrag": "436,14\u00a0\u20ac",
            "Frachtkosten": "6,50\u00a0\u20ac",
            "Nettobetrag": "360,00\u00a0\u20ac",
            "zuz\u00fcglich 19% MWSt.": "69,64\u00a0\u20ac"
        },
        "url": "absatzplus.com//8146795"
    },
    {
        "spec": {
            "Brutto Rechnungsbetrag": "699,13\u00a0\u20ac",
            "Frachtkosten": "6,50\u00a0\u20ac",
            "Nettobetrag": "581,00\u00a0\u20ac",
            "zuz\u00fcglich 19% MWSt.": "111,63\u00a0\u20ac"
        },
        "url": "absatzplus.com//9338612"
    },
    {
        "spec": {
            "Brutto Rechnungsbetrag": "732,45\u00a0\u20ac",
            "Frachtkosten": "6,50\u00a0\u20ac",
            "Nettobetrag": "609,00\u00a0\u20ac",
            "zuz\u00fcglich 19% MWSt.": "116,95\u00a0\u20ac"
        },
        "url": "absatzplus.com//15177261"
    },
    {
        "spec": {
            "Brutto Rechnungsbetrag": "11,40\u00a0\u20ac",
            "Frachtkosten": "6,50\u00a0\u20ac",
            "Nettobetrag": "3,08\u00a0\u20ac",
            "zuz\u00fcglich 19% MWSt.": "1,82\u00a0\u20ac"
        },
        "url": "absatzplus.com//16453312"
    },
    {
        "spec": {
            "Brutto Rechnungsbetrag": "17,02\u00a0\u20ac",
            "Frachtkosten": "6,50\u00a0\u20ac",
            "Nettobetrag": "7,80\u00a0\u20ac",
            "zuz\u00fcglich 19% MWSt.": "2,72\u00a0\u20ac"
        },
        "url": "absatzplus.com//10880840"
    },
    {
        "spec": {
            "Brutto Rechnungsbetrag": "16,78\u00a0\u20ac",
            "Frachtkosten": "6,50\u00a0\u20ac",
            "Nettobetrag": "7,60\u00a0\u20ac",
            "zuz\u00fcglich 19% MWSt.": "2,68\u00a0\u20ac"
        },
        "url": "absatzplus.com//10688066"
    },
    {
        "spec": {
            "Brutto Rechnungsbetrag": "732,45\u00a0\u20ac",
            "Frachtkosten": "6,50\u00a0\u20ac",
            "Nettobetrag": "609,00\u00a0\u20ac",
            "zuz\u00fcglich 19% MWSt.": "116,95\u00a0\u20ac"
        },
        "url": "absatzplus.com//4502054"
    },
    {
        "spec": {
            "Brutto Rechnungsbetrag": "19,52\u00a0\u20ac",
            "Frachtkosten": "6,50\u00a0\u20ac",
            "Nettobetrag": "9,90\u00a0\u20ac",
            "zuz\u00fcglich 19% MWSt.": "3,12\u00a0\u20ac"
        },
        "url": "absatzplus.com//16888245"
    },
    {
        "spec": {
            "Brutto Rechnungsbetrag": "10,71\u00a0\u20ac",
            "Frachtkosten": "6,50\u00a0\u20ac",
            "Nettobetrag": "2,50\u00a0\u20ac",
            "zuz\u00fcglich 19% MWSt.": "1,71\u00a0\u20ac"
        },
        "url": "absatzplus.com//16991467"
    },
    {
        "spec": {
            "Brutto Rechnungsbetrag": "78,22\u00a0\u20ac",
            "Frachtkosten": "6,50\u00a0\u20ac",
            "Nettobetrag": "59,23\u00a0\u20ac",
            "zuz\u00fcglich 19% MWSt.": "12,49\u00a0\u20ac"
        },
        "url": "absatzplus.com//1338966"
    },
    {
        "spec": {
            "Brutto Rechnungsbetrag": "981,75\u00a0\u20ac",
            "Frachtkosten": "65,00\u00a0\u20ac",
            "Nettobetrag": "760,00\u00a0\u20ac",
            "zuz\u00fcglich 19% MWSt.": "156,75\u00a0\u20ac"
        },
        "url": "absatzplus.com//9848021"
    },
    {
        "spec": {
            "Brutto Rechnungsbetrag": "699,13\u00a0\u20ac",
            "Frachtkosten": "6,50\u00a0\u20ac",
            "Nettobetrag": "581,00\u00a0\u20ac",
            "zuz\u00fcglich 19% MWSt.": "111,63\u00a0\u20ac"
        },
        "url": "absatzplus.com//2767511"
    },
    {
        "spec": {
            "Brutto Rechnungsbetrag": "17,02\u00a0\u20ac",
            "Frachtkosten": "6,50\u00a0\u20ac",
            "Nettobetrag": "7,80\u00a0\u20ac",
            "zuz\u00fcglich 19% MWSt.": "2,72\u00a0\u20ac"
        },
        "url": "absatzplus.com//5643330"
    },
    {
        "spec": {
            "Brutto Rechnungsbetrag": "814,56\u00a0\u20ac",
            "Frachtkosten": "6,50\u00a0\u20ac",
            "Nettobetrag": "678,00\u00a0\u20ac",
            "zuz\u00fcglich 19% MWSt.": "130,06\u00a0\u20ac"
        },
        "url": "absatzplus.com//10872505"
    },
    {
        "spec": {
            "Brutto Rechnungsbetrag": "31,42\u00a0\u20ac",
            "Frachtkosten": "6,50\u00a0\u20ac",
            "Nettobetrag": "19,90\u00a0\u20ac",
            "zuz\u00fcglich 19% MWSt.": "5,02\u00a0\u20ac"
        },
        "url": "absatzplus.com//15678098"
    },
    {
        "spec": {
            "Brutto Rechnungsbetrag": "1 005,55\u00a0\u20ac",
            "Frachtkosten": "13,00\u00a0\u20ac",
            "Nettobetrag": "832,00\u00a0\u20ac",
            "zuz\u00fcglich 19% MWSt.": "160,55\u00a0\u20ac"
        },
        "url": "absatzplus.com//14606496"
    },
    {
        "spec": {
            "Brutto Rechnungsbetrag": "878,82\u00a0\u20ac",
            "Frachtkosten": "6,50\u00a0\u20ac",
            "Nettobetrag": "732,00\u00a0\u20ac",
            "zuz\u00fcglich 19% MWSt.": "140,32\u00a0\u20ac"
        },
        "url": "absatzplus.com//10377034"
    },
    {
        "spec": {
            "Brutto Rechnungsbetrag": "293,34\u00a0\u20ac",
            "Frachtkosten": "6,50\u00a0\u20ac",
            "Nettobetrag": "240,00\u00a0\u20ac",
            "zuz\u00fcglich 19% MWSt.": "46,84\u00a0\u20ac"
        },
        "url": "absatzplus.com//16595940"
    },
    {
        "spec": {
            "Brutto Rechnungsbetrag": "14,76\u00a0\u20ac",
            "Frachtkosten": "6,50\u00a0\u20ac",
            "Nettobetrag": "5,90\u00a0\u20ac",
            "zuz\u00fcglich 19% MWSt.": "2,36\u00a0\u20ac"
        },
        "url": "absatzplus.com//10954001"
    },
    {
        "spec": {
            "Brutto Rechnungsbetrag": "14,16\u00a0\u20ac",
            "Frachtkosten": "6,50\u00a0\u20ac",
            "Nettobetrag": "5,40\u00a0\u20ac",
            "zuz\u00fcglich 19% MWSt.": "2,26\u00a0\u20ac"
        },
        "url": "absatzplus.com//8607393"
    },
    {
        "spec": {
            "Brutto Rechnungsbetrag": "732,45\u00a0\u20ac",
            "Frachtkosten": "6,50\u00a0\u20ac",
            "Nettobetrag": "609,00\u00a0\u20ac",
            "zuz\u00fcglich 19% MWSt.": "116,95\u00a0\u20ac"
        },
        "url": "absatzplus.com//9229671"
    },
    {
        "spec": {
            "Brutto Rechnungsbetrag": "9,35\u00a0\u20ac",
            "Frachtkosten": "6,50\u00a0\u20ac",
            "Nettobetrag": "1,36\u00a0\u20ac",
            "zuz\u00fcglich 19% MWSt.": "1,49\u00a0\u20ac"
        },
        "url": "absatzplus.com//10015842"
    }
]