{
    "1034008": [
        "absatzplus.com//12960079"
    ],
    "11317094": [
        "absatzplus.com//10015842"
    ],
    "11816039": [
        "absatzplus.com//8437461"
    ],
    "11816040": [
        "absatzplus.com//2451410"
    ],
    "1259644": [
        "absatzplus.com//13143567"
    ],
    "13606007": [
        "absatzplus.com//2767511"
    ],
    "1380130": [
        "absatzplus.com//7105296"
    ],
    "13996559": [
        "absatzplus.com//9338612"
    ],
    "13996562": [
        "absatzplus.com//12120804"
    ],
    "13996626": [
        "absatzplus.com//4502054"
    ],
    "13996627": [
        "absatzplus.com//9229671"
    ],
    "13996629": [
        "absatzplus.com//1268200"
    ],
    "13996631": [
        "absatzplus.com//15177261"
    ],
    "14397114": [
        "absatzplus.com//14975775"
    ],
    "14397117": [
        "absatzplus.com//10377034"
    ],
    "14397360": [
        "absatzplus.com//11137229"
    ],
    "14397477": [
        "absatzplus.com//10872505"
    ],
    "14397492": [
        "absatzplus.com//9386193"
    ],
    "14397495": [
        "absatzplus.com//8146795"
    ],
    "14655785": [
        "absatzplus.com//16991467"
    ],
    "14775578": [
        "absatzplus.com//11730486",
        "absatzplus.com//5946362"
    ],
    "14949572": [
        "absatzplus.com//8085599"
    ],
    "16090889": [
        "absatzplus.com//16453312"
    ],
    "16241981": [
        "absatzplus.com//637404"
    ],
    "16245282": [
        "absatzplus.com//16560263"
    ],
    "16245317": [
        "absatzplus.com//15678098"
    ],
    "1821492": [
        "absatzplus.com//5188792"
    ],
    "2035455": [
        "absatzplus.com//5725694"
    ],
    "2464934": [
        "absatzplus.com//10880840"
    ],
    "2465466": [
        "absatzplus.com//8607393"
    ],
    "2465701": [
        "absatzplus.com//15787593"
    ],
    "2840440": [
        "absatzplus.com//16888245"
    ],
    "2840462": [
        "absatzplus.com//5643330"
    ],
    "2840470": [
        "absatzplus.com//10954001"
    ],
    "2840766": [
        "absatzplus.com//12214761"
    ],
    "3237318": [
        "absatzplus.com//10688066"
    ],
    "3237374": [
        "absatzplus.com//16629697"
    ],
    "3237889": [
        "absatzplus.com//10866632"
    ],
    "3262837": [
        "absatzplus.com//16595940"
    ],
    "4279745": [
        "absatzplus.com//5324836"
    ],
    "4286366": [
        "absatzplus.com//14606496"
    ],
    "6631678": [
        "absatzplus.com//9630001"
    ],
    "6956344": [
        "absatzplus.com//5402604"
    ],
    "7770035": [
        "absatzplus.com//1338966"
    ],
    "7796151": [
        "absatzplus.com//6348955"
    ],
    "97442": [
        "absatzplus.com//9848021"
    ]
}