[
    {
        "spec": {
            "Brutto Rechnungsbetrag": "293,34\u00a0\u20ac",
            "Frachtkosten": "6,50\u00a0\u20ac",
            "Nettobetrag": "240,00\u00a0\u20ac",
            "zuz\u00fcglich 19% MWSt.": "46,84\u00a0\u20ac"
        },
        "url": "absatzplus.com//16906350"
    },
    {
        "spec": {
            "Brutto Rechnungsbetrag": "38,52\u00a0\u20ac",
            "Frachtkosten": "6,50\u00a0\u20ac",
            "Nettobetrag": "25,87\u00a0\u20ac",
            "zuz\u00fcglich 19% MWSt.": "6,15\u00a0\u20ac"
        },
        "url": "absatzplus.com//316493"
    },
    {
        "spec": {
            "Brutto Rechnungsbetrag": "9,50\u00a0\u20ac",
            "Frachtkosten": "6,50\u00a0\u20ac",
            "Nettobetrag": "1,48\u00a0\u20ac",
            "zuz\u00fcglich 19% MWSt.": "1,52\u00a0\u20ac"
        },
        "url": "absatzplus.com//4848049"
    },
    {
        "spec": {
            "Brutto Rechnungsbetrag": "287,98\u00a0\u20ac",
            "Frachtkosten": "19,50\u00a0\u20ac",
            "Nettobetrag": "222,50\u00a0\u20ac",
            "zuz\u00fcglich 19% MWSt.": "45,98\u00a0\u20ac"
        },
        "url": "absatzplus.com//1717720"
    },
    {
        "spec": {
            "Brutto Rechnungsbetrag": "87,31\u00a0\u20ac",
            "Frachtkosten": "6,50\u00a0\u20ac",
            "Nettobetrag": "66,87\u00a0\u20ac",
            "zuz\u00fcglich 19% MWSt.": "13,94\u00a0\u20ac"
        },
        "url": "absatzplus.com//7585665"
    },
    {
        "spec": {
            "Brutto Rechnungsbetrag": "9,54\u00a0\u20ac",
            "Frachtkosten": "6,50\u00a0\u20ac",
            "Nettobetrag": "1,52\u00a0\u20ac",
            "zuz\u00fcglich 19% MWSt.": "1,52\u00a0\u20ac"
        },
        "url": "absatzplus.com//4728237"
    },
    {
        "spec": {
            "Brutto Rechnungsbetrag": "900,24\u00a0\u20ac",
            "Frachtkosten": "6,50\u00a0\u20ac",
            "Nettobetrag": "750,00\u00a0\u20ac",
            "zuz\u00fcglich 19% MWSt.": "143,74\u00a0\u20ac"
        },
        "url": "absatzplus.com//3844339"
    },
    {
        "spec": {
            "Brutto Rechnungsbetrag": "858,23\u00a0\u20ac",
            "Frachtkosten": "26,00\u00a0\u20ac",
            "Nettobetrag": "695,20\u00a0\u20ac",
            "zuz\u00fcglich 19% MWSt.": "137,03\u00a0\u20ac"
        },
        "url": "absatzplus.com//10214696"
    },
    {
        "spec": {
            "Brutto Rechnungsbetrag": "336,77\u00a0\u20ac",
            "Frachtkosten": "32,50\u00a0\u20ac",
            "Nettobetrag": "250,50\u00a0\u20ac",
            "zuz\u00fcglich 19% MWSt.": "53,77\u00a0\u20ac"
        },
        "url": "absatzplus.com//2360722"
    },
    {
        "spec": {
            "Brutto Rechnungsbetrag": "8,38\u00a0\u20ac",
            "Frachtkosten": "6,50\u00a0\u20ac",
            "Nettobetrag": "0,54\u00a0\u20ac",
            "zuz\u00fcglich 19% MWSt.": "1,34\u00a0\u20ac"
        },
        "url": "absatzplus.com//9347962"
    },
    {
        "spec": {
            "Brutto Rechnungsbetrag": "682,47\u00a0\u20ac",
            "Frachtkosten": "6,50\u00a0\u20ac",
            "Nettobetrag": "567,00\u00a0\u20ac",
            "zuz\u00fcglich 19% MWSt.": "108,97\u00a0\u20ac"
        },
        "url": "absatzplus.com//2588186"
    },
    {
        "spec": {
            "Brutto Rechnungsbetrag": "9,88\u00a0\u20ac",
            "Frachtkosten": "6,50\u00a0\u20ac",
            "Nettobetrag": "1,80\u00a0\u20ac",
            "zuz\u00fcglich 19% MWSt.": "1,58\u00a0\u20ac"
        },
        "url": "absatzplus.com//6108570"
    },
    {
        "spec": {
            "Brutto Rechnungsbetrag": "376,64\u00a0\u20ac",
            "Frachtkosten": "6,50\u00a0\u20ac",
            "Nettobetrag": "310,00\u00a0\u20ac",
            "zuz\u00fcglich 19% MWSt.": "60,14\u00a0\u20ac"
        },
        "url": "absatzplus.com//13092159"
    },
    {
        "spec": {
            "Brutto Rechnungsbetrag": "40,94\u00a0\u20ac",
            "Frachtkosten": "6,50\u00a0\u20ac",
            "Nettobetrag": "27,90\u00a0\u20ac",
            "zuz\u00fcglich 19% MWSt.": "6,54\u00a0\u20ac"
        },
        "url": "absatzplus.com//5291767"
    },
    {
        "spec": {
            "Brutto Rechnungsbetrag": "17,08\u00a0\u20ac",
            "Frachtkosten": "6,50\u00a0\u20ac",
            "Nettobetrag": "7,85\u00a0\u20ac",
            "zuz\u00fcglich 19% MWSt.": "2,73\u00a0\u20ac"
        },
        "url": "absatzplus.com//8800083"
    },
    {
        "spec": {
            "Brutto Rechnungsbetrag": "53,85\u00a0\u20ac",
            "Frachtkosten": "6,50\u00a0\u20ac",
            "Nettobetrag": "38,75\u00a0\u20ac",
            "zuz\u00fcglich 19% MWSt.": "8,60\u00a0\u20ac"
        },
        "url": "absatzplus.com//550055"
    },
    {
        "spec": {
            "Brutto Rechnungsbetrag": "3 677,10\u00a0\u20ac",
            "Frachtkosten": "100,00\u00a0\u20ac",
            "Nettobetrag": "2 990,00\u00a0\u20ac",
            "zuz\u00fcglich 19% MWSt.": "587,10\u00a0\u20ac"
        },
        "url": "absatzplus.com//14682119"
    },
    {
        "spec": {
            "Brutto Rechnungsbetrag": "10,17\u00a0\u20ac",
            "Frachtkosten": "6,50\u00a0\u20ac",
            "Nettobetrag": "2,05\u00a0\u20ac",
            "zuz\u00fcglich 19% MWSt.": "1,62\u00a0\u20ac"
        },
        "url": "absatzplus.com//5074302"
    },
    {
        "spec": {
            "Brutto Rechnungsbetrag": "15,34\u00a0\u20ac",
            "Frachtkosten": "6,50\u00a0\u20ac",
            "Nettobetrag": "6,39\u00a0\u20ac",
            "zuz\u00fcglich 19% MWSt.": "2,45\u00a0\u20ac"
        },
        "url": "absatzplus.com//12356381"
    },
    {
        "spec": {
            "Brutto Rechnungsbetrag": "8,41\u00a0\u20ac",
            "Frachtkosten": "6,50\u00a0\u20ac",
            "Nettobetrag": "0,57\u00a0\u20ac",
            "zuz\u00fcglich 19% MWSt.": "1,34\u00a0\u20ac"
        },
        "url": "absatzplus.com//13988184"
    },
    {
        "spec": {
            "Brutto Rechnungsbetrag": "323,68\u00a0\u20ac",
            "Frachtkosten": "13,00\u00a0\u20ac",
            "Nettobetrag": "259,00\u00a0\u20ac",
            "zuz\u00fcglich 19% MWSt.": "51,68\u00a0\u20ac"
        },
        "url": "absatzplus.com//6490223"
    },
    {
        "spec": {
            "Brutto Rechnungsbetrag": "8,52\u00a0\u20ac",
            "Frachtkosten": "6,50\u00a0\u20ac",
            "Nettobetrag": "0,66\u00a0\u20ac",
            "zuz\u00fcglich 19% MWSt.": "1,36\u00a0\u20ac"
        },
        "url": "absatzplus.com//8177659"
    },
    {
        "spec": {
            "Brutto Rechnungsbetrag": "11,63\u00a0\u20ac",
            "Frachtkosten": "6,50\u00a0\u20ac",
            "Nettobetrag": "3,27\u00a0\u20ac",
            "zuz\u00fcglich 19% MWSt.": "1,86\u00a0\u20ac"
        },
        "url": "absatzplus.com//3416051"
    },
    {
        "spec": {
            "Brutto Rechnungsbetrag": "78,90\u00a0\u20ac",
            "Frachtkosten": "6,50\u00a0\u20ac",
            "Nettobetrag": "59,80\u00a0\u20ac",
            "zuz\u00fcglich 19% MWSt.": "12,60\u00a0\u20ac"
        },
        "url": "absatzplus.com//10704395"
    },
    {
        "spec": {
            "Brutto Rechnungsbetrag": "174,22\u00a0\u20ac",
            "Frachtkosten": "6,50\u00a0\u20ac",
            "Nettobetrag": "139,90\u00a0\u20ac",
            "zuz\u00fcglich 19% MWSt.": "27,82\u00a0\u20ac"
        },
        "url": "absatzplus.com//1358431"
    },
    {
        "spec": {
            "Brutto Rechnungsbetrag": "11,50\u00a0\u20ac",
            "Frachtkosten": "6,50\u00a0\u20ac",
            "Nettobetrag": "3,16\u00a0\u20ac",
            "zuz\u00fcglich 19% MWSt.": "1,84\u00a0\u20ac"
        },
        "url": "absatzplus.com//7590277"
    },
    {
        "spec": {
            "Brutto Rechnungsbetrag": "31,48\u00a0\u20ac",
            "Frachtkosten": "6,50\u00a0\u20ac",
            "Nettobetrag": "19,95\u00a0\u20ac",
            "zuz\u00fcglich 19% MWSt.": "5,03\u00a0\u20ac"
        },
        "url": "absatzplus.com//5185049"
    },
    {
        "spec": {
            "Brutto Rechnungsbetrag": "9,88\u00a0\u20ac",
            "Frachtkosten": "6,50\u00a0\u20ac",
            "Nettobetrag": "1,80\u00a0\u20ac",
            "zuz\u00fcglich 19% MWSt.": "1,58\u00a0\u20ac"
        },
        "url": "absatzplus.com//11040914"
    },
    {
        "spec": {
            "Brutto Rechnungsbetrag": "13,51\u00a0\u20ac",
            "Frachtkosten": "6,50\u00a0\u20ac",
            "Nettobetrag": "4,85\u00a0\u20ac",
            "zuz\u00fcglich 19% MWSt.": "2,16\u00a0\u20ac"
        },
        "url": "absatzplus.com//12377906"
    },
    {
        "spec": {
            "Brutto Rechnungsbetrag": "323,68\u00a0\u20ac",
            "Frachtkosten": "13,00\u00a0\u20ac",
            "Nettobetrag": "259,00\u00a0\u20ac",
            "zuz\u00fcglich 19% MWSt.": "51,68\u00a0\u20ac"
        },
        "url": "absatzplus.com//6291112"
    },
    {
        "spec": {
            "Brutto Rechnungsbetrag": "8,27\u00a0\u20ac",
            "Frachtkosten": "6,50\u00a0\u20ac",
            "Nettobetrag": "0,45\u00a0\u20ac",
            "zuz\u00fcglich 19% MWSt.": "1,32\u00a0\u20ac"
        },
        "url": "absatzplus.com//10164176"
    },
    {
        "spec": {
            "Brutto Rechnungsbetrag": "323,68\u00a0\u20ac",
            "Frachtkosten": "13,00\u00a0\u20ac",
            "Nettobetrag": "259,00\u00a0\u20ac",
            "zuz\u00fcglich 19% MWSt.": "51,68\u00a0\u20ac"
        },
        "url": "absatzplus.com//12164641"
    },
    {
        "spec": {
            "Brutto Rechnungsbetrag": "10,67\u00a0\u20ac",
            "Frachtkosten": "6,50\u00a0\u20ac",
            "Nettobetrag": "2,47\u00a0\u20ac",
            "zuz\u00fcglich 19% MWSt.": "1,70\u00a0\u20ac"
        },
        "url": "absatzplus.com//14063921"
    },
    {
        "spec": {
            "Brutto Rechnungsbetrag": "8,37\u00a0\u20ac",
            "Frachtkosten": "6,50\u00a0\u20ac",
            "Nettobetrag": "0,53\u00a0\u20ac",
            "zuz\u00fcglich 19% MWSt.": "1,34\u00a0\u20ac"
        },
        "url": "absatzplus.com//8724609"
    },
    {
        "spec": {
            "Brutto Rechnungsbetrag": "10,61\u00a0\u20ac",
            "Frachtkosten": "6,50\u00a0\u20ac",
            "Nettobetrag": "2,42\u00a0\u20ac",
            "zuz\u00fcglich 19% MWSt.": "1,69\u00a0\u20ac"
        },
        "url": "absatzplus.com//401374"
    },
    {
        "spec": {
            "Brutto Rechnungsbetrag": "38,52\u00a0\u20ac",
            "Frachtkosten": "6,50\u00a0\u20ac",
            "Nettobetrag": "25,87\u00a0\u20ac",
            "zuz\u00fcglich 19% MWSt.": "6,15\u00a0\u20ac"
        },
        "url": "absatzplus.com//17265215"
    },
    {
        "spec": {
            "Brutto Rechnungsbetrag": "27,93\u00a0\u20ac",
            "Frachtkosten": "6,50\u00a0\u20ac",
            "Nettobetrag": "16,97\u00a0\u20ac",
            "zuz\u00fcglich 19% MWSt.": "4,46\u00a0\u20ac"
        },
        "url": "absatzplus.com//12525408"
    },
    {
        "spec": {
            "Brutto Rechnungsbetrag": "602,74\u00a0\u20ac",
            "Frachtkosten": "6,50\u00a0\u20ac",
            "Nettobetrag": "500,00\u00a0\u20ac",
            "zuz\u00fcglich 19% MWSt.": "96,24\u00a0\u20ac"
        },
        "url": "absatzplus.com//4731520"
    },
    {
        "spec": {
            "Brutto Rechnungsbetrag": "982,94\u00a0\u20ac",
            "Frachtkosten": "26,00\u00a0\u20ac",
            "Nettobetrag": "800,00\u00a0\u20ac",
            "zuz\u00fcglich 19% MWSt.": "156,94\u00a0\u20ac"
        },
        "url": "absatzplus.com//5365610"
    },
    {
        "spec": {
            "Brutto Rechnungsbetrag": "10,91\u00a0\u20ac",
            "Frachtkosten": "6,50\u00a0\u20ac",
            "Nettobetrag": "2,67\u00a0\u20ac",
            "zuz\u00fcglich 19% MWSt.": "1,74\u00a0\u20ac"
        },
        "url": "absatzplus.com//5095485"
    },
    {
        "spec": {
            "Brutto Rechnungsbetrag": "11,50\u00a0\u20ac",
            "Frachtkosten": "6,50\u00a0\u20ac",
            "Nettobetrag": "3,16\u00a0\u20ac",
            "zuz\u00fcglich 19% MWSt.": "1,84\u00a0\u20ac"
        },
        "url": "absatzplus.com//17486936"
    },
    {
        "spec": {
            "Brutto Rechnungsbetrag": "10,91\u00a0\u20ac",
            "Frachtkosten": "6,50\u00a0\u20ac",
            "Nettobetrag": "2,67\u00a0\u20ac",
            "zuz\u00fcglich 19% MWSt.": "1,74\u00a0\u20ac"
        },
        "url": "absatzplus.com//3266279"
    },
    {
        "spec": {
            "Brutto Rechnungsbetrag": "125,55\u00a0\u20ac",
            "Frachtkosten": "6,50\u00a0\u20ac",
            "Nettobetrag": "99,00\u00a0\u20ac",
            "zuz\u00fcglich 19% MWSt.": "20,05\u00a0\u20ac"
        },
        "url": "absatzplus.com//11410029"
    },
    {
        "spec": {
            "Brutto Rechnungsbetrag": "8,78\u00a0\u20ac",
            "Frachtkosten": "6,50\u00a0\u20ac",
            "Nettobetrag": "0,88\u00a0\u20ac",
            "zuz\u00fcglich 19% MWSt.": "1,40\u00a0\u20ac"
        },
        "url": "absatzplus.com//6708029"
    },
    {
        "spec": {
            "Brutto Rechnungsbetrag": "9,76\u00a0\u20ac",
            "Frachtkosten": "6,50\u00a0\u20ac",
            "Nettobetrag": "1,70\u00a0\u20ac",
            "zuz\u00fcglich 19% MWSt.": "1,56\u00a0\u20ac"
        },
        "url": "absatzplus.com//10854175"
    },
    {
        "spec": {
            "Brutto Rechnungsbetrag": "8,37\u00a0\u20ac",
            "Frachtkosten": "6,50\u00a0\u20ac",
            "Nettobetrag": "0,53\u00a0\u20ac",
            "zuz\u00fcglich 19% MWSt.": "1,34\u00a0\u20ac"
        },
        "url": "absatzplus.com//13350129"
    },
    {
        "spec": {
            "Brutto Rechnungsbetrag": "14,97\u00a0\u20ac",
            "Frachtkosten": "6,50\u00a0\u20ac",
            "Nettobetrag": "6,08\u00a0\u20ac",
            "zuz\u00fcglich 19% MWSt.": "2,39\u00a0\u20ac"
        },
        "url": "absatzplus.com//7125129"
    },
    {
        "spec": {
            "Brutto Rechnungsbetrag": "870,49\u00a0\u20ac",
            "Frachtkosten": "6,50\u00a0\u20ac",
            "Nettobetrag": "725,00\u00a0\u20ac",
            "zuz\u00fcglich 19% MWSt.": "138,99\u00a0\u20ac"
        },
        "url": "absatzplus.com//11419032"
    },
    {
        "spec": {
            "Brutto Rechnungsbetrag": "201,41\u00a0\u20ac",
            "Frachtkosten": "19,50\u00a0\u20ac",
            "Nettobetrag": "149,75\u00a0\u20ac",
            "zuz\u00fcglich 19% MWSt.": "32,16\u00a0\u20ac"
        },
        "url": "absatzplus.com//7902913"
    },
    {
        "spec": {
            "Brutto Rechnungsbetrag": "29,04\u00a0\u20ac",
            "Frachtkosten": "6,50\u00a0\u20ac",
            "Nettobetrag": "17,90\u00a0\u20ac",
            "zuz\u00fcglich 19% MWSt.": "4,64\u00a0\u20ac"
        },
        "url": "absatzplus.com//2911458"
    },
    {
        "spec": {
            "Brutto Rechnungsbetrag": "11,72\u00a0\u20ac",
            "Frachtkosten": "6,50\u00a0\u20ac",
            "Nettobetrag": "3,35\u00a0\u20ac",
            "zuz\u00fcglich 19% MWSt.": "1,87\u00a0\u20ac"
        },
        "url": "absatzplus.com//8192098"
    },
    {
        "spec": {
            "Brutto Rechnungsbetrag": "8,78\u00a0\u20ac",
            "Frachtkosten": "6,50\u00a0\u20ac",
            "Nettobetrag": "0,88\u00a0\u20ac",
            "zuz\u00fcglich 19% MWSt.": "1,40\u00a0\u20ac"
        },
        "url": "absatzplus.com//10764048"
    },
    {
        "spec": {
            "Brutto Rechnungsbetrag": "8,34\u00a0\u20ac",
            "Frachtkosten": "6,50\u00a0\u20ac",
            "Nettobetrag": "0,51\u00a0\u20ac",
            "zuz\u00fcglich 19% MWSt.": "1,33\u00a0\u20ac"
        },
        "url": "absatzplus.com//282122"
    },
    {
        "spec": {
            "Brutto Rechnungsbetrag": "376,64\u00a0\u20ac",
            "Frachtkosten": "6,50\u00a0\u20ac",
            "Nettobetrag": "310,00\u00a0\u20ac",
            "zuz\u00fcglich 19% MWSt.": "60,14\u00a0\u20ac"
        },
        "url": "absatzplus.com//17133614"
    },
    {
        "spec": {
            "Brutto Rechnungsbetrag": "9,64\u00a0\u20ac",
            "Frachtkosten": "6,50\u00a0\u20ac",
            "Nettobetrag": "1,60\u00a0\u20ac",
            "zuz\u00fcglich 19% MWSt.": "1,54\u00a0\u20ac"
        },
        "url": "absatzplus.com//6595567"
    },
    {
        "spec": {
            "Brutto Rechnungsbetrag": "276,08\u00a0\u20ac",
            "Frachtkosten": "13,00\u00a0\u20ac",
            "Nettobetrag": "219,00\u00a0\u20ac",
            "zuz\u00fcglich 19% MWSt.": "44,08\u00a0\u20ac"
        },
        "url": "absatzplus.com//10285850"
    },
    {
        "spec": {
            "Brutto Rechnungsbetrag": "94,53\u00a0\u20ac",
            "Frachtkosten": "6,50\u00a0\u20ac",
            "Nettobetrag": "72,94\u00a0\u20ac",
            "zuz\u00fcglich 19% MWSt.": "15,09\u00a0\u20ac"
        },
        "url": "absatzplus.com//5188387"
    },
    {
        "spec": {
            "Brutto Rechnungsbetrag": "276,08\u00a0\u20ac",
            "Frachtkosten": "13,00\u00a0\u20ac",
            "Nettobetrag": "219,00\u00a0\u20ac",
            "zuz\u00fcglich 19% MWSt.": "44,08\u00a0\u20ac"
        },
        "url": "absatzplus.com//10730238"
    },
    {
        "spec": {
            "Brutto Rechnungsbetrag": "29,04\u00a0\u20ac",
            "Frachtkosten": "6,50\u00a0\u20ac",
            "Nettobetrag": "17,90\u00a0\u20ac",
            "zuz\u00fcglich 19% MWSt.": "4,64\u00a0\u20ac"
        },
        "url": "absatzplus.com//7487580"
    },
    {
        "spec": {
            "Brutto Rechnungsbetrag": "323,68\u00a0\u20ac",
            "Frachtkosten": "13,00\u00a0\u20ac",
            "Nettobetrag": "259,00\u00a0\u20ac",
            "zuz\u00fcglich 19% MWSt.": "51,68\u00a0\u20ac"
        },
        "url": "absatzplus.com//5062641"
    },
    {
        "spec": {
            "Brutto Rechnungsbetrag": "50,04\u00a0\u20ac",
            "Frachtkosten": "6,50\u00a0\u20ac",
            "Nettobetrag": "35,55\u00a0\u20ac",
            "zuz\u00fcglich 19% MWSt.": "7,99\u00a0\u20ac"
        },
        "url": "absatzplus.com//12329757"
    },
    {
        "spec": {
            "Brutto Rechnungsbetrag": "29,04\u00a0\u20ac",
            "Frachtkosten": "6,50\u00a0\u20ac",
            "Nettobetrag": "17,90\u00a0\u20ac",
            "zuz\u00fcglich 19% MWSt.": "4,64\u00a0\u20ac"
        },
        "url": "absatzplus.com//12613429"
    },
    {
        "spec": {
            "Brutto Rechnungsbetrag": "10,33\u00a0\u20ac",
            "Frachtkosten": "6,50\u00a0\u20ac",
            "Nettobetrag": "2,18\u00a0\u20ac",
            "zuz\u00fcglich 19% MWSt.": "1,65\u00a0\u20ac"
        },
        "url": "absatzplus.com//5467034"
    },
    {
        "spec": {
            "Brutto Rechnungsbetrag": "20,37\u00a0\u20ac",
            "Frachtkosten": "6,50\u00a0\u20ac",
            "Nettobetrag": "10,62\u00a0\u20ac",
            "zuz\u00fcglich 19% MWSt.": "3,25\u00a0\u20ac"
        },
        "url": "absatzplus.com//2579269"
    },
    {
        "spec": {
            "Brutto Rechnungsbetrag": "1 282,70\u00a0\u20ac",
            "Frachtkosten": "19,50\u00a0\u20ac",
            "Nettobetrag": "1 058,40\u00a0\u20ac",
            "zuz\u00fcglich 19% MWSt.": "204,80\u00a0\u20ac"
        },
        "url": "absatzplus.com//7228845"
    },
    {
        "spec": {
            "Brutto Rechnungsbetrag": "8,44\u00a0\u20ac",
            "Frachtkosten": "6,50\u00a0\u20ac",
            "Nettobetrag": "0,59\u00a0\u20ac",
            "zuz\u00fcglich 19% MWSt.": "1,35\u00a0\u20ac"
        },
        "url": "absatzplus.com//13795760"
    },
    {
        "spec": {
            "Brutto Rechnungsbetrag": "8,37\u00a0\u20ac",
            "Frachtkosten": "6,50\u00a0\u20ac",
            "Nettobetrag": "0,53\u00a0\u20ac",
            "zuz\u00fcglich 19% MWSt.": "1,34\u00a0\u20ac"
        },
        "url": "absatzplus.com//6375505"
    },
    {
        "spec": {
            "Brutto Rechnungsbetrag": "14,91\u00a0\u20ac",
            "Frachtkosten": "6,50\u00a0\u20ac",
            "Nettobetrag": "6,03\u00a0\u20ac",
            "zuz\u00fcglich 19% MWSt.": "2,38\u00a0\u20ac"
        },
        "url": "absatzplus.com//4500390"
    },
    {
        "spec": {
            "Brutto Rechnungsbetrag": "287,98\u00a0\u20ac",
            "Frachtkosten": "19,50\u00a0\u20ac",
            "Nettobetrag": "222,50\u00a0\u20ac",
            "zuz\u00fcglich 19% MWSt.": "45,98\u00a0\u20ac"
        },
        "url": "absatzplus.com//13954375"
    },
    {
        "spec": {
            "Brutto Rechnungsbetrag": "299,29\u00a0\u20ac",
            "Frachtkosten": "6,50\u00a0\u20ac",
            "Nettobetrag": "245,00\u00a0\u20ac",
            "zuz\u00fcglich 19% MWSt.": "47,79\u00a0\u20ac"
        },
        "url": "absatzplus.com//11981254"
    },
    {
        "spec": {
            "Brutto Rechnungsbetrag": "13,51\u00a0\u20ac",
            "Frachtkosten": "6,50\u00a0\u20ac",
            "Nettobetrag": "4,85\u00a0\u20ac",
            "zuz\u00fcglich 19% MWSt.": "2,16\u00a0\u20ac"
        },
        "url": "absatzplus.com//15377520"
    },
    {
        "spec": {
            "Brutto Rechnungsbetrag": "53,85\u00a0\u20ac",
            "Frachtkosten": "6,50\u00a0\u20ac",
            "Nettobetrag": "38,75\u00a0\u20ac",
            "zuz\u00fcglich 19% MWSt.": "8,60\u00a0\u20ac"
        },
        "url": "absatzplus.com//8385380"
    },
    {
        "spec": {
            "Brutto Rechnungsbetrag": "498,61\u00a0\u20ac",
            "Frachtkosten": "6,50\u00a0\u20ac",
            "Nettobetrag": "412,50\u00a0\u20ac",
            "zuz\u00fcglich 19% MWSt.": "79,61\u00a0\u20ac"
        },
        "url": "absatzplus.com//17124940"
    },
    {
        "spec": {
            "Brutto Rechnungsbetrag": "336,77\u00a0\u20ac",
            "Frachtkosten": "32,50\u00a0\u20ac",
            "Nettobetrag": "250,50\u00a0\u20ac",
            "zuz\u00fcglich 19% MWSt.": "53,77\u00a0\u20ac"
        },
        "url": "absatzplus.com//11336104"
    },
    {
        "spec": {
            "Brutto Rechnungsbetrag": "9,64\u00a0\u20ac",
            "Frachtkosten": "6,50\u00a0\u20ac",
            "Nettobetrag": "1,60\u00a0\u20ac",
            "zuz\u00fcglich 19% MWSt.": "1,54\u00a0\u20ac"
        },
        "url": "absatzplus.com//13692052"
    },
    {
        "spec": {
            "Brutto Rechnungsbetrag": "349,86\u00a0\u20ac",
            "Frachtkosten": "6,50\u00a0\u20ac",
            "Nettobetrag": "287,50\u00a0\u20ac",
            "zuz\u00fcglich 19% MWSt.": "55,86\u00a0\u20ac"
        },
        "url": "absatzplus.com//750054"
    },
    {
        "spec": {
            "Brutto Rechnungsbetrag": "11,66\u00a0\u20ac",
            "Frachtkosten": "6,50\u00a0\u20ac",
            "Nettobetrag": "3,30\u00a0\u20ac",
            "zuz\u00fcglich 19% MWSt.": "1,86\u00a0\u20ac"
        },
        "url": "absatzplus.com//8004513"
    },
    {
        "spec": {
            "Brutto Rechnungsbetrag": "10,67\u00a0\u20ac",
            "Frachtkosten": "6,50\u00a0\u20ac",
            "Nettobetrag": "2,47\u00a0\u20ac",
            "zuz\u00fcglich 19% MWSt.": "1,70\u00a0\u20ac"
        },
        "url": "absatzplus.com//15598929"
    },
    {
        "spec": {
            "Brutto Rechnungsbetrag": "376,64\u00a0\u20ac",
            "Frachtkosten": "6,50\u00a0\u20ac",
            "Nettobetrag": "310,00\u00a0\u20ac",
            "zuz\u00fcglich 19% MWSt.": "60,14\u00a0\u20ac"
        },
        "url": "absatzplus.com//1402055"
    },
    {
        "spec": {
            "Brutto Rechnungsbetrag": "11,50\u00a0\u20ac",
            "Frachtkosten": "6,50\u00a0\u20ac",
            "Nettobetrag": "3,16\u00a0\u20ac",
            "zuz\u00fcglich 19% MWSt.": "1,84\u00a0\u20ac"
        },
        "url": "absatzplus.com//16754599"
    },
    {
        "spec": {
            "Brutto Rechnungsbetrag": "639,63\u00a0\u20ac",
            "Frachtkosten": "19,50\u00a0\u20ac",
            "Nettobetrag": "518,00\u00a0\u20ac",
            "zuz\u00fcglich 19% MWSt.": "102,13\u00a0\u20ac"
        },
        "url": "absatzplus.com//5991966"
    },
    {
        "spec": {
            "Brutto Rechnungsbetrag": "8,37\u00a0\u20ac",
            "Frachtkosten": "6,50\u00a0\u20ac",
            "Nettobetrag": "0,53\u00a0\u20ac",
            "zuz\u00fcglich 19% MWSt.": "1,34\u00a0\u20ac"
        },
        "url": "absatzplus.com//15249269"
    },
    {
        "spec": {
            "Brutto Rechnungsbetrag": "125,55\u00a0\u20ac",
            "Frachtkosten": "6,50\u00a0\u20ac",
            "Nettobetrag": "99,00\u00a0\u20ac",
            "zuz\u00fcglich 19% MWSt.": "20,05\u00a0\u20ac"
        },
        "url": "absatzplus.com//2284733"
    },
    {
        "spec": {
            "Brutto Rechnungsbetrag": "682,47\u00a0\u20ac",
            "Frachtkosten": "6,50\u00a0\u20ac",
            "Nettobetrag": "567,00\u00a0\u20ac",
            "zuz\u00fcglich 19% MWSt.": "108,97\u00a0\u20ac"
        },
        "url": "absatzplus.com//7954559"
    },
    {
        "spec": {
            "Brutto Rechnungsbetrag": "561,68\u00a0\u20ac",
            "Frachtkosten": "13,00\u00a0\u20ac",
            "Nettobetrag": "459,00\u00a0\u20ac",
            "zuz\u00fcglich 19% MWSt.": "89,68\u00a0\u20ac"
        },
        "url": "absatzplus.com//14001935"
    },
    {
        "spec": {
            "Brutto Rechnungsbetrag": "7,96\u00a0\u20ac",
            "Frachtkosten": "6,50\u00a0\u20ac",
            "Nettobetrag": "0,188\u00a0\u20ac",
            "zuz\u00fcglich 19% MWSt.": "1,27\u00a0\u20ac"
        },
        "url": "absatzplus.com//9074459"
    },
    {
        "spec": {
            "Brutto Rechnungsbetrag": "376,64\u00a0\u20ac",
            "Frachtkosten": "6,50\u00a0\u20ac",
            "Nettobetrag": "310,00\u00a0\u20ac",
            "zuz\u00fcglich 19% MWSt.": "60,14\u00a0\u20ac"
        },
        "url": "absatzplus.com//14338060"
    },
    {
        "spec": {
            "Brutto Rechnungsbetrag": "125,55\u00a0\u20ac",
            "Frachtkosten": "6,50\u00a0\u20ac",
            "Nettobetrag": "99,00\u00a0\u20ac",
            "zuz\u00fcglich 19% MWSt.": "20,05\u00a0\u20ac"
        },
        "url": "absatzplus.com//17142785"
    },
    {
        "spec": {
            "Brutto Rechnungsbetrag": "8,38\u00a0\u20ac",
            "Frachtkosten": "6,50\u00a0\u20ac",
            "Nettobetrag": "0,54\u00a0\u20ac",
            "zuz\u00fcglich 19% MWSt.": "1,34\u00a0\u20ac"
        },
        "url": "absatzplus.com//17314820"
    },
    {
        "spec": {
            "Brutto Rechnungsbetrag": "9,50\u00a0\u20ac",
            "Frachtkosten": "6,50\u00a0\u20ac",
            "Nettobetrag": "1,48\u00a0\u20ac",
            "zuz\u00fcglich 19% MWSt.": "1,52\u00a0\u20ac"
        },
        "url": "absatzplus.com//12342377"
    },
    {
        "spec": {
            "Brutto Rechnungsbetrag": "9,42\u00a0\u20ac",
            "Frachtkosten": "6,50\u00a0\u20ac",
            "Nettobetrag": "1,42\u00a0\u20ac",
            "zuz\u00fcglich 19% MWSt.": "1,50\u00a0\u20ac"
        },
        "url": "absatzplus.com//1228013"
    },
    {
        "spec": {
            "Brutto Rechnungsbetrag": "29,04\u00a0\u20ac",
            "Frachtkosten": "6,50\u00a0\u20ac",
            "Nettobetrag": "17,90\u00a0\u20ac",
            "zuz\u00fcglich 19% MWSt.": "4,64\u00a0\u20ac"
        },
        "url": "absatzplus.com//16528193"
    },
    {
        "spec": {
            "Brutto Rechnungsbetrag": "487,90\u00a0\u20ac",
            "Frachtkosten": "13,00\u00a0\u20ac",
            "Nettobetrag": "397,00\u00a0\u20ac",
            "zuz\u00fcglich 19% MWSt.": "77,90\u00a0\u20ac"
        },
        "url": "absatzplus.com//2073444"
    },
    {
        "spec": {
            "Brutto Rechnungsbetrag": "11,97\u00a0\u20ac",
            "Frachtkosten": "6,50\u00a0\u20ac",
            "Nettobetrag": "3,56\u00a0\u20ac",
            "zuz\u00fcglich 19% MWSt.": "1,91\u00a0\u20ac"
        },
        "url": "absatzplus.com//9210278"
    },
    {
        "spec": {
            "Brutto Rechnungsbetrag": "8,28\u00a0\u20ac",
            "Frachtkosten": "6,50\u00a0\u20ac",
            "Nettobetrag": "0,46\u00a0\u20ac",
            "zuz\u00fcglich 19% MWSt.": "1,32\u00a0\u20ac"
        },
        "url": "absatzplus.com//2534253"
    },
    {
        "spec": {
            "Brutto Rechnungsbetrag": "28,18\u00a0\u20ac",
            "Frachtkosten": "6,50\u00a0\u20ac",
            "Nettobetrag": "17,18\u00a0\u20ac",
            "zuz\u00fcglich 19% MWSt.": "4,50\u00a0\u20ac"
        },
        "url": "absatzplus.com//13455707"
    },
    {
        "spec": {
            "Brutto Rechnungsbetrag": "351,05\u00a0\u20ac",
            "Frachtkosten": "6,50\u00a0\u20ac",
            "Nettobetrag": "288,50\u00a0\u20ac",
            "zuz\u00fcglich 19% MWSt.": "56,05\u00a0\u20ac"
        },
        "url": "absatzplus.com//1304435"
    },
    {
        "spec": {
            "Brutto Rechnungsbetrag": "42,60\u00a0\u20ac",
            "Frachtkosten": "6,50\u00a0\u20ac",
            "Nettobetrag": "29,30\u00a0\u20ac",
            "zuz\u00fcglich 19% MWSt.": "6,80\u00a0\u20ac"
        },
        "url": "absatzplus.com//11789864"
    },
    {
        "spec": {
            "Brutto Rechnungsbetrag": "8,22\u00a0\u20ac",
            "Frachtkosten": "6,50\u00a0\u20ac",
            "Nettobetrag": "0,41\u00a0\u20ac",
            "zuz\u00fcglich 19% MWSt.": "1,31\u00a0\u20ac"
        },
        "url": "absatzplus.com//16447672"
    },
    {
        "spec": {
            "Brutto Rechnungsbetrag": "10,35\u00a0\u20ac",
            "Frachtkosten": "6,50\u00a0\u20ac",
            "Nettobetrag": "2,20\u00a0\u20ac",
            "zuz\u00fcglich 19% MWSt.": "1,65\u00a0\u20ac"
        },
        "url": "absatzplus.com//9018540"
    },
    {
        "spec": {
            "Brutto Rechnungsbetrag": "9,87\u00a0\u20ac",
            "Frachtkosten": "6,50\u00a0\u20ac",
            "Nettobetrag": "1,79\u00a0\u20ac",
            "zuz\u00fcglich 19% MWSt.": "1,58\u00a0\u20ac"
        },
        "url": "absatzplus.com//1226701"
    },
    {
        "spec": {
            "Brutto Rechnungsbetrag": "13,63\u00a0\u20ac",
            "Frachtkosten": "6,50\u00a0\u20ac",
            "Nettobetrag": "4,95\u00a0\u20ac",
            "zuz\u00fcglich 19% MWSt.": "2,18\u00a0\u20ac"
        },
        "url": "absatzplus.com//12843157"
    },
    {
        "spec": {
            "Brutto Rechnungsbetrag": "9,97\u00a0\u20ac",
            "Frachtkosten": "6,50\u00a0\u20ac",
            "Nettobetrag": "1,88\u00a0\u20ac",
            "zuz\u00fcglich 19% MWSt.": "1,59\u00a0\u20ac"
        },
        "url": "absatzplus.com//536008"
    },
    {
        "spec": {
            "Brutto Rechnungsbetrag": "323,68\u00a0\u20ac",
            "Frachtkosten": "13,00\u00a0\u20ac",
            "Nettobetrag": "259,00\u00a0\u20ac",
            "zuz\u00fcglich 19% MWSt.": "51,68\u00a0\u20ac"
        },
        "url": "absatzplus.com//5080740"
    },
    {
        "spec": {
            "Brutto Rechnungsbetrag": "8,43\u00a0\u20ac",
            "Frachtkosten": "6,50\u00a0\u20ac",
            "Nettobetrag": "0,58\u00a0\u20ac",
            "zuz\u00fcglich 19% MWSt.": "1,35\u00a0\u20ac"
        },
        "url": "absatzplus.com//3291786"
    },
    {
        "spec": {
            "Brutto Rechnungsbetrag": "323,68\u00a0\u20ac",
            "Frachtkosten": "13,00\u00a0\u20ac",
            "Nettobetrag": "259,00\u00a0\u20ac",
            "zuz\u00fcglich 19% MWSt.": "51,68\u00a0\u20ac"
        },
        "url": "absatzplus.com//16118955"
    },
    {
        "spec": {
            "Brutto Rechnungsbetrag": "572,99\u00a0\u20ac",
            "Frachtkosten": "6,50\u00a0\u20ac",
            "Nettobetrag": "475,00\u00a0\u20ac",
            "zuz\u00fcglich 19% MWSt.": "91,49\u00a0\u20ac"
        },
        "url": "absatzplus.com//12303107"
    },
    {
        "spec": {
            "Brutto Rechnungsbetrag": "3 677,10\u00a0\u20ac",
            "Frachtkosten": "100,00\u00a0\u20ac",
            "Nettobetrag": "2 990,00\u00a0\u20ac",
            "zuz\u00fcglich 19% MWSt.": "587,10\u00a0\u20ac"
        },
        "url": "absatzplus.com//7483823"
    },
    {
        "spec": {
            "Brutto Rechnungsbetrag": "9,87\u00a0\u20ac",
            "Frachtkosten": "6,50\u00a0\u20ac",
            "Nettobetrag": "1,79\u00a0\u20ac",
            "zuz\u00fcglich 19% MWSt.": "1,58\u00a0\u20ac"
        },
        "url": "absatzplus.com//8419237"
    },
    {
        "spec": {
            "Brutto Rechnungsbetrag": "11,50\u00a0\u20ac",
            "Frachtkosten": "6,50\u00a0\u20ac",
            "Nettobetrag": "3,16\u00a0\u20ac",
            "zuz\u00fcglich 19% MWSt.": "1,84\u00a0\u20ac"
        },
        "url": "absatzplus.com//5236308"
    },
    {
        "spec": {
            "Brutto Rechnungsbetrag": "28,68\u00a0\u20ac",
            "Frachtkosten": "6,50\u00a0\u20ac",
            "Nettobetrag": "17,60\u00a0\u20ac",
            "zuz\u00fcglich 19% MWSt.": "4,58\u00a0\u20ac"
        },
        "url": "absatzplus.com//17027696"
    },
    {
        "spec": {
            "Brutto Rechnungsbetrag": "8,27\u00a0\u20ac",
            "Frachtkosten": "6,50\u00a0\u20ac",
            "Nettobetrag": "0,45\u00a0\u20ac",
            "zuz\u00fcglich 19% MWSt.": "1,32\u00a0\u20ac"
        },
        "url": "absatzplus.com//12423912"
    },
    {
        "spec": {
            "Brutto Rechnungsbetrag": "8,28\u00a0\u20ac",
            "Frachtkosten": "6,50\u00a0\u20ac",
            "Nettobetrag": "0,46\u00a0\u20ac",
            "zuz\u00fcglich 19% MWSt.": "1,32\u00a0\u20ac"
        },
        "url": "absatzplus.com//1578447"
    },
    {
        "spec": {
            "Brutto Rechnungsbetrag": "29,04\u00a0\u20ac",
            "Frachtkosten": "6,50\u00a0\u20ac",
            "Nettobetrag": "17,90\u00a0\u20ac",
            "zuz\u00fcglich 19% MWSt.": "4,64\u00a0\u20ac"
        },
        "url": "absatzplus.com//10294753"
    },
    {
        "spec": {
            "Brutto Rechnungsbetrag": "900,24\u00a0\u20ac",
            "Frachtkosten": "6,50\u00a0\u20ac",
            "Nettobetrag": "750,00\u00a0\u20ac",
            "zuz\u00fcglich 19% MWSt.": "143,74\u00a0\u20ac"
        },
        "url": "absatzplus.com//1142462"
    },
    {
        "spec": {
            "Brutto Rechnungsbetrag": "13,51\u00a0\u20ac",
            "Frachtkosten": "6,50\u00a0\u20ac",
            "Nettobetrag": "4,85\u00a0\u20ac",
            "zuz\u00fcglich 19% MWSt.": "2,16\u00a0\u20ac"
        },
        "url": "absatzplus.com//11802596"
    },
    {
        "spec": {
            "Brutto Rechnungsbetrag": "14,91\u00a0\u20ac",
            "Frachtkosten": "6,50\u00a0\u20ac",
            "Nettobetrag": "6,03\u00a0\u20ac",
            "zuz\u00fcglich 19% MWSt.": "2,38\u00a0\u20ac"
        },
        "url": "absatzplus.com//2288217"
    },
    {
        "spec": {
            "Brutto Rechnungsbetrag": "8,27\u00a0\u20ac",
            "Frachtkosten": "6,50\u00a0\u20ac",
            "Nettobetrag": "0,45\u00a0\u20ac",
            "zuz\u00fcglich 19% MWSt.": "1,32\u00a0\u20ac"
        },
        "url": "absatzplus.com//4968441"
    },
    {
        "spec": {
            "Brutto Rechnungsbetrag": "9,81\u00a0\u20ac",
            "Frachtkosten": "6,50\u00a0\u20ac",
            "Nettobetrag": "1,74\u00a0\u20ac",
            "zuz\u00fcglich 19% MWSt.": "1,57\u00a0\u20ac"
        },
        "url": "absatzplus.com//24437"
    },
    {
        "spec": {
            "Brutto Rechnungsbetrag": "11,72\u00a0\u20ac",
            "Frachtkosten": "6,50\u00a0\u20ac",
            "Nettobetrag": "3,35\u00a0\u20ac",
            "zuz\u00fcglich 19% MWSt.": "1,87\u00a0\u20ac"
        },
        "url": "absatzplus.com//16573699"
    },
    {
        "spec": {
            "Brutto Rechnungsbetrag": "11,50\u00a0\u20ac",
            "Frachtkosten": "6,50\u00a0\u20ac",
            "Nettobetrag": "3,16\u00a0\u20ac",
            "zuz\u00fcglich 19% MWSt.": "1,84\u00a0\u20ac"
        },
        "url": "absatzplus.com//11842375"
    },
    {
        "spec": {
            "Brutto Rechnungsbetrag": "53,85\u00a0\u20ac",
            "Frachtkosten": "6,50\u00a0\u20ac",
            "Nettobetrag": "38,75\u00a0\u20ac",
            "zuz\u00fcglich 19% MWSt.": "8,60\u00a0\u20ac"
        },
        "url": "absatzplus.com//12203502"
    },
    {
        "spec": {
            "Brutto Rechnungsbetrag": "338,46\u00a0\u20ac",
            "Frachtkosten": "6,50\u00a0\u20ac",
            "Nettobetrag": "277,92\u00a0\u20ac",
            "zuz\u00fcglich 19% MWSt.": "54,04\u00a0\u20ac"
        },
        "url": "absatzplus.com//5560037"
    },
    {
        "spec": {
            "Brutto Rechnungsbetrag": "8,37\u00a0\u20ac",
            "Frachtkosten": "6,50\u00a0\u20ac",
            "Nettobetrag": "0,53\u00a0\u20ac",
            "zuz\u00fcglich 19% MWSt.": "1,34\u00a0\u20ac"
        },
        "url": "absatzplus.com//17403337"
    },
    {
        "spec": {
            "Brutto Rechnungsbetrag": "11,72\u00a0\u20ac",
            "Frachtkosten": "6,50\u00a0\u20ac",
            "Nettobetrag": "3,35\u00a0\u20ac",
            "zuz\u00fcglich 19% MWSt.": "1,87\u00a0\u20ac"
        },
        "url": "absatzplus.com//7022798"
    },
    {
        "spec": {
            "Brutto Rechnungsbetrag": "1 363,74\u00a0\u20ac",
            "Frachtkosten": "26,00\u00a0\u20ac",
            "Nettobetrag": "1 120,00\u00a0\u20ac",
            "zuz\u00fcglich 19% MWSt.": "217,74\u00a0\u20ac"
        },
        "url": "absatzplus.com//3700223"
    },
    {
        "spec": {
            "Brutto Rechnungsbetrag": "29,04\u00a0\u20ac",
            "Frachtkosten": "6,50\u00a0\u20ac",
            "Nettobetrag": "17,90\u00a0\u20ac",
            "zuz\u00fcglich 19% MWSt.": "4,64\u00a0\u20ac"
        },
        "url": "absatzplus.com//12076324"
    },
    {
        "spec": {
            "Brutto Rechnungsbetrag": "8,78\u00a0\u20ac",
            "Frachtkosten": "6,50\u00a0\u20ac",
            "Nettobetrag": "0,88\u00a0\u20ac",
            "zuz\u00fcglich 19% MWSt.": "1,40\u00a0\u20ac"
        },
        "url": "absatzplus.com//4924395"
    },
    {
        "spec": {
            "Brutto Rechnungsbetrag": "21,31\u00a0\u20ac",
            "Frachtkosten": "6,50\u00a0\u20ac",
            "Nettobetrag": "11,41\u00a0\u20ac",
            "zuz\u00fcglich 19% MWSt.": "3,40\u00a0\u20ac"
        },
        "url": "absatzplus.com//7135762"
    },
    {
        "spec": {
            "Brutto Rechnungsbetrag": "376,64\u00a0\u20ac",
            "Frachtkosten": "6,50\u00a0\u20ac",
            "Nettobetrag": "310,00\u00a0\u20ac",
            "zuz\u00fcglich 19% MWSt.": "60,14\u00a0\u20ac"
        },
        "url": "absatzplus.com//7079960"
    },
    {
        "spec": {
            "Brutto Rechnungsbetrag": "25,11\u00a0\u20ac",
            "Frachtkosten": "6,50\u00a0\u20ac",
            "Nettobetrag": "14,60\u00a0\u20ac",
            "zuz\u00fcglich 19% MWSt.": "4,01\u00a0\u20ac"
        },
        "url": "absatzplus.com//17452691"
    },
    {
        "spec": {
            "Brutto Rechnungsbetrag": "16,80\u00a0\u20ac",
            "Frachtkosten": "6,50\u00a0\u20ac",
            "Nettobetrag": "7,62\u00a0\u20ac",
            "zuz\u00fcglich 19% MWSt.": "2,68\u00a0\u20ac"
        },
        "url": "absatzplus.com//65191"
    },
    {
        "spec": {
            "Brutto Rechnungsbetrag": "19,91\u00a0\u20ac",
            "Frachtkosten": "6,50\u00a0\u20ac",
            "Nettobetrag": "10,23\u00a0\u20ac",
            "zuz\u00fcglich 19% MWSt.": "3,18\u00a0\u20ac"
        },
        "url": "absatzplus.com//3444663"
    },
    {
        "spec": {
            "Brutto Rechnungsbetrag": "10,33\u00a0\u20ac",
            "Frachtkosten": "6,50\u00a0\u20ac",
            "Nettobetrag": "2,18\u00a0\u20ac",
            "zuz\u00fcglich 19% MWSt.": "1,65\u00a0\u20ac"
        },
        "url": "absatzplus.com//1282951"
    },
    {
        "spec": {
            "Brutto Rechnungsbetrag": "412,04\u00a0\u20ac",
            "Frachtkosten": "6,50\u00a0\u20ac",
            "Nettobetrag": "339,75\u00a0\u20ac",
            "zuz\u00fcglich 19% MWSt.": "65,79\u00a0\u20ac"
        },
        "url": "absatzplus.com//12320852"
    },
    {
        "spec": {
            "Brutto Rechnungsbetrag": "153,51\u00a0\u20ac",
            "Frachtkosten": "6,50\u00a0\u20ac",
            "Nettobetrag": "122,50\u00a0\u20ac",
            "zuz\u00fcglich 19% MWSt.": "24,51\u00a0\u20ac"
        },
        "url": "absatzplus.com//4965185"
    },
    {
        "spec": {
            "Brutto Rechnungsbetrag": "29,04\u00a0\u20ac",
            "Frachtkosten": "6,50\u00a0\u20ac",
            "Nettobetrag": "17,90\u00a0\u20ac",
            "zuz\u00fcglich 19% MWSt.": "4,64\u00a0\u20ac"
        },
        "url": "absatzplus.com//8824710"
    },
    {
        "spec": {
            "Brutto Rechnungsbetrag": "13,51\u00a0\u20ac",
            "Frachtkosten": "6,50\u00a0\u20ac",
            "Nettobetrag": "4,85\u00a0\u20ac",
            "zuz\u00fcglich 19% MWSt.": "2,16\u00a0\u20ac"
        },
        "url": "absatzplus.com//4891250"
    },
    {
        "spec": {
            "Brutto Rechnungsbetrag": "11,39\u00a0\u20ac",
            "Frachtkosten": "6,50\u00a0\u20ac",
            "Nettobetrag": "3,07\u00a0\u20ac",
            "zuz\u00fcglich 19% MWSt.": "1,82\u00a0\u20ac"
        },
        "url": "absatzplus.com//5524888"
    },
    {
        "spec": {
            "Brutto Rechnungsbetrag": "33,32\u00a0\u20ac",
            "Frachtkosten": "6,50\u00a0\u20ac",
            "Nettobetrag": "21,50\u00a0\u20ac",
            "zuz\u00fcglich 19% MWSt.": "5,32\u00a0\u20ac"
        },
        "url": "absatzplus.com//4864250"
    },
    {
        "spec": {
            "Brutto Rechnungsbetrag": "276,08\u00a0\u20ac",
            "Frachtkosten": "13,00\u00a0\u20ac",
            "Nettobetrag": "219,00\u00a0\u20ac",
            "zuz\u00fcglich 19% MWSt.": "44,08\u00a0\u20ac"
        },
        "url": "absatzplus.com//16415878"
    },
    {
        "spec": {
            "Brutto Rechnungsbetrag": "29,04\u00a0\u20ac",
            "Frachtkosten": "6,50\u00a0\u20ac",
            "Nettobetrag": "17,90\u00a0\u20ac",
            "zuz\u00fcglich 19% MWSt.": "4,64\u00a0\u20ac"
        },
        "url": "absatzplus.com//849882"
    },
    {
        "spec": {
            "Brutto Rechnungsbetrag": "11,50\u00a0\u20ac",
            "Frachtkosten": "6,50\u00a0\u20ac",
            "Nettobetrag": "3,16\u00a0\u20ac",
            "zuz\u00fcglich 19% MWSt.": "1,84\u00a0\u20ac"
        },
        "url": "absatzplus.com//728227"
    },
    {
        "spec": {
            "Brutto Rechnungsbetrag": "24,95\u00a0\u20ac",
            "Frachtkosten": "6,50\u00a0\u20ac",
            "Nettobetrag": "14,47\u00a0\u20ac",
            "zuz\u00fcglich 19% MWSt.": "3,98\u00a0\u20ac"
        },
        "url": "absatzplus.com//9920197"
    },
    {
        "spec": {
            "Brutto Rechnungsbetrag": "123,76\u00a0\u20ac",
            "Frachtkosten": "6,50\u00a0\u20ac",
            "Nettobetrag": "97,50\u00a0\u20ac",
            "zuz\u00fcglich 19% MWSt.": "19,76\u00a0\u20ac"
        },
        "url": "absatzplus.com//6607877"
    },
    {
        "spec": {
            "Brutto Rechnungsbetrag": "8,28\u00a0\u20ac",
            "Frachtkosten": "6,50\u00a0\u20ac",
            "Nettobetrag": "0,46\u00a0\u20ac",
            "zuz\u00fcglich 19% MWSt.": "1,32\u00a0\u20ac"
        },
        "url": "absatzplus.com//3376859"
    },
    {
        "spec": {
            "Brutto Rechnungsbetrag": "11,66\u00a0\u20ac",
            "Frachtkosten": "6,50\u00a0\u20ac",
            "Nettobetrag": "3,30\u00a0\u20ac",
            "zuz\u00fcglich 19% MWSt.": "1,86\u00a0\u20ac"
        },
        "url": "absatzplus.com//1165349"
    },
    {
        "spec": {
            "Brutto Rechnungsbetrag": "8,37\u00a0\u20ac",
            "Frachtkosten": "6,50\u00a0\u20ac",
            "Nettobetrag": "0,53\u00a0\u20ac",
            "zuz\u00fcglich 19% MWSt.": "1,34\u00a0\u20ac"
        },
        "url": "absatzplus.com//11619209"
    },
    {
        "spec": {
            "Brutto Rechnungsbetrag": "12,88\u00a0\u20ac",
            "Frachtkosten": "6,50\u00a0\u20ac",
            "Nettobetrag": "4,32\u00a0\u20ac",
            "zuz\u00fcglich 19% MWSt.": "2,06\u00a0\u20ac"
        },
        "url": "absatzplus.com//9454278"
    },
    {
        "spec": {
            "Brutto Rechnungsbetrag": "220,75\u00a0\u20ac",
            "Frachtkosten": "6,50\u00a0\u20ac",
            "Nettobetrag": "179,00\u00a0\u20ac",
            "zuz\u00fcglich 19% MWSt.": "35,25\u00a0\u20ac"
        },
        "url": "absatzplus.com//6872402"
    },
    {
        "spec": {
            "Brutto Rechnungsbetrag": "8,04\u00a0\u20ac",
            "Frachtkosten": "6,50\u00a0\u20ac",
            "Nettobetrag": "0,26\u00a0\u20ac",
            "zuz\u00fcglich 19% MWSt.": "1,28\u00a0\u20ac"
        },
        "url": "absatzplus.com//3913258"
    },
    {
        "spec": {
            "Brutto Rechnungsbetrag": "29,04\u00a0\u20ac",
            "Frachtkosten": "6,50\u00a0\u20ac",
            "Nettobetrag": "17,90\u00a0\u20ac",
            "zuz\u00fcglich 19% MWSt.": "4,64\u00a0\u20ac"
        },
        "url": "absatzplus.com//17202445"
    },
    {
        "spec": {
            "Brutto Rechnungsbetrag": "8,01\u00a0\u20ac",
            "Frachtkosten": "6,50\u00a0\u20ac",
            "Nettobetrag": "0,23\u00a0\u20ac",
            "zuz\u00fcglich 19% MWSt.": "1,28\u00a0\u20ac"
        },
        "url": "absatzplus.com//6566857"
    },
    {
        "spec": {
            "Brutto Rechnungsbetrag": "29,04\u00a0\u20ac",
            "Frachtkosten": "6,50\u00a0\u20ac",
            "Nettobetrag": "17,90\u00a0\u20ac",
            "zuz\u00fcglich 19% MWSt.": "4,64\u00a0\u20ac"
        },
        "url": "absatzplus.com//7710432"
    },
    {
        "spec": {
            "Brutto Rechnungsbetrag": "459,94\u00a0\u20ac",
            "Frachtkosten": "6,50\u00a0\u20ac",
            "Nettobetrag": "380,00\u00a0\u20ac",
            "zuz\u00fcglich 19% MWSt.": "73,44\u00a0\u20ac"
        },
        "url": "absatzplus.com//2237751"
    },
    {
        "spec": {
            "Brutto Rechnungsbetrag": "10,48\u00a0\u20ac",
            "Frachtkosten": "6,50\u00a0\u20ac",
            "Nettobetrag": "2,31\u00a0\u20ac",
            "zuz\u00fcglich 19% MWSt.": "1,67\u00a0\u20ac"
        },
        "url": "absatzplus.com//8948933"
    },
    {
        "spec": {
            "Brutto Rechnungsbetrag": "12,88\u00a0\u20ac",
            "Frachtkosten": "6,50\u00a0\u20ac",
            "Nettobetrag": "4,32\u00a0\u20ac",
            "zuz\u00fcglich 19% MWSt.": "2,06\u00a0\u20ac"
        },
        "url": "absatzplus.com//11846861"
    },
    {
        "spec": {
            "Brutto Rechnungsbetrag": "8,41\u00a0\u20ac",
            "Frachtkosten": "6,50\u00a0\u20ac",
            "Nettobetrag": "0,57\u00a0\u20ac",
            "zuz\u00fcglich 19% MWSt.": "1,34\u00a0\u20ac"
        },
        "url": "absatzplus.com//9951601"
    },
    {
        "spec": {
            "Brutto Rechnungsbetrag": "7,96\u00a0\u20ac",
            "Frachtkosten": "6,50\u00a0\u20ac",
            "Nettobetrag": "0,188\u00a0\u20ac",
            "zuz\u00fcglich 19% MWSt.": "1,27\u00a0\u20ac"
        },
        "url": "absatzplus.com//10405197"
    },
    {
        "spec": {
            "Brutto Rechnungsbetrag": "420,07\u00a0\u20ac",
            "Frachtkosten": "13,00\u00a0\u20ac",
            "Nettobetrag": "340,00\u00a0\u20ac",
            "zuz\u00fcglich 19% MWSt.": "67,07\u00a0\u20ac"
        },
        "url": "absatzplus.com//611227"
    },
    {
        "spec": {
            "Brutto Rechnungsbetrag": "3 009,51\u00a0\u20ac",
            "Frachtkosten": "39,00\u00a0\u20ac",
            "Nettobetrag": "2 490,00\u00a0\u20ac",
            "zuz\u00fcglich 19% MWSt.": "480,51\u00a0\u20ac"
        },
        "url": "absatzplus.com//9904918"
    },
    {
        "spec": {
            "Brutto Rechnungsbetrag": "13,63\u00a0\u20ac",
            "Frachtkosten": "6,50\u00a0\u20ac",
            "Nettobetrag": "4,95\u00a0\u20ac",
            "zuz\u00fcglich 19% MWSt.": "2,18\u00a0\u20ac"
        },
        "url": "absatzplus.com//16226101"
    },
    {
        "spec": {
            "Brutto Rechnungsbetrag": "9,06\u00a0\u20ac",
            "Frachtkosten": "6,50\u00a0\u20ac",
            "Nettobetrag": "1,11\u00a0\u20ac",
            "zuz\u00fcglich 19% MWSt.": "1,45\u00a0\u20ac"
        },
        "url": "absatzplus.com//2296703"
    },
    {
        "spec": {
            "Brutto Rechnungsbetrag": "10,00\u00a0\u20ac",
            "Frachtkosten": "6,50\u00a0\u20ac",
            "Nettobetrag": "1,90\u00a0\u20ac",
            "zuz\u00fcglich 19% MWSt.": "1,60\u00a0\u20ac"
        },
        "url": "absatzplus.com//3064371"
    },
    {
        "spec": {
            "Brutto Rechnungsbetrag": "1 627,33\u00a0\u20ac",
            "Frachtkosten": "32,50\u00a0\u20ac",
            "Nettobetrag": "1 335,00\u00a0\u20ac",
            "zuz\u00fcglich 19% MWSt.": "259,83\u00a0\u20ac"
        },
        "url": "absatzplus.com//12386722"
    },
    {
        "spec": {
            "Brutto Rechnungsbetrag": "8,38\u00a0\u20ac",
            "Frachtkosten": "6,50\u00a0\u20ac",
            "Nettobetrag": "0,54\u00a0\u20ac",
            "zuz\u00fcglich 19% MWSt.": "1,34\u00a0\u20ac"
        },
        "url": "absatzplus.com//17040206"
    },
    {
        "spec": {
            "Brutto Rechnungsbetrag": "9,50\u00a0\u20ac",
            "Frachtkosten": "6,50\u00a0\u20ac",
            "Nettobetrag": "1,48\u00a0\u20ac",
            "zuz\u00fcglich 19% MWSt.": "1,52\u00a0\u20ac"
        },
        "url": "absatzplus.com//8415198"
    },
    {
        "spec": {
            "Brutto Rechnungsbetrag": "78,90\u00a0\u20ac",
            "Frachtkosten": "6,50\u00a0\u20ac",
            "Nettobetrag": "59,80\u00a0\u20ac",
            "zuz\u00fcglich 19% MWSt.": "12,60\u00a0\u20ac"
        },
        "url": "absatzplus.com//17025940"
    },
    {
        "spec": {
            "Brutto Rechnungsbetrag": "8,26\u00a0\u20ac",
            "Frachtkosten": "6,50\u00a0\u20ac",
            "Nettobetrag": "0,44\u00a0\u20ac",
            "zuz\u00fcglich 19% MWSt.": "1,32\u00a0\u20ac"
        },
        "url": "absatzplus.com//328975"
    },
    {
        "spec": {
            "Brutto Rechnungsbetrag": "572,99\u00a0\u20ac",
            "Frachtkosten": "6,50\u00a0\u20ac",
            "Nettobetrag": "475,00\u00a0\u20ac",
            "zuz\u00fcglich 19% MWSt.": "91,49\u00a0\u20ac"
        },
        "url": "absatzplus.com//14516735"
    },
    {
        "spec": {
            "Brutto Rechnungsbetrag": "10,33\u00a0\u20ac",
            "Frachtkosten": "6,50\u00a0\u20ac",
            "Nettobetrag": "2,18\u00a0\u20ac",
            "zuz\u00fcglich 19% MWSt.": "1,65\u00a0\u20ac"
        },
        "url": "absatzplus.com//17236183"
    },
    {
        "spec": {
            "Brutto Rechnungsbetrag": "125,55\u00a0\u20ac",
            "Frachtkosten": "6,50\u00a0\u20ac",
            "Nettobetrag": "99,00\u00a0\u20ac",
            "zuz\u00fcglich 19% MWSt.": "20,05\u00a0\u20ac"
        },
        "url": "absatzplus.com//14524859"
    },
    {
        "spec": {
            "Brutto Rechnungsbetrag": "11,50\u00a0\u20ac",
            "Frachtkosten": "6,50\u00a0\u20ac",
            "Nettobetrag": "3,16\u00a0\u20ac",
            "zuz\u00fcglich 19% MWSt.": "1,84\u00a0\u20ac"
        },
        "url": "absatzplus.com//15497644"
    },
    {
        "spec": {
            "Brutto Rechnungsbetrag": "102,94\u00a0\u20ac",
            "Frachtkosten": "6,50\u00a0\u20ac",
            "Nettobetrag": "80,00\u00a0\u20ac",
            "zuz\u00fcglich 19% MWSt.": "16,44\u00a0\u20ac"
        },
        "url": "absatzplus.com//8592002"
    },
    {
        "spec": {
            "Brutto Rechnungsbetrag": "487,90\u00a0\u20ac",
            "Frachtkosten": "13,00\u00a0\u20ac",
            "Nettobetrag": "397,00\u00a0\u20ac",
            "zuz\u00fcglich 19% MWSt.": "77,90\u00a0\u20ac"
        },
        "url": "absatzplus.com//5156969"
    },
    {
        "spec": {
            "Brutto Rechnungsbetrag": "16,01\u00a0\u20ac",
            "Frachtkosten": "6,50\u00a0\u20ac",
            "Nettobetrag": "6,95\u00a0\u20ac",
            "zuz\u00fcglich 19% MWSt.": "2,56\u00a0\u20ac"
        },
        "url": "absatzplus.com//9690125"
    },
    {
        "spec": {
            "Brutto Rechnungsbetrag": "125,55\u00a0\u20ac",
            "Frachtkosten": "6,50\u00a0\u20ac",
            "Nettobetrag": "99,00\u00a0\u20ac",
            "zuz\u00fcglich 19% MWSt.": "20,05\u00a0\u20ac"
        },
        "url": "absatzplus.com//2243723"
    },
    {
        "spec": {
            "Brutto Rechnungsbetrag": "858,23\u00a0\u20ac",
            "Frachtkosten": "26,00\u00a0\u20ac",
            "Nettobetrag": "695,20\u00a0\u20ac",
            "zuz\u00fcglich 19% MWSt.": "137,03\u00a0\u20ac"
        },
        "url": "absatzplus.com//10428744"
    },
    {
        "spec": {
            "Brutto Rechnungsbetrag": "10,67\u00a0\u20ac",
            "Frachtkosten": "6,50\u00a0\u20ac",
            "Nettobetrag": "2,47\u00a0\u20ac",
            "zuz\u00fcglich 19% MWSt.": "1,70\u00a0\u20ac"
        },
        "url": "absatzplus.com//8164943"
    },
    {
        "spec": {
            "Brutto Rechnungsbetrag": "24,95\u00a0\u20ac",
            "Frachtkosten": "6,50\u00a0\u20ac",
            "Nettobetrag": "14,47\u00a0\u20ac",
            "zuz\u00fcglich 19% MWSt.": "3,98\u00a0\u20ac"
        },
        "url": "absatzplus.com//17039601"
    },
    {
        "spec": {
            "Brutto Rechnungsbetrag": "2 566,24\u00a0\u20ac",
            "Frachtkosten": "32,50\u00a0\u20ac",
            "Nettobetrag": "2 124,00\u00a0\u20ac",
            "zuz\u00fcglich 19% MWSt.": "409,74\u00a0\u20ac"
        },
        "url": "absatzplus.com//14224986"
    },
    {
        "spec": {
            "Brutto Rechnungsbetrag": "299,29\u00a0\u20ac",
            "Frachtkosten": "6,50\u00a0\u20ac",
            "Nettobetrag": "245,00\u00a0\u20ac",
            "zuz\u00fcglich 19% MWSt.": "47,79\u00a0\u20ac"
        },
        "url": "absatzplus.com//10667729"
    },
    {
        "spec": {
            "Brutto Rechnungsbetrag": "44,85\u00a0\u20ac",
            "Frachtkosten": "6,50\u00a0\u20ac",
            "Nettobetrag": "31,19\u00a0\u20ac",
            "zuz\u00fcglich 19% MWSt.": "7,16\u00a0\u20ac"
        },
        "url": "absatzplus.com//733742"
    },
    {
        "spec": {
            "Brutto Rechnungsbetrag": "12,29\u00a0\u20ac",
            "Frachtkosten": "6,50\u00a0\u20ac",
            "Nettobetrag": "3,83\u00a0\u20ac",
            "zuz\u00fcglich 19% MWSt.": "1,96\u00a0\u20ac"
        },
        "url": "absatzplus.com//9197913"
    },
    {
        "spec": {
            "Brutto Rechnungsbetrag": "7,96\u00a0\u20ac",
            "Frachtkosten": "6,50\u00a0\u20ac",
            "Nettobetrag": "0,188\u00a0\u20ac",
            "zuz\u00fcglich 19% MWSt.": "1,27\u00a0\u20ac"
        },
        "url": "absatzplus.com//9626441"
    },
    {
        "spec": {
            "Brutto Rechnungsbetrag": "16,01\u00a0\u20ac",
            "Frachtkosten": "6,50\u00a0\u20ac",
            "Nettobetrag": "6,95\u00a0\u20ac",
            "zuz\u00fcglich 19% MWSt.": "2,56\u00a0\u20ac"
        },
        "url": "absatzplus.com//9043416"
    },
    {
        "spec": {
            "Brutto Rechnungsbetrag": "398,65\u00a0\u20ac",
            "Frachtkosten": "26,00\u00a0\u20ac",
            "Nettobetrag": "309,00\u00a0\u20ac",
            "zuz\u00fcglich 19% MWSt.": "63,65\u00a0\u20ac"
        },
        "url": "absatzplus.com//5491947"
    },
    {
        "spec": {
            "Brutto Rechnungsbetrag": "9,64\u00a0\u20ac",
            "Frachtkosten": "6,50\u00a0\u20ac",
            "Nettobetrag": "1,60\u00a0\u20ac",
            "zuz\u00fcglich 19% MWSt.": "1,54\u00a0\u20ac"
        },
        "url": "absatzplus.com//14665281"
    },
    {
        "spec": {
            "Brutto Rechnungsbetrag": "14,91\u00a0\u20ac",
            "Frachtkosten": "6,50\u00a0\u20ac",
            "Nettobetrag": "6,03\u00a0\u20ac",
            "zuz\u00fcglich 19% MWSt.": "2,38\u00a0\u20ac"
        },
        "url": "absatzplus.com//7839855"
    },
    {
        "spec": {
            "Brutto Rechnungsbetrag": "436,14\u00a0\u20ac",
            "Frachtkosten": "6,50\u00a0\u20ac",
            "Nettobetrag": "360,00\u00a0\u20ac",
            "zuz\u00fcglich 19% MWSt.": "69,64\u00a0\u20ac"
        },
        "url": "absatzplus.com//5970564"
    },
    {
        "spec": {
            "Brutto Rechnungsbetrag": "8,58\u00a0\u20ac",
            "Frachtkosten": "6,50\u00a0\u20ac",
            "Nettobetrag": "0,71\u00a0\u20ac",
            "zuz\u00fcglich 19% MWSt.": "1,37\u00a0\u20ac"
        },
        "url": "absatzplus.com//3999866"
    },
    {
        "spec": {
            "Brutto Rechnungsbetrag": "14,97\u00a0\u20ac",
            "Frachtkosten": "6,50\u00a0\u20ac",
            "Nettobetrag": "6,08\u00a0\u20ac",
            "zuz\u00fcglich 19% MWSt.": "2,39\u00a0\u20ac"
        },
        "url": "absatzplus.com//601260"
    },
    {
        "spec": {
            "Brutto Rechnungsbetrag": "78,90\u00a0\u20ac",
            "Frachtkosten": "6,50\u00a0\u20ac",
            "Nettobetrag": "59,80\u00a0\u20ac",
            "zuz\u00fcglich 19% MWSt.": "12,60\u00a0\u20ac"
        },
        "url": "absatzplus.com//7475840"
    },
    {
        "spec": {
            "Brutto Rechnungsbetrag": "8,52\u00a0\u20ac",
            "Frachtkosten": "6,50\u00a0\u20ac",
            "Nettobetrag": "0,66\u00a0\u20ac",
            "zuz\u00fcglich 19% MWSt.": "1,36\u00a0\u20ac"
        },
        "url": "absatzplus.com//2604603"
    },
    {
        "spec": {
            "Brutto Rechnungsbetrag": "25,28\u00a0\u20ac",
            "Frachtkosten": "6,50\u00a0\u20ac",
            "Nettobetrag": "14,74\u00a0\u20ac",
            "zuz\u00fcglich 19% MWSt.": "4,04\u00a0\u20ac"
        },
        "url": "absatzplus.com//13599979"
    },
    {
        "spec": {
            "Brutto Rechnungsbetrag": "29,04\u00a0\u20ac",
            "Frachtkosten": "6,50\u00a0\u20ac",
            "Nettobetrag": "17,90\u00a0\u20ac",
            "zuz\u00fcglich 19% MWSt.": "4,64\u00a0\u20ac"
        },
        "url": "absatzplus.com//4426948"
    },
    {
        "spec": {
            "Brutto Rechnungsbetrag": "9,41\u00a0\u20ac",
            "Frachtkosten": "6,50\u00a0\u20ac",
            "Nettobetrag": "1,41\u00a0\u20ac",
            "zuz\u00fcglich 19% MWSt.": "1,50\u00a0\u20ac"
        },
        "url": "absatzplus.com//1840544"
    },
    {
        "spec": {
            "Brutto Rechnungsbetrag": "8,38\u00a0\u20ac",
            "Frachtkosten": "6,50\u00a0\u20ac",
            "Nettobetrag": "0,54\u00a0\u20ac",
            "zuz\u00fcglich 19% MWSt.": "1,34\u00a0\u20ac"
        },
        "url": "absatzplus.com//4438785"
    },
    {
        "spec": {
            "Brutto Rechnungsbetrag": "10,19\u00a0\u20ac",
            "Frachtkosten": "6,50\u00a0\u20ac",
            "Nettobetrag": "2,06\u00a0\u20ac",
            "zuz\u00fcglich 19% MWSt.": "1,63\u00a0\u20ac"
        },
        "url": "absatzplus.com//7012156"
    },
    {
        "spec": {
            "Brutto Rechnungsbetrag": "9,64\u00a0\u20ac",
            "Frachtkosten": "6,50\u00a0\u20ac",
            "Nettobetrag": "1,60\u00a0\u20ac",
            "zuz\u00fcglich 19% MWSt.": "1,54\u00a0\u20ac"
        },
        "url": "absatzplus.com//10772219"
    },
    {
        "spec": {
            "Brutto Rechnungsbetrag": "10,67\u00a0\u20ac",
            "Frachtkosten": "6,50\u00a0\u20ac",
            "Nettobetrag": "2,47\u00a0\u20ac",
            "zuz\u00fcglich 19% MWSt.": "1,70\u00a0\u20ac"
        },
        "url": "absatzplus.com//14369471"
    },
    {
        "spec": {
            "Brutto Rechnungsbetrag": "487,90\u00a0\u20ac",
            "Frachtkosten": "13,00\u00a0\u20ac",
            "Nettobetrag": "397,00\u00a0\u20ac",
            "zuz\u00fcglich 19% MWSt.": "77,90\u00a0\u20ac"
        },
        "url": "absatzplus.com//16702198"
    },
    {
        "spec": {
            "Brutto Rechnungsbetrag": "8,52\u00a0\u20ac",
            "Frachtkosten": "6,50\u00a0\u20ac",
            "Nettobetrag": "0,66\u00a0\u20ac",
            "zuz\u00fcglich 19% MWSt.": "1,36\u00a0\u20ac"
        },
        "url": "absatzplus.com//2597318"
    },
    {
        "spec": {
            "Brutto Rechnungsbetrag": "38,62\u00a0\u20ac",
            "Frachtkosten": "6,50\u00a0\u20ac",
            "Nettobetrag": "25,95\u00a0\u20ac",
            "zuz\u00fcglich 19% MWSt.": "6,17\u00a0\u20ac"
        },
        "url": "absatzplus.com//4345940"
    },
    {
        "spec": {
            "Brutto Rechnungsbetrag": "376,64\u00a0\u20ac",
            "Frachtkosten": "6,50\u00a0\u20ac",
            "Nettobetrag": "310,00\u00a0\u20ac",
            "zuz\u00fcglich 19% MWSt.": "60,14\u00a0\u20ac"
        },
        "url": "absatzplus.com//718234"
    },
    {
        "spec": {
            "Brutto Rechnungsbetrag": "85,09\u00a0\u20ac",
            "Frachtkosten": "6,50\u00a0\u20ac",
            "Nettobetrag": "65,00\u00a0\u20ac",
            "zuz\u00fcglich 19% MWSt.": "13,59\u00a0\u20ac"
        },
        "url": "absatzplus.com//7950938"
    },
    {
        "spec": {
            "Brutto Rechnungsbetrag": "29,04\u00a0\u20ac",
            "Frachtkosten": "6,50\u00a0\u20ac",
            "Nettobetrag": "17,90\u00a0\u20ac",
            "zuz\u00fcglich 19% MWSt.": "4,64\u00a0\u20ac"
        },
        "url": "absatzplus.com//6836378"
    },
    {
        "spec": {
            "Brutto Rechnungsbetrag": "8,28\u00a0\u20ac",
            "Frachtkosten": "6,50\u00a0\u20ac",
            "Nettobetrag": "0,46\u00a0\u20ac",
            "zuz\u00fcglich 19% MWSt.": "1,32\u00a0\u20ac"
        },
        "url": "absatzplus.com//9930093"
    },
    {
        "spec": {
            "Brutto Rechnungsbetrag": "9,50\u00a0\u20ac",
            "Frachtkosten": "6,50\u00a0\u20ac",
            "Nettobetrag": "1,48\u00a0\u20ac",
            "zuz\u00fcglich 19% MWSt.": "1,52\u00a0\u20ac"
        },
        "url": "absatzplus.com//12769259"
    },
    {
        "spec": {
            "Brutto Rechnungsbetrag": "8,27\u00a0\u20ac",
            "Frachtkosten": "6,50\u00a0\u20ac",
            "Nettobetrag": "0,45\u00a0\u20ac",
            "zuz\u00fcglich 19% MWSt.": "1,32\u00a0\u20ac"
        },
        "url": "absatzplus.com//11721552"
    },
    {
        "spec": {
            "Brutto Rechnungsbetrag": "10,46\u00a0\u20ac",
            "Frachtkosten": "6,50\u00a0\u20ac",
            "Nettobetrag": "2,29\u00a0\u20ac",
            "zuz\u00fcglich 19% MWSt.": "1,67\u00a0\u20ac"
        },
        "url": "absatzplus.com//7122971"
    },
    {
        "spec": {
            "Brutto Rechnungsbetrag": "8,44\u00a0\u20ac",
            "Frachtkosten": "6,50\u00a0\u20ac",
            "Nettobetrag": "0,59\u00a0\u20ac",
            "zuz\u00fcglich 19% MWSt.": "1,35\u00a0\u20ac"
        },
        "url": "absatzplus.com//1670874"
    },
    {
        "spec": {
            "Brutto Rechnungsbetrag": "236,22\u00a0\u20ac",
            "Frachtkosten": "6,50\u00a0\u20ac",
            "Nettobetrag": "192,00\u00a0\u20ac",
            "zuz\u00fcglich 19% MWSt.": "37,72\u00a0\u20ac"
        },
        "url": "absatzplus.com//9681080"
    },
    {
        "spec": {
            "Brutto Rechnungsbetrag": "10,61\u00a0\u20ac",
            "Frachtkosten": "6,50\u00a0\u20ac",
            "Nettobetrag": "2,42\u00a0\u20ac",
            "zuz\u00fcglich 19% MWSt.": "1,69\u00a0\u20ac"
        },
        "url": "absatzplus.com//14571962"
    },
    {
        "spec": {
            "Brutto Rechnungsbetrag": "10,71\u00a0\u20ac",
            "Frachtkosten": "6,50\u00a0\u20ac",
            "Nettobetrag": "2,50\u00a0\u20ac",
            "zuz\u00fcglich 19% MWSt.": "1,71\u00a0\u20ac"
        },
        "url": "absatzplus.com//10586407"
    },
    {
        "spec": {
            "Brutto Rechnungsbetrag": "8,00\u00a0\u20ac",
            "Frachtkosten": "6,50\u00a0\u20ac",
            "Nettobetrag": "0,22\u00a0\u20ac",
            "zuz\u00fcglich 19% MWSt.": "1,28\u00a0\u20ac"
        },
        "url": "absatzplus.com//9725677"
    },
    {
        "spec": {
            "Brutto Rechnungsbetrag": "1 363,74\u00a0\u20ac",
            "Frachtkosten": "26,00\u00a0\u20ac",
            "Nettobetrag": "1 120,00\u00a0\u20ac",
            "zuz\u00fcglich 19% MWSt.": "217,74\u00a0\u20ac"
        },
        "url": "absatzplus.com//7998119"
    },
    {
        "spec": {
            "Brutto Rechnungsbetrag": "639,63\u00a0\u20ac",
            "Frachtkosten": "19,50\u00a0\u20ac",
            "Nettobetrag": "518,00\u00a0\u20ac",
            "zuz\u00fcglich 19% MWSt.": "102,13\u00a0\u20ac"
        },
        "url": "absatzplus.com//8858023"
    },
    {
        "spec": {
            "Brutto Rechnungsbetrag": "87,31\u00a0\u20ac",
            "Frachtkosten": "6,50\u00a0\u20ac",
            "Nettobetrag": "66,87\u00a0\u20ac",
            "zuz\u00fcglich 19% MWSt.": "13,94\u00a0\u20ac"
        },
        "url": "absatzplus.com//16861497"
    },
    {
        "spec": {
            "Brutto Rechnungsbetrag": "14,29\u00a0\u20ac",
            "Frachtkosten": "6,50\u00a0\u20ac",
            "Nettobetrag": "5,51\u00a0\u20ac",
            "zuz\u00fcglich 19% MWSt.": "2,28\u00a0\u20ac"
        },
        "url": "absatzplus.com//9422012"
    },
    {
        "spec": {
            "Brutto Rechnungsbetrag": "10,67\u00a0\u20ac",
            "Frachtkosten": "6,50\u00a0\u20ac",
            "Nettobetrag": "2,47\u00a0\u20ac",
            "zuz\u00fcglich 19% MWSt.": "1,70\u00a0\u20ac"
        },
        "url": "absatzplus.com//9450738"
    },
    {
        "spec": {
            "Brutto Rechnungsbetrag": "24,95\u00a0\u20ac",
            "Frachtkosten": "6,50\u00a0\u20ac",
            "Nettobetrag": "14,47\u00a0\u20ac",
            "zuz\u00fcglich 19% MWSt.": "3,98\u00a0\u20ac"
        },
        "url": "absatzplus.com//14961143"
    },
    {
        "spec": {
            "Brutto Rechnungsbetrag": "40,94\u00a0\u20ac",
            "Frachtkosten": "6,50\u00a0\u20ac",
            "Nettobetrag": "27,90\u00a0\u20ac",
            "zuz\u00fcglich 19% MWSt.": "6,54\u00a0\u20ac"
        },
        "url": "absatzplus.com//8312139"
    },
    {
        "spec": {
            "Brutto Rechnungsbetrag": "11,50\u00a0\u20ac",
            "Frachtkosten": "6,50\u00a0\u20ac",
            "Nettobetrag": "3,16\u00a0\u20ac",
            "zuz\u00fcglich 19% MWSt.": "1,84\u00a0\u20ac"
        },
        "url": "absatzplus.com//12585211"
    },
    {
        "spec": {
            "Brutto Rechnungsbetrag": "796,11\u00a0\u20ac",
            "Frachtkosten": "6,50\u00a0\u20ac",
            "Nettobetrag": "662,50\u00a0\u20ac",
            "zuz\u00fcglich 19% MWSt.": "127,11\u00a0\u20ac"
        },
        "url": "absatzplus.com//9494614"
    },
    {
        "spec": {
            "Brutto Rechnungsbetrag": "11,52\u00a0\u20ac",
            "Frachtkosten": "6,50\u00a0\u20ac",
            "Nettobetrag": "3,18\u00a0\u20ac",
            "zuz\u00fcglich 19% MWSt.": "1,84\u00a0\u20ac"
        },
        "url": "absatzplus.com//10467925"
    },
    {
        "spec": {
            "Brutto Rechnungsbetrag": "351,05\u00a0\u20ac",
            "Frachtkosten": "6,50\u00a0\u20ac",
            "Nettobetrag": "288,50\u00a0\u20ac",
            "zuz\u00fcglich 19% MWSt.": "56,05\u00a0\u20ac"
        },
        "url": "absatzplus.com//16708351"
    },
    {
        "spec": {
            "Brutto Rechnungsbetrag": "53,85\u00a0\u20ac",
            "Frachtkosten": "6,50\u00a0\u20ac",
            "Nettobetrag": "38,75\u00a0\u20ac",
            "zuz\u00fcglich 19% MWSt.": "8,60\u00a0\u20ac"
        },
        "url": "absatzplus.com//6822080"
    },
    {
        "spec": {
            "Brutto Rechnungsbetrag": "3 009,51\u00a0\u20ac",
            "Frachtkosten": "39,00\u00a0\u20ac",
            "Nettobetrag": "2 490,00\u00a0\u20ac",
            "zuz\u00fcglich 19% MWSt.": "480,51\u00a0\u20ac"
        },
        "url": "absatzplus.com//16643077"
    },
    {
        "spec": {
            "Brutto Rechnungsbetrag": "14,97\u00a0\u20ac",
            "Frachtkosten": "6,50\u00a0\u20ac",
            "Nettobetrag": "6,08\u00a0\u20ac",
            "zuz\u00fcglich 19% MWSt.": "2,39\u00a0\u20ac"
        },
        "url": "absatzplus.com//14823704"
    },
    {
        "spec": {
            "Brutto Rechnungsbetrag": "561,68\u00a0\u20ac",
            "Frachtkosten": "13,00\u00a0\u20ac",
            "Nettobetrag": "459,00\u00a0\u20ac",
            "zuz\u00fcglich 19% MWSt.": "89,68\u00a0\u20ac"
        },
        "url": "absatzplus.com//10860565"
    },
    {
        "spec": {
            "Brutto Rechnungsbetrag": "125,55\u00a0\u20ac",
            "Frachtkosten": "6,50\u00a0\u20ac",
            "Nettobetrag": "99,00\u00a0\u20ac",
            "zuz\u00fcglich 19% MWSt.": "20,05\u00a0\u20ac"
        },
        "url": "absatzplus.com//6761965"
    },
    {
        "spec": {
            "Brutto Rechnungsbetrag": "8,37\u00a0\u20ac",
            "Frachtkosten": "6,50\u00a0\u20ac",
            "Nettobetrag": "0,53\u00a0\u20ac",
            "zuz\u00fcglich 19% MWSt.": "1,34\u00a0\u20ac"
        },
        "url": "absatzplus.com//16302667"
    },
    {
        "spec": {
            "Brutto Rechnungsbetrag": "12,29\u00a0\u20ac",
            "Frachtkosten": "6,50\u00a0\u20ac",
            "Nettobetrag": "3,83\u00a0\u20ac",
            "zuz\u00fcglich 19% MWSt.": "1,96\u00a0\u20ac"
        },
        "url": "absatzplus.com//9838061"
    },
    {
        "spec": {
            "Brutto Rechnungsbetrag": "276,08\u00a0\u20ac",
            "Frachtkosten": "13,00\u00a0\u20ac",
            "Nettobetrag": "219,00\u00a0\u20ac",
            "zuz\u00fcglich 19% MWSt.": "44,08\u00a0\u20ac"
        },
        "url": "absatzplus.com//1656807"
    },
    {
        "spec": {
            "Brutto Rechnungsbetrag": "1 247,12\u00a0\u20ac",
            "Frachtkosten": "13,00\u00a0\u20ac",
            "Nettobetrag": "1 035,00\u00a0\u20ac",
            "zuz\u00fcglich 19% MWSt.": "199,12\u00a0\u20ac"
        },
        "url": "absatzplus.com//8135047"
    },
    {
        "spec": {
            "Brutto Rechnungsbetrag": "9,45\u00a0\u20ac",
            "Frachtkosten": "6,50\u00a0\u20ac",
            "Nettobetrag": "1,44\u00a0\u20ac",
            "zuz\u00fcglich 19% MWSt.": "1,51\u00a0\u20ac"
        },
        "url": "absatzplus.com//7419927"
    },
    {
        "spec": {
            "Brutto Rechnungsbetrag": "682,47\u00a0\u20ac",
            "Frachtkosten": "6,50\u00a0\u20ac",
            "Nettobetrag": "567,00\u00a0\u20ac",
            "zuz\u00fcglich 19% MWSt.": "108,97\u00a0\u20ac"
        },
        "url": "absatzplus.com//3541714"
    },
    {
        "spec": {
            "Brutto Rechnungsbetrag": "11,72\u00a0\u20ac",
            "Frachtkosten": "6,50\u00a0\u20ac",
            "Nettobetrag": "3,35\u00a0\u20ac",
            "zuz\u00fcglich 19% MWSt.": "1,87\u00a0\u20ac"
        },
        "url": "absatzplus.com//4616295"
    },
    {
        "spec": {
            "Brutto Rechnungsbetrag": "11,50\u00a0\u20ac",
            "Frachtkosten": "6,50\u00a0\u20ac",
            "Nettobetrag": "3,16\u00a0\u20ac",
            "zuz\u00fcglich 19% MWSt.": "1,84\u00a0\u20ac"
        },
        "url": "absatzplus.com//472301"
    },
    {
        "spec": {
            "Brutto Rechnungsbetrag": "9,50\u00a0\u20ac",
            "Frachtkosten": "6,50\u00a0\u20ac",
            "Nettobetrag": "1,48\u00a0\u20ac",
            "zuz\u00fcglich 19% MWSt.": "1,52\u00a0\u20ac"
        },
        "url": "absatzplus.com//17548792"
    },
    {
        "spec": {
            "Brutto Rechnungsbetrag": "10,69\u00a0\u20ac",
            "Frachtkosten": "6,50\u00a0\u20ac",
            "Nettobetrag": "2,48\u00a0\u20ac",
            "zuz\u00fcglich 19% MWSt.": "1,71\u00a0\u20ac"
        },
        "url": "absatzplus.com//16855092"
    },
    {
        "spec": {
            "Brutto Rechnungsbetrag": "520,03\u00a0\u20ac",
            "Frachtkosten": "13,00\u00a0\u20ac",
            "Nettobetrag": "424,00\u00a0\u20ac",
            "zuz\u00fcglich 19% MWSt.": "83,03\u00a0\u20ac"
        },
        "url": "absatzplus.com//2145618"
    },
    {
        "spec": {
            "Brutto Rechnungsbetrag": "8,43\u00a0\u20ac",
            "Frachtkosten": "6,50\u00a0\u20ac",
            "Nettobetrag": "0,58\u00a0\u20ac",
            "zuz\u00fcglich 19% MWSt.": "1,35\u00a0\u20ac"
        },
        "url": "absatzplus.com//16442085"
    },
    {
        "spec": {
            "Brutto Rechnungsbetrag": "276,08\u00a0\u20ac",
            "Frachtkosten": "13,00\u00a0\u20ac",
            "Nettobetrag": "219,00\u00a0\u20ac",
            "zuz\u00fcglich 19% MWSt.": "44,08\u00a0\u20ac"
        },
        "url": "absatzplus.com//4109461"
    },
    {
        "spec": {
            "Brutto Rechnungsbetrag": "10,29\u00a0\u20ac",
            "Frachtkosten": "6,50\u00a0\u20ac",
            "Nettobetrag": "2,15\u00a0\u20ac",
            "zuz\u00fcglich 19% MWSt.": "1,64\u00a0\u20ac"
        },
        "url": "absatzplus.com//8477226"
    },
    {
        "spec": {
            "Brutto Rechnungsbetrag": "13,30\u00a0\u20ac",
            "Frachtkosten": "6,50\u00a0\u20ac",
            "Nettobetrag": "4,68\u00a0\u20ac",
            "zuz\u00fcglich 19% MWSt.": "2,12\u00a0\u20ac"
        },
        "url": "absatzplus.com//10886401"
    },
    {
        "spec": {
            "Brutto Rechnungsbetrag": "125,55\u00a0\u20ac",
            "Frachtkosten": "6,50\u00a0\u20ac",
            "Nettobetrag": "99,00\u00a0\u20ac",
            "zuz\u00fcglich 19% MWSt.": "20,05\u00a0\u20ac"
        },
        "url": "absatzplus.com//14419774"
    },
    {
        "spec": {
            "Brutto Rechnungsbetrag": "2 033,95\u00a0\u20ac",
            "Frachtkosten": "100,00\u00a0\u20ac",
            "Nettobetrag": "1 609,20\u00a0\u20ac",
            "zuz\u00fcglich 19% MWSt.": "324,75\u00a0\u20ac"
        },
        "url": "absatzplus.com//7152345"
    },
    {
        "spec": {
            "Brutto Rechnungsbetrag": "2 982,74\u00a0\u20ac",
            "Frachtkosten": "6,50\u00a0\u20ac",
            "Nettobetrag": "2 500,00\u00a0\u20ac",
            "zuz\u00fcglich 19% MWSt.": "476,24\u00a0\u20ac"
        },
        "url": "absatzplus.com//8237350"
    },
    {
        "spec": {
            "Brutto Rechnungsbetrag": "323,68\u00a0\u20ac",
            "Frachtkosten": "13,00\u00a0\u20ac",
            "Nettobetrag": "259,00\u00a0\u20ac",
            "zuz\u00fcglich 19% MWSt.": "51,68\u00a0\u20ac"
        },
        "url": "absatzplus.com//17102189"
    },
    {
        "spec": {
            "Brutto Rechnungsbetrag": "11,50\u00a0\u20ac",
            "Frachtkosten": "6,50\u00a0\u20ac",
            "Nettobetrag": "3,16\u00a0\u20ac",
            "zuz\u00fcglich 19% MWSt.": "1,84\u00a0\u20ac"
        },
        "url": "absatzplus.com//14772990"
    },
    {
        "spec": {
            "Brutto Rechnungsbetrag": "8,27\u00a0\u20ac",
            "Frachtkosten": "6,50\u00a0\u20ac",
            "Nettobetrag": "0,45\u00a0\u20ac",
            "zuz\u00fcglich 19% MWSt.": "1,32\u00a0\u20ac"
        },
        "url": "absatzplus.com//16958668"
    },
    {
        "spec": {
            "Brutto Rechnungsbetrag": "14,82\u00a0\u20ac",
            "Frachtkosten": "6,50\u00a0\u20ac",
            "Nettobetrag": "5,95\u00a0\u20ac",
            "zuz\u00fcglich 19% MWSt.": "2,37\u00a0\u20ac"
        },
        "url": "absatzplus.com//12197542"
    },
    {
        "spec": {
            "Brutto Rechnungsbetrag": "29,04\u00a0\u20ac",
            "Frachtkosten": "6,50\u00a0\u20ac",
            "Nettobetrag": "17,90\u00a0\u20ac",
            "zuz\u00fcglich 19% MWSt.": "4,64\u00a0\u20ac"
        },
        "url": "absatzplus.com//7437826"
    },
    {
        "spec": {
            "Brutto Rechnungsbetrag": "8,03\u00a0\u20ac",
            "Frachtkosten": "6,50\u00a0\u20ac",
            "Nettobetrag": "0,25\u00a0\u20ac",
            "zuz\u00fcglich 19% MWSt.": "1,28\u00a0\u20ac"
        },
        "url": "absatzplus.com//11317809"
    },
    {
        "spec": {
            "Brutto Rechnungsbetrag": "372,47\u00a0\u20ac",
            "Frachtkosten": "13,00\u00a0\u20ac",
            "Nettobetrag": "300,00\u00a0\u20ac",
            "zuz\u00fcglich 19% MWSt.": "59,47\u00a0\u20ac"
        },
        "url": "absatzplus.com//10716552"
    },
    {
        "spec": {
            "Brutto Rechnungsbetrag": "220,75\u00a0\u20ac",
            "Frachtkosten": "6,50\u00a0\u20ac",
            "Nettobetrag": "179,00\u00a0\u20ac",
            "zuz\u00fcglich 19% MWSt.": "35,25\u00a0\u20ac"
        },
        "url": "absatzplus.com//7375896"
    },
    {
        "spec": {
            "Brutto Rechnungsbetrag": "748,51\u00a0\u20ac",
            "Frachtkosten": "6,50\u00a0\u20ac",
            "Nettobetrag": "622,50\u00a0\u20ac",
            "zuz\u00fcglich 19% MWSt.": "119,51\u00a0\u20ac"
        },
        "url": "absatzplus.com//7583157"
    },
    {
        "spec": {
            "Brutto Rechnungsbetrag": "38,52\u00a0\u20ac",
            "Frachtkosten": "6,50\u00a0\u20ac",
            "Nettobetrag": "25,87\u00a0\u20ac",
            "zuz\u00fcglich 19% MWSt.": "6,15\u00a0\u20ac"
        },
        "url": "absatzplus.com//16774944"
    },
    {
        "spec": {
            "Brutto Rechnungsbetrag": "8,27\u00a0\u20ac",
            "Frachtkosten": "6,50\u00a0\u20ac",
            "Nettobetrag": "0,45\u00a0\u20ac",
            "zuz\u00fcglich 19% MWSt.": "1,32\u00a0\u20ac"
        },
        "url": "absatzplus.com//866706"
    },
    {
        "spec": {
            "Brutto Rechnungsbetrag": "8,44\u00a0\u20ac",
            "Frachtkosten": "6,50\u00a0\u20ac",
            "Nettobetrag": "0,59\u00a0\u20ac",
            "zuz\u00fcglich 19% MWSt.": "1,35\u00a0\u20ac"
        },
        "url": "absatzplus.com//14597892"
    },
    {
        "spec": {
            "Brutto Rechnungsbetrag": "2 566,24\u00a0\u20ac",
            "Frachtkosten": "32,50\u00a0\u20ac",
            "Nettobetrag": "2 124,00\u00a0\u20ac",
            "zuz\u00fcglich 19% MWSt.": "409,74\u00a0\u20ac"
        },
        "url": "absatzplus.com//14762539"
    },
    {
        "spec": {
            "Brutto Rechnungsbetrag": "323,68\u00a0\u20ac",
            "Frachtkosten": "13,00\u00a0\u20ac",
            "Nettobetrag": "259,00\u00a0\u20ac",
            "zuz\u00fcglich 19% MWSt.": "51,68\u00a0\u20ac"
        },
        "url": "absatzplus.com//4565440"
    },
    {
        "spec": {
            "Brutto Rechnungsbetrag": "10,75\u00a0\u20ac",
            "Frachtkosten": "6,50\u00a0\u20ac",
            "Nettobetrag": "2,53\u00a0\u20ac",
            "zuz\u00fcglich 19% MWSt.": "1,72\u00a0\u20ac"
        },
        "url": "absatzplus.com//15067534"
    },
    {
        "spec": {
            "Brutto Rechnungsbetrag": "27,93\u00a0\u20ac",
            "Frachtkosten": "6,50\u00a0\u20ac",
            "Nettobetrag": "16,97\u00a0\u20ac",
            "zuz\u00fcglich 19% MWSt.": "4,46\u00a0\u20ac"
        },
        "url": "absatzplus.com//15846767"
    },
    {
        "spec": {
            "Brutto Rechnungsbetrag": "4 321,49\u00a0\u20ac",
            "Frachtkosten": "6,50\u00a0\u20ac",
            "Nettobetrag": "3 625,00\u00a0\u20ac",
            "zuz\u00fcglich 19% MWSt.": "689,99\u00a0\u20ac"
        },
        "url": "absatzplus.com//8329821"
    },
    {
        "spec": {
            "Brutto Rechnungsbetrag": "29,04\u00a0\u20ac",
            "Frachtkosten": "6,50\u00a0\u20ac",
            "Nettobetrag": "17,90\u00a0\u20ac",
            "zuz\u00fcglich 19% MWSt.": "4,64\u00a0\u20ac"
        },
        "url": "absatzplus.com//8108679"
    },
    {
        "spec": {
            "Brutto Rechnungsbetrag": "9,64\u00a0\u20ac",
            "Frachtkosten": "6,50\u00a0\u20ac",
            "Nettobetrag": "1,60\u00a0\u20ac",
            "zuz\u00fcglich 19% MWSt.": "1,54\u00a0\u20ac"
        },
        "url": "absatzplus.com//13951202"
    },
    {
        "spec": {
            "Brutto Rechnungsbetrag": "8,01\u00a0\u20ac",
            "Frachtkosten": "6,50\u00a0\u20ac",
            "Nettobetrag": "0,23\u00a0\u20ac",
            "zuz\u00fcglich 19% MWSt.": "1,28\u00a0\u20ac"
        },
        "url": "absatzplus.com//5036784"
    },
    {
        "spec": {
            "Brutto Rechnungsbetrag": "101,75\u00a0\u20ac",
            "Frachtkosten": "6,50\u00a0\u20ac",
            "Nettobetrag": "79,00\u00a0\u20ac",
            "zuz\u00fcglich 19% MWSt.": "16,25\u00a0\u20ac"
        },
        "url": "absatzplus.com//2236132"
    },
    {
        "spec": {
            "Brutto Rechnungsbetrag": "520,03\u00a0\u20ac",
            "Frachtkosten": "13,00\u00a0\u20ac",
            "Nettobetrag": "424,00\u00a0\u20ac",
            "zuz\u00fcglich 19% MWSt.": "83,03\u00a0\u20ac"
        },
        "url": "absatzplus.com//6663936"
    }
]