{
    "10000676": [
        "absatzplus.com//17189658"
    ],
    "10001165": [
        "absatzplus.com//6444"
    ],
    "10001525": [
        "absatzplus.com//6332322"
    ],
    "10005174": [
        "absatzplus.com//13475149"
    ],
    "10009653": [
        "absatzplus.com//17034952"
    ],
    "10010010": [
        "absatzplus.com//16187173"
    ],
    "10012878": [
        "absatzplus.com//8201825"
    ],
    "10013886": [
        "absatzplus.com//2232368"
    ],
    "10023741": [
        "absatzplus.com//3042564"
    ],
    "10028016": [
        "absatzplus.com//12528145"
    ],
    "10034405": [
        "absatzplus.com//858244"
    ],
    "10035095": [
        "absatzplus.com//13763444"
    ],
    "10035500": [
        "absatzplus.com//1472859"
    ],
    "10041189": [
        "absatzplus.com//8586118"
    ],
    "10043978": [
        "absatzplus.com//14203738"
    ],
    "10046037": [
        "absatzplus.com//15000644"
    ],
    "10048151": [
        "absatzplus.com//2033980"
    ],
    "10049862": [
        "absatzplus.com//15676492"
    ],
    "10051125": [
        "absatzplus.com//8077205"
    ],
    "10051298": [
        "absatzplus.com//7151469"
    ],
    "10077164": [
        "absatzplus.com//16409624"
    ],
    "10082352": [
        "absatzplus.com//15175178"
    ],
    "10082484": [
        "absatzplus.com//12463766"
    ],
    "10084674": [
        "absatzplus.com//1219635"
    ],
    "10086024": [
        "absatzplus.com//5808377"
    ],
    "10088481": [
        "absatzplus.com//15410400"
    ],
    "10094440": [
        "absatzplus.com//4519341"
    ],
    "10098380": [
        "absatzplus.com//2462386"
    ],
    "10102939": [
        "absatzplus.com//12666390"
    ],
    "10105289": [
        "absatzplus.com//7909074"
    ],
    "10121555": [
        "absatzplus.com//3581368"
    ],
    "10122746": [
        "absatzplus.com//12073438"
    ],
    "10125707": [
        "absatzplus.com//2823266"
    ],
    "10132306": [
        "absatzplus.com//5159494"
    ],
    "10133628": [
        "absatzplus.com//12737041"
    ],
    "10137444": [
        "absatzplus.com//3904947"
    ],
    "10152556": [
        "absatzplus.com//7071916"
    ],
    "10158699": [
        "absatzplus.com//1780823"
    ],
    "10161886": [
        "absatzplus.com//5521842"
    ],
    "10181828": [
        "absatzplus.com//8376648"
    ],
    "10188542": [
        "absatzplus.com//637571"
    ],
    "10189454": [
        "absatzplus.com//4128770"
    ],
    "10191024": [
        "absatzplus.com//16489876"
    ],
    "10192266": [
        "absatzplus.com//17109300"
    ],
    "10198054": [
        "absatzplus.com//4796339"
    ],
    "10200453": [
        "absatzplus.com//6798868"
    ],
    "10201238": [
        "absatzplus.com//8111156"
    ],
    "10206910": [
        "absatzplus.com//1653284"
    ],
    "10207346": [
        "absatzplus.com//16027790"
    ],
    "10210713": [
        "absatzplus.com//14055682"
    ],
    "10228849": [
        "absatzplus.com//2920412"
    ],
    "10249066": [
        "absatzplus.com//5045283"
    ],
    "10251806": [
        "absatzplus.com//3918304"
    ],
    "10256479": [
        "absatzplus.com//2194017"
    ],
    "10257933": [
        "absatzplus.com//15549091"
    ],
    "10259251": [
        "absatzplus.com//12821438"
    ],
    "10262354": [
        "absatzplus.com//15056097"
    ],
    "10262394": [
        "absatzplus.com//16562149"
    ],
    "10278980": [
        "absatzplus.com//9983124"
    ],
    "10284663": [
        "absatzplus.com//1823106"
    ],
    "10291666": [
        "absatzplus.com//17308767"
    ],
    "10294995": [
        "absatzplus.com//14019031"
    ],
    "10301047": [
        "absatzplus.com//9884068"
    ],
    "10316484": [
        "absatzplus.com//3927572"
    ],
    "10316901": [
        "absatzplus.com//4828396"
    ],
    "10317866": [
        "absatzplus.com//5223216"
    ],
    "10333791": [
        "absatzplus.com//11958280"
    ],
    "10333813": [
        "absatzplus.com//15567154"
    ],
    "10341593": [
        "absatzplus.com//9529032"
    ],
    "10341809": [
        "absatzplus.com//7581605"
    ],
    "10341993": [
        "absatzplus.com//10107140"
    ],
    "10344505": [
        "absatzplus.com//8703848"
    ],
    "10353160": [
        "absatzplus.com//17411963"
    ],
    "10356625": [
        "absatzplus.com//14798517"
    ],
    "10358764": [
        "absatzplus.com//16845473"
    ],
    "10371013": [
        "absatzplus.com//7801360"
    ],
    "10394785": [
        "absatzplus.com//14527672"
    ],
    "10395453": [
        "absatzplus.com//1600929"
    ],
    "10396037": [
        "absatzplus.com//11728288"
    ],
    "10398956": [
        "absatzplus.com//1471091"
    ],
    "10408730": [
        "absatzplus.com//1417864"
    ],
    "10419231": [
        "absatzplus.com//1033771"
    ],
    "10427220": [
        "absatzplus.com//11681258"
    ],
    "10437706": [
        "absatzplus.com//8850531"
    ],
    "10440987": [
        "absatzplus.com//2858879"
    ],
    "10447051": [
        "absatzplus.com//12656998"
    ],
    "10462930": [
        "absatzplus.com//94612"
    ],
    "10467507": [
        "absatzplus.com//13811611"
    ],
    "10480866": [
        "absatzplus.com//16179343"
    ],
    "10487739": [
        "absatzplus.com//10224496"
    ],
    "10497298": [
        "absatzplus.com//354931"
    ],
    "10506608": [
        "absatzplus.com//14828150"
    ],
    "10512715": [
        "absatzplus.com//2272831"
    ],
    "10529876": [
        "absatzplus.com//2937857"
    ],
    "10536738": [
        "absatzplus.com//1668198"
    ],
    "10559570": [
        "absatzplus.com//4941931"
    ],
    "10575787": [
        "absatzplus.com//5832182"
    ],
    "10588149": [
        "absatzplus.com//16352308"
    ],
    "10631010": [
        "absatzplus.com//6368184"
    ],
    "10640112": [
        "absatzplus.com//6235130"
    ],
    "10651765": [
        "absatzplus.com//10486644"
    ],
    "10677171": [
        "absatzplus.com//3912337"
    ],
    "10694351": [
        "absatzplus.com//11354988"
    ],
    "10700570": [
        "absatzplus.com//12730902"
    ],
    "10719462": [
        "absatzplus.com//17333781"
    ],
    "10720342": [
        "absatzplus.com//3503269"
    ],
    "10720499": [
        "absatzplus.com//17400878"
    ],
    "10750566": [
        "absatzplus.com//8869142"
    ],
    "10750837": [
        "absatzplus.com//846516"
    ],
    "10750856": [
        "absatzplus.com//1142809"
    ],
    "10768153": [
        "absatzplus.com//4738613"
    ],
    "10769946": [
        "absatzplus.com//10563105"
    ],
    "10779144": [
        "absatzplus.com//7284653"
    ],
    "10787969": [
        "absatzplus.com//2794334"
    ],
    "10790824": [
        "absatzplus.com//12576403"
    ],
    "10791157": [
        "absatzplus.com//2021929"
    ],
    "10798530": [
        "absatzplus.com//276715"
    ],
    "10820546": [
        "absatzplus.com//2704783"
    ],
    "10827180": [
        "absatzplus.com//15174989"
    ],
    "10828392": [
        "absatzplus.com//15044819"
    ],
    "10837642": [
        "absatzplus.com//6941493"
    ],
    "10849085": [
        "absatzplus.com//8895916"
    ],
    "10864073": [
        "absatzplus.com//14526582"
    ],
    "10866966": [
        "absatzplus.com//4281421"
    ],
    "10870802": [
        "absatzplus.com//6071560"
    ],
    "10870969": [
        "absatzplus.com//12278490"
    ],
    "10883208": [
        "absatzplus.com//9047622"
    ],
    "10891644": [
        "absatzplus.com//6389677"
    ],
    "10909011": [
        "absatzplus.com//16489073"
    ],
    "10913240": [
        "absatzplus.com//5222343"
    ],
    "10916365": [
        "absatzplus.com//4838318"
    ],
    "10923560": [
        "absatzplus.com//14703857"
    ],
    "10941656": [
        "absatzplus.com//348917"
    ],
    "10950988": [
        "absatzplus.com//403935"
    ],
    "10988930": [
        "absatzplus.com//16689894"
    ],
    "10991501": [
        "absatzplus.com//12215649"
    ],
    "11000310": [
        "absatzplus.com//9152830"
    ],
    "11000883": [
        "absatzplus.com//8369300"
    ],
    "11001503": [
        "absatzplus.com//15731238"
    ],
    "11014900": [
        "absatzplus.com//4042202"
    ],
    "11033853": [
        "absatzplus.com//2984564"
    ],
    "11072639": [
        "absatzplus.com//15281592"
    ],
    "11082419": [
        "absatzplus.com//5922527"
    ],
    "11082799": [
        "absatzplus.com//11044801"
    ],
    "11085553": [
        "absatzplus.com//17173032"
    ],
    "11090907": [
        "absatzplus.com//15946836"
    ],
    "11094731": [
        "absatzplus.com//16227505"
    ],
    "11094929": [
        "absatzplus.com//6433022"
    ],
    "11113446": [
        "absatzplus.com//12473207"
    ],
    "11113785": [
        "absatzplus.com//15385601"
    ],
    "11122575": [
        "absatzplus.com//6058766"
    ],
    "11129960": [
        "absatzplus.com//16016681"
    ],
    "11131073": [
        "absatzplus.com//6385608"
    ],
    "11148280": [
        "absatzplus.com//14444940"
    ],
    "11166361": [
        "absatzplus.com//11693875"
    ],
    "11211173": [
        "absatzplus.com//10365865"
    ],
    "11239132": [
        "absatzplus.com//12996720"
    ],
    "11241083": [
        "absatzplus.com//6359525"
    ],
    "11273875": [
        "absatzplus.com//17126755"
    ],
    "11305188": [
        "absatzplus.com//16308193"
    ],
    "11318365": [
        "absatzplus.com//2190547"
    ],
    "11320647": [
        "absatzplus.com//3353877"
    ],
    "11341473": [
        "absatzplus.com//2888964"
    ],
    "11344089": [
        "absatzplus.com//16767014"
    ],
    "11392985": [
        "absatzplus.com//5631693"
    ],
    "11421926": [
        "absatzplus.com//10187654"
    ],
    "11428342": [
        "absatzplus.com//6213454"
    ],
    "11437746": [
        "absatzplus.com//4358233"
    ],
    "11473291": [
        "absatzplus.com//9734659"
    ],
    "11507964": [
        "absatzplus.com//575262"
    ],
    "11541978": [
        "absatzplus.com//3658409"
    ],
    "11542480": [
        "absatzplus.com//17076394"
    ],
    "11551179": [
        "absatzplus.com//2307144"
    ],
    "11553515": [
        "absatzplus.com//1169365"
    ],
    "11594677": [
        "absatzplus.com//12698257"
    ],
    "11597308": [
        "absatzplus.com//8702479"
    ],
    "11600293": [
        "absatzplus.com//804137"
    ],
    "11600298": [
        "absatzplus.com//9358315"
    ],
    "11602834": [
        "absatzplus.com//14127086"
    ],
    "11611134": [
        "absatzplus.com//8957301"
    ],
    "11614207": [
        "absatzplus.com//7241804"
    ],
    "11637312": [
        "absatzplus.com//359815"
    ],
    "11643982": [
        "absatzplus.com//12984520"
    ],
    "11645972": [
        "absatzplus.com//8341320"
    ],
    "11715907": [
        "absatzplus.com//12442253"
    ],
    "11717531": [
        "absatzplus.com//8568758"
    ],
    "11781199": [
        "absatzplus.com//14442036"
    ],
    "11816298": [
        "absatzplus.com//9026555"
    ],
    "11828760": [
        "absatzplus.com//8558623"
    ],
    "11833558": [
        "absatzplus.com//15817140"
    ],
    "11847353": [
        "absatzplus.com//10285068"
    ],
    "11852733": [
        "absatzplus.com//15479258"
    ],
    "11854004": [
        "absatzplus.com//4628575"
    ],
    "11860440": [
        "absatzplus.com//10197750"
    ],
    "11866284": [
        "absatzplus.com//12148668"
    ],
    "11870946": [
        "absatzplus.com//13512448"
    ],
    "11885624": [
        "absatzplus.com//16512364"
    ],
    "11902725": [
        "absatzplus.com//896013"
    ],
    "11905491": [
        "absatzplus.com//1487624"
    ],
    "11932121": [
        "absatzplus.com//16089753"
    ],
    "11936627": [
        "absatzplus.com//13009580"
    ],
    "11943747": [
        "absatzplus.com//2667318"
    ],
    "11965507": [
        "absatzplus.com//14896958"
    ],
    "11974259": [
        "absatzplus.com//8078560"
    ],
    "11991569": [
        "absatzplus.com//1993943"
    ],
    "11993154": [
        "absatzplus.com//2702316"
    ],
    "12010808": [
        "absatzplus.com//13490034"
    ],
    "12015598": [
        "absatzplus.com//13964221"
    ],
    "12017871": [
        "absatzplus.com//2510421"
    ],
    "12021809": [
        "absatzplus.com//13934003"
    ],
    "12023213": [
        "absatzplus.com//11330364"
    ],
    "12033790": [
        "absatzplus.com//3424276"
    ],
    "12039068": [
        "absatzplus.com//17042563"
    ],
    "12049389": [
        "absatzplus.com//16872266"
    ],
    "12074698": [
        "absatzplus.com//8707812"
    ],
    "12076839": [
        "absatzplus.com//14402368"
    ],
    "12089514": [
        "absatzplus.com//7655256"
    ],
    "12090699": [
        "absatzplus.com//15697107"
    ],
    "12095220": [
        "absatzplus.com//1629752"
    ],
    "12113197": [
        "absatzplus.com//11428334"
    ],
    "12118776": [
        "absatzplus.com//12173087"
    ],
    "12136697": [
        "absatzplus.com//16599531"
    ],
    "12167184": [
        "absatzplus.com//8274209"
    ],
    "12167188": [
        "absatzplus.com//139417"
    ],
    "12182693": [
        "absatzplus.com//16013237"
    ],
    "12197181": [
        "absatzplus.com//965944"
    ],
    "12199690": [
        "absatzplus.com//8347043"
    ],
    "12201355": [
        "absatzplus.com//1306994"
    ],
    "12201377": [
        "absatzplus.com//9517483"
    ],
    "12216395": [
        "absatzplus.com//5167689"
    ],
    "12217094": [
        "absatzplus.com//1478240"
    ],
    "12221968": [
        "absatzplus.com//12531801"
    ],
    "12229461": [
        "absatzplus.com//3240445"
    ],
    "12247433": [
        "absatzplus.com//17162291"
    ],
    "12249381": [
        "absatzplus.com//11194520"
    ],
    "12250582": [
        "absatzplus.com//4572899"
    ],
    "12270628": [
        "absatzplus.com//9892904"
    ],
    "12274372": [
        "absatzplus.com//10254512"
    ],
    "12289123": [
        "absatzplus.com//312368"
    ],
    "12289300": [
        "absatzplus.com//7835023"
    ],
    "12305662": [
        "absatzplus.com//11447724"
    ],
    "12309692": [
        "absatzplus.com//12941330"
    ],
    "12324550": [
        "absatzplus.com//16437822"
    ],
    "12326225": [
        "absatzplus.com//2712766"
    ],
    "12327367": [
        "absatzplus.com//7819471"
    ],
    "12342616": [
        "absatzplus.com//15791521"
    ],
    "12345957": [
        "absatzplus.com//15677163"
    ],
    "12359887": [
        "absatzplus.com//17306380"
    ],
    "12372487": [
        "absatzplus.com//7447086"
    ],
    "12387105": [
        "absatzplus.com//13701410"
    ],
    "12396940": [
        "absatzplus.com//9907853"
    ],
    "12401587": [
        "absatzplus.com//8240047"
    ],
    "12442007": [
        "absatzplus.com//8497825"
    ],
    "12443997": [
        "absatzplus.com//11525330"
    ],
    "12477804": [
        "absatzplus.com//3112647"
    ],
    "12498016": [
        "absatzplus.com//15515812"
    ],
    "12516717": [
        "absatzplus.com//7053655"
    ],
    "12520405": [
        "absatzplus.com//8693948"
    ],
    "12527822": [
        "absatzplus.com//14217768"
    ],
    "12546237": [
        "absatzplus.com//12351709"
    ],
    "12559380": [
        "absatzplus.com//5930090"
    ],
    "12563109": [
        "absatzplus.com//6334413"
    ],
    "12610389": [
        "absatzplus.com//9801040"
    ],
    "12610554": [
        "absatzplus.com//12917405"
    ],
    "12610557": [
        "absatzplus.com//4774314"
    ],
    "12610576": [
        "absatzplus.com//4727148"
    ],
    "12614084": [
        "absatzplus.com//5450184"
    ],
    "12614085": [
        "absatzplus.com//14008767"
    ],
    "12614086": [
        "absatzplus.com//293253"
    ],
    "12614087": [
        "absatzplus.com//17541603"
    ],
    "12614089": [
        "absatzplus.com//11302343"
    ],
    "12614100": [
        "absatzplus.com//9441414"
    ],
    "12614101": [
        "absatzplus.com//17311808"
    ],
    "12614102": [
        "absatzplus.com//5384168"
    ],
    "12614481": [
        "absatzplus.com//3310670"
    ],
    "12614500": [
        "absatzplus.com//10542203"
    ],
    "12666870": [
        "absatzplus.com//16524942"
    ],
    "12681682": [
        "absatzplus.com//9199474"
    ],
    "12697295": [
        "absatzplus.com//281154"
    ],
    "12700038": [
        "absatzplus.com//14391300"
    ],
    "12700120": [
        "absatzplus.com//16125148"
    ],
    "12714523": [
        "absatzplus.com//5457668"
    ],
    "12746392": [
        "absatzplus.com//1734515"
    ],
    "12763045": [
        "absatzplus.com//5209290"
    ],
    "12763245": [
        "absatzplus.com//16402602"
    ],
    "12782128": [
        "absatzplus.com//9785230"
    ],
    "12783242": [
        "absatzplus.com//7155191"
    ],
    "12790913": [
        "absatzplus.com//4545671"
    ],
    "12801034": [
        "absatzplus.com//16174673"
    ],
    "12815317": [
        "absatzplus.com//2335326"
    ],
    "12817961": [
        "absatzplus.com//11380336"
    ],
    "12837997": [
        "absatzplus.com//8410404"
    ],
    "12841625": [
        "absatzplus.com//14416094"
    ],
    "12842072": [
        "absatzplus.com//344362"
    ],
    "12853044": [
        "absatzplus.com//10057151"
    ],
    "12853047": [
        "absatzplus.com//9641025"
    ],
    "12853048": [
        "absatzplus.com//12542560"
    ],
    "12888922": [
        "absatzplus.com//7278161"
    ],
    "12915017": [
        "absatzplus.com//6441152"
    ],
    "12931295": [
        "absatzplus.com//1804325"
    ],
    "12961851": [
        "absatzplus.com//3579017"
    ],
    "12972083": [
        "absatzplus.com//4240176"
    ],
    "12990432": [
        "absatzplus.com//523094"
    ],
    "12995409": [
        "absatzplus.com//9216788"
    ],
    "13024265": [
        "absatzplus.com//16509824"
    ],
    "13051098": [
        "absatzplus.com//15316340"
    ],
    "13061185": [
        "absatzplus.com//16497629"
    ],
    "13066990": [
        "absatzplus.com//3905954"
    ],
    "13074677": [
        "absatzplus.com//2452877"
    ],
    "13083430": [
        "absatzplus.com//2558754"
    ],
    "13097636": [
        "absatzplus.com//15518787"
    ],
    "13109898": [
        "absatzplus.com//4641275"
    ],
    "13122243": [
        "absatzplus.com//9343178"
    ],
    "13128200": [
        "absatzplus.com//7042516"
    ],
    "13131101": [
        "absatzplus.com//9172053"
    ],
    "13153188": [
        "absatzplus.com//9102825"
    ],
    "13169155": [
        "absatzplus.com//4163216"
    ],
    "13175190": [
        "absatzplus.com//12123746"
    ],
    "13183287": [
        "absatzplus.com//9094720"
    ],
    "13248655": [
        "absatzplus.com//17245079"
    ],
    "13283270": [
        "absatzplus.com//3136626"
    ],
    "13287334": [
        "absatzplus.com//9813649"
    ],
    "13306144": [
        "absatzplus.com//13340301"
    ],
    "13306691": [
        "absatzplus.com//3904991"
    ],
    "13307854": [
        "absatzplus.com//11897394"
    ],
    "13308934": [
        "absatzplus.com//6666780"
    ],
    "13316050": [
        "absatzplus.com//4590987"
    ],
    "13330126": [
        "absatzplus.com//15767477"
    ],
    "13331652": [
        "absatzplus.com//1571939"
    ],
    "13350848": [
        "absatzplus.com//9438639"
    ],
    "13372925": [
        "absatzplus.com//7424638"
    ],
    "13381070": [
        "absatzplus.com//16201921"
    ],
    "13411270": [
        "absatzplus.com//8348465"
    ],
    "13422338": [
        "absatzplus.com//11745295"
    ],
    "13425218": [
        "absatzplus.com//10330033"
    ],
    "13446748": [
        "absatzplus.com//10330269"
    ],
    "13471581": [
        "absatzplus.com//11223390"
    ],
    "13476168": [
        "absatzplus.com//4265026"
    ],
    "13488098": [
        "absatzplus.com//2624272"
    ],
    "13519740": [
        "absatzplus.com//9658741"
    ],
    "13519813": [
        "absatzplus.com//17375759"
    ],
    "13523218": [
        "absatzplus.com//14491075"
    ],
    "13528195": [
        "absatzplus.com//13743999"
    ],
    "13537011": [
        "absatzplus.com//3035035"
    ],
    "13537317": [
        "absatzplus.com//3488418"
    ],
    "13537435": [
        "absatzplus.com//15946283"
    ],
    "13537770": [
        "absatzplus.com//8788783"
    ],
    "13537824": [
        "absatzplus.com//1725781"
    ],
    "13538372": [
        "absatzplus.com//13127795"
    ],
    "13541455": [
        "absatzplus.com//14426305"
    ],
    "13541721": [
        "absatzplus.com//5205497"
    ],
    "13541742": [
        "absatzplus.com//12474471"
    ],
    "13541789": [
        "absatzplus.com//3330686"
    ],
    "13542963": [
        "absatzplus.com//17553453"
    ],
    "13543532": [
        "absatzplus.com//2961798"
    ],
    "13558772": [
        "absatzplus.com//1620857"
    ],
    "13559151": [
        "absatzplus.com//17002342"
    ],
    "13559181": [
        "absatzplus.com//11831064"
    ],
    "13559191": [
        "absatzplus.com//10182158"
    ],
    "13559675": [
        "absatzplus.com//16196388"
    ],
    "13563699": [
        "absatzplus.com//17526768"
    ],
    "13565530": [
        "absatzplus.com//2578817"
    ],
    "13565865": [
        "absatzplus.com//10297782"
    ],
    "13566878": [
        "absatzplus.com//1986402"
    ],
    "13567273": [
        "absatzplus.com//904626"
    ],
    "13568036": [
        "absatzplus.com//11349746"
    ],
    "13568598": [
        "absatzplus.com//15537066"
    ],
    "13569798": [
        "absatzplus.com//9717435"
    ],
    "13572665": [
        "absatzplus.com//3284912"
    ],
    "13575393": [
        "absatzplus.com//4080720"
    ],
    "13577596": [
        "absatzplus.com//9741747"
    ],
    "13579566": [
        "absatzplus.com//10695619"
    ],
    "13579816": [
        "absatzplus.com//13812025"
    ],
    "13579921": [
        "absatzplus.com//13974177"
    ],
    "13580380": [
        "absatzplus.com//16663990"
    ],
    "13580782": [
        "absatzplus.com//14226377"
    ],
    "13580948": [
        "absatzplus.com//347820"
    ],
    "13581605": [
        "absatzplus.com//1341315"
    ],
    "13581634": [
        "absatzplus.com//15316636"
    ],
    "13582150": [
        "absatzplus.com//10833329"
    ],
    "13583293": [
        "absatzplus.com//7972492"
    ],
    "13584556": [
        "absatzplus.com//8688056"
    ],
    "13584583": [
        "absatzplus.com//14384964"
    ],
    "13591066": [
        "absatzplus.com//12412625"
    ],
    "13596827": [
        "absatzplus.com//3373930"
    ],
    "13623244": [
        "absatzplus.com//4624994"
    ],
    "13627907": [
        "absatzplus.com//11807943"
    ],
    "13627925": [
        "absatzplus.com//6722865"
    ],
    "13637608": [
        "absatzplus.com//10947359"
    ],
    "13646344": [
        "absatzplus.com//6188332"
    ],
    "13659041": [
        "absatzplus.com//7859190"
    ],
    "13659043": [
        "absatzplus.com//3805368"
    ],
    "13659045": [
        "absatzplus.com//16789488"
    ],
    "13663683": [
        "absatzplus.com//12725582"
    ],
    "13667724": [
        "absatzplus.com//3894436"
    ],
    "13672358": [
        "absatzplus.com//2126322"
    ],
    "13676961": [
        "absatzplus.com//6817840"
    ],
    "13700009": [
        "absatzplus.com//8902622"
    ],
    "13701374": [
        "absatzplus.com//17001354"
    ],
    "13731519": [
        "absatzplus.com//2109747"
    ],
    "13737762": [
        "absatzplus.com//506561"
    ],
    "13738761": [
        "absatzplus.com//17295991"
    ],
    "13744711": [
        "absatzplus.com//15912426"
    ],
    "13747670": [
        "absatzplus.com//5911244"
    ],
    "13780343": [
        "absatzplus.com//2662552"
    ],
    "13783899": [
        "absatzplus.com//13772039"
    ],
    "13798892": [
        "absatzplus.com//14021480"
    ],
    "13799773": [
        "absatzplus.com//162133"
    ],
    "13800062": [
        "absatzplus.com//5830633"
    ],
    "13801634": [
        "absatzplus.com//7237033"
    ],
    "13807262": [
        "absatzplus.com//3004454"
    ],
    "13810433": [
        "absatzplus.com//11495391"
    ],
    "13829388": [
        "absatzplus.com//1683955"
    ],
    "13842842": [
        "absatzplus.com//9948523"
    ],
    "13846346": [
        "absatzplus.com//16227679"
    ],
    "13856690": [
        "absatzplus.com//10762175"
    ],
    "13858729": [
        "absatzplus.com//16150231"
    ],
    "13860268": [
        "absatzplus.com//7045630"
    ],
    "13906272": [
        "absatzplus.com//13541946"
    ],
    "13946662": [
        "absatzplus.com//12188831"
    ],
    "13958736": [
        "absatzplus.com//6945488"
    ],
    "13966949": [
        "absatzplus.com//9341236"
    ],
    "13977759": [
        "absatzplus.com//2267569"
    ],
    "13980331": [
        "absatzplus.com//16444786"
    ],
    "14001022": [
        "absatzplus.com//5549637"
    ],
    "14008667": [
        "absatzplus.com//4178792"
    ],
    "14009492": [
        "absatzplus.com//12312098"
    ],
    "14025287": [
        "absatzplus.com//14911758"
    ],
    "14055700": [
        "absatzplus.com//7950309"
    ],
    "14103080": [
        "absatzplus.com//14526707"
    ],
    "14107123": [
        "absatzplus.com//14975816"
    ],
    "14112325": [
        "absatzplus.com//9887969"
    ],
    "14115888": [
        "absatzplus.com//12951007"
    ],
    "14116656": [
        "absatzplus.com//9443808"
    ],
    "14120926": [
        "absatzplus.com//1984667"
    ],
    "14128412": [
        "absatzplus.com//10935418"
    ],
    "14206336": [
        "absatzplus.com//15524528"
    ],
    "14206996": [
        "absatzplus.com//383908"
    ],
    "14207044": [
        "absatzplus.com//16249070"
    ],
    "14219836": [
        "absatzplus.com//3259141"
    ],
    "14219839": [
        "absatzplus.com//10054720"
    ],
    "14219842": [
        "absatzplus.com//10741020"
    ],
    "14219893": [
        "absatzplus.com//6174896"
    ],
    "14228571": [
        "absatzplus.com//11933035"
    ],
    "14239049": [
        "absatzplus.com//9065831"
    ],
    "14251371": [
        "absatzplus.com//15540410"
    ],
    "14254995": [
        "absatzplus.com//8111519"
    ],
    "14260828": [
        "absatzplus.com//10477820"
    ],
    "14292690": [
        "absatzplus.com//4086828"
    ],
    "14313069": [
        "absatzplus.com//11817131"
    ],
    "14321239": [
        "absatzplus.com//3762009"
    ],
    "14325205": [
        "absatzplus.com//2238392"
    ],
    "14329722": [
        "absatzplus.com//2757175"
    ],
    "14329723": [
        "absatzplus.com//15379054"
    ],
    "14330738": [
        "absatzplus.com//11775096"
    ],
    "14345641": [
        "absatzplus.com//7750900"
    ],
    "14345652": [
        "absatzplus.com//12723349"
    ],
    "14364667": [
        "absatzplus.com//5730775"
    ],
    "14381213": [
        "absatzplus.com//12570133"
    ],
    "14392410": [
        "absatzplus.com//16537199"
    ],
    "14395772": [
        "absatzplus.com//12797636"
    ],
    "14402599": [
        "absatzplus.com//8454128"
    ],
    "14415507": [
        "absatzplus.com//563576"
    ],
    "14432219": [
        "absatzplus.com//10864833"
    ],
    "14453955": [
        "absatzplus.com//17141713"
    ],
    "14469507": [
        "absatzplus.com//16809950"
    ],
    "14479695": [
        "absatzplus.com//13630025"
    ],
    "14482595": [
        "absatzplus.com//15493675"
    ],
    "14486243": [
        "absatzplus.com//4890267"
    ],
    "14493864": [
        "absatzplus.com//13885049"
    ],
    "14503658": [
        "absatzplus.com//6859314"
    ],
    "14523268": [
        "absatzplus.com//2970537"
    ],
    "14528374": [
        "absatzplus.com//12668434"
    ],
    "14535655": [
        "absatzplus.com//15679279"
    ],
    "14538066": [
        "absatzplus.com//6258704"
    ],
    "14540308": [
        "absatzplus.com//14770164"
    ],
    "14573004": [
        "absatzplus.com//170950"
    ],
    "14604041": [
        "absatzplus.com//13885117"
    ],
    "14609220": [
        "absatzplus.com//4878854"
    ],
    "14609221": [
        "absatzplus.com//12426482"
    ],
    "14609224": [
        "absatzplus.com//1346790"
    ],
    "14617690": [
        "absatzplus.com//11465526"
    ],
    "14620585": [
        "absatzplus.com//15906458"
    ],
    "14623502": [
        "absatzplus.com//16275454"
    ],
    "14623510": [
        "absatzplus.com//1163639"
    ],
    "14623512": [
        "absatzplus.com//13983404"
    ],
    "14623513": [
        "absatzplus.com//8525883"
    ],
    "14623515": [
        "absatzplus.com//281615"
    ],
    "14623518": [
        "absatzplus.com//429486"
    ],
    "14623520": [
        "absatzplus.com//294736"
    ],
    "14623521": [
        "absatzplus.com//14623568"
    ],
    "14643674": [
        "absatzplus.com//15591911"
    ],
    "14648433": [
        "absatzplus.com//180770"
    ],
    "14656332": [
        "absatzplus.com//2129246"
    ],
    "14658908": [
        "absatzplus.com//7480707"
    ],
    "14659437": [
        "absatzplus.com//15470919"
    ],
    "14660074": [
        "absatzplus.com//975104"
    ],
    "14667552": [
        "absatzplus.com//3207242"
    ],
    "14674118": [
        "absatzplus.com//4860247"
    ],
    "14683870": [
        "absatzplus.com//2404596"
    ],
    "14686208": [
        "absatzplus.com//10286974"
    ],
    "14691054": [
        "absatzplus.com//15200481"
    ],
    "14691414": [
        "absatzplus.com//10004480"
    ],
    "14741967": [
        "absatzplus.com//2846156"
    ],
    "1474256": [
        "absatzplus.com//8775042"
    ],
    "14744380": [
        "absatzplus.com//15156385"
    ],
    "14753350": [
        "absatzplus.com//5695535"
    ],
    "14756526": [
        "absatzplus.com//8866241"
    ],
    "14775144": [
        "absatzplus.com//9805543"
    ],
    "14775601": [
        "absatzplus.com//13360072"
    ],
    "14792681": [
        "absatzplus.com//14725920"
    ],
    "14800398": [
        "absatzplus.com//8631599"
    ],
    "14801357": [
        "absatzplus.com//13436508"
    ],
    "14820459": [
        "absatzplus.com//14997892"
    ],
    "14822438": [
        "absatzplus.com//8024781"
    ],
    "14824659": [
        "absatzplus.com//890717"
    ],
    "14826888": [
        "absatzplus.com//3605515"
    ],
    "14840210": [
        "absatzplus.com//9875775"
    ],
    "14848225": [
        "absatzplus.com//14606486"
    ],
    "14853422": [
        "absatzplus.com//925492"
    ],
    "14857677": [
        "absatzplus.com//10748632"
    ],
    "14891633": [
        "absatzplus.com//1227550"
    ],
    "14891682": [
        "absatzplus.com//2787317"
    ],
    "14892594": [
        "absatzplus.com//8624119"
    ],
    "14903253": [
        "absatzplus.com//676743"
    ],
    "14904556": [
        "absatzplus.com//2594962"
    ],
    "14917696": [
        "absatzplus.com//494344"
    ],
    "14925340": [
        "absatzplus.com//89630"
    ],
    "14926547": [
        "absatzplus.com//6887339"
    ],
    "1493138": [
        "absatzplus.com//6017412"
    ],
    "14932689": [
        "absatzplus.com//10877225"
    ],
    "14932697": [
        "absatzplus.com//14534723"
    ],
    "14933456": [
        "absatzplus.com//7382763"
    ],
    "14933903": [
        "absatzplus.com//6877189"
    ],
    "14933909": [
        "absatzplus.com//15568690"
    ],
    "14940159": [
        "absatzplus.com//16035764"
    ],
    "14940194": [
        "absatzplus.com//7054225"
    ],
    "14948877": [
        "absatzplus.com//15583005"
    ],
    "14950113": [
        "absatzplus.com//11554958"
    ],
    "14950115": [
        "absatzplus.com//2559765"
    ],
    "14950116": [
        "absatzplus.com//12200120"
    ],
    "14950117": [
        "absatzplus.com//1702809"
    ],
    "14950122": [
        "absatzplus.com//16908599"
    ],
    "14961113": [
        "absatzplus.com//7268620"
    ],
    "14966702": [
        "absatzplus.com//13625961"
    ],
    "14972898": [
        "absatzplus.com//14993108"
    ],
    "14981489": [
        "absatzplus.com//12742271"
    ],
    "14981491": [
        "absatzplus.com//11668008"
    ],
    "14981497": [
        "absatzplus.com//15464166"
    ],
    "14983647": [
        "absatzplus.com//4731164"
    ],
    "14996549": [
        "absatzplus.com//13897712"
    ],
    "15004755": [
        "absatzplus.com//2591145"
    ],
    "15025848": [
        "absatzplus.com//3017534"
    ],
    "15053589": [
        "absatzplus.com//6648054"
    ],
    "15062166": [
        "absatzplus.com//8031485"
    ],
    "15062168": [
        "absatzplus.com//16261233"
    ],
    "15062186": [
        "absatzplus.com//2051746"
    ],
    "15065461": [
        "absatzplus.com//5144740"
    ],
    "15072323": [
        "absatzplus.com//11563463"
    ],
    "15072935": [
        "absatzplus.com//6926959"
    ],
    "15093847": [
        "absatzplus.com//9072297"
    ],
    "15151546": [
        "absatzplus.com//6080994"
    ],
    "15152606": [
        "absatzplus.com//11042120"
    ],
    "15161271": [
        "absatzplus.com//1288341"
    ],
    "15180372": [
        "absatzplus.com//6426524"
    ],
    "15181332": [
        "absatzplus.com//16029322"
    ],
    "15192766": [
        "absatzplus.com//13443389"
    ],
    "15195462": [
        "absatzplus.com//16552860"
    ],
    "15203985": [
        "absatzplus.com//6340860"
    ],
    "15205064": [
        "absatzplus.com//8502589"
    ],
    "15208069": [
        "absatzplus.com//14620855"
    ],
    "15210566": [
        "absatzplus.com//14098216"
    ],
    "15211897": [
        "absatzplus.com//11435916"
    ],
    "15214602": [
        "absatzplus.com//10253803"
    ],
    "15226995": [
        "absatzplus.com//11897629"
    ],
    "15228793": [
        "absatzplus.com//12070980"
    ],
    "15267485": [
        "absatzplus.com//2431186"
    ],
    "15272551": [
        "absatzplus.com//3677835"
    ],
    "15296557": [
        "absatzplus.com//2354219"
    ],
    "15297792": [
        "absatzplus.com//5960977"
    ],
    "15297871": [
        "absatzplus.com//13344765"
    ],
    "15303416": [
        "absatzplus.com//8827669"
    ],
    "15332847": [
        "absatzplus.com//9898327"
    ],
    "15334644": [
        "absatzplus.com//13625668"
    ],
    "15355429": [
        "absatzplus.com//11572345"
    ],
    "15367647": [
        "absatzplus.com//8116951"
    ],
    "15381094": [
        "absatzplus.com//5783555"
    ],
    "15400996": [
        "absatzplus.com//12699404"
    ],
    "15409525": [
        "absatzplus.com//12436580"
    ],
    "15414015": [
        "absatzplus.com//4290467"
    ],
    "15421235": [
        "absatzplus.com//13271744"
    ],
    "15423451": [
        "absatzplus.com//637374"
    ],
    "15427642": [
        "absatzplus.com//3061895"
    ],
    "15438726": [
        "absatzplus.com//7805223"
    ],
    "15442882": [
        "absatzplus.com//14396280"
    ],
    "15445901": [
        "absatzplus.com//4893967"
    ],
    "15455400": [
        "absatzplus.com//3205145"
    ],
    "15473541": [
        "absatzplus.com//3323015"
    ],
    "15500448": [
        "absatzplus.com//4380647"
    ],
    "15500846": [
        "absatzplus.com//13791784"
    ],
    "15520703": [
        "absatzplus.com//11331875"
    ],
    "15521488": [
        "absatzplus.com//10544965"
    ],
    "15543774": [
        "absatzplus.com//12416915"
    ],
    "15552060": [
        "absatzplus.com//10938684"
    ],
    "15567607": [
        "absatzplus.com//898726"
    ],
    "15570904": [
        "absatzplus.com//12390840"
    ],
    "15576637": [
        "absatzplus.com//12554958"
    ],
    "15585865": [
        "absatzplus.com//12062390"
    ],
    "15599510": [
        "absatzplus.com//1654233"
    ],
    "15604213": [
        "absatzplus.com//9475523"
    ],
    "15604476": [
        "absatzplus.com//7349499"
    ],
    "15605309": [
        "absatzplus.com//15958739"
    ],
    "15610194": [
        "absatzplus.com//13205422"
    ],
    "15644275": [
        "absatzplus.com//6833128"
    ],
    "15656485": [
        "absatzplus.com//8001331"
    ],
    "15658630": [
        "absatzplus.com//12700524"
    ],
    "15660334": [
        "absatzplus.com//9838124"
    ],
    "15664392": [
        "absatzplus.com//13488480"
    ],
    "15667858": [
        "absatzplus.com//8879054"
    ],
    "15672212": [
        "absatzplus.com//15367072"
    ],
    "15676313": [
        "absatzplus.com//3217522"
    ],
    "15677252": [
        "absatzplus.com//6804127"
    ],
    "15677799": [
        "absatzplus.com//5435738"
    ],
    "15691499": [
        "absatzplus.com//16896783"
    ],
    "15700859": [
        "absatzplus.com//14418082"
    ],
    "15701247": [
        "absatzplus.com//2118241"
    ],
    "15701356": [
        "absatzplus.com//13340368"
    ],
    "15704189": [
        "absatzplus.com//7973147"
    ],
    "15704879": [
        "absatzplus.com//16530223"
    ],
    "15705404": [
        "absatzplus.com//11877111"
    ],
    "15705518": [
        "absatzplus.com//9173572"
    ],
    "15705908": [
        "absatzplus.com//12233958"
    ],
    "15706313": [
        "absatzplus.com//10479051"
    ],
    "15706405": [
        "absatzplus.com//11252406"
    ],
    "15706918": [
        "absatzplus.com//10317360"
    ],
    "15707789": [
        "absatzplus.com//10329487"
    ],
    "15707827": [
        "absatzplus.com//7529660"
    ],
    "15707828": [
        "absatzplus.com//11728898"
    ],
    "15713716": [
        "absatzplus.com//6622116"
    ],
    "15713746": [
        "absatzplus.com//9663143"
    ],
    "15716669": [
        "absatzplus.com//819439"
    ],
    "15716774": [
        "absatzplus.com//16058729"
    ],
    "15717010": [
        "absatzplus.com//5931797"
    ],
    "15717609": [
        "absatzplus.com//16666268"
    ],
    "15717663": [
        "absatzplus.com//14449044"
    ],
    "15718758": [
        "absatzplus.com//2155762"
    ],
    "15719560": [
        "absatzplus.com//5909588"
    ],
    "15720975": [
        "absatzplus.com//13212405"
    ],
    "15722050": [
        "absatzplus.com//15002657"
    ],
    "15722492": [
        "absatzplus.com//3304671"
    ],
    "15722610": [
        "absatzplus.com//653309"
    ],
    "15722665": [
        "absatzplus.com//1311775"
    ],
    "15722942": [
        "absatzplus.com//14446073"
    ],
    "15726453": [
        "absatzplus.com//17168122"
    ],
    "15738969": [
        "absatzplus.com//10008173"
    ],
    "15740795": [
        "absatzplus.com//3677426"
    ],
    "15755870": [
        "absatzplus.com//13023984"
    ],
    "15756590": [
        "absatzplus.com//1416231"
    ],
    "15756953": [
        "absatzplus.com//2218835"
    ],
    "15760845": [
        "absatzplus.com//13642456"
    ],
    "15760913": [
        "absatzplus.com//14171039"
    ],
    "15761362": [
        "absatzplus.com//12859495"
    ],
    "15761489": [
        "absatzplus.com//8860917"
    ],
    "15761982": [
        "absatzplus.com//5364517"
    ],
    "15762440": [
        "absatzplus.com//14889407"
    ],
    "15762504": [
        "absatzplus.com//11324423"
    ],
    "15763887": [
        "absatzplus.com//11504051"
    ],
    "15764332": [
        "absatzplus.com//13584162"
    ],
    "15766963": [
        "absatzplus.com//1410317"
    ],
    "15767010": [
        "absatzplus.com//4927932"
    ],
    "15767012": [
        "absatzplus.com//2846257"
    ],
    "15768386": [
        "absatzplus.com//15848226"
    ],
    "15770420": [
        "absatzplus.com//6898574"
    ],
    "15770754": [
        "absatzplus.com//2457206"
    ],
    "15770780": [
        "absatzplus.com//11908207"
    ],
    "15771145": [
        "absatzplus.com//11520823"
    ],
    "15772126": [
        "absatzplus.com//9158250"
    ],
    "15776550": [
        "absatzplus.com//2786095"
    ],
    "15778610": [
        "absatzplus.com//2726307"
    ],
    "15786851": [
        "absatzplus.com//6257069"
    ],
    "15787218": [
        "absatzplus.com//11082774"
    ],
    "15788169": [
        "absatzplus.com//10148103"
    ],
    "15788258": [
        "absatzplus.com//15380499"
    ],
    "15788774": [
        "absatzplus.com//10878053"
    ],
    "15789166": [
        "absatzplus.com//390275"
    ],
    "15789727": [
        "absatzplus.com//5241991"
    ],
    "15790978": [
        "absatzplus.com//3378759"
    ],
    "15794746": [
        "absatzplus.com//14450154"
    ],
    "15795246": [
        "absatzplus.com//11131374"
    ],
    "15795327": [
        "absatzplus.com//12900834"
    ],
    "15795594": [
        "absatzplus.com//8749447"
    ],
    "15803433": [
        "absatzplus.com//8958119"
    ],
    "15803458": [
        "absatzplus.com//12346786"
    ],
    "15804011": [
        "absatzplus.com//8562314"
    ],
    "15804291": [
        "absatzplus.com//5991961"
    ],
    "15804347": [
        "absatzplus.com//2294792"
    ],
    "15804786": [
        "absatzplus.com//8766006"
    ],
    "15804845": [
        "absatzplus.com//6930210"
    ],
    "15805327": [
        "absatzplus.com//16225660"
    ],
    "15805409": [
        "absatzplus.com//1888169"
    ],
    "15805752": [
        "absatzplus.com//7137327"
    ],
    "15809607": [
        "absatzplus.com//5969821"
    ],
    "15818760": [
        "absatzplus.com//11701479"
    ],
    "15823744": [
        "absatzplus.com//12539770"
    ],
    "15831932": [
        "absatzplus.com//17170974"
    ],
    "15832267": [
        "absatzplus.com//12582947"
    ],
    "15833187": [
        "absatzplus.com//8704973"
    ],
    "15836118": [
        "absatzplus.com//9303837"
    ],
    "15836155": [
        "absatzplus.com//12054610"
    ],
    "15837023": [
        "absatzplus.com//4377022"
    ],
    "15837464": [
        "absatzplus.com//2209569"
    ],
    "15837545": [
        "absatzplus.com//17052677"
    ],
    "15837899": [
        "absatzplus.com//1276443"
    ],
    "15838219": [
        "absatzplus.com//9250270"
    ],
    "15859401": [
        "absatzplus.com//2985977"
    ],
    "15859469": [
        "absatzplus.com//3668810"
    ],
    "15874492": [
        "absatzplus.com//13516005"
    ],
    "15886113": [
        "absatzplus.com//3232190"
    ],
    "15895897": [
        "absatzplus.com//7319098"
    ],
    "15924092": [
        "absatzplus.com//497293"
    ],
    "15948871": [
        "absatzplus.com//12967307"
    ],
    "15971700": [
        "absatzplus.com//13155226"
    ],
    "15983053": [
        "absatzplus.com//1773652"
    ],
    "15994210": [
        "absatzplus.com//6679303"
    ],
    "15999782": [
        "absatzplus.com//12458430"
    ],
    "16005425": [
        "absatzplus.com//14875705"
    ],
    "16005700": [
        "absatzplus.com//2608779"
    ],
    "16011844": [
        "absatzplus.com//7573297"
    ],
    "16014660": [
        "absatzplus.com//7960509"
    ],
    "16018020": [
        "absatzplus.com//2092737"
    ],
    "16023246": [
        "absatzplus.com//596169"
    ],
    "16025566": [
        "absatzplus.com//6443483"
    ],
    "16025970": [
        "absatzplus.com//9338726"
    ],
    "16039009": [
        "absatzplus.com//3068430"
    ],
    "16040735": [
        "absatzplus.com//7568218"
    ],
    "16066876": [
        "absatzplus.com//2835785"
    ],
    "16072630": [
        "absatzplus.com//3842443"
    ],
    "16089430": [
        "absatzplus.com//8643164"
    ],
    "16090738": [
        "absatzplus.com//15621453"
    ],
    "16097591": [
        "absatzplus.com//6667955"
    ],
    "16110169": [
        "absatzplus.com//3227278"
    ],
    "16110595": [
        "absatzplus.com//16532882"
    ],
    "16111097": [
        "absatzplus.com//9351722"
    ],
    "16111139": [
        "absatzplus.com//13449280"
    ],
    "16111492": [
        "absatzplus.com//443901"
    ],
    "16113011": [
        "absatzplus.com//5977595"
    ],
    "16113382": [
        "absatzplus.com//16616754"
    ],
    "16116763": [
        "absatzplus.com//3153364"
    ],
    "16116789": [
        "absatzplus.com//8232161"
    ],
    "16117191": [
        "absatzplus.com//7079770"
    ],
    "16117432": [
        "absatzplus.com//12134655"
    ],
    "16121754": [
        "absatzplus.com//14765448"
    ],
    "16122078": [
        "absatzplus.com//771773"
    ],
    "16122175": [
        "absatzplus.com//16328311"
    ],
    "16123167": [
        "absatzplus.com//6232326"
    ],
    "16125993": [
        "absatzplus.com//7424542"
    ],
    "16126040": [
        "absatzplus.com//16990025"
    ],
    "16126443": [
        "absatzplus.com//2779222"
    ],
    "16127144": [
        "absatzplus.com//3712709"
    ],
    "16128478": [
        "absatzplus.com//10935739"
    ],
    "16131530": [
        "absatzplus.com//15789668"
    ],
    "16133046": [
        "absatzplus.com//13455475"
    ],
    "16133094": [
        "absatzplus.com//15480965"
    ],
    "16139531": [
        "absatzplus.com//9724350"
    ],
    "16139585": [
        "absatzplus.com//5191133"
    ],
    "16139907": [
        "absatzplus.com//16385638"
    ],
    "16139986": [
        "absatzplus.com//9335174"
    ],
    "16142642": [
        "absatzplus.com//15604870"
    ],
    "16143078": [
        "absatzplus.com//17364423"
    ],
    "16143645": [
        "absatzplus.com//10637380"
    ],
    "16143784": [
        "absatzplus.com//11879573"
    ],
    "16144683": [
        "absatzplus.com//16054480"
    ],
    "16146039": [
        "absatzplus.com//8215356"
    ],
    "16149151": [
        "absatzplus.com//4222998"
    ],
    "16149524": [
        "absatzplus.com//16399593"
    ],
    "16149605": [
        "absatzplus.com//16418854"
    ],
    "16154147": [
        "absatzplus.com//5671625"
    ],
    "16154250": [
        "absatzplus.com//13975200"
    ],
    "16155143": [
        "absatzplus.com//11205385"
    ],
    "16155492": [
        "absatzplus.com//4219639"
    ],
    "16156369": [
        "absatzplus.com//17382452"
    ],
    "16158302": [
        "absatzplus.com//7045244"
    ],
    "16158405": [
        "absatzplus.com//15830607"
    ],
    "16159209": [
        "absatzplus.com//12403221"
    ],
    "16159756": [
        "absatzplus.com//13981954"
    ],
    "16160254": [
        "absatzplus.com//14079524"
    ],
    "16160655": [
        "absatzplus.com//3610983"
    ],
    "16173029": [
        "absatzplus.com//2431091"
    ],
    "16178175": [
        "absatzplus.com//6813274"
    ],
    "16179078": [
        "absatzplus.com//2444207"
    ],
    "16181398": [
        "absatzplus.com//13169070"
    ],
    "16181576": [
        "absatzplus.com//4861188"
    ],
    "16192170": [
        "absatzplus.com//12258948"
    ],
    "16203807": [
        "absatzplus.com//493793"
    ],
    "16204181": [
        "absatzplus.com//586294"
    ],
    "16204571": [
        "absatzplus.com//15391504"
    ],
    "16204959": [
        "absatzplus.com//13690268"
    ],
    "16205073": [
        "absatzplus.com//14246306"
    ],
    "16205162": [
        "absatzplus.com//17102429"
    ],
    "16210814": [
        "absatzplus.com//3720328"
    ],
    "16228734": [
        "absatzplus.com//2914694"
    ],
    "16241311": [
        "absatzplus.com//11939255"
    ],
    "16246672": [
        "absatzplus.com//3492167"
    ],
    "16272081": [
        "absatzplus.com//17479359"
    ],
    "16278751": [
        "absatzplus.com//603284"
    ],
    "16282984": [
        "absatzplus.com//16032441"
    ],
    "16289836": [
        "absatzplus.com//1038057"
    ],
    "16290884": [
        "absatzplus.com//13248889"
    ],
    "16300990": [
        "absatzplus.com//3704386"
    ],
    "16314369": [
        "absatzplus.com//10613847"
    ],
    "16319913": [
        "absatzplus.com//13051668"
    ],
    "16319949": [
        "absatzplus.com//12933205"
    ],
    "16335036": [
        "absatzplus.com//8760133"
    ],
    "16370423": [
        "absatzplus.com//857464"
    ],
    "1638577": [
        "absatzplus.com//16187546"
    ],
    "1841617": [
        "absatzplus.com//14588280"
    ],
    "1886477": [
        "absatzplus.com//15373870"
    ],
    "1893276": [
        "absatzplus.com//3705822"
    ],
    "1928198": [
        "absatzplus.com//1454946"
    ],
    "1929040": [
        "absatzplus.com//10801067"
    ],
    "1930299": [
        "absatzplus.com//15890126"
    ],
    "1933498": [
        "absatzplus.com//2517631"
    ],
    "1944203": [
        "absatzplus.com//17356153"
    ],
    "1959236": [
        "absatzplus.com//12957618"
    ],
    "1962230": [
        "absatzplus.com//10182850"
    ],
    "1965774": [
        "absatzplus.com//9347614"
    ],
    "1970880": [
        "absatzplus.com//606657"
    ],
    "1975023": [
        "absatzplus.com//17523391"
    ],
    "1977017": [
        "absatzplus.com//10754554"
    ],
    "1985894": [
        "absatzplus.com//12218077"
    ],
    "1992672": [
        "absatzplus.com//16500561"
    ],
    "1994765": [
        "absatzplus.com//7294906"
    ],
    "2003693": [
        "absatzplus.com//11572884"
    ],
    "2008548": [
        "absatzplus.com//10881545"
    ],
    "2009761": [
        "absatzplus.com//14307079"
    ],
    "2024067": [
        "absatzplus.com//17104324"
    ],
    "2024612": [
        "absatzplus.com//8184052"
    ],
    "2036306": [
        "absatzplus.com//10745756"
    ],
    "2040722": [
        "absatzplus.com//2459967"
    ],
    "2052441": [
        "absatzplus.com//15983446"
    ],
    "2056832": [
        "absatzplus.com//3765231"
    ],
    "2070172": [
        "absatzplus.com//5312818"
    ],
    "2070965": [
        "absatzplus.com//8787564"
    ],
    "2075445": [
        "absatzplus.com//14861894"
    ],
    "2076490": [
        "absatzplus.com//8471451"
    ],
    "2103234": [
        "absatzplus.com//2046894"
    ],
    "2106486": [
        "absatzplus.com//16735773"
    ],
    "2112647": [
        "absatzplus.com//4342149"
    ],
    "2125625": [
        "absatzplus.com//6342952"
    ],
    "2127806": [
        "absatzplus.com//2770333"
    ],
    "2128962": [
        "absatzplus.com//2159880"
    ],
    "2185609": [
        "absatzplus.com//13715587"
    ],
    "2205968": [
        "absatzplus.com//14475157"
    ],
    "2226012": [
        "absatzplus.com//16623492"
    ],
    "2234790": [
        "absatzplus.com//11269445"
    ],
    "2237490": [
        "absatzplus.com//2050901"
    ],
    "2245193": [
        "absatzplus.com//675450"
    ],
    "2245466": [
        "absatzplus.com//9975681"
    ],
    "2252342": [
        "absatzplus.com//5037026"
    ],
    "2256431": [
        "absatzplus.com//5266364"
    ],
    "2270918": [
        "absatzplus.com//15227410"
    ],
    "2271152": [
        "absatzplus.com//7571999"
    ],
    "2275302": [
        "absatzplus.com//1019122"
    ],
    "2277779": [
        "absatzplus.com//9606023"
    ],
    "2283843": [
        "absatzplus.com//16200113"
    ],
    "2289288": [
        "absatzplus.com//9681029"
    ],
    "2293558": [
        "absatzplus.com//12510753"
    ],
    "2293637": [
        "absatzplus.com//14065909"
    ],
    "2293712": [
        "absatzplus.com//6485144"
    ],
    "2300145": [
        "absatzplus.com//15571353"
    ],
    "2311807": [
        "absatzplus.com//8165305"
    ],
    "2339330": [
        "absatzplus.com//16960201"
    ],
    "2359126": [
        "absatzplus.com//8961625"
    ],
    "2364191": [
        "absatzplus.com//5137001"
    ],
    "2365517": [
        "absatzplus.com//13464149"
    ],
    "2378581": [
        "absatzplus.com//10786945"
    ],
    "2380217": [
        "absatzplus.com//16369638"
    ],
    "2407286": [
        "absatzplus.com//16080911"
    ],
    "2465113": [
        "absatzplus.com//9211353"
    ],
    "2465529": [
        "absatzplus.com//6717343"
    ],
    "2486896": [
        "absatzplus.com//3547760"
    ],
    "2500346": [
        "absatzplus.com//2551918"
    ],
    "2504309": [
        "absatzplus.com//4467718"
    ],
    "2506451": [
        "absatzplus.com//2406802"
    ],
    "2510526": [
        "absatzplus.com//14088426"
    ],
    "2518535": [
        "absatzplus.com//10137875"
    ],
    "2519502": [
        "absatzplus.com//1765511"
    ],
    "2525170": [
        "absatzplus.com//2496788"
    ],
    "2525369": [
        "absatzplus.com//7701034"
    ],
    "2549997": [
        "absatzplus.com//10330246"
    ],
    "2550210": [
        "absatzplus.com//14980760"
    ],
    "2558460": [
        "absatzplus.com//1990289"
    ],
    "2577103": [
        "absatzplus.com//14859139"
    ],
    "2577531": [
        "absatzplus.com//11489808"
    ],
    "2597368": [
        "absatzplus.com//4730374"
    ],
    "2600625": [
        "absatzplus.com//12588597"
    ],
    "2622281": [
        "absatzplus.com//12834558"
    ],
    "2622569": [
        "absatzplus.com//10384863"
    ],
    "2639824": [
        "absatzplus.com//15648745"
    ],
    "2640027": [
        "absatzplus.com//4531021"
    ],
    "2649110": [
        "absatzplus.com//8065619"
    ],
    "2652815": [
        "absatzplus.com//12879554"
    ],
    "2657407": [
        "absatzplus.com//12577533"
    ],
    "2691745": [
        "absatzplus.com//12250660"
    ],
    "2701251": [
        "absatzplus.com//10876022"
    ],
    "2738631": [
        "absatzplus.com//3951801"
    ],
    "2762335": [
        "absatzplus.com//4429003"
    ],
    "2775992": [
        "absatzplus.com//6716002"
    ],
    "2791276": [
        "absatzplus.com//16402619"
    ],
    "2807925": [
        "absatzplus.com//1540572"
    ],
    "2812564": [
        "absatzplus.com//3101440"
    ],
    "2898413": [
        "absatzplus.com//3151532"
    ],
    "2914950": [
        "absatzplus.com//740282"
    ],
    "2919132": [
        "absatzplus.com//12929066"
    ],
    "2925061": [
        "absatzplus.com//5388230"
    ],
    "2927823": [
        "absatzplus.com//1495360"
    ],
    "2952044": [
        "absatzplus.com//7327831"
    ],
    "2965998": [
        "absatzplus.com//14857778"
    ],
    "2989434": [
        "absatzplus.com//1182270"
    ],
    "2990712": [
        "absatzplus.com//13400582"
    ],
    "3001503": [
        "absatzplus.com//7610163"
    ],
    "3018098": [
        "absatzplus.com//3352030"
    ],
    "3019369": [
        "absatzplus.com//12236683"
    ],
    "3032786": [
        "absatzplus.com//12664925"
    ],
    "3040540": [
        "absatzplus.com//8606584"
    ],
    "3050146": [
        "absatzplus.com//2159466"
    ],
    "3051633": [
        "absatzplus.com//11796286"
    ],
    "3056265": [
        "absatzplus.com//10384650"
    ],
    "3066397": [
        "absatzplus.com//15844238"
    ],
    "3069604": [
        "absatzplus.com//9166786"
    ],
    "3070825": [
        "absatzplus.com//2092678"
    ],
    "3077795": [
        "absatzplus.com//2297200"
    ],
    "3086065": [
        "absatzplus.com//1927505"
    ],
    "3125532": [
        "absatzplus.com//3837061"
    ],
    "3130276": [
        "absatzplus.com//8401106"
    ],
    "3143087": [
        "absatzplus.com//16671994"
    ],
    "3143633": [
        "absatzplus.com//4733000"
    ],
    "3158250": [
        "absatzplus.com//6565458"
    ],
    "3163670": [
        "absatzplus.com//4049477"
    ],
    "3165838": [
        "absatzplus.com//4985919"
    ],
    "3213578": [
        "absatzplus.com//2431417"
    ],
    "3237373": [
        "absatzplus.com//4568049"
    ],
    "3237821": [
        "absatzplus.com//16557347"
    ],
    "3237872": [
        "absatzplus.com//10932873"
    ],
    "3237873": [
        "absatzplus.com//2828825"
    ],
    "3237885": [
        "absatzplus.com//5633753"
    ],
    "3237971": [
        "absatzplus.com//3495965"
    ],
    "3238815": [
        "absatzplus.com//2389201"
    ],
    "3250492": [
        "absatzplus.com//8997260"
    ],
    "3268878": [
        "absatzplus.com//4731238"
    ],
    "3270974": [
        "absatzplus.com//8578189"
    ],
    "3288689": [
        "absatzplus.com//13219034"
    ],
    "3307283": [
        "absatzplus.com//7058487"
    ],
    "3316332": [
        "absatzplus.com//10915671"
    ],
    "3328613": [
        "absatzplus.com//13434204"
    ],
    "3329032": [
        "absatzplus.com//13452752"
    ],
    "3341321": [
        "absatzplus.com//2777433"
    ],
    "3346381": [
        "absatzplus.com//16820595"
    ],
    "3379154": [
        "absatzplus.com//9813666"
    ],
    "3379763": [
        "absatzplus.com//6838641"
    ],
    "3380283": [
        "absatzplus.com//9432680"
    ],
    "3388730": [
        "absatzplus.com//4380856"
    ],
    "3401151": [
        "absatzplus.com//5197234"
    ],
    "3407973": [
        "absatzplus.com//15933752"
    ],
    "3412562": [
        "absatzplus.com//16606272"
    ],
    "3429080": [
        "absatzplus.com//6128677"
    ],
    "3442521": [
        "absatzplus.com//5256708"
    ],
    "3453665": [
        "absatzplus.com//17321"
    ],
    "3462429": [
        "absatzplus.com//11220261"
    ],
    "3490574": [
        "absatzplus.com//15533927"
    ],
    "3498399": [
        "absatzplus.com//16546098"
    ],
    "3562825": [
        "absatzplus.com//6014320"
    ],
    "3578871": [
        "absatzplus.com//6191648"
    ],
    "3580544": [
        "absatzplus.com//3386199"
    ],
    "3603134": [
        "absatzplus.com//14535913"
    ],
    "3603782": [
        "absatzplus.com//12880706"
    ],
    "3605968": [
        "absatzplus.com//7961338"
    ],
    "3619096": [
        "absatzplus.com//17537615"
    ],
    "3622866": [
        "absatzplus.com//4272798"
    ],
    "3641259": [
        "absatzplus.com//12506230"
    ],
    "3655215": [
        "absatzplus.com//13836194"
    ],
    "3657121": [
        "absatzplus.com//2926602"
    ],
    "3686699": [
        "absatzplus.com//14895416"
    ],
    "3687907": [
        "absatzplus.com//14558719"
    ],
    "3703258": [
        "absatzplus.com//9225649"
    ],
    "3725131": [
        "absatzplus.com//13727120"
    ],
    "3743009": [
        "absatzplus.com//7960295"
    ],
    "3752399": [
        "absatzplus.com//10529452"
    ],
    "3756190": [
        "absatzplus.com//5576675"
    ],
    "3782340": [
        "absatzplus.com//16027520"
    ],
    "3821315": [
        "absatzplus.com//13943652"
    ],
    "3828263": [
        "absatzplus.com//8474624"
    ],
    "3830300": [
        "absatzplus.com//8286316"
    ],
    "3879607": [
        "absatzplus.com//13243864"
    ],
    "3892785": [
        "absatzplus.com//2626483"
    ],
    "3911471": [
        "absatzplus.com//14780875"
    ],
    "3918814": [
        "absatzplus.com//848077"
    ],
    "3925510": [
        "absatzplus.com//9093384"
    ],
    "3938280": [
        "absatzplus.com//8373480"
    ],
    "3950581": [
        "absatzplus.com//11827903"
    ],
    "3961257": [
        "absatzplus.com//6848192"
    ],
    "3964924": [
        "absatzplus.com//9823273"
    ],
    "3977765": [
        "absatzplus.com//881221"
    ],
    "4001032": [
        "absatzplus.com//9930694"
    ],
    "4041203": [
        "absatzplus.com//17158189"
    ],
    "4045843": [
        "absatzplus.com//515916"
    ],
    "4051142": [
        "absatzplus.com//13794729"
    ],
    "4082188": [
        "absatzplus.com//16804964"
    ],
    "4094531": [
        "absatzplus.com//3209437"
    ],
    "4117871": [
        "absatzplus.com//1604091"
    ],
    "4118218": [
        "absatzplus.com//14674457"
    ],
    "4128349": [
        "absatzplus.com//13069121"
    ],
    "4138298": [
        "absatzplus.com//12185842"
    ],
    "4161079": [
        "absatzplus.com//15494814"
    ],
    "4177102": [
        "absatzplus.com//10904023"
    ],
    "4189391": [
        "absatzplus.com//2427957"
    ],
    "4202320": [
        "absatzplus.com//14097053"
    ],
    "4202552": [
        "absatzplus.com//12451724"
    ],
    "4222962": [
        "absatzplus.com//15625930"
    ],
    "4234424": [
        "absatzplus.com//733961"
    ],
    "4246866": [
        "absatzplus.com//11046113"
    ],
    "4254669": [
        "absatzplus.com//4905790"
    ],
    "4265787": [
        "absatzplus.com//14809271"
    ],
    "4274181": [
        "absatzplus.com//5746510"
    ],
    "4285182": [
        "absatzplus.com//6915047"
    ],
    "4300346": [
        "absatzplus.com//12864"
    ],
    "4308560": [
        "absatzplus.com//12848748"
    ],
    "4309773": [
        "absatzplus.com//4730537"
    ],
    "4340263": [
        "absatzplus.com//11228394"
    ],
    "4365859": [
        "absatzplus.com//2850134"
    ],
    "4366607": [
        "absatzplus.com//9833328"
    ],
    "4370192": [
        "absatzplus.com//2609681"
    ],
    "4381140": [
        "absatzplus.com//2627538"
    ],
    "4389040": [
        "absatzplus.com//3803783"
    ],
    "4405437": [
        "absatzplus.com//16112562"
    ],
    "4412400": [
        "absatzplus.com//4818372"
    ],
    "4423026": [
        "absatzplus.com//3011058"
    ],
    "4434691": [
        "absatzplus.com//14189489"
    ],
    "4451624": [
        "absatzplus.com//3116599"
    ],
    "4451664": [
        "absatzplus.com//4711730"
    ],
    "4464355": [
        "absatzplus.com//15695541"
    ],
    "4464900": [
        "absatzplus.com//5423287"
    ],
    "4468765": [
        "absatzplus.com//10213055"
    ],
    "4482647": [
        "absatzplus.com//10050602"
    ],
    "4484311": [
        "absatzplus.com//1149784"
    ],
    "4494009": [
        "absatzplus.com//368045"
    ],
    "4508283": [
        "absatzplus.com//7345869"
    ],
    "4512292": [
        "absatzplus.com//6486495"
    ],
    "4518186": [
        "absatzplus.com//8197360"
    ],
    "4524901": [
        "absatzplus.com//5250017"
    ],
    "4528877": [
        "absatzplus.com//2498975"
    ],
    "4555908": [
        "absatzplus.com//7308884"
    ],
    "4556820": [
        "absatzplus.com//16089927"
    ],
    "4601443": [
        "absatzplus.com//9155305"
    ],
    "4604442": [
        "absatzplus.com//4578232"
    ],
    "4618537": [
        "absatzplus.com//17278506"
    ],
    "4627775": [
        "absatzplus.com//11023599"
    ],
    "4630428": [
        "absatzplus.com//9913063"
    ],
    "4640852": [
        "absatzplus.com//5268785"
    ],
    "4641379": [
        "absatzplus.com//14076345"
    ],
    "4651202": [
        "absatzplus.com//1654911"
    ],
    "4659231": [
        "absatzplus.com//2169358"
    ],
    "4659929": [
        "absatzplus.com//2192705"
    ],
    "4659983": [
        "absatzplus.com//4441239"
    ],
    "4659987": [
        "absatzplus.com//11253078"
    ],
    "4690067": [
        "absatzplus.com//15933014"
    ],
    "4716249": [
        "absatzplus.com//9670625"
    ],
    "4725779": [
        "absatzplus.com//4504268"
    ],
    "4729378": [
        "absatzplus.com//9474880"
    ],
    "4735434": [
        "absatzplus.com//6790201"
    ],
    "4740467": [
        "absatzplus.com//15508096"
    ],
    "4741840": [
        "absatzplus.com//2195125"
    ],
    "4755994": [
        "absatzplus.com//10398146"
    ],
    "4775468": [
        "absatzplus.com//11450872"
    ],
    "4779307": [
        "absatzplus.com//5125075"
    ],
    "4797022": [
        "absatzplus.com//6078246"
    ],
    "4815584": [
        "absatzplus.com//7016186"
    ],
    "4815695": [
        "absatzplus.com//15387298"
    ],
    "4821605": [
        "absatzplus.com//1170909"
    ],
    "4828311": [
        "absatzplus.com//15292234"
    ],
    "4836608": [
        "absatzplus.com//15492785"
    ],
    "4846673": [
        "absatzplus.com//3533873"
    ],
    "4848707": [
        "absatzplus.com//12939654"
    ],
    "4893003": [
        "absatzplus.com//12344784"
    ],
    "4902274": [
        "absatzplus.com//3468810"
    ],
    "4902596": [
        "absatzplus.com//12267774"
    ],
    "4902765": [
        "absatzplus.com//16978430"
    ],
    "4915316": [
        "absatzplus.com//5667503"
    ],
    "4929965": [
        "absatzplus.com//7832602"
    ],
    "4933601": [
        "absatzplus.com//3761075"
    ],
    "5014653": [
        "absatzplus.com//5571338"
    ],
    "5044888": [
        "absatzplus.com//679958"
    ],
    "5053246": [
        "absatzplus.com//2790765"
    ],
    "5056358": [
        "absatzplus.com//10143349"
    ],
    "5105083": [
        "absatzplus.com//2338521"
    ],
    "5153419": [
        "absatzplus.com//11382472"
    ],
    "5166875": [
        "absatzplus.com//2691756"
    ],
    "5167878": [
        "absatzplus.com//7479311"
    ],
    "5194650": [
        "absatzplus.com//12889071"
    ],
    "5195420": [
        "absatzplus.com//13618136"
    ],
    "5206912": [
        "absatzplus.com//17478176"
    ],
    "5213916": [
        "absatzplus.com//14643044"
    ],
    "5227137": [
        "absatzplus.com//5620188"
    ],
    "5230177": [
        "absatzplus.com//16922046"
    ],
    "5250382": [
        "absatzplus.com//10362947"
    ],
    "5266693": [
        "absatzplus.com//12204983"
    ],
    "5296228": [
        "absatzplus.com//1151994"
    ],
    "5304075": [
        "absatzplus.com//4215538"
    ],
    "5309572": [
        "absatzplus.com//14297849"
    ],
    "531746": [
        "absatzplus.com//6418148"
    ],
    "5332147": [
        "absatzplus.com//14166868"
    ],
    "5393634": [
        "absatzplus.com//10643731"
    ],
    "5415151": [
        "absatzplus.com//15311909"
    ],
    "5418157": [
        "absatzplus.com//907089"
    ],
    "5438505": [
        "absatzplus.com//5818341"
    ],
    "5438539": [
        "absatzplus.com//12950527"
    ],
    "5448932": [
        "absatzplus.com//12828967"
    ],
    "5462655": [
        "absatzplus.com//14096179"
    ],
    "5462936": [
        "absatzplus.com//1713241"
    ],
    "5462938": [
        "absatzplus.com//10924236"
    ],
    "5462939": [
        "absatzplus.com//11503406"
    ],
    "5462940": [
        "absatzplus.com//16341251"
    ],
    "5462942": [
        "absatzplus.com//3930787"
    ],
    "5462943": [
        "absatzplus.com//9533025"
    ],
    "5462946": [
        "absatzplus.com//10251850"
    ],
    "5462951": [
        "absatzplus.com//13504561"
    ],
    "5463036": [
        "absatzplus.com//13448285"
    ],
    "5463037": [
        "absatzplus.com//8183520"
    ],
    "5463040": [
        "absatzplus.com//9792102"
    ],
    "5463041": [
        "absatzplus.com//12393898"
    ],
    "5463060": [
        "absatzplus.com//371085"
    ],
    "5463063": [
        "absatzplus.com//17257605"
    ],
    "5463064": [
        "absatzplus.com//8059470"
    ],
    "5463065": [
        "absatzplus.com//3626364"
    ],
    "5463066": [
        "absatzplus.com//15208544"
    ],
    "5463067": [
        "absatzplus.com//8575298"
    ],
    "5463068": [
        "absatzplus.com//4783067"
    ],
    "5463231": [
        "absatzplus.com//8989792"
    ],
    "5468929": [
        "absatzplus.com//9051117"
    ],
    "5468960": [
        "absatzplus.com//16203424"
    ],
    "5485944": [
        "absatzplus.com//1852493"
    ],
    "5505652": [
        "absatzplus.com//815767"
    ],
    "5506625": [
        "absatzplus.com//6705006"
    ],
    "5537957": [
        "absatzplus.com//13307078"
    ],
    "5547082": [
        "absatzplus.com//1591618"
    ],
    "5547335": [
        "absatzplus.com//2943392"
    ],
    "5561855": [
        "absatzplus.com//8189007"
    ],
    "5565273": [
        "absatzplus.com//194480"
    ],
    "5573265": [
        "absatzplus.com//5110904"
    ],
    "5573659": [
        "absatzplus.com//5692585"
    ],
    "5575671": [
        "absatzplus.com//15225627"
    ],
    "5595895": [
        "absatzplus.com//1529419"
    ],
    "5604029": [
        "absatzplus.com//9601085"
    ],
    "5628018": [
        "absatzplus.com//16963268"
    ],
    "5629591": [
        "absatzplus.com//1435734"
    ],
    "5639759": [
        "absatzplus.com//8169476"
    ],
    "5642359": [
        "absatzplus.com//6937606"
    ],
    "5643435": [
        "absatzplus.com//10047059"
    ],
    "5647526": [
        "absatzplus.com//756772"
    ],
    "5656169": [
        "absatzplus.com//16486179"
    ],
    "5656930": [
        "absatzplus.com//12009100"
    ],
    "5666255": [
        "absatzplus.com//15529582"
    ],
    "5667023": [
        "absatzplus.com//2896427"
    ],
    "5699981": [
        "absatzplus.com//12770840"
    ],
    "5700440": [
        "absatzplus.com//6101463"
    ],
    "5705972": [
        "absatzplus.com//4044777"
    ],
    "5709791": [
        "absatzplus.com//7254188"
    ],
    "5726545": [
        "absatzplus.com//2910081"
    ],
    "5734761": [
        "absatzplus.com//14525918"
    ],
    "5744878": [
        "absatzplus.com//5894372"
    ],
    "5752640": [
        "absatzplus.com//3754922"
    ],
    "5762655": [
        "absatzplus.com//10338040"
    ],
    "5765792": [
        "absatzplus.com//6286449"
    ],
    "5765794": [
        "absatzplus.com//14044598"
    ],
    "5767559": [
        "absatzplus.com//5885000"
    ],
    "5776896": [
        "absatzplus.com//9734487"
    ],
    "5817458": [
        "absatzplus.com//4625188"
    ],
    "5844793": [
        "absatzplus.com//15454644"
    ],
    "5845228": [
        "absatzplus.com//6159797"
    ],
    "5845232": [
        "absatzplus.com//11668768"
    ],
    "5845233": [
        "absatzplus.com//4124907"
    ],
    "5851050": [
        "absatzplus.com//11253433"
    ],
    "5878735": [
        "absatzplus.com//4071615"
    ],
    "5892009": [
        "absatzplus.com//8314435"
    ],
    "5896002": [
        "absatzplus.com//1672348"
    ],
    "5924874": [
        "absatzplus.com//4488594"
    ],
    "5932502": [
        "absatzplus.com//4559419"
    ],
    "5957606": [
        "absatzplus.com//8502614"
    ],
    "5961232": [
        "absatzplus.com//7409524"
    ],
    "5962471": [
        "absatzplus.com//1909991"
    ],
    "5965337": [
        "absatzplus.com//9092840"
    ],
    "5973306": [
        "absatzplus.com//48318"
    ],
    "5980533": [
        "absatzplus.com//9361846"
    ],
    "6028744": [
        "absatzplus.com//4008920"
    ],
    "6036229": [
        "absatzplus.com//9409269"
    ],
    "6038137": [
        "absatzplus.com//10501227"
    ],
    "6084751": [
        "absatzplus.com//13532552"
    ],
    "6089004": [
        "absatzplus.com//12816108"
    ],
    "6107383": [
        "absatzplus.com//14157008"
    ],
    "6125589": [
        "absatzplus.com//10912065"
    ],
    "6130109": [
        "absatzplus.com//6480535"
    ],
    "6131161": [
        "absatzplus.com//1995380"
    ],
    "6132110": [
        "absatzplus.com//9576517"
    ],
    "6134759": [
        "absatzplus.com//10570881"
    ],
    "6142867": [
        "absatzplus.com//1391161"
    ],
    "6152498": [
        "absatzplus.com//12516750"
    ],
    "6155927": [
        "absatzplus.com//1162814"
    ],
    "6155928": [
        "absatzplus.com//6416754"
    ],
    "6160337": [
        "absatzplus.com//14947413"
    ],
    "6168032": [
        "absatzplus.com//4014544"
    ],
    "6169599": [
        "absatzplus.com//9637654"
    ],
    "6173746": [
        "absatzplus.com//5702968"
    ],
    "6186529": [
        "absatzplus.com//829441"
    ],
    "6200794": [
        "absatzplus.com//10137476"
    ],
    "6205387": [
        "absatzplus.com//11576205"
    ],
    "6212071": [
        "absatzplus.com//4283880"
    ],
    "6212131": [
        "absatzplus.com//10679164"
    ],
    "6212834": [
        "absatzplus.com//5329335"
    ],
    "6220837": [
        "absatzplus.com//13929713"
    ],
    "6226796": [
        "absatzplus.com//6781201"
    ],
    "6235633": [
        "absatzplus.com//8114253"
    ],
    "6313287": [
        "absatzplus.com//4409261"
    ],
    "6335138": [
        "absatzplus.com//13047323"
    ],
    "6336568": [
        "absatzplus.com//8200718"
    ],
    "6337077": [
        "absatzplus.com//1802352"
    ],
    "6347662": [
        "absatzplus.com//11266464"
    ],
    "6348833": [
        "absatzplus.com//7077356"
    ],
    "6349129": [
        "absatzplus.com//14467769"
    ],
    "6367616": [
        "absatzplus.com//8275149"
    ],
    "6375053": [
        "absatzplus.com//8721493"
    ],
    "6376792": [
        "absatzplus.com//45472"
    ],
    "6435174": [
        "absatzplus.com//11709935"
    ],
    "6449562": [
        "absatzplus.com//12446290"
    ],
    "6472087": [
        "absatzplus.com//8926350"
    ],
    "6501382": [
        "absatzplus.com//13096107"
    ],
    "6522069": [
        "absatzplus.com//9154513"
    ],
    "6529646": [
        "absatzplus.com//15711192"
    ],
    "6543195": [
        "absatzplus.com//6969252"
    ],
    "6544746": [
        "absatzplus.com//78369"
    ],
    "6548660": [
        "absatzplus.com//8274107"
    ],
    "6562487": [
        "absatzplus.com//7394746"
    ],
    "6570250": [
        "absatzplus.com//13924425"
    ],
    "6575872": [
        "absatzplus.com//13436013"
    ],
    "6585269": [
        "absatzplus.com//6718620"
    ],
    "6590398": [
        "absatzplus.com//2099109"
    ],
    "6593358": [
        "absatzplus.com//2481416"
    ],
    "6597316": [
        "absatzplus.com//12901470"
    ],
    "6597326": [
        "absatzplus.com//1798338"
    ],
    "6598528": [
        "absatzplus.com//10781621"
    ],
    "6598530": [
        "absatzplus.com//13999080"
    ],
    "6606785": [
        "absatzplus.com//11609097"
    ],
    "6616504": [
        "absatzplus.com//12391260"
    ],
    "6617776": [
        "absatzplus.com//10999674"
    ],
    "6622703": [
        "absatzplus.com//15704881"
    ],
    "6630812": [
        "absatzplus.com//238261"
    ],
    "6630821": [
        "absatzplus.com//5177342"
    ],
    "6637856": [
        "absatzplus.com//11512382"
    ],
    "6641707": [
        "absatzplus.com//7041029"
    ],
    "6646619": [
        "absatzplus.com//2751750"
    ],
    "6648342": [
        "absatzplus.com//4586396"
    ],
    "6651163": [
        "absatzplus.com//4843712"
    ],
    "6651625": [
        "absatzplus.com//15473745"
    ],
    "6669912": [
        "absatzplus.com//3095200"
    ],
    "6673048": [
        "absatzplus.com//16782793"
    ],
    "6675014": [
        "absatzplus.com//7879069"
    ],
    "6677669": [
        "absatzplus.com//13660954"
    ],
    "6691656": [
        "absatzplus.com//16456470"
    ],
    "6692800": [
        "absatzplus.com//7441568"
    ],
    "6693925": [
        "absatzplus.com//1293096"
    ],
    "6704452": [
        "absatzplus.com//7818897"
    ],
    "6715365": [
        "absatzplus.com//16983567"
    ],
    "6732400": [
        "absatzplus.com//15630110"
    ],
    "6736409": [
        "absatzplus.com//13428829"
    ],
    "6741160": [
        "absatzplus.com//1119569"
    ],
    "6779425": [
        "absatzplus.com//15357716"
    ],
    "6789993": [
        "absatzplus.com//7624881"
    ],
    "6796249": [
        "absatzplus.com//15223755"
    ],
    "6808532": [
        "absatzplus.com//1770100"
    ],
    "6812190": [
        "absatzplus.com//13857645"
    ],
    "6824203": [
        "absatzplus.com//2418535"
    ],
    "6832983": [
        "absatzplus.com//12201608"
    ],
    "6835897": [
        "absatzplus.com//2124942"
    ],
    "6836466": [
        "absatzplus.com//1268269"
    ],
    "6848052": [
        "absatzplus.com//2712611"
    ],
    "6848089": [
        "absatzplus.com//13223084"
    ],
    "6863286": [
        "absatzplus.com//11007774"
    ],
    "6864818": [
        "absatzplus.com//670495"
    ],
    "6864878": [
        "absatzplus.com//15145502"
    ],
    "6865212": [
        "absatzplus.com//1506992"
    ],
    "6883620": [
        "absatzplus.com//2270890"
    ],
    "6883682": [
        "absatzplus.com//2541774"
    ],
    "6896207": [
        "absatzplus.com//998063"
    ],
    "6907857": [
        "absatzplus.com//628068"
    ],
    "6908037": [
        "absatzplus.com//9046508"
    ],
    "6922551": [
        "absatzplus.com//17277723"
    ],
    "6938299": [
        "absatzplus.com//8529039"
    ],
    "6943802": [
        "absatzplus.com//15486651"
    ],
    "6949651": [
        "absatzplus.com//5501912"
    ],
    "6954083": [
        "absatzplus.com//667267"
    ],
    "6955122": [
        "absatzplus.com//3867234"
    ],
    "6969058": [
        "absatzplus.com//13429553"
    ],
    "6975029": [
        "absatzplus.com//3836231"
    ],
    "6983406": [
        "absatzplus.com//5285903"
    ],
    "6986405": [
        "absatzplus.com//3136705"
    ],
    "6987643": [
        "absatzplus.com//11204280"
    ],
    "7003932": [
        "absatzplus.com//14853996"
    ],
    "7004557": [
        "absatzplus.com//17457244"
    ],
    "7004684": [
        "absatzplus.com//12749127"
    ],
    "7005132": [
        "absatzplus.com//5963248"
    ],
    "7006097": [
        "absatzplus.com//794340"
    ],
    "7006177": [
        "absatzplus.com//2449406"
    ],
    "7006178": [
        "absatzplus.com//8190784"
    ],
    "7006881": [
        "absatzplus.com//1151311"
    ],
    "7012877": [
        "absatzplus.com//6744792"
    ],
    "7032575": [
        "absatzplus.com//4729286"
    ],
    "7040842": [
        "absatzplus.com//6701882"
    ],
    "7057312": [
        "absatzplus.com//1218465"
    ],
    "7062169": [
        "absatzplus.com//1526941"
    ],
    "7062554": [
        "absatzplus.com//13233228"
    ],
    "7068148": [
        "absatzplus.com//13865862"
    ],
    "7069858": [
        "absatzplus.com//722704"
    ],
    "7079955": [
        "absatzplus.com//6256412"
    ],
    "7091166": [
        "absatzplus.com//2825606"
    ],
    "7096909": [
        "absatzplus.com//14834138"
    ],
    "7103502": [
        "absatzplus.com//6734749"
    ],
    "7108337": [
        "absatzplus.com//5440656"
    ],
    "7109201": [
        "absatzplus.com//7928110"
    ],
    "7132848": [
        "absatzplus.com//8485045"
    ],
    "7137813": [
        "absatzplus.com//9867344"
    ],
    "7144712": [
        "absatzplus.com//5584582"
    ],
    "7147854": [
        "absatzplus.com//16622311"
    ],
    "7155472": [
        "absatzplus.com//16233962"
    ],
    "7182966": [
        "absatzplus.com//10796295"
    ],
    "7186692": [
        "absatzplus.com//6140432"
    ],
    "7208992": [
        "absatzplus.com//11223352"
    ],
    "7216321": [
        "absatzplus.com//5395621"
    ],
    "7231963": [
        "absatzplus.com//7059898"
    ],
    "7243847": [
        "absatzplus.com//403073"
    ],
    "7248479": [
        "absatzplus.com//3479900"
    ],
    "7262967": [
        "absatzplus.com//7138313"
    ],
    "7263177": [
        "absatzplus.com//12002214"
    ],
    "7287546": [
        "absatzplus.com//5592439"
    ],
    "7302812": [
        "absatzplus.com//17354587"
    ],
    "7327288": [
        "absatzplus.com//14427156"
    ],
    "7337846": [
        "absatzplus.com//8637343"
    ],
    "7347471": [
        "absatzplus.com//9219309"
    ],
    "7381894": [
        "absatzplus.com//10146795"
    ],
    "7394264": [
        "absatzplus.com//2999143"
    ],
    "7394265": [
        "absatzplus.com//6412205"
    ],
    "7394268": [
        "absatzplus.com//6142081"
    ],
    "7402555": [
        "absatzplus.com//9459417"
    ],
    "7404578": [
        "absatzplus.com//13148876"
    ],
    "7416281": [
        "absatzplus.com//11042867"
    ],
    "7443579": [
        "absatzplus.com//9505855"
    ],
    "7443584": [
        "absatzplus.com//9097508"
    ],
    "7452663": [
        "absatzplus.com//748108"
    ],
    "7452670": [
        "absatzplus.com//535165"
    ],
    "7464559": [
        "absatzplus.com//7037647"
    ],
    "7464862": [
        "absatzplus.com//5118196"
    ],
    "7465057": [
        "absatzplus.com//3987220"
    ],
    "7466503": [
        "absatzplus.com//8314373"
    ],
    "7466773": [
        "absatzplus.com//1607985"
    ],
    "7468057": [
        "absatzplus.com//5597227"
    ],
    "7468967": [
        "absatzplus.com//8899830"
    ],
    "7468985": [
        "absatzplus.com//17093673"
    ],
    "7482372": [
        "absatzplus.com//8490205"
    ],
    "7519188": [
        "absatzplus.com//406332"
    ],
    "7525276": [
        "absatzplus.com//13994929"
    ],
    "7530320": [
        "absatzplus.com//2273223"
    ],
    "7545700": [
        "absatzplus.com//3090737"
    ],
    "7550895": [
        "absatzplus.com//2481360"
    ],
    "7552175": [
        "absatzplus.com//15948795"
    ],
    "7581017": [
        "absatzplus.com//13842300"
    ],
    "7585901": [
        "absatzplus.com//11130426"
    ],
    "7596553": [
        "absatzplus.com//10720520"
    ],
    "7609040": [
        "absatzplus.com//2315130"
    ],
    "7609809": [
        "absatzplus.com//3022878"
    ],
    "7613403": [
        "absatzplus.com//6218737"
    ],
    "7624232": [
        "absatzplus.com//2765292"
    ],
    "7630686": [
        "absatzplus.com//11880256"
    ],
    "7632862": [
        "absatzplus.com//11540888"
    ],
    "7655773": [
        "absatzplus.com//16080810"
    ],
    "7670576": [
        "absatzplus.com//13705781"
    ],
    "7679515": [
        "absatzplus.com//15512663"
    ],
    "7688652": [
        "absatzplus.com//4542595"
    ],
    "7716238": [
        "absatzplus.com//13022019"
    ],
    "7742556": [
        "absatzplus.com//278982"
    ],
    "7743718": [
        "absatzplus.com//4582441"
    ],
    "7760032": [
        "absatzplus.com//16674581"
    ],
    "7760178": [
        "absatzplus.com//1656425"
    ],
    "7764897": [
        "absatzplus.com//5356909"
    ],
    "7784583": [
        "absatzplus.com//8976054"
    ],
    "7797529": [
        "absatzplus.com//5569324"
    ],
    "7797531": [
        "absatzplus.com//14229163"
    ],
    "7797534": [
        "absatzplus.com//905342"
    ],
    "7797555": [
        "absatzplus.com//17291691"
    ],
    "7805081": [
        "absatzplus.com//7731246"
    ],
    "7805952": [
        "absatzplus.com//7618482"
    ],
    "7818080": [
        "absatzplus.com//7198450"
    ],
    "7825650": [
        "absatzplus.com//4802346"
    ],
    "7832377": [
        "absatzplus.com//6022089"
    ],
    "7854928": [
        "absatzplus.com//13331404"
    ],
    "7860722": [
        "absatzplus.com//7232462"
    ],
    "7872812": [
        "absatzplus.com//16222872"
    ],
    "7878225": [
        "absatzplus.com//4133747"
    ],
    "7886369": [
        "absatzplus.com//6013491"
    ],
    "7962273": [
        "absatzplus.com//15611792"
    ],
    "8037092": [
        "absatzplus.com//14161798"
    ],
    "8039934": [
        "absatzplus.com//4127428"
    ],
    "8049590": [
        "absatzplus.com//14459328"
    ],
    "8051613": [
        "absatzplus.com//2952630"
    ],
    "8057528": [
        "absatzplus.com//9978532"
    ],
    "8060100": [
        "absatzplus.com//4777748"
    ],
    "8084115": [
        "absatzplus.com//10255728"
    ],
    "8110894": [
        "absatzplus.com//11700888"
    ],
    "8119202": [
        "absatzplus.com//11523398"
    ],
    "8128952": [
        "absatzplus.com//16434822"
    ],
    "8147516": [
        "absatzplus.com//2290578"
    ],
    "8166389": [
        "absatzplus.com//12079387"
    ],
    "8167416": [
        "absatzplus.com//7431036"
    ],
    "8191518": [
        "absatzplus.com//8764537"
    ],
    "8201214": [
        "absatzplus.com//7542046"
    ],
    "8208707": [
        "absatzplus.com//16589398"
    ],
    "8213646": [
        "absatzplus.com//16387598"
    ],
    "8215635": [
        "absatzplus.com//12508304"
    ],
    "8219621": [
        "absatzplus.com//695082"
    ],
    "8224903": [
        "absatzplus.com//1858856"
    ],
    "8286062": [
        "absatzplus.com//3204100"
    ],
    "8302896": [
        "absatzplus.com//11482085"
    ],
    "8305722": [
        "absatzplus.com//15432583"
    ],
    "8311475": [
        "absatzplus.com//7606782"
    ],
    "8341226": [
        "absatzplus.com//14977006"
    ],
    "8342723": [
        "absatzplus.com//11986711"
    ],
    "8344338": [
        "absatzplus.com//17062307"
    ],
    "8346263": [
        "absatzplus.com//16369975"
    ],
    "8356954": [
        "absatzplus.com//14512936"
    ],
    "8368763": [
        "absatzplus.com//15628720"
    ],
    "8417517": [
        "absatzplus.com//11151988"
    ],
    "8431918": [
        "absatzplus.com//486332"
    ],
    "8457529": [
        "absatzplus.com//10162732"
    ],
    "8466915": [
        "absatzplus.com//6020591"
    ],
    "8511203": [
        "absatzplus.com//6505825"
    ],
    "8512059": [
        "absatzplus.com//16458879"
    ],
    "8516859": [
        "absatzplus.com//12946445"
    ],
    "8529128": [
        "absatzplus.com//10539734"
    ],
    "8529523": [
        "absatzplus.com//14120921"
    ],
    "8537968": [
        "absatzplus.com//11352443"
    ],
    "8543568": [
        "absatzplus.com//967002"
    ],
    "8544062": [
        "absatzplus.com//3664502"
    ],
    "8554989": [
        "absatzplus.com//5225605"
    ],
    "8575227": [
        "absatzplus.com//7694309"
    ],
    "8575579": [
        "absatzplus.com//9321471"
    ],
    "8585957": [
        "absatzplus.com//8347398"
    ],
    "8608650": [
        "absatzplus.com//6823519"
    ],
    "8618257": [
        "absatzplus.com//13311010"
    ],
    "8620027": [
        "absatzplus.com//8435732"
    ],
    "8664116": [
        "absatzplus.com//16833264"
    ],
    "8667969": [
        "absatzplus.com//13307951"
    ],
    "8678973": [
        "absatzplus.com//5507386"
    ],
    "8683436": [
        "absatzplus.com//12893954"
    ],
    "8691518": [
        "absatzplus.com//4506904"
    ],
    "8709587": [
        "absatzplus.com//3560808"
    ],
    "8712783": [
        "absatzplus.com//16544377"
    ],
    "8714939": [
        "absatzplus.com//17452529"
    ],
    "8736891": [
        "absatzplus.com//106363"
    ],
    "8758008": [
        "absatzplus.com//16778660"
    ],
    "8781343": [
        "absatzplus.com//10669371"
    ],
    "8793598": [
        "absatzplus.com//3092962"
    ],
    "8795304": [
        "absatzplus.com//13171806"
    ],
    "8796625": [
        "absatzplus.com//13914098"
    ],
    "8811566": [
        "absatzplus.com//12199736"
    ],
    "8852480": [
        "absatzplus.com//14566899"
    ],
    "8870584": [
        "absatzplus.com//15346198"
    ],
    "8877558": [
        "absatzplus.com//16330301"
    ],
    "8891814": [
        "absatzplus.com//11521340"
    ],
    "8906360": [
        "absatzplus.com//17067017"
    ],
    "8909042": [
        "absatzplus.com//15904051"
    ],
    "8914723": [
        "absatzplus.com//2940228"
    ],
    "8924594": [
        "absatzplus.com//4282847"
    ],
    "8930968": [
        "absatzplus.com//3364150"
    ],
    "8936169": [
        "absatzplus.com//8719432"
    ],
    "8939703": [
        "absatzplus.com//10770547"
    ],
    "8964457": [
        "absatzplus.com//2945485"
    ],
    "8964836": [
        "absatzplus.com//7251878"
    ],
    "8975693": [
        "absatzplus.com//117928"
    ],
    "8995550": [
        "absatzplus.com//6212371"
    ],
    "9008531": [
        "absatzplus.com//5481043"
    ],
    "9030769": [
        "absatzplus.com//2837368"
    ],
    "9065220": [
        "absatzplus.com//11602753"
    ],
    "9066642": [
        "absatzplus.com//4787239"
    ],
    "9074677": [
        "absatzplus.com//16203709"
    ],
    "9074699": [
        "absatzplus.com//14828590"
    ],
    "9074717": [
        "absatzplus.com//6680365"
    ],
    "9074735": [
        "absatzplus.com//3850012"
    ],
    "9074754": [
        "absatzplus.com//3837519"
    ],
    "9074766": [
        "absatzplus.com//8789773"
    ],
    "9077010": [
        "absatzplus.com//3357195"
    ],
    "9077063": [
        "absatzplus.com//6371217"
    ],
    "9077130": [
        "absatzplus.com//1488374"
    ],
    "9078705": [
        "absatzplus.com//2348613"
    ],
    "9079016": [
        "absatzplus.com//17004921"
    ],
    "9079048": [
        "absatzplus.com//3736272"
    ],
    "9079392": [
        "absatzplus.com//653535"
    ],
    "9081798": [
        "absatzplus.com//2042125"
    ],
    "9081845": [
        "absatzplus.com//4617456"
    ],
    "9081868": [
        "absatzplus.com//9896807"
    ],
    "9082361": [
        "absatzplus.com//2539346"
    ],
    "9082372": [
        "absatzplus.com//5435862"
    ],
    "9082382": [
        "absatzplus.com//612056"
    ],
    "9082394": [
        "absatzplus.com//7170217"
    ],
    "9082415": [
        "absatzplus.com//15934603"
    ],
    "9082725": [
        "absatzplus.com//9387842"
    ],
    "9082752": [
        "absatzplus.com//6029655"
    ],
    "9082832": [
        "absatzplus.com//16711426"
    ],
    "9094373": [
        "absatzplus.com//3050255"
    ],
    "9119529": [
        "absatzplus.com//512219"
    ],
    "9119548": [
        "absatzplus.com//6945217"
    ],
    "9119558": [
        "absatzplus.com//7650932"
    ],
    "9119573": [
        "absatzplus.com//13524125"
    ],
    "9119591": [
        "absatzplus.com//2729293"
    ],
    "9119956": [
        "absatzplus.com//14441615"
    ],
    "912501": [
        "absatzplus.com//496419"
    ],
    "9128491": [
        "absatzplus.com//12367093"
    ],
    "9146020": [
        "absatzplus.com//981315"
    ],
    "9160574": [
        "absatzplus.com//60361"
    ],
    "9171925": [
        "absatzplus.com//10390258"
    ],
    "9192844": [
        "absatzplus.com//15797043"
    ],
    "9232168": [
        "absatzplus.com//6417454"
    ],
    "9235515": [
        "absatzplus.com//10782548"
    ],
    "9238947": [
        "absatzplus.com//13461822"
    ],
    "9249500": [
        "absatzplus.com//15582563"
    ],
    "9270073": [
        "absatzplus.com//13939310"
    ],
    "9281538": [
        "absatzplus.com//16905589"
    ],
    "9291242": [
        "absatzplus.com//15189759"
    ],
    "9294524": [
        "absatzplus.com//16582587"
    ],
    "9306702": [
        "absatzplus.com//477640"
    ],
    "9339205": [
        "absatzplus.com//17117466"
    ],
    "9350886": [
        "absatzplus.com//16385901"
    ],
    "9353167": [
        "absatzplus.com//7516347"
    ],
    "9353750": [
        "absatzplus.com//14934828"
    ],
    "9359395": [
        "absatzplus.com//1727856"
    ],
    "9372915": [
        "absatzplus.com//10115822"
    ],
    "9388982": [
        "absatzplus.com//10907931"
    ],
    "9399900": [
        "absatzplus.com//8903018"
    ],
    "9443151": [
        "absatzplus.com//2800733"
    ],
    "9443548": [
        "absatzplus.com//1666831"
    ],
    "9444617": [
        "absatzplus.com//6586777"
    ],
    "9471044": [
        "absatzplus.com//10140448"
    ],
    "9472363": [
        "absatzplus.com//981143"
    ],
    "9484702": [
        "absatzplus.com//6520252"
    ],
    "9518895": [
        "absatzplus.com//8725812"
    ],
    "9519825": [
        "absatzplus.com//4540504"
    ],
    "9532566": [
        "absatzplus.com//7879642"
    ],
    "9544641": [
        "absatzplus.com//646783"
    ],
    "9555608": [
        "absatzplus.com//5541144"
    ],
    "9560333": [
        "absatzplus.com//14966375"
    ],
    "9560493": [
        "absatzplus.com//8906371"
    ],
    "9562768": [
        "absatzplus.com//9430148"
    ],
    "9598296": [
        "absatzplus.com//3948935"
    ],
    "9605940": [
        "absatzplus.com//7082745"
    ],
    "9611122": [
        "absatzplus.com//16677005"
    ],
    "9613461": [
        "absatzplus.com//1714067"
    ],
    "9619309": [
        "absatzplus.com//12626006"
    ],
    "9623897": [
        "absatzplus.com//269847"
    ],
    "9629248": [
        "absatzplus.com//347816"
    ],
    "9630720": [
        "absatzplus.com//10226324"
    ],
    "9633653": [
        "absatzplus.com//6402366"
    ],
    "9635046": [
        "absatzplus.com//12763803"
    ],
    "9648618": [
        "absatzplus.com//10015708"
    ],
    "9652595": [
        "absatzplus.com//7528211"
    ],
    "9653009": [
        "absatzplus.com//4788818"
    ],
    "9654332": [
        "absatzplus.com//3414979"
    ],
    "9658624": [
        "absatzplus.com//8040038"
    ],
    "9663450": [
        "absatzplus.com//5217275"
    ],
    "9666424": [
        "absatzplus.com//2478743"
    ],
    "9686018": [
        "absatzplus.com//6573915"
    ],
    "9688694": [
        "absatzplus.com//4025591"
    ],
    "9728505": [
        "absatzplus.com//212293"
    ],
    "9733065": [
        "absatzplus.com//10476193"
    ],
    "9734345": [
        "absatzplus.com//8885733"
    ],
    "9739991": [
        "absatzplus.com//11136774"
    ],
    "9752139": [
        "absatzplus.com//11950251"
    ],
    "9782246": [
        "absatzplus.com//12206060"
    ],
    "9787540": [
        "absatzplus.com//9059057"
    ],
    "9840197": [
        "absatzplus.com//8909736"
    ],
    "9847647": [
        "absatzplus.com//1327872"
    ],
    "9848024": [
        "absatzplus.com//5753548"
    ],
    "9859578": [
        "absatzplus.com//9324012"
    ],
    "9870698": [
        "absatzplus.com//1670486"
    ],
    "9899249": [
        "absatzplus.com//17408502"
    ],
    "9909234": [
        "absatzplus.com//5119815"
    ],
    "9912303": [
        "absatzplus.com//4003066"
    ],
    "9919345": [
        "absatzplus.com//16537499"
    ],
    "9929817": [
        "absatzplus.com//13135321"
    ],
    "9937552": [
        "absatzplus.com//11133214"
    ],
    "9954505": [
        "absatzplus.com//10350548"
    ],
    "9954754": [
        "absatzplus.com//13834872"
    ],
    "9965824": [
        "absatzplus.com//6464481"
    ],
    "9980403": [
        "absatzplus.com//11182794"
    ],
    "9981672": [
        "absatzplus.com//7658537"
    ],
    "9982921": [
        "absatzplus.com//3820342"
    ],
    "9988933": [
        "absatzplus.com//4886252"
    ],
    "9989036": [
        "absatzplus.com//621375"
    ],
    "9997418": [
        "absatzplus.com//1376066"
    ]
}