{
    "14933957": [
        "absatzplus.com//8372964"
    ],
    "14934481": [
        "absatzplus.com//11326905"
    ],
    "14935535": [
        "absatzplus.com//16562081"
    ],
    "14947812": [
        "absatzplus.com//12877805"
    ],
    "1726209": [
        "absatzplus.com//11486645"
    ],
    "2389564": [
        "absatzplus.com//11409343"
    ],
    "2389568": [
        "absatzplus.com//6483177"
    ],
    "2389994": [
        "absatzplus.com//14478510"
    ],
    "2389995": [
        "absatzplus.com//1626132"
    ],
    "2390008": [
        "absatzplus.com//6967766"
    ],
    "2390011": [
        "absatzplus.com//10515202"
    ],
    "2390039": [
        "absatzplus.com//5347888"
    ],
    "419038": [
        "absatzplus.com//17474514"
    ],
    "482367": [
        "absatzplus.com//14435848"
    ],
    "7630683": [
        "absatzplus.com//14975540"
    ],
    "7630690": [
        "absatzplus.com//16010896"
    ],
    "840088": [
        "absatzplus.com//1368733"
    ],
    "924624": [
        "absatzplus.com//7553888"
    ]
}