{
    "1012489": [
        "absatzplus.com//13496243"
    ],
    "1090774": [
        "absatzplus.com//7790609"
    ],
    "11863900": [
        "absatzplus.com//10876862"
    ],
    "1186415": [
        "absatzplus.com//1360177"
    ],
    "1223053": [
        "absatzplus.com//902144"
    ],
    "1263286": [
        "absatzplus.com//16865721"
    ],
    "1289983": [
        "absatzplus.com//10102127"
    ],
    "14616114": [
        "absatzplus.com//1136858"
    ],
    "14616118": [
        "absatzplus.com//17000083"
    ],
    "14616119": [
        "absatzplus.com//1922194"
    ],
    "153815": [
        "absatzplus.com//14500968"
    ],
    "15746012": [
        "absatzplus.com//860692"
    ],
    "1682106": [
        "absatzplus.com//7087080"
    ],
    "2062474": [
        "absatzplus.com//13507470"
    ],
    "2349896": [
        "absatzplus.com//9136001"
    ],
    "2354012": [
        "absatzplus.com//6001326"
    ],
    "2375386": [
        "absatzplus.com//13394265"
    ],
    "2375819": [
        "absatzplus.com//12730730"
    ],
    "2375820": [
        "absatzplus.com//10860575"
    ],
    "2389999": [
        "absatzplus.com//11705343"
    ],
    "2390466": [
        "absatzplus.com//9922975"
    ],
    "2390467": [
        "absatzplus.com//7809419"
    ],
    "2390469": [
        "absatzplus.com//7877368"
    ],
    "28445": [
        "absatzplus.com//4114640"
    ],
    "466474": [
        "absatzplus.com//9697248"
    ],
    "502473": [
        "absatzplus.com//3737704"
    ],
    "5413245": [
        "absatzplus.com//2077237"
    ],
    "5413247": [
        "absatzplus.com//3837988"
    ],
    "7318604": [
        "absatzplus.com//14601991"
    ],
    "757354": [
        "absatzplus.com//16640882"
    ],
    "7784108": [
        "absatzplus.com//2216319",
        "absatzplus.com//7077577"
    ]
}