{
    "10049141": [
        "absatzplus.com//3337027"
    ],
    "10050213": [
        "absatzplus.com//8520012"
    ],
    "10051793": [
        "absatzplus.com//14025428"
    ],
    "10056438": [
        "absatzplus.com//13911626"
    ],
    "10098989": [
        "absatzplus.com//14284131"
    ],
    "10099074": [
        "absatzplus.com//614163"
    ],
    "10099076": [
        "absatzplus.com//3377249"
    ],
    "10099645": [
        "absatzplus.com//3466968"
    ],
    "10099648": [
        "absatzplus.com//4087097"
    ],
    "10099675": [
        "absatzplus.com//9577055"
    ],
    "10099680": [
        "absatzplus.com//10949174"
    ],
    "10125012": [
        "absatzplus.com//2539351"
    ],
    "10148564": [
        "absatzplus.com//10840537"
    ],
    "10150593": [
        "absatzplus.com//9149033"
    ],
    "10277319": [
        "absatzplus.com//12578698"
    ],
    "10363565": [
        "absatzplus.com//6011418"
    ],
    "10519533": [
        "absatzplus.com//11269718"
    ],
    "10519534": [
        "absatzplus.com//5945266"
    ],
    "10519537": [
        "absatzplus.com//16751206"
    ],
    "10519725": [
        "absatzplus.com//13859218"
    ],
    "10519726": [
        "absatzplus.com//7282994"
    ],
    "10519728": [
        "absatzplus.com//9345904"
    ],
    "10535829": [
        "absatzplus.com//12134115"
    ],
    "10594377": [
        "absatzplus.com//8217311"
    ],
    "10631258": [
        "absatzplus.com//8804709"
    ],
    "10631261": [
        "absatzplus.com//17197588"
    ],
    "10634044": [
        "absatzplus.com//11193245"
    ],
    "10634655": [
        "absatzplus.com//6733609"
    ],
    "10634733": [
        "absatzplus.com//15929436"
    ],
    "10634992": [
        "absatzplus.com//8112456"
    ],
    "10742537": [
        "absatzplus.com//17248537"
    ],
    "11013896": [
        "absatzplus.com//3825505"
    ],
    "11013899": [
        "absatzplus.com//6396121"
    ],
    "11013900": [
        "absatzplus.com//4796184"
    ],
    "11013902": [
        "absatzplus.com//14336327"
    ],
    "11013903": [
        "absatzplus.com//9573369"
    ],
    "11038119": [
        "absatzplus.com//7513124"
    ],
    "11149877": [
        "absatzplus.com//5041961"
    ],
    "11281163": [
        "absatzplus.com//15242055"
    ],
    "11298118": [
        "absatzplus.com//14575011"
    ],
    "11317046": [
        "absatzplus.com//8447852"
    ],
    "11317053": [
        "absatzplus.com//8259403"
    ],
    "11317055": [
        "absatzplus.com//1901440"
    ],
    "11322988": [
        "absatzplus.com//1855806"
    ],
    "11322990": [
        "absatzplus.com//6179584"
    ],
    "11322991": [
        "absatzplus.com//17383240"
    ],
    "11410700": [
        "absatzplus.com//15087573"
    ],
    "11417382": [
        "absatzplus.com//4600092"
    ],
    "11618501": [
        "absatzplus.com//8443530"
    ],
    "11672684": [
        "absatzplus.com//12861924"
    ],
    "11672826": [
        "absatzplus.com//15334535"
    ],
    "11672844": [
        "absatzplus.com//10813072"
    ],
    "11742878": [
        "absatzplus.com//4405689"
    ],
    "11742889": [
        "absatzplus.com//9915133"
    ],
    "11806686": [
        "absatzplus.com//12615485"
    ],
    "11815885": [
        "absatzplus.com//1026353"
    ],
    "11815888": [
        "absatzplus.com//13894031"
    ],
    "11945022": [
        "absatzplus.com//16702235"
    ],
    "11951493": [
        "absatzplus.com//1087062"
    ],
    "11967854": [
        "absatzplus.com//6953886"
    ],
    "11967859": [
        "absatzplus.com//13853043"
    ],
    "11967871": [
        "absatzplus.com//8770178"
    ],
    "11967964": [
        "absatzplus.com//5559173"
    ],
    "11967996": [
        "absatzplus.com//8002180"
    ],
    "11985286": [
        "absatzplus.com//3017570"
    ],
    "12080240": [
        "absatzplus.com//8047045"
    ],
    "12214515": [
        "absatzplus.com//9306562"
    ],
    "12215326": [
        "absatzplus.com//4247050"
    ],
    "12215709": [
        "absatzplus.com//3122885"
    ],
    "12381144": [
        "absatzplus.com//1153089"
    ],
    "12381146": [
        "absatzplus.com//10824432"
    ],
    "12381161": [
        "absatzplus.com//1259353"
    ],
    "12381163": [
        "absatzplus.com//6996091"
    ],
    "12381164": [
        "absatzplus.com//10592610"
    ],
    "12569692": [
        "absatzplus.com//12381866"
    ],
    "12604862": [
        "absatzplus.com//4758409"
    ],
    "12604863": [
        "absatzplus.com//14913054"
    ],
    "12604869": [
        "absatzplus.com//13709872"
    ],
    "12604872": [
        "absatzplus.com//11721872"
    ],
    "12639255": [
        "absatzplus.com//986810"
    ],
    "12687839": [
        "absatzplus.com//15058495"
    ],
    "12691408": [
        "absatzplus.com//6051951"
    ],
    "12699908": [
        "absatzplus.com//9373150"
    ],
    "12744286": [
        "absatzplus.com//1498984"
    ],
    "12748460": [
        "absatzplus.com//2228375"
    ],
    "12846052": [
        "absatzplus.com//1515078"
    ],
    "12950539": [
        "absatzplus.com//11160604"
    ],
    "12986962": [
        "absatzplus.com//15815628"
    ],
    "13015315": [
        "absatzplus.com//13763242"
    ],
    "1306949": [
        "absatzplus.com//6573549"
    ],
    "13150436": [
        "absatzplus.com//7115578"
    ],
    "13160091": [
        "absatzplus.com//8306028"
    ],
    "13160093": [
        "absatzplus.com//15505932"
    ],
    "13160094": [
        "absatzplus.com//12169431"
    ],
    "13254580": [
        "absatzplus.com//5901570"
    ],
    "13277921": [
        "absatzplus.com//8771329"
    ],
    "13282051": [
        "absatzplus.com//14484675"
    ],
    "13410357": [
        "absatzplus.com//7495306"
    ],
    "13411154": [
        "absatzplus.com//4162279"
    ],
    "13411269": [
        "absatzplus.com//16344628"
    ],
    "13647791": [
        "absatzplus.com//9106667"
    ],
    "13957327": [
        "absatzplus.com//3109172"
    ],
    "13957330": [
        "absatzplus.com//8500078"
    ],
    "13957343": [
        "absatzplus.com//3933523"
    ],
    "13957348": [
        "absatzplus.com//5722218"
    ],
    "14050863": [
        "absatzplus.com//3213659"
    ],
    "14051149": [
        "absatzplus.com//14613419"
    ],
    "14096484": [
        "absatzplus.com//10253631"
    ],
    "14225174": [
        "absatzplus.com//10413876"
    ],
    "14358054": [
        "absatzplus.com//17053129"
    ],
    "14397365": [
        "absatzplus.com//5961203"
    ],
    "14397576": [
        "absatzplus.com//14646006"
    ],
    "14542038": [
        "absatzplus.com//6558424"
    ],
    "14542383": [
        "absatzplus.com//15518165"
    ],
    "14623538": [
        "absatzplus.com//1808623"
    ],
    "14836594": [
        "absatzplus.com//5773064"
    ],
    "14934028": [
        "absatzplus.com//8974647"
    ],
    "14934030": [
        "absatzplus.com//4276549"
    ],
    "14934031": [
        "absatzplus.com//1119672"
    ],
    "14934034": [
        "absatzplus.com//7649498"
    ],
    "14934035": [
        "absatzplus.com//8365141"
    ],
    "14949415": [
        "absatzplus.com//566232"
    ],
    "14954373": [
        "absatzplus.com//13990962"
    ],
    "14954379": [
        "absatzplus.com//12645307"
    ],
    "14967561": [
        "absatzplus.com//15135608"
    ],
    "14967562": [
        "absatzplus.com//15442992"
    ],
    "14967565": [
        "absatzplus.com//4145873"
    ],
    "14967567": [
        "absatzplus.com//11039770"
    ],
    "14967571": [
        "absatzplus.com//4017220"
    ],
    "14968775": [
        "absatzplus.com//800823"
    ],
    "14987183": [
        "absatzplus.com//7899938"
    ],
    "15017072": [
        "absatzplus.com//6685822"
    ],
    "15017086": [
        "absatzplus.com//14935529"
    ],
    "15018754": [
        "absatzplus.com//8582968"
    ],
    "15018757": [
        "absatzplus.com//16605973"
    ],
    "15072896": [
        "absatzplus.com//7209409"
    ],
    "15077774": [
        "absatzplus.com//13882656"
    ],
    "15077776": [
        "absatzplus.com//16925921"
    ],
    "15077777": [
        "absatzplus.com//1497185"
    ],
    "15077819": [
        "absatzplus.com//15533244"
    ],
    "15077822": [
        "absatzplus.com//880225"
    ],
    "15077825": [
        "absatzplus.com//4863547"
    ],
    "15077827": [
        "absatzplus.com//3211109"
    ],
    "15221176": [
        "absatzplus.com//943612"
    ],
    "15311273": [
        "absatzplus.com//3525349"
    ],
    "15344058": [
        "absatzplus.com//1639309"
    ],
    "15363417": [
        "absatzplus.com//5904376"
    ],
    "15432558": [
        "absatzplus.com//4664244"
    ],
    "15433027": [
        "absatzplus.com//7984914"
    ],
    "15439988": [
        "absatzplus.com//8394163"
    ],
    "15520591": [
        "absatzplus.com//15859391"
    ],
    "15585312": [
        "absatzplus.com//5188680"
    ],
    "15680683": [
        "absatzplus.com//10868492"
    ],
    "15719605": [
        "absatzplus.com//3288665"
    ],
    "15777379": [
        "absatzplus.com//3059463"
    ],
    "15823228": [
        "absatzplus.com//2490892"
    ],
    "15870500": [
        "absatzplus.com//13291410"
    ],
    "15996589": [
        "absatzplus.com//688920"
    ],
    "16028785": [
        "absatzplus.com//4090484"
    ],
    "1908490": [
        "absatzplus.com//6617150"
    ],
    "1949665": [
        "absatzplus.com//1129086"
    ],
    "1977859": [
        "absatzplus.com//13652020"
    ],
    "1988706": [
        "absatzplus.com//3034354"
    ],
    "1988708": [
        "absatzplus.com//8095360"
    ],
    "1988710": [
        "absatzplus.com//14472040"
    ],
    "2209914": [
        "absatzplus.com//13089476"
    ],
    "2215039": [
        "absatzplus.com//2197768"
    ],
    "2258565": [
        "absatzplus.com//14897355"
    ],
    "2293601": [
        "absatzplus.com//5404084"
    ],
    "2293603": [
        "absatzplus.com//14813094"
    ],
    "2326197": [
        "absatzplus.com//13641518"
    ],
    "2326216": [
        "absatzplus.com//10361609"
    ],
    "2326218": [
        "absatzplus.com//13385298"
    ],
    "2326220": [
        "absatzplus.com//12464974"
    ],
    "2334833": [
        "absatzplus.com//9845831"
    ],
    "2380608": [
        "absatzplus.com//16296758"
    ],
    "2388233": [
        "absatzplus.com//1042597"
    ],
    "2388235": [
        "absatzplus.com//9687213"
    ],
    "2388244": [
        "absatzplus.com//13460616"
    ],
    "2424194": [
        "absatzplus.com//9945735"
    ],
    "2429018": [
        "absatzplus.com//3103029"
    ],
    "2500418": [
        "absatzplus.com//15145878"
    ],
    "2503178": [
        "absatzplus.com//2346007"
    ],
    "2585758": [
        "absatzplus.com//14538482"
    ],
    "2586162": [
        "absatzplus.com//6910626"
    ],
    "2586729": [
        "absatzplus.com//102997"
    ],
    "2657604": [
        "absatzplus.com//1464706"
    ],
    "2657623": [
        "absatzplus.com//1761579"
    ],
    "2784384": [
        "absatzplus.com//12983877"
    ],
    "2810978": [
        "absatzplus.com//1460297"
    ],
    "2840821": [
        "absatzplus.com//6881478"
    ],
    "2840965": [
        "absatzplus.com//5850399"
    ],
    "2840967": [
        "absatzplus.com//17461221"
    ],
    "3055647": [
        "absatzplus.com//13368866"
    ],
    "3059502": [
        "absatzplus.com//3301633"
    ],
    "3237307": [
        "absatzplus.com//5793321"
    ],
    "3237756": [
        "absatzplus.com//7394645"
    ],
    "3237803": [
        "absatzplus.com//8993185"
    ],
    "3237812": [
        "absatzplus.com//16213414"
    ],
    "3237813": [
        "absatzplus.com//17001464"
    ],
    "3237832": [
        "absatzplus.com//1803721"
    ],
    "3237833": [
        "absatzplus.com//827716"
    ],
    "3237848": [
        "absatzplus.com//17183009"
    ],
    "3237850": [
        "absatzplus.com//1702914"
    ],
    "3237852": [
        "absatzplus.com//2610320"
    ],
    "3237886": [
        "absatzplus.com//12967896"
    ],
    "3253637": [
        "absatzplus.com//2201553"
    ],
    "3256450": [
        "absatzplus.com//10016300"
    ],
    "3323264": [
        "absatzplus.com//10053255"
    ],
    "3323320": [
        "absatzplus.com//15765448"
    ],
    "3323326": [
        "absatzplus.com//10443076"
    ],
    "3345947": [
        "absatzplus.com//8738768"
    ],
    "3360784": [
        "absatzplus.com//756198"
    ],
    "3472677": [
        "absatzplus.com//17114156"
    ],
    "3531997": [
        "absatzplus.com//7870526"
    ],
    "3604158": [
        "absatzplus.com//6367544"
    ],
    "3663420": [
        "absatzplus.com//7851976"
    ],
    "3995549": [
        "absatzplus.com//5791339"
    ],
    "3995555": [
        "absatzplus.com//9465029"
    ],
    "3995577": [
        "absatzplus.com//16244756"
    ],
    "3995580": [
        "absatzplus.com//15322487"
    ],
    "3995582": [
        "absatzplus.com//7701193"
    ],
    "3995633": [
        "absatzplus.com//1961233"
    ],
    "3997151": [
        "absatzplus.com//13612545"
    ],
    "4055960": [
        "absatzplus.com//11769304"
    ],
    "4137869": [
        "absatzplus.com//7449755"
    ],
    "4172619": [
        "absatzplus.com//14946755"
    ],
    "4186540": [
        "absatzplus.com//10452220"
    ],
    "4331774": [
        "absatzplus.com//9739916"
    ],
    "4400290": [
        "absatzplus.com//9011033"
    ],
    "4400305": [
        "absatzplus.com//3342426"
    ],
    "4400308": [
        "absatzplus.com//180370"
    ],
    "4455466": [
        "absatzplus.com//3283018"
    ],
    "4456922": [
        "absatzplus.com//3083073"
    ],
    "4647655": [
        "absatzplus.com//726625"
    ],
    "4652164": [
        "absatzplus.com//9737483"
    ],
    "4652278": [
        "absatzplus.com//7650934"
    ],
    "4659416": [
        "absatzplus.com//13416547"
    ],
    "4659780": [
        "absatzplus.com//13895747"
    ],
    "4659801": [
        "absatzplus.com//2522919"
    ],
    "4659879": [
        "absatzplus.com//12891259"
    ],
    "4659899": [
        "absatzplus.com//17360289"
    ],
    "4841461": [
        "absatzplus.com//5923931"
    ],
    "4843100": [
        "absatzplus.com//13012549"
    ],
    "4847275": [
        "absatzplus.com//3297763"
    ],
    "4885073": [
        "absatzplus.com//10894140"
    ],
    "4886454": [
        "absatzplus.com//12017764"
    ],
    "4917137": [
        "absatzplus.com//1082379"
    ],
    "4956288": [
        "absatzplus.com//15366517"
    ],
    "4956301": [
        "absatzplus.com//16993703"
    ],
    "4956304": [
        "absatzplus.com//16752782"
    ],
    "5003347": [
        "absatzplus.com//13526224"
    ],
    "5003607": [
        "absatzplus.com//7038481"
    ],
    "509485": [
        "absatzplus.com//3188669"
    ],
    "5118010": [
        "absatzplus.com//14978226"
    ],
    "5188573": [
        "absatzplus.com//14764429"
    ],
    "5188578": [
        "absatzplus.com//9495530"
    ],
    "5203799": [
        "absatzplus.com//338165"
    ],
    "5246209": [
        "absatzplus.com//9743973"
    ],
    "5303136": [
        "absatzplus.com//11534463"
    ],
    "5328549": [
        "absatzplus.com//1841428"
    ],
    "5339979": [
        "absatzplus.com//875897"
    ],
    "5353634": [
        "absatzplus.com//5329602"
    ],
    "5437758": [
        "absatzplus.com//473199"
    ],
    "5468912": [
        "absatzplus.com//465183"
    ],
    "5468953": [
        "absatzplus.com//4555324"
    ],
    "5556291": [
        "absatzplus.com//9749321"
    ],
    "5640869": [
        "absatzplus.com//8253066"
    ],
    "5641492": [
        "absatzplus.com//6747734"
    ],
    "5641822": [
        "absatzplus.com//76423"
    ],
    "5641823": [
        "absatzplus.com//9077992"
    ],
    "5694288": [
        "absatzplus.com//7554878"
    ],
    "5738899": [
        "absatzplus.com//4535242"
    ],
    "5764987": [
        "absatzplus.com//13114470"
    ],
    "5867756": [
        "absatzplus.com//6591943"
    ],
    "5867768": [
        "absatzplus.com//10673413"
    ],
    "5878770": [
        "absatzplus.com//6313697"
    ],
    "6010379": [
        "absatzplus.com//1565991"
    ],
    "6010501": [
        "absatzplus.com//9801834"
    ],
    "6102333": [
        "absatzplus.com//1803330"
    ],
    "6155502": [
        "absatzplus.com//9764709"
    ],
    "6251555": [
        "absatzplus.com//5191972"
    ],
    "6274784": [
        "absatzplus.com//8475924"
    ],
    "6374163": [
        "absatzplus.com//11073148"
    ],
    "6377394": [
        "absatzplus.com//4728403"
    ],
    "6377593": [
        "absatzplus.com//15823139"
    ],
    "6415746": [
        "absatzplus.com//1050003"
    ],
    "6415915": [
        "absatzplus.com//6092993"
    ],
    "6415920": [
        "absatzplus.com//16975167"
    ],
    "6477233": [
        "absatzplus.com//9795130"
    ],
    "6498871": [
        "absatzplus.com//8083435"
    ],
    "6546386": [
        "absatzplus.com//16081789"
    ],
    "6598077": [
        "absatzplus.com//3125136"
    ],
    "6598078": [
        "absatzplus.com//16291811"
    ],
    "6598080": [
        "absatzplus.com//15043700"
    ],
    "6673338": [
        "absatzplus.com//625747"
    ],
    "6956377": [
        "absatzplus.com//15515764"
    ],
    "6986567": [
        "absatzplus.com//12390598"
    ],
    "6986579": [
        "absatzplus.com//3726866"
    ],
    "6986580": [
        "absatzplus.com//12957611"
    ],
    "7011928": [
        "absatzplus.com//14151168"
    ],
    "7048907": [
        "absatzplus.com//9436782"
    ],
    "7077561": [
        "absatzplus.com//7195760"
    ],
    "7174157": [
        "absatzplus.com//6045630"
    ],
    "7178104": [
        "absatzplus.com//13179874"
    ],
    "7228206": [
        "absatzplus.com//12759619"
    ],
    "7228207": [
        "absatzplus.com//10463369"
    ],
    "7228208": [
        "absatzplus.com//10792386"
    ],
    "7233085": [
        "absatzplus.com//16719900"
    ],
    "7249336": [
        "absatzplus.com//11036145"
    ],
    "7327249": [
        "absatzplus.com//6540107"
    ],
    "7404899": [
        "absatzplus.com//6177095"
    ],
    "7417298": [
        "absatzplus.com//3384896"
    ],
    "7440430": [
        "absatzplus.com//10870775"
    ],
    "7455387": [
        "absatzplus.com//10069766"
    ],
    "7455388": [
        "absatzplus.com//2301815"
    ],
    "7468782": [
        "absatzplus.com//10279965"
    ],
    "7534127": [
        "absatzplus.com//2535469"
    ],
    "7797723": [
        "absatzplus.com//12487409"
    ],
    "7797724": [
        "absatzplus.com//10537528"
    ],
    "7797725": [
        "absatzplus.com//9289894"
    ],
    "7797726": [
        "absatzplus.com//4322709"
    ],
    "7797734": [
        "absatzplus.com//2865402"
    ],
    "7797735": [
        "absatzplus.com//15888897"
    ],
    "7851016": [
        "absatzplus.com//17310706"
    ],
    "7871547": [
        "absatzplus.com//10876940"
    ],
    "7966672": [
        "absatzplus.com//8364596"
    ],
    "8003896": [
        "absatzplus.com//10132285"
    ],
    "8003940": [
        "absatzplus.com//10695347"
    ],
    "8003943": [
        "absatzplus.com//9018040"
    ],
    "8003945": [
        "absatzplus.com//1984538"
    ],
    "8111390": [
        "absatzplus.com//6332363"
    ],
    "8164583": [
        "absatzplus.com//11023962"
    ],
    "8360742": [
        "absatzplus.com//14205909"
    ],
    "8465468": [
        "absatzplus.com//7019548"
    ],
    "8465514": [
        "absatzplus.com//16155744"
    ],
    "8468306": [
        "absatzplus.com//7209019"
    ],
    "8605306": [
        "absatzplus.com//13189648"
    ],
    "8800348": [
        "absatzplus.com//10134646"
    ],
    "8800845": [
        "absatzplus.com//16976425"
    ],
    "8967508": [
        "absatzplus.com//5903823"
    ],
    "8994168": [
        "absatzplus.com//14899456"
    ],
    "9104693": [
        "absatzplus.com//10649"
    ],
    "9148052": [
        "absatzplus.com//9745371"
    ],
    "9148082": [
        "absatzplus.com//14304085"
    ],
    "9174163": [
        "absatzplus.com//4755485"
    ],
    "9272521": [
        "absatzplus.com//16197780"
    ],
    "9353330": [
        "absatzplus.com//13020815"
    ],
    "9353334": [
        "absatzplus.com//9887581"
    ],
    "9353656": [
        "absatzplus.com//6525315"
    ],
    "9353721": [
        "absatzplus.com//6301704"
    ],
    "9353763": [
        "absatzplus.com//489909"
    ],
    "9435412": [
        "absatzplus.com//2073787"
    ],
    "9550674": [
        "absatzplus.com//1082815"
    ],
    "9733960": [
        "absatzplus.com//17270775"
    ],
    "9737678": [
        "absatzplus.com//16103263"
    ],
    "9743345": [
        "absatzplus.com//10175285"
    ],
    "9743775": [
        "absatzplus.com//651227"
    ],
    "9749690": [
        "absatzplus.com//649106"
    ],
    "9831512": [
        "absatzplus.com//1554581"
    ],
    "9832411": [
        "absatzplus.com//15228174"
    ],
    "9848079": [
        "absatzplus.com//5852486"
    ],
    "9929833": [
        "absatzplus.com//5814934"
    ]
}