{
    "10057028": [
        "absatzplus.com//17399933"
    ],
    "10091269": [
        "absatzplus.com//16103775"
    ],
    "10100095": [
        "absatzplus.com//1165733"
    ],
    "10144543": [
        "absatzplus.com//3865639"
    ],
    "10147996": [
        "absatzplus.com//10773394"
    ],
    "10147997": [
        "absatzplus.com//17090438"
    ],
    "10148000": [
        "absatzplus.com//489883"
    ],
    "10148004": [
        "absatzplus.com//16992440"
    ],
    "10148135": [
        "absatzplus.com//2658450"
    ],
    "10148537": [
        "absatzplus.com//16450785"
    ],
    "10150538": [
        "absatzplus.com//15078283"
    ],
    "10150576": [
        "absatzplus.com//3256116"
    ],
    "10150599": [
        "absatzplus.com//13970170"
    ],
    "10150605": [
        "absatzplus.com//3883963"
    ],
    "10225975": [
        "absatzplus.com//16982945"
    ],
    "10225980": [
        "absatzplus.com//627629"
    ],
    "10226508": [
        "absatzplus.com//12246789"
    ],
    "10226558": [
        "absatzplus.com//10535087"
    ],
    "10234524": [
        "absatzplus.com//5972575"
    ],
    "10234526": [
        "absatzplus.com//2424114"
    ],
    "10308962": [
        "absatzplus.com//14151083"
    ],
    "10339731": [
        "absatzplus.com//14163692"
    ],
    "10351228": [
        "absatzplus.com//6127297"
    ],
    "10352241": [
        "absatzplus.com//5960764"
    ],
    "10364393": [
        "absatzplus.com//14847961"
    ],
    "10480003": [
        "absatzplus.com//5630104"
    ],
    "10480004": [
        "absatzplus.com//33912"
    ],
    "10536754": [
        "absatzplus.com//16865885"
    ],
    "10537095": [
        "absatzplus.com//5048868"
    ],
    "10537097": [
        "absatzplus.com//5398640"
    ],
    "10537101": [
        "absatzplus.com//8205951"
    ],
    "10537108": [
        "absatzplus.com//13789854"
    ],
    "10556964": [
        "absatzplus.com//12452962"
    ],
    "10566437": [
        "absatzplus.com//13128565"
    ],
    "10582467": [
        "absatzplus.com//12311947"
    ],
    "10593500": [
        "absatzplus.com//10436251"
    ],
    "10593816": [
        "absatzplus.com//4988378"
    ],
    "10593880": [
        "absatzplus.com//4020843"
    ],
    "10593967": [
        "absatzplus.com//7736157"
    ],
    "10594394": [
        "absatzplus.com//17004735"
    ],
    "10594607": [
        "absatzplus.com//6084998"
    ],
    "10594615": [
        "absatzplus.com//11138350"
    ],
    "10595241": [
        "absatzplus.com//11627330"
    ],
    "10595933": [
        "absatzplus.com//2606731"
    ],
    "10595934": [
        "absatzplus.com//7870691"
    ],
    "10630356": [
        "absatzplus.com//14832643"
    ],
    "10634544": [
        "absatzplus.com//7306102"
    ],
    "10634961": [
        "absatzplus.com//13429063"
    ],
    "10635626": [
        "absatzplus.com//2206793"
    ],
    "10635627": [
        "absatzplus.com//13247265"
    ],
    "10635628": [
        "absatzplus.com//977526"
    ],
    "10635633": [
        "absatzplus.com//11749860"
    ],
    "10718253": [
        "absatzplus.com//17112105"
    ],
    "10718255": [
        "absatzplus.com//13749105"
    ],
    "10718283": [
        "absatzplus.com//11254003"
    ],
    "10718399": [
        "absatzplus.com//9290566"
    ],
    "10718401": [
        "absatzplus.com//13685506"
    ],
    "10718434": [
        "absatzplus.com//11360942"
    ],
    "10718857": [
        "absatzplus.com//6382557"
    ],
    "10747464": [
        "absatzplus.com//9264146"
    ],
    "10779175": [
        "absatzplus.com//4312629"
    ],
    "10782383": [
        "absatzplus.com//7014692"
    ],
    "10859138": [
        "absatzplus.com//13322670"
    ],
    "10870594": [
        "absatzplus.com//11672226"
    ],
    "10977473": [
        "absatzplus.com//10945022"
    ],
    "11014882": [
        "absatzplus.com//9500445"
    ],
    "11014883": [
        "absatzplus.com//12462742"
    ],
    "11014884": [
        "absatzplus.com//16127176"
    ],
    "11082808": [
        "absatzplus.com//13006865"
    ],
    "11082809": [
        "absatzplus.com//10396820"
    ],
    "11082810": [
        "absatzplus.com//8894445"
    ],
    "11099548": [
        "absatzplus.com//15736958"
    ],
    "11099549": [
        "absatzplus.com//11789676"
    ],
    "11165714": [
        "absatzplus.com//2549245"
    ],
    "11259534": [
        "absatzplus.com//13841926"
    ],
    "11265537": [
        "absatzplus.com//16642044"
    ],
    "11318072": [
        "absatzplus.com//6873900"
    ],
    "11318344": [
        "absatzplus.com//4357405"
    ],
    "11318355": [
        "absatzplus.com//41342"
    ],
    "11318366": [
        "absatzplus.com//11246990"
    ],
    "11318419": [
        "absatzplus.com//8793771"
    ],
    "11318506": [
        "absatzplus.com//1611870"
    ],
    "11332448": [
        "absatzplus.com//8018626"
    ],
    "11670282": [
        "absatzplus.com//5492086"
    ],
    "11670368": [
        "absatzplus.com//11610939"
    ],
    "11670369": [
        "absatzplus.com//608324"
    ],
    "11670371": [
        "absatzplus.com//734304"
    ],
    "11670376": [
        "absatzplus.com//7459059"
    ],
    "11738033": [
        "absatzplus.com//1353042"
    ],
    "11738433": [
        "absatzplus.com//13632276"
    ],
    "11738761": [
        "absatzplus.com//14498847"
    ],
    "11738855": [
        "absatzplus.com//499356"
    ],
    "11738878": [
        "absatzplus.com//14106908"
    ],
    "11740062": [
        "absatzplus.com//6014105"
    ],
    "11740065": [
        "absatzplus.com//14550398"
    ],
    "11740066": [
        "absatzplus.com//11044761"
    ],
    "11740076": [
        "absatzplus.com//16517691"
    ],
    "11743846": [
        "absatzplus.com//15672382"
    ],
    "11743851": [
        "absatzplus.com//10054456"
    ],
    "11743900": [
        "absatzplus.com//10953512"
    ],
    "11744195": [
        "absatzplus.com//1330641"
    ],
    "11744211": [
        "absatzplus.com//7524220"
    ],
    "11807854": [
        "absatzplus.com//2939639"
    ],
    "11807855": [
        "absatzplus.com//6419522"
    ],
    "11807858": [
        "absatzplus.com//2222109"
    ],
    "11815889": [
        "absatzplus.com//16382519"
    ],
    "11816246": [
        "absatzplus.com//15016766"
    ],
    "11816248": [
        "absatzplus.com//11046463"
    ],
    "11816249": [
        "absatzplus.com//17230892"
    ],
    "11869555": [
        "absatzplus.com//8205517"
    ],
    "11871189": [
        "absatzplus.com//10443372"
    ],
    "11871190": [
        "absatzplus.com//6245794"
    ],
    "11871191": [
        "absatzplus.com//17094209"
    ],
    "11871192": [
        "absatzplus.com//1741381"
    ],
    "11985255": [
        "absatzplus.com//7594333"
    ],
    "12027476": [
        "absatzplus.com//6820619"
    ],
    "1203024": [
        "absatzplus.com//9435916"
    ],
    "12072607": [
        "absatzplus.com//6083849"
    ],
    "12097363": [
        "absatzplus.com//4277646"
    ],
    "12157569": [
        "absatzplus.com//17012799"
    ],
    "12215176": [
        "absatzplus.com//7408077"
    ],
    "12216205": [
        "absatzplus.com//9495292"
    ],
    "12216330": [
        "absatzplus.com//8911306"
    ],
    "12216348": [
        "absatzplus.com//15155380"
    ],
    "12216667": [
        "absatzplus.com//3822064"
    ],
    "12222770": [
        "absatzplus.com//15126386"
    ],
    "12242512": [
        "absatzplus.com//7805310"
    ],
    "12246150": [
        "absatzplus.com//8329394"
    ],
    "12246151": [
        "absatzplus.com//13839024"
    ],
    "12304702": [
        "absatzplus.com//2482777"
    ],
    "12312947": [
        "absatzplus.com//4377118"
    ],
    "12355513": [
        "absatzplus.com//8100112"
    ],
    "12355515": [
        "absatzplus.com//15314695"
    ],
    "12355517": [
        "absatzplus.com//12507804"
    ],
    "12355526": [
        "absatzplus.com//50400"
    ],
    "12355528": [
        "absatzplus.com//17150156"
    ],
    "12355546": [
        "absatzplus.com//147189"
    ],
    "12355547": [
        "absatzplus.com//897743"
    ],
    "12365480": [
        "absatzplus.com//1506029"
    ],
    "12448341": [
        "absatzplus.com//5472886"
    ],
    "12448342": [
        "absatzplus.com//6793804"
    ],
    "12578196": [
        "absatzplus.com//16730051"
    ],
    "12604217": [
        "absatzplus.com//10839131"
    ],
    "12604263": [
        "absatzplus.com//13063306"
    ],
    "12604267": [
        "absatzplus.com//4920156"
    ],
    "12604268": [
        "absatzplus.com//15985055"
    ],
    "12604269": [
        "absatzplus.com//14762057"
    ],
    "12604271": [
        "absatzplus.com//13911462"
    ],
    "12604303": [
        "absatzplus.com//10994363"
    ],
    "12604304": [
        "absatzplus.com//2082953"
    ],
    "12605493": [
        "absatzplus.com//15714527"
    ],
    "12605498": [
        "absatzplus.com//11156516"
    ],
    "12605500": [
        "absatzplus.com//11298943"
    ],
    "12605504": [
        "absatzplus.com//13077091"
    ],
    "12605513": [
        "absatzplus.com//5968167"
    ],
    "12605515": [
        "absatzplus.com//8698728"
    ],
    "12605522": [
        "absatzplus.com//11900137"
    ],
    "12605534": [
        "absatzplus.com//6500852"
    ],
    "12605535": [
        "absatzplus.com//7066705"
    ],
    "12605730": [
        "absatzplus.com//9214834"
    ],
    "12605738": [
        "absatzplus.com//10859800"
    ],
    "12605740": [
        "absatzplus.com//2838604"
    ],
    "12605762": [
        "absatzplus.com//11521297"
    ],
    "12605768": [
        "absatzplus.com//15066720"
    ],
    "12605769": [
        "absatzplus.com//8357740"
    ],
    "12605770": [
        "absatzplus.com//9827459"
    ],
    "12605771": [
        "absatzplus.com//4976913"
    ],
    "12605804": [
        "absatzplus.com//737547"
    ],
    "12605805": [
        "absatzplus.com//16406442"
    ],
    "12605853": [
        "absatzplus.com//13302441"
    ],
    "12605889": [
        "absatzplus.com//14495319"
    ],
    "12605912": [
        "absatzplus.com//1579956"
    ],
    "12605913": [
        "absatzplus.com//16721001"
    ],
    "12605915": [
        "absatzplus.com//6808683"
    ],
    "12605916": [
        "absatzplus.com//4760150"
    ],
    "12605917": [
        "absatzplus.com//3505704"
    ],
    "12606002": [
        "absatzplus.com//7505137"
    ],
    "12606012": [
        "absatzplus.com//10676607"
    ],
    "12606018": [
        "absatzplus.com//17349746"
    ],
    "12606020": [
        "absatzplus.com//4124229"
    ],
    "12609634": [
        "absatzplus.com//708034"
    ],
    "12609645": [
        "absatzplus.com//5362676"
    ],
    "12609647": [
        "absatzplus.com//17054527"
    ],
    "12611369": [
        "absatzplus.com//3167176"
    ],
    "12611370": [
        "absatzplus.com//8442653"
    ],
    "12611372": [
        "absatzplus.com//8709578"
    ],
    "12611923": [
        "absatzplus.com//7665675"
    ],
    "12613078": [
        "absatzplus.com//9970739"
    ],
    "12613080": [
        "absatzplus.com//17182601"
    ],
    "12613081": [
        "absatzplus.com//16091271"
    ],
    "12613202": [
        "absatzplus.com//2670642"
    ],
    "12614609": [
        "absatzplus.com//3757860"
    ],
    "12614687": [
        "absatzplus.com//8695811"
    ],
    "12614695": [
        "absatzplus.com//7163866"
    ],
    "12614698": [
        "absatzplus.com//8855058"
    ],
    "12614700": [
        "absatzplus.com//15509528"
    ],
    "12614701": [
        "absatzplus.com//10338547"
    ],
    "12625292": [
        "absatzplus.com//17129772"
    ],
    "12625294": [
        "absatzplus.com//15980567"
    ],
    "12625297": [
        "absatzplus.com//12441859"
    ],
    "12625312": [
        "absatzplus.com//13789944"
    ],
    "12625634": [
        "absatzplus.com//7235046"
    ],
    "12625638": [
        "absatzplus.com//10847818"
    ],
    "12625639": [
        "absatzplus.com//10246356"
    ],
    "12635982": [
        "absatzplus.com//13253671"
    ],
    "12635985": [
        "absatzplus.com//4228276"
    ],
    "12635986": [
        "absatzplus.com//339748"
    ],
    "12636000": [
        "absatzplus.com//11212608"
    ],
    "12636003": [
        "absatzplus.com//6908267"
    ],
    "12639525": [
        "absatzplus.com//3012235"
    ],
    "12654398": [
        "absatzplus.com//16206919"
    ],
    "12771436": [
        "absatzplus.com//11916628"
    ],
    "12796909": [
        "absatzplus.com//15135474"
    ],
    "12948233": [
        "absatzplus.com//4800404"
    ],
    "12948253": [
        "absatzplus.com//1258870"
    ],
    "12948255": [
        "absatzplus.com//13086459"
    ],
    "12948260": [
        "absatzplus.com//15035780"
    ],
    "12948265": [
        "absatzplus.com//16583376"
    ],
    "12948267": [
        "absatzplus.com//11636093"
    ],
    "12948276": [
        "absatzplus.com//9789481"
    ],
    "12997003": [
        "absatzplus.com//2464193"
    ],
    "12997962": [
        "absatzplus.com//7468207"
    ],
    "13160076": [
        "absatzplus.com//12007215"
    ],
    "13160377": [
        "absatzplus.com//2367750"
    ],
    "13160380": [
        "absatzplus.com//1436271"
    ],
    "13160394": [
        "absatzplus.com//6063115"
    ],
    "13161379": [
        "absatzplus.com//905757"
    ],
    "13161380": [
        "absatzplus.com//12854178"
    ],
    "13161389": [
        "absatzplus.com//4128042"
    ],
    "13161390": [
        "absatzplus.com//3545407"
    ],
    "13161391": [
        "absatzplus.com//3540298"
    ],
    "13161394": [
        "absatzplus.com//6917025"
    ],
    "13161396": [
        "absatzplus.com//17305576"
    ],
    "13161397": [
        "absatzplus.com//3763964"
    ],
    "13161399": [
        "absatzplus.com//10212525"
    ],
    "13161417": [
        "absatzplus.com//3523198"
    ],
    "13161418": [
        "absatzplus.com//16222989"
    ],
    "13165466": [
        "absatzplus.com//8501912"
    ],
    "13409913": [
        "absatzplus.com//1990065"
    ],
    "13410833": [
        "absatzplus.com//12864668"
    ],
    "13410855": [
        "absatzplus.com//5478927"
    ],
    "13420232": [
        "absatzplus.com//3427285"
    ],
    "13476209": [
        "absatzplus.com//15342485"
    ],
    "13476210": [
        "absatzplus.com//377355"
    ],
    "13476212": [
        "absatzplus.com//13950998"
    ],
    "13476216": [
        "absatzplus.com//14873082"
    ],
    "13476218": [
        "absatzplus.com//3054946"
    ],
    "13476237": [
        "absatzplus.com//2395693"
    ],
    "13476243": [
        "absatzplus.com//13920298"
    ],
    "13476244": [
        "absatzplus.com//1239273"
    ],
    "13476245": [
        "absatzplus.com//8763214"
    ],
    "13476321": [
        "absatzplus.com//4782081"
    ],
    "13476322": [
        "absatzplus.com//2487067"
    ],
    "13476323": [
        "absatzplus.com//11133176"
    ],
    "13476324": [
        "absatzplus.com//14685950"
    ],
    "13476326": [
        "absatzplus.com//2985156"
    ],
    "13476327": [
        "absatzplus.com//12146969"
    ],
    "13476329": [
        "absatzplus.com//10122160"
    ],
    "13598093": [
        "absatzplus.com//16444637"
    ],
    "13678439": [
        "absatzplus.com//8660391"
    ],
    "13725522": [
        "absatzplus.com//17246428"
    ],
    "13813659": [
        "absatzplus.com//14174962"
    ],
    "13813660": [
        "absatzplus.com//425874"
    ],
    "13813733": [
        "absatzplus.com//10802108"
    ],
    "13813751": [
        "absatzplus.com//16826748"
    ],
    "13813792": [
        "absatzplus.com//5464348"
    ],
    "13813793": [
        "absatzplus.com//10042778"
    ],
    "13813795": [
        "absatzplus.com//4144125"
    ],
    "13813797": [
        "absatzplus.com//16513613"
    ],
    "13813798": [
        "absatzplus.com//3269834"
    ],
    "13902822": [
        "absatzplus.com//6170431"
    ],
    "13965709": [
        "absatzplus.com//4190914"
    ],
    "14050783": [
        "absatzplus.com//535494"
    ],
    "14210265": [
        "absatzplus.com//6990041"
    ],
    "14210269": [
        "absatzplus.com//7118668"
    ],
    "14210272": [
        "absatzplus.com//12379385"
    ],
    "14210273": [
        "absatzplus.com//13225412"
    ],
    "14210339": [
        "absatzplus.com//12492354"
    ],
    "14210341": [
        "absatzplus.com//9838448"
    ],
    "14210343": [
        "absatzplus.com//14862193"
    ],
    "14210350": [
        "absatzplus.com//14313750"
    ],
    "14210356": [
        "absatzplus.com//13647716"
    ],
    "14210400": [
        "absatzplus.com//16239246"
    ],
    "14219117": [
        "absatzplus.com//5588759"
    ],
    "14219957": [
        "absatzplus.com//15740801"
    ],
    "14219959": [
        "absatzplus.com//6008776"
    ],
    "14223845": [
        "absatzplus.com//16752014"
    ],
    "14223920": [
        "absatzplus.com//16440867"
    ],
    "14303493": [
        "absatzplus.com//6858171"
    ],
    "14330295": [
        "absatzplus.com//15182216"
    ],
    "14330297": [
        "absatzplus.com//2066572"
    ],
    "14330299": [
        "absatzplus.com//9658127"
    ],
    "14330301": [
        "absatzplus.com//14515514"
    ],
    "14345647": [
        "absatzplus.com//2444887"
    ],
    "14396264": [
        "absatzplus.com//5355383"
    ],
    "14535874": [
        "absatzplus.com//9311515"
    ],
    "14535875": [
        "absatzplus.com//1119634"
    ],
    "14541979": [
        "absatzplus.com//2191085"
    ],
    "14541991": [
        "absatzplus.com//7489677"
    ],
    "14542047": [
        "absatzplus.com//15128514"
    ],
    "14617688": [
        "absatzplus.com//1510189"
    ],
    "14620661": [
        "absatzplus.com//5385236"
    ],
    "14620662": [
        "absatzplus.com//4982130"
    ],
    "14620663": [
        "absatzplus.com//4004026"
    ],
    "14637669": [
        "absatzplus.com//1882541"
    ],
    "14640146": [
        "absatzplus.com//338802"
    ],
    "14640147": [
        "absatzplus.com//1265374"
    ],
    "14640152": [
        "absatzplus.com//8173851"
    ],
    "14654252": [
        "absatzplus.com//12957207"
    ],
    "14656327": [
        "absatzplus.com//9796529"
    ],
    "14658452": [
        "absatzplus.com//6826803"
    ],
    "14659436": [
        "absatzplus.com//15812227"
    ],
    "14687091": [
        "absatzplus.com//6149820"
    ],
    "14696679": [
        "absatzplus.com//2580153"
    ],
    "14696680": [
        "absatzplus.com//4396557"
    ],
    "14696681": [
        "absatzplus.com//2711159"
    ],
    "14696685": [
        "absatzplus.com//8557226"
    ],
    "14733664": [
        "absatzplus.com//9576001"
    ],
    "14735214": [
        "absatzplus.com//14786130"
    ],
    "14735215": [
        "absatzplus.com//11522071"
    ],
    "1474785": [
        "absatzplus.com//12847665"
    ],
    "14782717": [
        "absatzplus.com//11447402"
    ],
    "14818062": [
        "absatzplus.com//7489414"
    ],
    "14833324": [
        "absatzplus.com//2303180"
    ],
    "14836620": [
        "absatzplus.com//6319189"
    ],
    "14954452": [
        "absatzplus.com//10758052"
    ],
    "14969468": [
        "absatzplus.com//10069876"
    ],
    "14980721": [
        "absatzplus.com//2487026"
    ],
    "14981181": [
        "absatzplus.com//5215273"
    ],
    "14981619": [
        "absatzplus.com//10593417"
    ],
    "14982519": [
        "absatzplus.com//271077"
    ],
    "14982522": [
        "absatzplus.com//154837"
    ],
    "14983029": [
        "absatzplus.com//2147200"
    ],
    "15017627": [
        "absatzplus.com//4177061"
    ],
    "15017768": [
        "absatzplus.com//3561171"
    ],
    "15018091": [
        "absatzplus.com//4586313"
    ],
    "15018108": [
        "absatzplus.com//8129067"
    ],
    "15018126": [
        "absatzplus.com//13587391"
    ],
    "15031696": [
        "absatzplus.com//14647255"
    ],
    "15035133": [
        "absatzplus.com//10123447"
    ],
    "15061431": [
        "absatzplus.com//4660764"
    ],
    "15061453": [
        "absatzplus.com//7401074"
    ],
    "15061472": [
        "absatzplus.com//3181321"
    ],
    "15062189": [
        "absatzplus.com//5195750"
    ],
    "15062201": [
        "absatzplus.com//15455730"
    ],
    "15062202": [
        "absatzplus.com//9952159"
    ],
    "15062674": [
        "absatzplus.com//1615398"
    ],
    "15062676": [
        "absatzplus.com//4454366"
    ],
    "15062679": [
        "absatzplus.com//15575138"
    ],
    "15062680": [
        "absatzplus.com//12469469"
    ],
    "15117952": [
        "absatzplus.com//16820483"
    ],
    "15185290": [
        "absatzplus.com//5077290"
    ],
    "15209534": [
        "absatzplus.com//5114130"
    ],
    "15209832": [
        "absatzplus.com//238605"
    ],
    "15210657": [
        "absatzplus.com//13841625"
    ],
    "15340511": [
        "absatzplus.com//10394021"
    ],
    "15341407": [
        "absatzplus.com//6106495"
    ],
    "15341411": [
        "absatzplus.com//17109131"
    ],
    "15341440": [
        "absatzplus.com//7385304"
    ],
    "15362561": [
        "absatzplus.com//9006037"
    ],
    "15362576": [
        "absatzplus.com//12343922"
    ],
    "15362972": [
        "absatzplus.com//5876192"
    ],
    "15403225": [
        "absatzplus.com//9537381"
    ],
    "15431322": [
        "absatzplus.com//5304226"
    ],
    "15576438": [
        "absatzplus.com//540583"
    ],
    "15586211": [
        "absatzplus.com//8619438"
    ],
    "15708966": [
        "absatzplus.com//10485303"
    ],
    "15767408": [
        "absatzplus.com//6816842"
    ],
    "15767410": [
        "absatzplus.com//16247531"
    ],
    "15767946": [
        "absatzplus.com//5514679"
    ],
    "15773528": [
        "absatzplus.com//11513303"
    ],
    "15773534": [
        "absatzplus.com//9197234"
    ],
    "15842001": [
        "absatzplus.com//12364636"
    ],
    "15842068": [
        "absatzplus.com//5334968"
    ],
    "15874585": [
        "absatzplus.com//2573192"
    ],
    "15879670": [
        "absatzplus.com//10637577"
    ],
    "15927299": [
        "absatzplus.com//6924650"
    ],
    "15976714": [
        "absatzplus.com//15869104"
    ],
    "15995732": [
        "absatzplus.com//7314789"
    ],
    "16011768": [
        "absatzplus.com//1956655"
    ],
    "16025292": [
        "absatzplus.com//9917299"
    ],
    "16033997": [
        "absatzplus.com//6411568"
    ],
    "16047848": [
        "absatzplus.com//7771852"
    ],
    "16050523": [
        "absatzplus.com//3225509"
    ],
    "16091174": [
        "absatzplus.com//2283605"
    ],
    "16101389": [
        "absatzplus.com//7027879"
    ],
    "16177823": [
        "absatzplus.com//898920"
    ],
    "16222503": [
        "absatzplus.com//16756346"
    ],
    "16224244": [
        "absatzplus.com//15376983"
    ],
    "16224246": [
        "absatzplus.com//13896086"
    ],
    "16226740": [
        "absatzplus.com//6925024"
    ],
    "16227259": [
        "absatzplus.com//10679441"
    ],
    "16227261": [
        "absatzplus.com//8131956"
    ],
    "16235351": [
        "absatzplus.com//9257540"
    ],
    "16272082": [
        "absatzplus.com//397196"
    ],
    "16272156": [
        "absatzplus.com//3927330"
    ],
    "16308018": [
        "absatzplus.com//7777335"
    ],
    "17113": [
        "absatzplus.com//14463209"
    ],
    "1802502": [
        "absatzplus.com//11229763"
    ],
    "1817850": [
        "absatzplus.com//3116086"
    ],
    "1818731": [
        "absatzplus.com//17094606"
    ],
    "1818747": [
        "absatzplus.com//9960349"
    ],
    "1818748": [
        "absatzplus.com//11794620"
    ],
    "1818749": [
        "absatzplus.com//13494863"
    ],
    "1818750": [
        "absatzplus.com//3675316"
    ],
    "1818751": [
        "absatzplus.com//10783934"
    ],
    "1818753": [
        "absatzplus.com//15476701"
    ],
    "1818754": [
        "absatzplus.com//4374464"
    ],
    "1818762": [
        "absatzplus.com//17011416"
    ],
    "1818764": [
        "absatzplus.com//16990963"
    ],
    "1818766": [
        "absatzplus.com//13280126"
    ],
    "1818767": [
        "absatzplus.com//2269527"
    ],
    "1818768": [
        "absatzplus.com//240202"
    ],
    "1818769": [
        "absatzplus.com//3004727"
    ],
    "1819082": [
        "absatzplus.com//11296755"
    ],
    "1819083": [
        "absatzplus.com//4308811"
    ],
    "1819101": [
        "absatzplus.com//15665204"
    ],
    "1830016": [
        "absatzplus.com//15558595"
    ],
    "1851221": [
        "absatzplus.com//9633457"
    ],
    "1851230": [
        "absatzplus.com//11093470"
    ],
    "1851231": [
        "absatzplus.com//3385098"
    ],
    "1851234": [
        "absatzplus.com//16506581"
    ],
    "1896548": [
        "absatzplus.com//15956620"
    ],
    "1917713": [
        "absatzplus.com//14389629"
    ],
    "1928622": [
        "absatzplus.com//10593160"
    ],
    "1933428": [
        "absatzplus.com//16892603"
    ],
    "1934339": [
        "absatzplus.com//7817915"
    ],
    "1943818": [
        "absatzplus.com//1279644"
    ],
    "1963748": [
        "absatzplus.com//15113073"
    ],
    "1975555": [
        "absatzplus.com//4316612"
    ],
    "1976380": [
        "absatzplus.com//8364861"
    ],
    "1976574": [
        "absatzplus.com//7735823"
    ],
    "1976981": [
        "absatzplus.com//17281863"
    ],
    "1988195": [
        "absatzplus.com//16131678"
    ],
    "1988198": [
        "absatzplus.com//13480770"
    ],
    "1988259": [
        "absatzplus.com//4608909"
    ],
    "1988629": [
        "absatzplus.com//12682807"
    ],
    "1988760": [
        "absatzplus.com//12372762"
    ],
    "1988764": [
        "absatzplus.com//14898853"
    ],
    "1992299": [
        "absatzplus.com//13938526"
    ],
    "1994351": [
        "absatzplus.com//12093673"
    ],
    "1994895": [
        "absatzplus.com//11783104"
    ],
    "1998523": [
        "absatzplus.com//14312533"
    ],
    "1999290": [
        "absatzplus.com//12306339"
    ],
    "2006122": [
        "absatzplus.com//2054122"
    ],
    "2008662": [
        "absatzplus.com//9119926"
    ],
    "2024127": [
        "absatzplus.com//1465594"
    ],
    "2044676": [
        "absatzplus.com//117738"
    ],
    "2057064": [
        "absatzplus.com//16148257"
    ],
    "2058338": [
        "absatzplus.com//1307186"
    ],
    "2089994": [
        "absatzplus.com//15555349"
    ],
    "2090107": [
        "absatzplus.com//3374654"
    ],
    "2090110": [
        "absatzplus.com//3521747"
    ],
    "2090112": [
        "absatzplus.com//17367014"
    ],
    "2090114": [
        "absatzplus.com//3297541"
    ],
    "2090118": [
        "absatzplus.com//14214947"
    ],
    "2090119": [
        "absatzplus.com//4492998"
    ],
    "2090127": [
        "absatzplus.com//16872989"
    ],
    "2090128": [
        "absatzplus.com//13743262"
    ],
    "2090130": [
        "absatzplus.com//3898282"
    ],
    "2090131": [
        "absatzplus.com//15452640"
    ],
    "2090134": [
        "absatzplus.com//12765302"
    ],
    "2090137": [
        "absatzplus.com//15793350"
    ],
    "2096411": [
        "absatzplus.com//6715353"
    ],
    "2096419": [
        "absatzplus.com//10342683"
    ],
    "2097344": [
        "absatzplus.com//4198558"
    ],
    "2097346": [
        "absatzplus.com//15988532"
    ],
    "2097364": [
        "absatzplus.com//17355106"
    ],
    "2097366": [
        "absatzplus.com//5361512"
    ],
    "2097368": [
        "absatzplus.com//6875710"
    ],
    "2097370": [
        "absatzplus.com//945089"
    ],
    "2097372": [
        "absatzplus.com//14336700"
    ],
    "2097373": [
        "absatzplus.com//6470330"
    ],
    "2097374": [
        "absatzplus.com//14900039"
    ],
    "2146638": [
        "absatzplus.com//8298526"
    ],
    "2168675": [
        "absatzplus.com//16629400"
    ],
    "2168737": [
        "absatzplus.com//2850773"
    ],
    "2168761": [
        "absatzplus.com//9690938"
    ],
    "2181067": [
        "absatzplus.com//2335814"
    ],
    "2381695": [
        "absatzplus.com//2790933"
    ],
    "2382481": [
        "absatzplus.com//7566349"
    ],
    "2383017": [
        "absatzplus.com//10169845"
    ],
    "2383023": [
        "absatzplus.com//9187698"
    ],
    "2384798": [
        "absatzplus.com//8313733"
    ],
    "2388601": [
        "absatzplus.com//885895"
    ],
    "2388605": [
        "absatzplus.com//8407427"
    ],
    "2388626": [
        "absatzplus.com//8766686"
    ],
    "2419458": [
        "absatzplus.com//14553000"
    ],
    "2437933": [
        "absatzplus.com//7925821"
    ],
    "2442451": [
        "absatzplus.com//5464271"
    ],
    "2576075": [
        "absatzplus.com//14328665"
    ],
    "2576365": [
        "absatzplus.com//7878963"
    ],
    "2601015": [
        "absatzplus.com//5166153"
    ],
    "2657174": [
        "absatzplus.com//17321901"
    ],
    "2657175": [
        "absatzplus.com//16391757"
    ],
    "2742075": [
        "absatzplus.com//12229283"
    ],
    "2777235": [
        "absatzplus.com//9154194"
    ],
    "2809180": [
        "absatzplus.com//11432009"
    ],
    "2809219": [
        "absatzplus.com//12902109"
    ],
    "2840415": [
        "absatzplus.com//16297858"
    ],
    "2840425": [
        "absatzplus.com//14584171"
    ],
    "2840426": [
        "absatzplus.com//12202145"
    ],
    "2840785": [
        "absatzplus.com//3057202"
    ],
    "2858669": [
        "absatzplus.com//11655464"
    ],
    "2867744": [
        "absatzplus.com//10330462"
    ],
    "292248": [
        "absatzplus.com//10513956"
    ],
    "2980194": [
        "absatzplus.com//16773795"
    ],
    "3092816": [
        "absatzplus.com//4747206"
    ],
    "3111698": [
        "absatzplus.com//9919938"
    ],
    "3211489": [
        "absatzplus.com//12494263"
    ],
    "3237880": [
        "absatzplus.com//918436"
    ],
    "3237883": [
        "absatzplus.com//2525356"
    ],
    "3237884": [
        "absatzplus.com//9898839"
    ],
    "3266814": [
        "absatzplus.com//5178834"
    ],
    "3285": [
        "absatzplus.com//10830324"
    ],
    "3376017": [
        "absatzplus.com//2299209"
    ],
    "3396472": [
        "absatzplus.com//16858710"
    ],
    "3427483": [
        "absatzplus.com//12796771"
    ],
    "3428250": [
        "absatzplus.com//16462134"
    ],
    "3461666": [
        "absatzplus.com//11596215"
    ],
    "3465953": [
        "absatzplus.com//14231394"
    ],
    "3474758": [
        "absatzplus.com//42552"
    ],
    "3482437": [
        "absatzplus.com//5583149"
    ],
    "3533362": [
        "absatzplus.com//8791505"
    ],
    "3756221": [
        "absatzplus.com//1567158"
    ],
    "3864853": [
        "absatzplus.com//9039096"
    ],
    "3864870": [
        "absatzplus.com//14376704"
    ],
    "3864881": [
        "absatzplus.com//332453"
    ],
    "3865011": [
        "absatzplus.com//16631933"
    ],
    "3865014": [
        "absatzplus.com//4828278"
    ],
    "3865021": [
        "absatzplus.com//2959032"
    ],
    "3901969": [
        "absatzplus.com//2384159"
    ],
    "3901971": [
        "absatzplus.com//1076987"
    ],
    "3902010": [
        "absatzplus.com//15126241"
    ],
    "4093032": [
        "absatzplus.com//12286812"
    ],
    "4126929": [
        "absatzplus.com//13781184"
    ],
    "4174415": [
        "absatzplus.com//883691"
    ],
    "4174416": [
        "absatzplus.com//11520699"
    ],
    "4286652": [
        "absatzplus.com//10973777"
    ],
    "4286661": [
        "absatzplus.com//13359954"
    ],
    "4316605": [
        "absatzplus.com//251926"
    ],
    "4321646": [
        "absatzplus.com//15441379"
    ],
    "4321648": [
        "absatzplus.com//12115960"
    ],
    "4321651": [
        "absatzplus.com//5091718"
    ],
    "4321653": [
        "absatzplus.com//13277214"
    ],
    "4322898": [
        "absatzplus.com//10210798"
    ],
    "4322899": [
        "absatzplus.com//3570147"
    ],
    "4322901": [
        "absatzplus.com//15479818"
    ],
    "4323287": [
        "absatzplus.com//957792"
    ],
    "4323288": [
        "absatzplus.com//6700357"
    ],
    "4434617": [
        "absatzplus.com//5201280"
    ],
    "4434621": [
        "absatzplus.com//17546439"
    ],
    "4434635": [
        "absatzplus.com//12639680"
    ],
    "4434642": [
        "absatzplus.com//1507321"
    ],
    "4434663": [
        "absatzplus.com//11777553"
    ],
    "4434664": [
        "absatzplus.com//4651071"
    ],
    "4434665": [
        "absatzplus.com//1856365"
    ],
    "4434673": [
        "absatzplus.com//12666786"
    ],
    "4434674": [
        "absatzplus.com//11549006"
    ],
    "4434683": [
        "absatzplus.com//800690"
    ],
    "4434686": [
        "absatzplus.com//15166860"
    ],
    "4445821": [
        "absatzplus.com//8940003"
    ],
    "4445828": [
        "absatzplus.com//10328572"
    ],
    "4527877": [
        "absatzplus.com//8895298"
    ],
    "4531754": [
        "absatzplus.com//2896987"
    ],
    "4570314": [
        "absatzplus.com//4002815"
    ],
    "4587167": [
        "absatzplus.com//125733"
    ],
    "4619670": [
        "absatzplus.com//16659129"
    ],
    "4637043": [
        "absatzplus.com//16363504"
    ],
    "4641917": [
        "absatzplus.com//11047652"
    ],
    "4641919": [
        "absatzplus.com//16227703"
    ],
    "4641921": [
        "absatzplus.com//6453394"
    ],
    "4641922": [
        "absatzplus.com//12248108"
    ],
    "4652160": [
        "absatzplus.com//1055268"
    ],
    "4652237": [
        "absatzplus.com//9174307"
    ],
    "4658871": [
        "absatzplus.com//15622531"
    ],
    "4659286": [
        "absatzplus.com//13758851"
    ],
    "4659287": [
        "absatzplus.com//12096475"
    ],
    "4659288": [
        "absatzplus.com//10361667"
    ],
    "4659294": [
        "absatzplus.com//12040657"
    ],
    "4659326": [
        "absatzplus.com//3229499"
    ],
    "4659745": [
        "absatzplus.com//11200707"
    ],
    "4659781": [
        "absatzplus.com//6901758"
    ],
    "4659920": [
        "absatzplus.com//14172708"
    ],
    "4659930": [
        "absatzplus.com//10787681"
    ],
    "4660007": [
        "absatzplus.com//6874720"
    ],
    "4681254": [
        "absatzplus.com//12702755"
    ],
    "4753842": [
        "absatzplus.com//1537915"
    ],
    "4840400": [
        "absatzplus.com//12611630"
    ],
    "4840422": [
        "absatzplus.com//14396815"
    ],
    "487148": [
        "absatzplus.com//10095287"
    ],
    "4872221": [
        "absatzplus.com//9864133"
    ],
    "4893426": [
        "absatzplus.com//2736736"
    ],
    "4929948": [
        "absatzplus.com//15110787"
    ],
    "5026876": [
        "absatzplus.com//5020058"
    ],
    "5047391": [
        "absatzplus.com//17241722"
    ],
    "5095569": [
        "absatzplus.com//7693646"
    ],
    "5106822": [
        "absatzplus.com//5578259"
    ],
    "5114822": [
        "absatzplus.com//4698818"
    ],
    "5153824": [
        "absatzplus.com//1946197"
    ],
    "5188662": [
        "absatzplus.com//14817130"
    ],
    "5198542": [
        "absatzplus.com//10038345"
    ],
    "5228396": [
        "absatzplus.com//16399310"
    ],
    "5229780": [
        "absatzplus.com//14307375"
    ],
    "5229880": [
        "absatzplus.com//5101851"
    ],
    "5230120": [
        "absatzplus.com//15425417"
    ],
    "5236091": [
        "absatzplus.com//1790604"
    ],
    "5251154": [
        "absatzplus.com//3187636"
    ],
    "5306748": [
        "absatzplus.com//7594254"
    ],
    "5314354": [
        "absatzplus.com//1671519"
    ],
    "5321363": [
        "absatzplus.com//7947309"
    ],
    "5325949": [
        "absatzplus.com//9025767"
    ],
    "5353524": [
        "absatzplus.com//13732998"
    ],
    "5354592": [
        "absatzplus.com//10693780"
    ],
    "5393529": [
        "absatzplus.com//2704108"
    ],
    "5395148": [
        "absatzplus.com//780950"
    ],
    "5410771": [
        "absatzplus.com//12540885"
    ],
    "5424004": [
        "absatzplus.com//4132004"
    ],
    "5424006": [
        "absatzplus.com//10994376"
    ],
    "5424007": [
        "absatzplus.com//14927471"
    ],
    "5424008": [
        "absatzplus.com//7590100"
    ],
    "5424009": [
        "absatzplus.com//14282493"
    ],
    "5442366": [
        "absatzplus.com//6638924"
    ],
    "5442367": [
        "absatzplus.com//7504280"
    ],
    "5442375": [
        "absatzplus.com//9236860"
    ],
    "5442376": [
        "absatzplus.com//6209530"
    ],
    "5442377": [
        "absatzplus.com//12041098"
    ],
    "5442379": [
        "absatzplus.com//5759482"
    ],
    "5442380": [
        "absatzplus.com//10433585"
    ],
    "5442381": [
        "absatzplus.com//8873667"
    ],
    "5442861": [
        "absatzplus.com//178690"
    ],
    "5442862": [
        "absatzplus.com//15146213"
    ],
    "5442863": [
        "absatzplus.com//656073"
    ],
    "5448312": [
        "absatzplus.com//9905381"
    ],
    "5462650": [
        "absatzplus.com//6854489"
    ],
    "5462657": [
        "absatzplus.com//4415155"
    ],
    "5462659": [
        "absatzplus.com//14486877"
    ],
    "5486753": [
        "absatzplus.com//4048159"
    ],
    "5502663": [
        "absatzplus.com//3919380"
    ],
    "5556287": [
        "absatzplus.com//4894535"
    ],
    "5563762": [
        "absatzplus.com//2600299"
    ],
    "560012": [
        "absatzplus.com//6193273"
    ],
    "5612799": [
        "absatzplus.com//7023767"
    ],
    "5615274": [
        "absatzplus.com//1948260"
    ],
    "5627234": [
        "absatzplus.com//7538945"
    ],
    "5627240": [
        "absatzplus.com//13471293"
    ],
    "5630872": [
        "absatzplus.com//12674926"
    ],
    "5641818": [
        "absatzplus.com//14951950"
    ],
    "5641819": [
        "absatzplus.com//3742424"
    ],
    "5642369": [
        "absatzplus.com//9138987"
    ],
    "5658990": [
        "absatzplus.com//5849597"
    ],
    "5658995": [
        "absatzplus.com//1255305"
    ],
    "5659126": [
        "absatzplus.com//15827345"
    ],
    "5659140": [
        "absatzplus.com//14531729"
    ],
    "5659225": [
        "absatzplus.com//10649892"
    ],
    "5725775": [
        "absatzplus.com//13383398"
    ],
    "5725777": [
        "absatzplus.com//13000968"
    ],
    "5735982": [
        "absatzplus.com//11381734"
    ],
    "5748242": [
        "absatzplus.com//3034657"
    ],
    "5751990": [
        "absatzplus.com//12571458"
    ],
    "5759261": [
        "absatzplus.com//7497438"
    ],
    "5759262": [
        "absatzplus.com//1934814"
    ],
    "5759266": [
        "absatzplus.com//4016128"
    ],
    "5765051": [
        "absatzplus.com//11909523"
    ],
    "5765052": [
        "absatzplus.com//12294296"
    ],
    "5765053": [
        "absatzplus.com//10188909"
    ],
    "5765055": [
        "absatzplus.com//8145236"
    ],
    "5765069": [
        "absatzplus.com//8013774"
    ],
    "5765212": [
        "absatzplus.com//3926410"
    ],
    "5765213": [
        "absatzplus.com//10591823"
    ],
    "5765216": [
        "absatzplus.com//832354"
    ],
    "5765447": [
        "absatzplus.com//6376877"
    ],
    "5765449": [
        "absatzplus.com//5210211"
    ],
    "5765454": [
        "absatzplus.com//16558091"
    ],
    "5765609": [
        "absatzplus.com//11307084"
    ],
    "5765610": [
        "absatzplus.com//10372002"
    ],
    "5765613": [
        "absatzplus.com//10630550"
    ],
    "5765615": [
        "absatzplus.com//6002345"
    ],
    "5765616": [
        "absatzplus.com//15348889"
    ],
    "5765782": [
        "absatzplus.com//6357668"
    ],
    "5765783": [
        "absatzplus.com//3037947"
    ],
    "5765785": [
        "absatzplus.com//10211793"
    ],
    "5765786": [
        "absatzplus.com//6188451"
    ],
    "5765788": [
        "absatzplus.com//11750455"
    ],
    "5765789": [
        "absatzplus.com//4125493"
    ],
    "5765907": [
        "absatzplus.com//5599470"
    ],
    "5765909": [
        "absatzplus.com//9837472"
    ],
    "5765917": [
        "absatzplus.com//14365254"
    ],
    "5818166": [
        "absatzplus.com//5300057"
    ],
    "5835190": [
        "absatzplus.com//5374525"
    ],
    "5845101": [
        "absatzplus.com//10087599"
    ],
    "5867705": [
        "absatzplus.com//5196745"
    ],
    "5867706": [
        "absatzplus.com//5307534"
    ],
    "5867755": [
        "absatzplus.com//412418"
    ],
    "5878753": [
        "absatzplus.com//5345064"
    ],
    "5894324": [
        "absatzplus.com//7184550"
    ],
    "6010896": [
        "absatzplus.com//5604971"
    ],
    "6010897": [
        "absatzplus.com//16248312"
    ],
    "6010899": [
        "absatzplus.com//9942338"
    ],
    "6010900": [
        "absatzplus.com//16882305"
    ],
    "6018954": [
        "absatzplus.com//15730688"
    ],
    "6018966": [
        "absatzplus.com//8119330"
    ],
    "6019290": [
        "absatzplus.com//533683"
    ],
    "6019292": [
        "absatzplus.com//3325084"
    ],
    "6041531": [
        "absatzplus.com//4804071"
    ],
    "6041751": [
        "absatzplus.com//5764991"
    ],
    "6041880": [
        "absatzplus.com//13397826"
    ],
    "605911": [
        "absatzplus.com//2554648"
    ],
    "6062947": [
        "absatzplus.com//13085247"
    ],
    "6062948": [
        "absatzplus.com//14291398"
    ],
    "6062979": [
        "absatzplus.com//800801"
    ],
    "6146586": [
        "absatzplus.com//15880464"
    ],
    "6155472": [
        "absatzplus.com//13962445"
    ],
    "6155933": [
        "absatzplus.com//12577206"
    ],
    "6156294": [
        "absatzplus.com//14083460"
    ],
    "6156507": [
        "absatzplus.com//2042755"
    ],
    "6156511": [
        "absatzplus.com//15752303"
    ],
    "6156512": [
        "absatzplus.com//16839256"
    ],
    "6157276": [
        "absatzplus.com//6754549"
    ],
    "6157277": [
        "absatzplus.com//13349134"
    ],
    "6157278": [
        "absatzplus.com//9789591"
    ],
    "6157280": [
        "absatzplus.com//4287180"
    ],
    "6157289": [
        "absatzplus.com//10129735"
    ],
    "6157302": [
        "absatzplus.com//10719832"
    ],
    "6157495": [
        "absatzplus.com//8842533"
    ],
    "6158112": [
        "absatzplus.com//12567716"
    ],
    "6176274": [
        "absatzplus.com//1477143"
    ],
    "620006": [
        "absatzplus.com//9289807"
    ],
    "6204425": [
        "absatzplus.com//5831191"
    ],
    "6211465": [
        "absatzplus.com//1247917"
    ],
    "6211650": [
        "absatzplus.com//6292942"
    ],
    "6211655": [
        "absatzplus.com//3028779"
    ],
    "6211656": [
        "absatzplus.com//1901067"
    ],
    "6211658": [
        "absatzplus.com//14871266"
    ],
    "6212119": [
        "absatzplus.com//7890876"
    ],
    "6212125": [
        "absatzplus.com//2575517"
    ],
    "6212128": [
        "absatzplus.com//11170555"
    ],
    "6212442": [
        "absatzplus.com//6394979"
    ],
    "6212444": [
        "absatzplus.com//16104173"
    ],
    "6212445": [
        "absatzplus.com//10209506"
    ],
    "6212446": [
        "absatzplus.com//9148679"
    ],
    "6212454": [
        "absatzplus.com//5649318"
    ],
    "6213100": [
        "absatzplus.com//6073649"
    ],
    "6213101": [
        "absatzplus.com//12135051"
    ],
    "6213102": [
        "absatzplus.com//5653537"
    ],
    "6213104": [
        "absatzplus.com//16753823"
    ],
    "6213106": [
        "absatzplus.com//12572091"
    ],
    "6232037": [
        "absatzplus.com//12870901"
    ],
    "6274759": [
        "absatzplus.com//1273551"
    ],
    "6374186": [
        "absatzplus.com//2430054"
    ],
    "6391820": [
        "absatzplus.com//5288916"
    ],
    "6408015": [
        "absatzplus.com//9069731"
    ],
    "6416650": [
        "absatzplus.com//10090166"
    ],
    "6416817": [
        "absatzplus.com//14491141"
    ],
    "6430909": [
        "absatzplus.com//5852422"
    ],
    "6482214": [
        "absatzplus.com//14683573"
    ],
    "6482215": [
        "absatzplus.com//6487154"
    ],
    "6482224": [
        "absatzplus.com//8588093"
    ],
    "6482230": [
        "absatzplus.com//3616700"
    ],
    "6482263": [
        "absatzplus.com//6773390"
    ],
    "6482265": [
        "absatzplus.com//5408691"
    ],
    "6482266": [
        "absatzplus.com//7620698"
    ],
    "6482268": [
        "absatzplus.com//10555823"
    ],
    "6482270": [
        "absatzplus.com//4950694"
    ],
    "6482273": [
        "absatzplus.com//2646649"
    ],
    "6482319": [
        "absatzplus.com//2929419"
    ],
    "6482327": [
        "absatzplus.com//3248992"
    ],
    "6482328": [
        "absatzplus.com//6179756"
    ],
    "6482330": [
        "absatzplus.com//9609315"
    ],
    "6482333": [
        "absatzplus.com//2859297"
    ],
    "6482335": [
        "absatzplus.com//2152224"
    ],
    "6482670": [
        "absatzplus.com//4482389"
    ],
    "6482672": [
        "absatzplus.com//14212927"
    ],
    "6482688": [
        "absatzplus.com//12235556"
    ],
    "6482689": [
        "absatzplus.com//7821543"
    ],
    "6482691": [
        "absatzplus.com//10140375"
    ],
    "6482748": [
        "absatzplus.com//13735879"
    ],
    "6482750": [
        "absatzplus.com//3822886"
    ],
    "6482829": [
        "absatzplus.com//15726118"
    ],
    "6482830": [
        "absatzplus.com//3392595"
    ],
    "6482849": [
        "absatzplus.com//7530237"
    ],
    "6482856": [
        "absatzplus.com//3386316"
    ],
    "6482857": [
        "absatzplus.com//17453676"
    ],
    "6482858": [
        "absatzplus.com//3840099"
    ],
    "6482866": [
        "absatzplus.com//2202730"
    ],
    "6482869": [
        "absatzplus.com//9820382"
    ],
    "6482889": [
        "absatzplus.com//14933150"
    ],
    "6482894": [
        "absatzplus.com//16171349"
    ],
    "6583190": [
        "absatzplus.com//998908"
    ],
    "6591721": [
        "absatzplus.com//4572555"
    ],
    "6596664": [
        "absatzplus.com//7772400"
    ],
    "6596666": [
        "absatzplus.com//15355291"
    ],
    "6596696": [
        "absatzplus.com//6720639"
    ],
    "6596706": [
        "absatzplus.com//6738611"
    ],
    "6596844": [
        "absatzplus.com//5581980"
    ],
    "6596845": [
        "absatzplus.com//7052261"
    ],
    "6597457": [
        "absatzplus.com//1224041"
    ],
    "6597508": [
        "absatzplus.com//1492526"
    ],
    "6597509": [
        "absatzplus.com//15115908"
    ],
    "6599273": [
        "absatzplus.com//14269991"
    ],
    "6655796": [
        "absatzplus.com//14183831"
    ],
    "6655803": [
        "absatzplus.com//11359774"
    ],
    "6655804": [
        "absatzplus.com//10847850"
    ],
    "6676585": [
        "absatzplus.com//8136828"
    ],
    "6676593": [
        "absatzplus.com//3894577"
    ],
    "6691654": [
        "absatzplus.com//1185621"
    ],
    "6691655": [
        "absatzplus.com//2619082"
    ],
    "6691999": [
        "absatzplus.com//6611985"
    ],
    "6692418": [
        "absatzplus.com//1520992"
    ],
    "6726626": [
        "absatzplus.com//11623227"
    ],
    "6790415": [
        "absatzplus.com//4015943"
    ],
    "6822329": [
        "absatzplus.com//16534216"
    ],
    "6825207": [
        "absatzplus.com//3277052"
    ],
    "6825209": [
        "absatzplus.com//16499388"
    ],
    "6825332": [
        "absatzplus.com//11237870"
    ],
    "6825333": [
        "absatzplus.com//958594"
    ],
    "6825343": [
        "absatzplus.com//720269"
    ],
    "6825471": [
        "absatzplus.com//6149429"
    ],
    "6825858": [
        "absatzplus.com//15305915"
    ],
    "6825859": [
        "absatzplus.com//4860142"
    ],
    "6825861": [
        "absatzplus.com//8163256"
    ],
    "6825862": [
        "absatzplus.com//10864709"
    ],
    "6825864": [
        "absatzplus.com//16860716"
    ],
    "6825876": [
        "absatzplus.com//208744"
    ],
    "6854331": [
        "absatzplus.com//16157930"
    ],
    "6854397": [
        "absatzplus.com//14085216"
    ],
    "6865305": [
        "absatzplus.com//16658090"
    ],
    "6884616": [
        "absatzplus.com//5747587"
    ],
    "6892715": [
        "absatzplus.com//5256202"
    ],
    "6892716": [
        "absatzplus.com//2984382"
    ],
    "6892720": [
        "absatzplus.com//10368519"
    ],
    "6892721": [
        "absatzplus.com//17354158"
    ],
    "6892749": [
        "absatzplus.com//11039556"
    ],
    "6892750": [
        "absatzplus.com//15871606"
    ],
    "6892751": [
        "absatzplus.com//3704615"
    ],
    "6892753": [
        "absatzplus.com//11563009"
    ],
    "6892765": [
        "absatzplus.com//9498753"
    ],
    "6892766": [
        "absatzplus.com//11787710"
    ],
    "6892768": [
        "absatzplus.com//14596150"
    ],
    "6892770": [
        "absatzplus.com//6981010"
    ],
    "6892772": [
        "absatzplus.com//5381286"
    ],
    "6892773": [
        "absatzplus.com//2645065"
    ],
    "6892774": [
        "absatzplus.com//6610679"
    ],
    "6892775": [
        "absatzplus.com//808911"
    ],
    "6892785": [
        "absatzplus.com//6853315"
    ],
    "6892940": [
        "absatzplus.com//6577066"
    ],
    "6893098": [
        "absatzplus.com//11351302"
    ],
    "6893099": [
        "absatzplus.com//1325327"
    ],
    "6893255": [
        "absatzplus.com//9550936"
    ],
    "6893259": [
        "absatzplus.com//10881652"
    ],
    "6893261": [
        "absatzplus.com//10848693"
    ],
    "6893270": [
        "absatzplus.com//15525613"
    ],
    "6893272": [
        "absatzplus.com//13468253"
    ],
    "6893274": [
        "absatzplus.com//5586992"
    ],
    "6893277": [
        "absatzplus.com//15071111"
    ],
    "6893278": [
        "absatzplus.com//5896264"
    ],
    "6893292": [
        "absatzplus.com//7303921"
    ],
    "6893296": [
        "absatzplus.com//12907047"
    ],
    "6893298": [
        "absatzplus.com//904888"
    ],
    "6893301": [
        "absatzplus.com//4324701"
    ],
    "6893302": [
        "absatzplus.com//12338081"
    ],
    "6893303": [
        "absatzplus.com//8146225"
    ],
    "6893304": [
        "absatzplus.com//983181"
    ],
    "6918266": [
        "absatzplus.com//11876817"
    ],
    "6973760": [
        "absatzplus.com//1187815"
    ],
    "6973765": [
        "absatzplus.com//9038150"
    ],
    "6973837": [
        "absatzplus.com//13940075"
    ],
    "6973851": [
        "absatzplus.com//14988885"
    ],
    "6973857": [
        "absatzplus.com//10867654"
    ],
    "6973858": [
        "absatzplus.com//8739532"
    ],
    "6973859": [
        "absatzplus.com//9520299"
    ],
    "6973868": [
        "absatzplus.com//332436"
    ],
    "6975056": [
        "absatzplus.com//1960569"
    ],
    "6975315": [
        "absatzplus.com//9929608"
    ],
    "6975316": [
        "absatzplus.com//2612463"
    ],
    "6975319": [
        "absatzplus.com//12456061"
    ],
    "6975322": [
        "absatzplus.com//14393833"
    ],
    "6975478": [
        "absatzplus.com//2726188"
    ],
    "6975480": [
        "absatzplus.com//2009957"
    ],
    "6975481": [
        "absatzplus.com//16570773"
    ],
    "6975608": [
        "absatzplus.com//7771731"
    ],
    "6975610": [
        "absatzplus.com//8605767"
    ],
    "6975612": [
        "absatzplus.com//2432104"
    ],
    "6975640": [
        "absatzplus.com//11308274"
    ],
    "6975982": [
        "absatzplus.com//13418075"
    ],
    "6985682": [
        "absatzplus.com//12066680"
    ],
    "6985935": [
        "absatzplus.com//34904"
    ],
    "6985950": [
        "absatzplus.com//16658016"
    ],
    "6985996": [
        "absatzplus.com//8380111"
    ],
    "6987067": [
        "absatzplus.com//5762326"
    ],
    "6987116": [
        "absatzplus.com//15242311"
    ],
    "6987473": [
        "absatzplus.com//10289962"
    ],
    "6988195": [
        "absatzplus.com//7181222"
    ],
    "6988337": [
        "absatzplus.com//1568815"
    ],
    "6988592": [
        "absatzplus.com//5686565"
    ],
    "6988605": [
        "absatzplus.com//11352224"
    ],
    "6988609": [
        "absatzplus.com//3439924"
    ],
    "6988627": [
        "absatzplus.com//17356802"
    ],
    "6988629": [
        "absatzplus.com//3043803"
    ],
    "6988872": [
        "absatzplus.com//10119262"
    ],
    "6988901": [
        "absatzplus.com//1971985"
    ],
    "6988904": [
        "absatzplus.com//17393905"
    ],
    "7004712": [
        "absatzplus.com//17462955"
    ],
    "7004730": [
        "absatzplus.com//15625006"
    ],
    "7004739": [
        "absatzplus.com//5974480"
    ],
    "7004809": [
        "absatzplus.com//8780406"
    ],
    "7004811": [
        "absatzplus.com//3721560"
    ],
    "7004814": [
        "absatzplus.com//10317512"
    ],
    "7004816": [
        "absatzplus.com//12348794"
    ],
    "7004834": [
        "absatzplus.com//5137036"
    ],
    "7004835": [
        "absatzplus.com//7599972"
    ],
    "7004874": [
        "absatzplus.com//6054291"
    ],
    "7004875": [
        "absatzplus.com//12433016"
    ],
    "7005131": [
        "absatzplus.com//15269137"
    ],
    "7005136": [
        "absatzplus.com//10623224"
    ],
    "7005140": [
        "absatzplus.com//1572989"
    ],
    "7005141": [
        "absatzplus.com//16670479"
    ],
    "7005145": [
        "absatzplus.com//9374806"
    ],
    "7005163": [
        "absatzplus.com//3159855"
    ],
    "7005177": [
        "absatzplus.com//3791135"
    ],
    "7005179": [
        "absatzplus.com//13349363"
    ],
    "7005641": [
        "absatzplus.com//1536170"
    ],
    "7005664": [
        "absatzplus.com//2829696"
    ],
    "7005749": [
        "absatzplus.com//2217018"
    ],
    "7005750": [
        "absatzplus.com//3221136"
    ],
    "7005752": [
        "absatzplus.com//9093572"
    ],
    "7005753": [
        "absatzplus.com//11928570"
    ],
    "7005754": [
        "absatzplus.com//7585485"
    ],
    "7005757": [
        "absatzplus.com//3286752"
    ],
    "7005758": [
        "absatzplus.com//7491763"
    ],
    "7005775": [
        "absatzplus.com//1906629"
    ],
    "7006126": [
        "absatzplus.com//16180964"
    ],
    "7011942": [
        "absatzplus.com//12206"
    ],
    "7012259": [
        "absatzplus.com//11936561"
    ],
    "7012260": [
        "absatzplus.com//12380808"
    ],
    "7012262": [
        "absatzplus.com//11794359"
    ],
    "7012275": [
        "absatzplus.com//12823065"
    ],
    "7012276": [
        "absatzplus.com//12400103"
    ],
    "7012314": [
        "absatzplus.com//11662739"
    ],
    "7012316": [
        "absatzplus.com//8207572"
    ],
    "7012323": [
        "absatzplus.com//11828426"
    ],
    "7012325": [
        "absatzplus.com//11633474"
    ],
    "7012327": [
        "absatzplus.com//8684428"
    ],
    "7012330": [
        "absatzplus.com//14856516"
    ],
    "7012336": [
        "absatzplus.com//11711125"
    ],
    "7012352": [
        "absatzplus.com//13601894"
    ],
    "7014944": [
        "absatzplus.com//6302156"
    ],
    "7061970": [
        "absatzplus.com//12741612"
    ],
    "7061996": [
        "absatzplus.com//17232802"
    ],
    "7258938": [
        "absatzplus.com//12056542"
    ],
    "7272300": [
        "absatzplus.com//4566976"
    ],
    "7285054": [
        "absatzplus.com//9411170"
    ],
    "7285055": [
        "absatzplus.com//3670100"
    ],
    "7285056": [
        "absatzplus.com//3060848"
    ],
    "7285059": [
        "absatzplus.com//6809188"
    ],
    "7285113": [
        "absatzplus.com//9331172"
    ],
    "7285114": [
        "absatzplus.com//1042727"
    ],
    "7285115": [
        "absatzplus.com//13783790"
    ],
    "7285116": [
        "absatzplus.com//807182"
    ],
    "7285760": [
        "absatzplus.com//2683107"
    ],
    "7285765": [
        "absatzplus.com//7258913"
    ],
    "7285767": [
        "absatzplus.com//5647668"
    ],
    "7285779": [
        "absatzplus.com//101401"
    ],
    "7285844": [
        "absatzplus.com//5100928"
    ],
    "7285875": [
        "absatzplus.com//14819362"
    ],
    "7285876": [
        "absatzplus.com//2728694"
    ],
    "7285877": [
        "absatzplus.com//10237439"
    ],
    "7286301": [
        "absatzplus.com//6761801"
    ],
    "7286302": [
        "absatzplus.com//16204678"
    ],
    "7299486": [
        "absatzplus.com//4771823"
    ],
    "7323949": [
        "absatzplus.com//13663377"
    ],
    "7332254": [
        "absatzplus.com//16400067"
    ],
    "7393709": [
        "absatzplus.com//7042792"
    ],
    "7393993": [
        "absatzplus.com//8071325"
    ],
    "7394973": [
        "absatzplus.com//12632635"
    ],
    "7394978": [
        "absatzplus.com//15352343"
    ],
    "7395253": [
        "absatzplus.com//13368770"
    ],
    "7395256": [
        "absatzplus.com//13918443"
    ],
    "7395257": [
        "absatzplus.com//13413387"
    ],
    "7395263": [
        "absatzplus.com//9250975"
    ],
    "7395268": [
        "absatzplus.com//6930757"
    ],
    "7395269": [
        "absatzplus.com//6826525"
    ],
    "7395378": [
        "absatzplus.com//14170997"
    ],
    "7410893": [
        "absatzplus.com//15507369"
    ],
    "7410940": [
        "absatzplus.com//10614051"
    ],
    "7411334": [
        "absatzplus.com//13413137"
    ],
    "7411844": [
        "absatzplus.com//12596391"
    ],
    "7411865": [
        "absatzplus.com//1609795"
    ],
    "7411866": [
        "absatzplus.com//17461072"
    ],
    "7416298": [
        "absatzplus.com//8664041"
    ],
    "7416299": [
        "absatzplus.com//1058288"
    ],
    "7416631": [
        "absatzplus.com//17245818"
    ],
    "7417847": [
        "absatzplus.com//10907299"
    ],
    "7417853": [
        "absatzplus.com//2996660"
    ],
    "7417859": [
        "absatzplus.com//1578552"
    ],
    "7417862": [
        "absatzplus.com//11529416"
    ],
    "7417870": [
        "absatzplus.com//2667540"
    ],
    "7418235": [
        "absatzplus.com//9449405"
    ],
    "7418236": [
        "absatzplus.com//10767708"
    ],
    "7418242": [
        "absatzplus.com//2632401"
    ],
    "7418244": [
        "absatzplus.com//14278851"
    ],
    "7422392": [
        "absatzplus.com//8491672"
    ],
    "7422401": [
        "absatzplus.com//2443009"
    ],
    "7422402": [
        "absatzplus.com//9066411"
    ],
    "7422410": [
        "absatzplus.com//10537105"
    ],
    "7422411": [
        "absatzplus.com//7117696"
    ],
    "7422414": [
        "absatzplus.com//13964922"
    ],
    "7422423": [
        "absatzplus.com//13628736"
    ],
    "7422583": [
        "absatzplus.com//6277169"
    ],
    "7422584": [
        "absatzplus.com//10307319"
    ],
    "7422586": [
        "absatzplus.com//17080056"
    ],
    "7422587": [
        "absatzplus.com//1955170"
    ],
    "7422589": [
        "absatzplus.com//9781345"
    ],
    "7422607": [
        "absatzplus.com//9610400"
    ],
    "7422933": [
        "absatzplus.com//6178027"
    ],
    "7422937": [
        "absatzplus.com//13170239"
    ],
    "7422979": [
        "absatzplus.com//13019626"
    ],
    "7422980": [
        "absatzplus.com//6093489"
    ],
    "7423001": [
        "absatzplus.com//13225281"
    ],
    "7423005": [
        "absatzplus.com//17032351"
    ],
    "7423006": [
        "absatzplus.com//3924579"
    ],
    "7423010": [
        "absatzplus.com//12407238"
    ],
    "7423034": [
        "absatzplus.com//13254878"
    ],
    "7423035": [
        "absatzplus.com//6060626"
    ],
    "7423235": [
        "absatzplus.com//14537013"
    ],
    "7423237": [
        "absatzplus.com//12002867"
    ],
    "7423244": [
        "absatzplus.com//4484794"
    ],
    "7423246": [
        "absatzplus.com//1291812"
    ],
    "7423338": [
        "absatzplus.com//1905971"
    ],
    "7423342": [
        "absatzplus.com//3488035"
    ],
    "7423346": [
        "absatzplus.com//2308943"
    ],
    "7423377": [
        "absatzplus.com//16918200"
    ],
    "7423390": [
        "absatzplus.com//8044096"
    ],
    "7423395": [
        "absatzplus.com//11868515"
    ],
    "7423396": [
        "absatzplus.com//15435821"
    ],
    "7423410": [
        "absatzplus.com//11939202"
    ],
    "7423411": [
        "absatzplus.com//6506897"
    ],
    "7423414": [
        "absatzplus.com//8279510"
    ],
    "7423419": [
        "absatzplus.com//12318416"
    ],
    "7423421": [
        "absatzplus.com//3686774"
    ],
    "7423422": [
        "absatzplus.com//2741968"
    ],
    "7423430": [
        "absatzplus.com//2472684"
    ],
    "7423432": [
        "absatzplus.com//3205548"
    ],
    "7423433": [
        "absatzplus.com//4501836"
    ],
    "7423437": [
        "absatzplus.com//11772180"
    ],
    "7423439": [
        "absatzplus.com//3754977"
    ],
    "7423455": [
        "absatzplus.com//16739375"
    ],
    "7423476": [
        "absatzplus.com//17341927"
    ],
    "7464566": [
        "absatzplus.com//10354142"
    ],
    "7464567": [
        "absatzplus.com//3789972"
    ],
    "7464569": [
        "absatzplus.com//9913784"
    ],
    "7464723": [
        "absatzplus.com//3474382"
    ],
    "7464725": [
        "absatzplus.com//1482791"
    ],
    "7464726": [
        "absatzplus.com//15815948"
    ],
    "7464735": [
        "absatzplus.com//1978803"
    ],
    "7466767": [
        "absatzplus.com//9150113"
    ],
    "7466770": [
        "absatzplus.com//7564296"
    ],
    "7467840": [
        "absatzplus.com//13992454"
    ],
    "7468035": [
        "absatzplus.com//17026032"
    ],
    "7468036": [
        "absatzplus.com//8527751"
    ],
    "7468040": [
        "absatzplus.com//16344603"
    ],
    "7468043": [
        "absatzplus.com//16485169"
    ],
    "7468045": [
        "absatzplus.com//3481805"
    ],
    "7468102": [
        "absatzplus.com//1193686"
    ],
    "7468577": [
        "absatzplus.com//6807064"
    ],
    "7500896": [
        "absatzplus.com//2843461"
    ],
    "7501003": [
        "absatzplus.com//5937362"
    ],
    "7543995": [
        "absatzplus.com//13176267"
    ],
    "7652958": [
        "absatzplus.com//11611655"
    ],
    "7670601": [
        "absatzplus.com//11758078"
    ],
    "7742188": [
        "absatzplus.com//16573517"
    ],
    "7742200": [
        "absatzplus.com//14146742"
    ],
    "7742202": [
        "absatzplus.com//10846866"
    ],
    "7742555": [
        "absatzplus.com//3290318"
    ],
    "7742570": [
        "absatzplus.com//3815148"
    ],
    "7742571": [
        "absatzplus.com//9522627"
    ],
    "7770439": [
        "absatzplus.com//11924010"
    ],
    "7783591": [
        "absatzplus.com//14076707"
    ],
    "7783592": [
        "absatzplus.com//11644834"
    ],
    "7783593": [
        "absatzplus.com//11710279"
    ],
    "7783594": [
        "absatzplus.com//534357"
    ],
    "7783595": [
        "absatzplus.com//8249566"
    ],
    "7783832": [
        "absatzplus.com//8334435"
    ],
    "7784055": [
        "absatzplus.com//1557391"
    ],
    "7795425": [
        "absatzplus.com//9848135"
    ],
    "7795426": [
        "absatzplus.com//2668338"
    ],
    "7795432": [
        "absatzplus.com//7918734"
    ],
    "7795436": [
        "absatzplus.com//15170042"
    ],
    "7795992": [
        "absatzplus.com//13890722"
    ],
    "7795993": [
        "absatzplus.com//2399617"
    ],
    "7796003": [
        "absatzplus.com//2611701"
    ],
    "7796004": [
        "absatzplus.com//5022804"
    ],
    "7796005": [
        "absatzplus.com//14430081"
    ],
    "7796011": [
        "absatzplus.com//17414942"
    ],
    "7796840": [
        "absatzplus.com//15514865"
    ],
    "7797234": [
        "absatzplus.com//10174143"
    ],
    "7797655": [
        "absatzplus.com//12848222"
    ],
    "7797731": [
        "absatzplus.com//186201"
    ],
    "7804644": [
        "absatzplus.com//7277821"
    ],
    "7817997": [
        "absatzplus.com//15430746"
    ],
    "7817998": [
        "absatzplus.com//875122"
    ],
    "7817999": [
        "absatzplus.com//8956654"
    ],
    "7818001": [
        "absatzplus.com//3886995"
    ],
    "7818002": [
        "absatzplus.com//10761730"
    ],
    "7818003": [
        "absatzplus.com//8802180"
    ],
    "7818005": [
        "absatzplus.com//5875663"
    ],
    "7818009": [
        "absatzplus.com//6549307"
    ],
    "7818011": [
        "absatzplus.com//10871548"
    ],
    "7818013": [
        "absatzplus.com//54968"
    ],
    "7818014": [
        "absatzplus.com//13910148"
    ],
    "7818015": [
        "absatzplus.com//16326269"
    ],
    "7818017": [
        "absatzplus.com//11006618"
    ],
    "7818058": [
        "absatzplus.com//4563450"
    ],
    "7818075": [
        "absatzplus.com//4754675"
    ],
    "7818079": [
        "absatzplus.com//16274304"
    ],
    "7818086": [
        "absatzplus.com//17127161"
    ],
    "7818087": [
        "absatzplus.com//2612528"
    ],
    "7818090": [
        "absatzplus.com//14066438"
    ],
    "7818240": [
        "absatzplus.com//10441717"
    ],
    "7818241": [
        "absatzplus.com//13382860"
    ],
    "7818243": [
        "absatzplus.com//6806385"
    ],
    "7818244": [
        "absatzplus.com//6261959"
    ],
    "7921636": [
        "absatzplus.com//12192973"
    ],
    "8012741": [
        "absatzplus.com//3419251"
    ],
    "8073829": [
        "absatzplus.com//3772516"
    ],
    "8073830": [
        "absatzplus.com//12926309"
    ],
    "8073832": [
        "absatzplus.com//14308172"
    ],
    "8073833": [
        "absatzplus.com//2484502"
    ],
    "8074248": [
        "absatzplus.com//8558431"
    ],
    "8074416": [
        "absatzplus.com//15686972"
    ],
    "8074417": [
        "absatzplus.com//14945246"
    ],
    "8074420": [
        "absatzplus.com//3600047"
    ],
    "8074422": [
        "absatzplus.com//11352850"
    ],
    "8074445": [
        "absatzplus.com//6281553"
    ],
    "8074451": [
        "absatzplus.com//675333"
    ],
    "8170449": [
        "absatzplus.com//3138721"
    ],
    "8187221": [
        "absatzplus.com//8915128"
    ],
    "8187223": [
        "absatzplus.com//7959923"
    ],
    "8189368": [
        "absatzplus.com//6549305"
    ],
    "8191303": [
        "absatzplus.com//3402863"
    ],
    "820367": [
        "absatzplus.com//4230879"
    ],
    "8274848": [
        "absatzplus.com//10388584"
    ],
    "8331147": [
        "absatzplus.com//14476178"
    ],
    "8356964": [
        "absatzplus.com//2031001"
    ],
    "8397974": [
        "absatzplus.com//7749934"
    ],
    "8402655": [
        "absatzplus.com//13123977"
    ],
    "8402695": [
        "absatzplus.com//14785287"
    ],
    "8421633": [
        "absatzplus.com//12258418"
    ],
    "8464817": [
        "absatzplus.com//1166322"
    ],
    "8464838": [
        "absatzplus.com//7293974"
    ],
    "8465035": [
        "absatzplus.com//16135933"
    ],
    "8465323": [
        "absatzplus.com//1800797"
    ],
    "8465355": [
        "absatzplus.com//2731339"
    ],
    "8465357": [
        "absatzplus.com//15125969"
    ],
    "8465502": [
        "absatzplus.com//16100019"
    ],
    "8486084": [
        "absatzplus.com//8092395"
    ],
    "8498352": [
        "absatzplus.com//16095264"
    ],
    "8604308": [
        "absatzplus.com//9428302"
    ],
    "8604311": [
        "absatzplus.com//1921329"
    ],
    "8604317": [
        "absatzplus.com//14886132"
    ],
    "8604324": [
        "absatzplus.com//10443013"
    ],
    "8604327": [
        "absatzplus.com//3654777"
    ],
    "8604328": [
        "absatzplus.com//15325572"
    ],
    "8604330": [
        "absatzplus.com//7136180"
    ],
    "8604331": [
        "absatzplus.com//7001616"
    ],
    "8604332": [
        "absatzplus.com//3911991"
    ],
    "8604333": [
        "absatzplus.com//15169282"
    ],
    "8604348": [
        "absatzplus.com//16053231"
    ],
    "8604709": [
        "absatzplus.com//16488595"
    ],
    "8604713": [
        "absatzplus.com//4970913"
    ],
    "8604716": [
        "absatzplus.com//14799186"
    ],
    "8604906": [
        "absatzplus.com//1424707"
    ],
    "8609538": [
        "absatzplus.com//336900"
    ],
    "8673655": [
        "absatzplus.com//15338363"
    ],
    "8706507": [
        "absatzplus.com//7045759"
    ],
    "8793596": [
        "absatzplus.com//15369589"
    ],
    "8798162": [
        "absatzplus.com//8184015"
    ],
    "8798328": [
        "absatzplus.com//11747747"
    ],
    "8869955": [
        "absatzplus.com//15934654"
    ],
    "9052473": [
        "absatzplus.com//16797931"
    ],
    "9071931": [
        "absatzplus.com//2016734"
    ],
    "9148098": [
        "absatzplus.com//5376948"
    ],
    "9195457": [
        "absatzplus.com//1879189"
    ],
    "9195458": [
        "absatzplus.com//6242463"
    ],
    "9314209": [
        "absatzplus.com//15519363"
    ],
    "9352608": [
        "absatzplus.com//16500304"
    ],
    "9352609": [
        "absatzplus.com//2502630"
    ],
    "9366742": [
        "absatzplus.com//3452689"
    ],
    "9433785": [
        "absatzplus.com//12738624"
    ],
    "9433786": [
        "absatzplus.com//16889186"
    ],
    "9433797": [
        "absatzplus.com//318510"
    ],
    "9433799": [
        "absatzplus.com//12132363"
    ],
    "9433800": [
        "absatzplus.com//12184806"
    ],
    "9434142": [
        "absatzplus.com//3949862"
    ],
    "9434152": [
        "absatzplus.com//10775242"
    ],
    "9434207": [
        "absatzplus.com//12431490"
    ],
    "9434609": [
        "absatzplus.com//8947418"
    ],
    "9434610": [
        "absatzplus.com//15224869"
    ],
    "9434612": [
        "absatzplus.com//16658147"
    ],
    "9434624": [
        "absatzplus.com//17233595"
    ],
    "9434626": [
        "absatzplus.com//8654318"
    ],
    "9434635": [
        "absatzplus.com//1155310"
    ],
    "9434636": [
        "absatzplus.com//13800467"
    ],
    "9434637": [
        "absatzplus.com//7847602"
    ],
    "9434640": [
        "absatzplus.com//7458611"
    ],
    "9434651": [
        "absatzplus.com//6867428"
    ],
    "9435120": [
        "absatzplus.com//10648319"
    ],
    "9435121": [
        "absatzplus.com//1495305"
    ],
    "9435122": [
        "absatzplus.com//13996374"
    ],
    "9435129": [
        "absatzplus.com//14593539"
    ],
    "9435208": [
        "absatzplus.com//4578458"
    ],
    "9435227": [
        "absatzplus.com//7653837"
    ],
    "9435229": [
        "absatzplus.com//4420022"
    ],
    "9435233": [
        "absatzplus.com//13915965"
    ],
    "9435238": [
        "absatzplus.com//11429761"
    ],
    "9435248": [
        "absatzplus.com//16239201"
    ],
    "9435256": [
        "absatzplus.com//9171063"
    ],
    "9435257": [
        "absatzplus.com//10849678"
    ],
    "9646439": [
        "absatzplus.com//16466870"
    ],
    "967957": [
        "absatzplus.com//1693420"
    ],
    "9700701": [
        "absatzplus.com//11753386"
    ],
    "9703721": [
        "absatzplus.com//11172110"
    ],
    "9733178": [
        "absatzplus.com//8904973"
    ],
    "9746553": [
        "absatzplus.com//10962722"
    ],
    "9746554": [
        "absatzplus.com//2915231"
    ],
    "9746555": [
        "absatzplus.com//15802668"
    ],
    "9746556": [
        "absatzplus.com//17239623"
    ],
    "9746581": [
        "absatzplus.com//9819928"
    ],
    "9746582": [
        "absatzplus.com//12298474"
    ],
    "9749139": [
        "absatzplus.com//1332652"
    ],
    "9749323": [
        "absatzplus.com//13407534"
    ],
    "9749791": [
        "absatzplus.com//14430008"
    ],
    "9832570": [
        "absatzplus.com//6505368"
    ],
    "9832582": [
        "absatzplus.com//9329354"
    ],
    "9832586": [
        "absatzplus.com//2857964"
    ],
    "9838589": [
        "absatzplus.com//11683743"
    ],
    "9875549": [
        "absatzplus.com//4873400"
    ],
    "9960314": [
        "absatzplus.com//11216674"
    ]
}