[
    {
        "spec": {
            "Brutto Rechnungsbetrag": "9,58\u00a0\u20ac",
            "Frachtkosten": "6,50\u00a0\u20ac",
            "Nettobetrag": "1,55\u00a0\u20ac",
            "zuz\u00fcglich 19% MWSt.": "1,53\u00a0\u20ac"
        },
        "url": "absatzplus.com//16104623"
    },
    {
        "spec": {
            "Brutto Rechnungsbetrag": "22,57\u00a0\u20ac",
            "Frachtkosten": "6,50\u00a0\u20ac",
            "Nettobetrag": "12,47\u00a0\u20ac",
            "zuz\u00fcglich 19% MWSt.": "3,60\u00a0\u20ac"
        },
        "url": "absatzplus.com//13196902"
    },
    {
        "spec": {
            "Brutto Rechnungsbetrag": "8,01\u00a0\u20ac",
            "Frachtkosten": "6,50\u00a0\u20ac",
            "Nettobetrag": "0,23\u00a0\u20ac",
            "zuz\u00fcglich 19% MWSt.": "1,28\u00a0\u20ac"
        },
        "url": "absatzplus.com//11677969"
    },
    {
        "spec": {
            "Brutto Rechnungsbetrag": "13,35\u00a0\u20ac",
            "Frachtkosten": "6,50\u00a0\u20ac",
            "Nettobetrag": "4,72\u00a0\u20ac",
            "zuz\u00fcglich 19% MWSt.": "2,13\u00a0\u20ac"
        },
        "url": "absatzplus.com//7813753"
    },
    {
        "spec": {
            "Brutto Rechnungsbetrag": "19,04\u00a0\u20ac",
            "Frachtkosten": "6,50\u00a0\u20ac",
            "Nettobetrag": "9,50\u00a0\u20ac",
            "zuz\u00fcglich 19% MWSt.": "3,04\u00a0\u20ac"
        },
        "url": "absatzplus.com//6176968"
    },
    {
        "spec": {
            "Brutto Rechnungsbetrag": "81,99\u00a0\u20ac",
            "Frachtkosten": "6,50\u00a0\u20ac",
            "Nettobetrag": "62,40\u00a0\u20ac",
            "zuz\u00fcglich 19% MWSt.": "13,09\u00a0\u20ac"
        },
        "url": "absatzplus.com//10986562"
    },
    {
        "spec": {
            "Brutto Rechnungsbetrag": "14,28\u00a0\u20ac",
            "Frachtkosten": "6,50\u00a0\u20ac",
            "Nettobetrag": "5,50\u00a0\u20ac",
            "zuz\u00fcglich 19% MWSt.": "2,28\u00a0\u20ac"
        },
        "url": "absatzplus.com//10656433"
    },
    {
        "spec": {
            "Brutto Rechnungsbetrag": "10,63\u00a0\u20ac",
            "Frachtkosten": "6,50\u00a0\u20ac",
            "Nettobetrag": "2,43\u00a0\u20ac",
            "zuz\u00fcglich 19% MWSt.": "1,70\u00a0\u20ac"
        },
        "url": "absatzplus.com//15578616"
    },
    {
        "spec": {
            "Brutto Rechnungsbetrag": "391,51\u00a0\u20ac",
            "Frachtkosten": "13,00\u00a0\u20ac",
            "Nettobetrag": "316,00\u00a0\u20ac",
            "zuz\u00fcglich 19% MWSt.": "62,51\u00a0\u20ac"
        },
        "url": "absatzplus.com//16527558"
    },
    {
        "spec": {
            "Brutto Rechnungsbetrag": "70,29\u00a0\u20ac",
            "Frachtkosten": "6,50\u00a0\u20ac",
            "Nettobetrag": "52,57\u00a0\u20ac",
            "zuz\u00fcglich 19% MWSt.": "11,22\u00a0\u20ac"
        },
        "url": "absatzplus.com//187282"
    },
    {
        "spec": {
            "Brutto Rechnungsbetrag": "9,41\u00a0\u20ac",
            "Frachtkosten": "6,50\u00a0\u20ac",
            "Nettobetrag": "1,41\u00a0\u20ac",
            "zuz\u00fcglich 19% MWSt.": "1,50\u00a0\u20ac"
        },
        "url": "absatzplus.com//3188280"
    },
    {
        "spec": {
            "Brutto Rechnungsbetrag": "13,35\u00a0\u20ac",
            "Frachtkosten": "6,50\u00a0\u20ac",
            "Nettobetrag": "4,72\u00a0\u20ac",
            "zuz\u00fcglich 19% MWSt.": "2,13\u00a0\u20ac"
        },
        "url": "absatzplus.com//17194164"
    },
    {
        "spec": {
            "Brutto Rechnungsbetrag": "10,63\u00a0\u20ac",
            "Frachtkosten": "6,50\u00a0\u20ac",
            "Nettobetrag": "2,43\u00a0\u20ac",
            "zuz\u00fcglich 19% MWSt.": "1,70\u00a0\u20ac"
        },
        "url": "absatzplus.com//8423655"
    },
    {
        "spec": {
            "Brutto Rechnungsbetrag": "3 236,21\u00a0\u20ac",
            "Frachtkosten": "19,50\u00a0\u20ac",
            "Nettobetrag": "2 700,00\u00a0\u20ac",
            "zuz\u00fcglich 19% MWSt.": "516,71\u00a0\u20ac"
        },
        "url": "absatzplus.com//8600059"
    },
    {
        "spec": {
            "Brutto Rechnungsbetrag": "9,62\u00a0\u20ac",
            "Frachtkosten": "6,50\u00a0\u20ac",
            "Nettobetrag": "1,58\u00a0\u20ac",
            "zuz\u00fcglich 19% MWSt.": "1,54\u00a0\u20ac"
        },
        "url": "absatzplus.com//11376089"
    },
    {
        "spec": {
            "Brutto Rechnungsbetrag": "13,41\u00a0\u20ac",
            "Frachtkosten": "6,50\u00a0\u20ac",
            "Nettobetrag": "4,77\u00a0\u20ac",
            "zuz\u00fcglich 19% MWSt.": "2,14\u00a0\u20ac"
        },
        "url": "absatzplus.com//9259397"
    },
    {
        "spec": {
            "Brutto Rechnungsbetrag": "12,26\u00a0\u20ac",
            "Frachtkosten": "6,50\u00a0\u20ac",
            "Nettobetrag": "3,80\u00a0\u20ac",
            "zuz\u00fcglich 19% MWSt.": "1,96\u00a0\u20ac"
        },
        "url": "absatzplus.com//15985200"
    },
    {
        "spec": {
            "Brutto Rechnungsbetrag": "13,35\u00a0\u20ac",
            "Frachtkosten": "6,50\u00a0\u20ac",
            "Nettobetrag": "4,72\u00a0\u20ac",
            "zuz\u00fcglich 19% MWSt.": "2,13\u00a0\u20ac"
        },
        "url": "absatzplus.com//15530492"
    }
]