{
    "10536756": [
        "absatzplus.com//17194164"
    ],
    "10536760": [
        "absatzplus.com//7813753"
    ],
    "10536761": [
        "absatzplus.com//15530492"
    ],
    "11014905": [
        "absatzplus.com//15985200"
    ],
    "11317885": [
        "absatzplus.com//11677969"
    ],
    "11318527": [
        "absatzplus.com//11376089"
    ],
    "15766942": [
        "absatzplus.com//8600059"
    ],
    "15766944": [
        "absatzplus.com//16104623"
    ],
    "2465069": [
        "absatzplus.com//10656433"
    ],
    "3902025": [
        "absatzplus.com//16527558"
    ],
    "6599448": [
        "absatzplus.com//10986562"
    ],
    "6630883": [
        "absatzplus.com//6176968"
    ],
    "7006130": [
        "absatzplus.com//187282"
    ],
    "8468333": [
        "absatzplus.com//9259397"
    ],
    "8468369": [
        "absatzplus.com//15578616"
    ],
    "8468370": [
        "absatzplus.com//8423655"
    ],
    "8468373": [
        "absatzplus.com//13196902"
    ],
    "9749159": [
        "absatzplus.com//3188280"
    ]
}