{
    "10097775": [
        "absatzplus.com//1530417"
    ],
    "10097808": [
        "absatzplus.com//512858"
    ],
    "10098695": [
        "absatzplus.com//12067295"
    ],
    "10099117": [
        "absatzplus.com//5010130"
    ],
    "10099119": [
        "absatzplus.com//14823731"
    ],
    "10099120": [
        "absatzplus.com//5158787"
    ],
    "10099122": [
        "absatzplus.com//4459456"
    ],
    "10099593": [
        "absatzplus.com//11335364"
    ],
    "10099664": [
        "absatzplus.com//5475037"
    ],
    "10099666": [
        "absatzplus.com//16444355"
    ],
    "10100068": [
        "absatzplus.com//14500321"
    ],
    "10100455": [
        "absatzplus.com//4413676"
    ],
    "10148083": [
        "absatzplus.com//11818024"
    ],
    "10480297": [
        "absatzplus.com//5221634"
    ],
    "10480299": [
        "absatzplus.com//7662667"
    ],
    "10593547": [
        "absatzplus.com//15644653"
    ],
    "10594794": [
        "absatzplus.com//1378898"
    ],
    "10629807": [
        "absatzplus.com//600427"
    ],
    "10630400": [
        "absatzplus.com//7878266"
    ],
    "10634279": [
        "absatzplus.com//4418769"
    ],
    "10634501": [
        "absatzplus.com//1372"
    ],
    "10634539": [
        "absatzplus.com//5695283"
    ],
    "10652568": [
        "absatzplus.com//3368574"
    ],
    "10695834": [
        "absatzplus.com//6988645"
    ],
    "10718419": [
        "absatzplus.com//14331167"
    ],
    "10857627": [
        "absatzplus.com//8203603"
    ],
    "10857628": [
        "absatzplus.com//6118223"
    ],
    "10857725": [
        "absatzplus.com//12928977"
    ],
    "10858175": [
        "absatzplus.com//6456265"
    ],
    "10858177": [
        "absatzplus.com//3221434"
    ],
    "10858178": [
        "absatzplus.com//16067789"
    ],
    "10859083": [
        "absatzplus.com//15934770"
    ],
    "10859102": [
        "absatzplus.com//633151"
    ],
    "10859115": [
        "absatzplus.com//5355150"
    ],
    "10859117": [
        "absatzplus.com//1901673"
    ],
    "10859145": [
        "absatzplus.com//7757648"
    ],
    "10924039": [
        "absatzplus.com//11532305"
    ],
    "10924040": [
        "absatzplus.com//10012784"
    ],
    "10924042": [
        "absatzplus.com//8999546"
    ],
    "10924063": [
        "absatzplus.com//2518595"
    ],
    "11051324": [
        "absatzplus.com//12771301"
    ],
    "11307050": [
        "absatzplus.com//2845569"
    ],
    "11307225": [
        "absatzplus.com//7841565"
    ],
    "11307228": [
        "absatzplus.com//5444615"
    ],
    "11317018": [
        "absatzplus.com//11987223"
    ],
    "11317091": [
        "absatzplus.com//8615623"
    ],
    "11317092": [
        "absatzplus.com//15693967"
    ],
    "11317907": [
        "absatzplus.com//13596184"
    ],
    "11317979": [
        "absatzplus.com//15332951"
    ],
    "11317980": [
        "absatzplus.com//3838525"
    ],
    "11410677": [
        "absatzplus.com//6960667"
    ],
    "11410678": [
        "absatzplus.com//4698865"
    ],
    "11410681": [
        "absatzplus.com//10931899"
    ],
    "11410684": [
        "absatzplus.com//1868055"
    ],
    "11703893": [
        "absatzplus.com//10597276"
    ],
    "11816159": [
        "absatzplus.com//2747185"
    ],
    "11816235": [
        "absatzplus.com//7893962"
    ],
    "11816236": [
        "absatzplus.com//6922519"
    ],
    "11816237": [
        "absatzplus.com//3101074"
    ],
    "11872881": [
        "absatzplus.com//16745825"
    ],
    "11967966": [
        "absatzplus.com//13211792"
    ],
    "11967977": [
        "absatzplus.com//982138"
    ],
    "12073262": [
        "absatzplus.com//3433538"
    ],
    "12073263": [
        "absatzplus.com//14028636"
    ],
    "12073264": [
        "absatzplus.com//8264008"
    ],
    "12121359": [
        "absatzplus.com//415839"
    ],
    "12121362": [
        "absatzplus.com//5116878"
    ],
    "12167381": [
        "absatzplus.com//16601095"
    ],
    "12215819": [
        "absatzplus.com//14764253"
    ],
    "12215841": [
        "absatzplus.com//539098"
    ],
    "12355520": [
        "absatzplus.com//13659569"
    ],
    "12355522": [
        "absatzplus.com//5501529"
    ],
    "12355524": [
        "absatzplus.com//17231679"
    ],
    "12355614": [
        "absatzplus.com//4122378"
    ],
    "12355615": [
        "absatzplus.com//12340201"
    ],
    "12355616": [
        "absatzplus.com//17029596"
    ],
    "12355618": [
        "absatzplus.com//14614687"
    ],
    "12355619": [
        "absatzplus.com//4320723"
    ],
    "12355620": [
        "absatzplus.com//233669"
    ],
    "12355621": [
        "absatzplus.com//4978063"
    ],
    "12355634": [
        "absatzplus.com//15780476"
    ],
    "12355635": [
        "absatzplus.com//12204632"
    ],
    "12355637": [
        "absatzplus.com//783044"
    ],
    "12355640": [
        "absatzplus.com//17332777"
    ],
    "12355641": [
        "absatzplus.com//17094068"
    ],
    "12355642": [
        "absatzplus.com//3409976"
    ],
    "12355649": [
        "absatzplus.com//7138944"
    ],
    "12355650": [
        "absatzplus.com//6983016"
    ],
    "12355655": [
        "absatzplus.com//544699"
    ],
    "12355656": [
        "absatzplus.com//13297367"
    ],
    "12381157": [
        "absatzplus.com//3829263"
    ],
    "12381158": [
        "absatzplus.com//13126435"
    ],
    "12381159": [
        "absatzplus.com//2050738"
    ],
    "12381162": [
        "absatzplus.com//14220470"
    ],
    "12381175": [
        "absatzplus.com//2337628"
    ],
    "12381177": [
        "absatzplus.com//7433857"
    ],
    "12453365": [
        "absatzplus.com//12516560"
    ],
    "12495011": [
        "absatzplus.com//8935649"
    ],
    "12498853": [
        "absatzplus.com//350327"
    ],
    "12610965": [
        "absatzplus.com//6525209"
    ],
    "12611960": [
        "absatzplus.com//10547918"
    ],
    "12611961": [
        "absatzplus.com//8463228"
    ],
    "12611967": [
        "absatzplus.com//13580155"
    ],
    "12611969": [
        "absatzplus.com//10119354"
    ],
    "12611971": [
        "absatzplus.com//14101686"
    ],
    "12613169": [
        "absatzplus.com//7757719"
    ],
    "12614521": [
        "absatzplus.com//15246053"
    ],
    "12619098": [
        "absatzplus.com//14532868"
    ],
    "12635961": [
        "absatzplus.com//805528"
    ],
    "12738468": [
        "absatzplus.com//15479591"
    ],
    "12738471": [
        "absatzplus.com//14869986"
    ],
    "12738473": [
        "absatzplus.com//566696"
    ],
    "12738474": [
        "absatzplus.com//3571538"
    ],
    "12738918": [
        "absatzplus.com//3145114"
    ],
    "12738919": [
        "absatzplus.com//7071603"
    ],
    "12739006": [
        "absatzplus.com//11274571"
    ],
    "12739007": [
        "absatzplus.com//10773515"
    ],
    "12765378": [
        "absatzplus.com//12072389"
    ],
    "12798776": [
        "absatzplus.com//497720"
    ],
    "13033424": [
        "absatzplus.com//2243808"
    ],
    "13158851": [
        "absatzplus.com//4158897"
    ],
    "13158852": [
        "absatzplus.com//7967299"
    ],
    "13158855": [
        "absatzplus.com//9190204"
    ],
    "13158856": [
        "absatzplus.com//2716723"
    ],
    "13158857": [
        "absatzplus.com//12416300"
    ],
    "13158945": [
        "absatzplus.com//14238364"
    ],
    "13158985": [
        "absatzplus.com//13773977"
    ],
    "13159002": [
        "absatzplus.com//10424546"
    ],
    "13159006": [
        "absatzplus.com//794749"
    ],
    "13159008": [
        "absatzplus.com//15529060"
    ],
    "13159009": [
        "absatzplus.com//12924844"
    ],
    "13159011": [
        "absatzplus.com//3416079"
    ],
    "13159014": [
        "absatzplus.com//12927257"
    ],
    "13159024": [
        "absatzplus.com//9452118"
    ],
    "13159026": [
        "absatzplus.com//13107895"
    ],
    "13159027": [
        "absatzplus.com//2592566"
    ],
    "13159029": [
        "absatzplus.com//14554389"
    ],
    "13159034": [
        "absatzplus.com//6115652"
    ],
    "13159035": [
        "absatzplus.com//5327946"
    ],
    "13160454": [
        "absatzplus.com//14135560"
    ],
    "13160455": [
        "absatzplus.com//990664"
    ],
    "13160458": [
        "absatzplus.com//393988"
    ],
    "13160460": [
        "absatzplus.com//1939714"
    ],
    "13160575": [
        "absatzplus.com//6947547"
    ],
    "13160587": [
        "absatzplus.com//16375687"
    ],
    "13160942": [
        "absatzplus.com//9007572"
    ],
    "13160949": [
        "absatzplus.com//11149209"
    ],
    "13160951": [
        "absatzplus.com//8091956"
    ],
    "13160953": [
        "absatzplus.com//60587"
    ],
    "13160955": [
        "absatzplus.com//7421918"
    ],
    "13160957": [
        "absatzplus.com//9398180"
    ],
    "13160959": [
        "absatzplus.com//5918671"
    ],
    "13161792": [
        "absatzplus.com//17102008"
    ],
    "13161793": [
        "absatzplus.com//6992222"
    ],
    "13161872": [
        "absatzplus.com//6807341"
    ],
    "13161895": [
        "absatzplus.com//5682466"
    ],
    "13161897": [
        "absatzplus.com//8851993"
    ],
    "13161898": [
        "absatzplus.com//11835042"
    ],
    "13161904": [
        "absatzplus.com//11085453"
    ],
    "13161906": [
        "absatzplus.com//14893889"
    ],
    "13161908": [
        "absatzplus.com//2791269"
    ],
    "13161921": [
        "absatzplus.com//2058393"
    ],
    "13161923": [
        "absatzplus.com//7853777"
    ],
    "13161924": [
        "absatzplus.com//5380212"
    ],
    "13161926": [
        "absatzplus.com//11091892"
    ],
    "13161927": [
        "absatzplus.com//4430881"
    ],
    "13161929": [
        "absatzplus.com//8844462"
    ],
    "13410832": [
        "absatzplus.com//5097039"
    ],
    "13411302": [
        "absatzplus.com//14150256"
    ],
    "13583263": [
        "absatzplus.com//5913669"
    ],
    "13583294": [
        "absatzplus.com//7854143"
    ],
    "13617571": [
        "absatzplus.com//628673"
    ],
    "13617598": [
        "absatzplus.com//15120191"
    ],
    "13644207": [
        "absatzplus.com//17207827"
    ],
    "13644209": [
        "absatzplus.com//8865753"
    ],
    "13647494": [
        "absatzplus.com//10708762"
    ],
    "13647495": [
        "absatzplus.com//12713061"
    ],
    "13647497": [
        "absatzplus.com//13244393"
    ],
    "13659570": [
        "absatzplus.com//2626909"
    ],
    "13660783": [
        "absatzplus.com//14411192"
    ],
    "13672861": [
        "absatzplus.com//797516"
    ],
    "13672862": [
        "absatzplus.com//15723318"
    ],
    "13673226": [
        "absatzplus.com//9606372"
    ],
    "13814974": [
        "absatzplus.com//5954480"
    ],
    "13962048": [
        "absatzplus.com//15376682"
    ],
    "13977458": [
        "absatzplus.com//2520050"
    ],
    "13977461": [
        "absatzplus.com//5656343"
    ],
    "13977467": [
        "absatzplus.com//16009529"
    ],
    "13977469": [
        "absatzplus.com//12280932"
    ],
    "13977483": [
        "absatzplus.com//4419982"
    ],
    "13977484": [
        "absatzplus.com//5007351"
    ],
    "13989176": [
        "absatzplus.com//6549522"
    ],
    "13989178": [
        "absatzplus.com//5241219"
    ],
    "13989601": [
        "absatzplus.com//6691106"
    ],
    "13989606": [
        "absatzplus.com//10411347"
    ],
    "13991001": [
        "absatzplus.com//4028972"
    ],
    "14006390": [
        "absatzplus.com//7787943"
    ],
    "14022746": [
        "absatzplus.com//15332989"
    ],
    "14022749": [
        "absatzplus.com//7324453"
    ],
    "14037225": [
        "absatzplus.com//9970167"
    ],
    "14037519": [
        "absatzplus.com//9960960"
    ],
    "14039885": [
        "absatzplus.com//9173973"
    ],
    "14052772": [
        "absatzplus.com//10354865"
    ],
    "14090040": [
        "absatzplus.com//9118591"
    ],
    "14153499": [
        "absatzplus.com//3763663"
    ],
    "14153500": [
        "absatzplus.com//15130755"
    ],
    "14153501": [
        "absatzplus.com//9809624"
    ],
    "14153520": [
        "absatzplus.com//13183177"
    ],
    "14153546": [
        "absatzplus.com//1090472"
    ],
    "14153555": [
        "absatzplus.com//12155446"
    ],
    "14153558": [
        "absatzplus.com//1008682"
    ],
    "14153599": [
        "absatzplus.com//2642682"
    ],
    "14219560": [
        "absatzplus.com//9766987"
    ],
    "14219561": [
        "absatzplus.com//13127861"
    ],
    "14219565": [
        "absatzplus.com//3300834"
    ],
    "14219570": [
        "absatzplus.com//7091613"
    ],
    "14219572": [
        "absatzplus.com//13183672"
    ],
    "14219576": [
        "absatzplus.com//10998130"
    ],
    "14219577": [
        "absatzplus.com//15822327"
    ],
    "14219848": [
        "absatzplus.com//17266"
    ],
    "14219850": [
        "absatzplus.com//3819678"
    ],
    "14223868": [
        "absatzplus.com//2482400"
    ],
    "14245884": [
        "absatzplus.com//10609674"
    ],
    "14397574": [
        "absatzplus.com//2179373"
    ],
    "14435128": [
        "absatzplus.com//7437352"
    ],
    "14439860": [
        "absatzplus.com//5163123"
    ],
    "14540453": [
        "absatzplus.com//1229324"
    ],
    "14540972": [
        "absatzplus.com//17419793"
    ],
    "14542377": [
        "absatzplus.com//7167329"
    ],
    "14608665": [
        "absatzplus.com//14808326"
    ],
    "14621207": [
        "absatzplus.com//8096772"
    ],
    "14638766": [
        "absatzplus.com//16644562"
    ],
    "14638768": [
        "absatzplus.com//2933894"
    ],
    "14638770": [
        "absatzplus.com//7747985"
    ],
    "14638771": [
        "absatzplus.com//3938115"
    ],
    "14638833": [
        "absatzplus.com//4394947"
    ],
    "14638835": [
        "absatzplus.com//1953195"
    ],
    "14638837": [
        "absatzplus.com//2397712"
    ],
    "14933439": [
        "absatzplus.com//9893843"
    ],
    "14933887": [
        "absatzplus.com//6437325"
    ],
    "14934401": [
        "absatzplus.com//7397394"
    ],
    "14934459": [
        "absatzplus.com//7502933"
    ],
    "14935584": [
        "absatzplus.com//14598106"
    ],
    "14947773": [
        "absatzplus.com//16163813"
    ],
    "14948952": [
        "absatzplus.com//11236301"
    ],
    "14948953": [
        "absatzplus.com//12708194"
    ],
    "14949004": [
        "absatzplus.com//495811"
    ],
    "14949005": [
        "absatzplus.com//13689772"
    ],
    "14950083": [
        "absatzplus.com//10053675"
    ],
    "14950713": [
        "absatzplus.com//14625781"
    ],
    "14954431": [
        "absatzplus.com//1330679"
    ],
    "14963314": [
        "absatzplus.com//16632323"
    ],
    "14963410": [
        "absatzplus.com//11360246"
    ],
    "14963411": [
        "absatzplus.com//11251013"
    ],
    "14963432": [
        "absatzplus.com//8486940"
    ],
    "14963446": [
        "absatzplus.com//17089273"
    ],
    "14963447": [
        "absatzplus.com//8872491"
    ],
    "14963448": [
        "absatzplus.com//6216555"
    ],
    "14963451": [
        "absatzplus.com//17435646"
    ],
    "14963478": [
        "absatzplus.com//17116105"
    ],
    "14963516": [
        "absatzplus.com//9597752"
    ],
    "14967700": [
        "absatzplus.com//7218162"
    ],
    "14968404": [
        "absatzplus.com//13656432"
    ],
    "14968406": [
        "absatzplus.com//2152266"
    ],
    "14968879": [
        "absatzplus.com//17296068"
    ],
    "14969382": [
        "absatzplus.com//6252887"
    ],
    "14969431": [
        "absatzplus.com//4683987"
    ],
    "14969434": [
        "absatzplus.com//9027151"
    ],
    "14969435": [
        "absatzplus.com//15182972"
    ],
    "14969436": [
        "absatzplus.com//3029008"
    ],
    "14969438": [
        "absatzplus.com//6875731"
    ],
    "14969440": [
        "absatzplus.com//1567859"
    ],
    "14969818": [
        "absatzplus.com//6337277"
    ],
    "14981660": [
        "absatzplus.com//7928858"
    ],
    "14981661": [
        "absatzplus.com//8571106"
    ],
    "14982030": [
        "absatzplus.com//13349115"
    ],
    "15018347": [
        "absatzplus.com//17538347"
    ],
    "15057090": [
        "absatzplus.com//6348494"
    ],
    "15057093": [
        "absatzplus.com//1722410"
    ],
    "15057095": [
        "absatzplus.com//15996749"
    ],
    "15057297": [
        "absatzplus.com//1549469"
    ],
    "15057301": [
        "absatzplus.com//13323592"
    ],
    "15057302": [
        "absatzplus.com//14003915"
    ],
    "15057304": [
        "absatzplus.com//8374826"
    ],
    "15057305": [
        "absatzplus.com//17526445"
    ],
    "15057306": [
        "absatzplus.com//11793207"
    ],
    "15057307": [
        "absatzplus.com//3713904"
    ],
    "15057684": [
        "absatzplus.com//17329278"
    ],
    "15057686": [
        "absatzplus.com//10371419"
    ],
    "15062535": [
        "absatzplus.com//13787961"
    ],
    "15062536": [
        "absatzplus.com//1216999"
    ],
    "15062678": [
        "absatzplus.com//14864148"
    ],
    "15072749": [
        "absatzplus.com//15509054"
    ],
    "15209535": [
        "absatzplus.com//8250780"
    ],
    "15340510": [
        "absatzplus.com//3388557"
    ],
    "15361995": [
        "absatzplus.com//13366074"
    ],
    "15362050": [
        "absatzplus.com//8310243"
    ],
    "15362052": [
        "absatzplus.com//15251827"
    ],
    "15362053": [
        "absatzplus.com//168401"
    ],
    "15362065": [
        "absatzplus.com//15918439"
    ],
    "15362066": [
        "absatzplus.com//12714836"
    ],
    "15362112": [
        "absatzplus.com//340075"
    ],
    "15362116": [
        "absatzplus.com//14561034"
    ],
    "15362117": [
        "absatzplus.com//10029592"
    ],
    "15414490": [
        "absatzplus.com//9026108"
    ],
    "15448748": [
        "absatzplus.com//7412989"
    ],
    "15521422": [
        "absatzplus.com//8195538"
    ],
    "15586140": [
        "absatzplus.com//7545030"
    ],
    "15613101": [
        "absatzplus.com//5046625"
    ],
    "15766901": [
        "absatzplus.com//6335043"
    ],
    "15767901": [
        "absatzplus.com//12054633"
    ],
    "15772023": [
        "absatzplus.com//10736059"
    ],
    "15772026": [
        "absatzplus.com//16824104"
    ],
    "15772042": [
        "absatzplus.com//13050336"
    ],
    "15772046": [
        "absatzplus.com//15217107"
    ],
    "15772047": [
        "absatzplus.com//13793138"
    ],
    "15772048": [
        "absatzplus.com//1636787"
    ],
    "15773000": [
        "absatzplus.com//2558039"
    ],
    "15773002": [
        "absatzplus.com//6524280"
    ],
    "15773444": [
        "absatzplus.com//5348424"
    ],
    "15773500": [
        "absatzplus.com//4800437"
    ],
    "15773510": [
        "absatzplus.com//10630330"
    ],
    "15773551": [
        "absatzplus.com//11897127"
    ],
    "15842060": [
        "absatzplus.com//14573362"
    ],
    "15842085": [
        "absatzplus.com//9375051"
    ],
    "15842108": [
        "absatzplus.com//14447181"
    ],
    "15907429": [
        "absatzplus.com//8240481"
    ],
    "16034521": [
        "absatzplus.com//12336296"
    ],
    "16141611": [
        "absatzplus.com//5641174"
    ],
    "16173085": [
        "absatzplus.com//1302303"
    ],
    "16173140": [
        "absatzplus.com//17351647"
    ],
    "16173659": [
        "absatzplus.com//2924133"
    ],
    "16221786": [
        "absatzplus.com//9864697"
    ],
    "16245280": [
        "absatzplus.com//14514439"
    ],
    "16329510": [
        "absatzplus.com//6174311"
    ],
    "1851217": [
        "absatzplus.com//9699474"
    ],
    "1988240": [
        "absatzplus.com//13591970"
    ],
    "1988248": [
        "absatzplus.com//5277899"
    ],
    "1988639": [
        "absatzplus.com//10790454"
    ],
    "1988640": [
        "absatzplus.com//8552636"
    ],
    "1988650": [
        "absatzplus.com//17446197"
    ],
    "1988653": [
        "absatzplus.com//12127186"
    ],
    "1988693": [
        "absatzplus.com//4868392"
    ],
    "2096741": [
        "absatzplus.com//4536617"
    ],
    "2096745": [
        "absatzplus.com//5188299"
    ],
    "2168692": [
        "absatzplus.com//11752429"
    ],
    "2291971": [
        "absatzplus.com//4752744"
    ],
    "2293710": [
        "absatzplus.com//3110387"
    ],
    "2378123": [
        "absatzplus.com//1985502"
    ],
    "2378124": [
        "absatzplus.com//866941"
    ],
    "2382497": [
        "absatzplus.com//6611972"
    ],
    "2382504": [
        "absatzplus.com//7322963"
    ],
    "2382505": [
        "absatzplus.com//9662256"
    ],
    "2382513": [
        "absatzplus.com//15467686"
    ],
    "2382980": [
        "absatzplus.com//1073349"
    ],
    "2383991": [
        "absatzplus.com//11900203"
    ],
    "2465189": [
        "absatzplus.com//13529000"
    ],
    "2558123": [
        "absatzplus.com//4320050"
    ],
    "2586744": [
        "absatzplus.com//9253886"
    ],
    "2657176": [
        "absatzplus.com//16772661"
    ],
    "2657213": [
        "absatzplus.com//2087891"
    ],
    "2695947": [
        "absatzplus.com//8960715"
    ],
    "2840455": [
        "absatzplus.com//17414052"
    ],
    "2843622": [
        "absatzplus.com//14485781"
    ],
    "2843623": [
        "absatzplus.com//7969720"
    ],
    "2874286": [
        "absatzplus.com//9251950"
    ],
    "2961868": [
        "absatzplus.com//13256004"
    ],
    "2961884": [
        "absatzplus.com//11783622"
    ],
    "2980195": [
        "absatzplus.com//2497927"
    ],
    "2980196": [
        "absatzplus.com//15778229"
    ],
    "2980198": [
        "absatzplus.com//3572791"
    ],
    "2980265": [
        "absatzplus.com//15675593"
    ],
    "2980266": [
        "absatzplus.com//9473484"
    ],
    "2980969": [
        "absatzplus.com//15177931"
    ],
    "2980970": [
        "absatzplus.com//3506304"
    ],
    "2980972": [
        "absatzplus.com//908288"
    ],
    "2989504": [
        "absatzplus.com//6523831"
    ],
    "2990549": [
        "absatzplus.com//9695119"
    ],
    "3171262": [
        "absatzplus.com//13521581"
    ],
    "3171264": [
        "absatzplus.com//10211514"
    ],
    "3407121": [
        "absatzplus.com//14581106"
    ],
    "3408184": [
        "absatzplus.com//6232027"
    ],
    "3795175": [
        "absatzplus.com//14294438"
    ],
    "3864387": [
        "absatzplus.com//13706577"
    ],
    "3864394": [
        "absatzplus.com//13216873"
    ],
    "3864397": [
        "absatzplus.com//10186512"
    ],
    "3942716": [
        "absatzplus.com//15094042"
    ],
    "3995552": [
        "absatzplus.com//17259676"
    ],
    "3995554": [
        "absatzplus.com//11159505"
    ],
    "3995556": [
        "absatzplus.com//17222858"
    ],
    "3995557": [
        "absatzplus.com//11968638"
    ],
    "3995626": [
        "absatzplus.com//9016469"
    ],
    "3995627": [
        "absatzplus.com//8950037"
    ],
    "3995629": [
        "absatzplus.com//5458671"
    ],
    "3995631": [
        "absatzplus.com//11990203"
    ],
    "3995632": [
        "absatzplus.com//5895220"
    ],
    "4195079": [
        "absatzplus.com//6533740"
    ],
    "4538634": [
        "absatzplus.com//5662668"
    ],
    "4659826": [
        "absatzplus.com//10935128"
    ],
    "4733598": [
        "absatzplus.com//17357065"
    ],
    "4840104": [
        "absatzplus.com//16618127"
    ],
    "4840107": [
        "absatzplus.com//1518048"
    ],
    "4840108": [
        "absatzplus.com//9948748"
    ],
    "4904516": [
        "absatzplus.com//4600669"
    ],
    "4904523": [
        "absatzplus.com//6112501"
    ],
    "4904524": [
        "absatzplus.com//6249822"
    ],
    "4929953": [
        "absatzplus.com//4814587"
    ],
    "4952577": [
        "absatzplus.com//15117504"
    ],
    "4952578": [
        "absatzplus.com//10375010"
    ],
    "4952579": [
        "absatzplus.com//12614094"
    ],
    "4952580": [
        "absatzplus.com//5392353"
    ],
    "4952582": [
        "absatzplus.com//12931205"
    ],
    "4952584": [
        "absatzplus.com//15822215"
    ],
    "4963393": [
        "absatzplus.com//2503695"
    ],
    "4963394": [
        "absatzplus.com//7078467"
    ],
    "4963395": [
        "absatzplus.com//936392"
    ],
    "5032092": [
        "absatzplus.com//11608467"
    ],
    "509072": [
        "absatzplus.com//13522449"
    ],
    "5115747": [
        "absatzplus.com//4597189"
    ],
    "5136925": [
        "absatzplus.com//13726044"
    ],
    "5149828": [
        "absatzplus.com//5066590"
    ],
    "5149929": [
        "absatzplus.com//13412813"
    ],
    "5150398": [
        "absatzplus.com//8602936"
    ],
    "5150400": [
        "absatzplus.com//767192"
    ],
    "5150402": [
        "absatzplus.com//6665970"
    ],
    "5150404": [
        "absatzplus.com//5915194"
    ],
    "5150406": [
        "absatzplus.com//10992754"
    ],
    "5245294": [
        "absatzplus.com//7203851"
    ],
    "5260423": [
        "absatzplus.com//8424844"
    ],
    "5329200": [
        "absatzplus.com//7642998"
    ],
    "5329839": [
        "absatzplus.com//14328859"
    ],
    "5352587": [
        "absatzplus.com//15352805"
    ],
    "5352737": [
        "absatzplus.com//11283524"
    ],
    "5353569": [
        "absatzplus.com//9742326"
    ],
    "5353625": [
        "absatzplus.com//15478825"
    ],
    "5353626": [
        "absatzplus.com//5460314"
    ],
    "5354630": [
        "absatzplus.com//2341011"
    ],
    "5354634": [
        "absatzplus.com//4792769"
    ],
    "5371485": [
        "absatzplus.com//12701800"
    ],
    "5371486": [
        "absatzplus.com//1611584"
    ],
    "5395294": [
        "absatzplus.com//15347800"
    ],
    "5452480": [
        "absatzplus.com//3061592"
    ],
    "5452483": [
        "absatzplus.com//12220153"
    ],
    "5452484": [
        "absatzplus.com//5288496"
    ],
    "5452486": [
        "absatzplus.com//12445129"
    ],
    "5452487": [
        "absatzplus.com//3739909"
    ],
    "5452502": [
        "absatzplus.com//6795756"
    ],
    "5452506": [
        "absatzplus.com//853031"
    ],
    "5452606": [
        "absatzplus.com//2416322"
    ],
    "5452865": [
        "absatzplus.com//12809384"
    ],
    "5452884": [
        "absatzplus.com//16495369"
    ],
    "5452885": [
        "absatzplus.com//307907"
    ],
    "5452898": [
        "absatzplus.com//1241196"
    ],
    "5452900": [
        "absatzplus.com//15044612"
    ],
    "5452901": [
        "absatzplus.com//4671209"
    ],
    "5452902": [
        "absatzplus.com//11180088"
    ],
    "5452903": [
        "absatzplus.com//13059111"
    ],
    "5452904": [
        "absatzplus.com//3810698"
    ],
    "5452983": [
        "absatzplus.com//14114993"
    ],
    "5452985": [
        "absatzplus.com//5162589"
    ],
    "5453957": [
        "absatzplus.com//3001158"
    ],
    "5453963": [
        "absatzplus.com//14847440"
    ],
    "5453972": [
        "absatzplus.com//2038060"
    ],
    "5453979": [
        "absatzplus.com//12695486"
    ],
    "5454134": [
        "absatzplus.com//9328917"
    ],
    "5454136": [
        "absatzplus.com//5261305"
    ],
    "5454137": [
        "absatzplus.com//6251459"
    ],
    "5454141": [
        "absatzplus.com//16317875"
    ],
    "5454154": [
        "absatzplus.com//6812016"
    ],
    "5454155": [
        "absatzplus.com//141202"
    ],
    "5454156": [
        "absatzplus.com//3789863"
    ],
    "5454158": [
        "absatzplus.com//14280104"
    ],
    "5454161": [
        "absatzplus.com//12022236"
    ],
    "5454186": [
        "absatzplus.com//2654007"
    ],
    "5454508": [
        "absatzplus.com//8684283"
    ],
    "5454510": [
        "absatzplus.com//14951855"
    ],
    "5454512": [
        "absatzplus.com//9932677"
    ],
    "5454513": [
        "absatzplus.com//7937254"
    ],
    "5454545": [
        "absatzplus.com//10353475"
    ],
    "5461648": [
        "absatzplus.com//13580369"
    ],
    "5461649": [
        "absatzplus.com//14871715"
    ],
    "5461653": [
        "absatzplus.com//4232418"
    ],
    "5461654": [
        "absatzplus.com//7260730"
    ],
    "5461655": [
        "absatzplus.com//7109634"
    ],
    "5461673": [
        "absatzplus.com//10001035"
    ],
    "5461674": [
        "absatzplus.com//17509872"
    ],
    "5461675": [
        "absatzplus.com//9360799"
    ],
    "5461676": [
        "absatzplus.com//6889280"
    ],
    "5461678": [
        "absatzplus.com//7129566"
    ],
    "5461681": [
        "absatzplus.com//2577285"
    ],
    "5514982": [
        "absatzplus.com//2904412"
    ],
    "5527297": [
        "absatzplus.com//15172668"
    ],
    "5527779": [
        "absatzplus.com//104752"
    ],
    "5529786": [
        "absatzplus.com//4660981"
    ],
    "5529788": [
        "absatzplus.com//5843523"
    ],
    "5529789": [
        "absatzplus.com//712130"
    ],
    "5529791": [
        "absatzplus.com//9718190"
    ],
    "5529792": [
        "absatzplus.com//12722528"
    ],
    "5560633": [
        "absatzplus.com//6370622"
    ],
    "5560729": [
        "absatzplus.com//10922764"
    ],
    "5560730": [
        "absatzplus.com//6736472"
    ],
    "5560731": [
        "absatzplus.com//2194510"
    ],
    "5599455": [
        "absatzplus.com//11256614"
    ],
    "5709704": [
        "absatzplus.com//8950339"
    ],
    "5709705": [
        "absatzplus.com//968495"
    ],
    "5709706": [
        "absatzplus.com//11973993"
    ],
    "5709707": [
        "absatzplus.com//11641389"
    ],
    "5726071": [
        "absatzplus.com//14082780"
    ],
    "5726074": [
        "absatzplus.com//17546532"
    ],
    "5765480": [
        "absatzplus.com//4026737"
    ],
    "5765482": [
        "absatzplus.com//10583291"
    ],
    "5774688": [
        "absatzplus.com//17502582"
    ],
    "5774689": [
        "absatzplus.com//17208970"
    ],
    "5774690": [
        "absatzplus.com//11730706"
    ],
    "5774692": [
        "absatzplus.com//8348393"
    ],
    "5774866": [
        "absatzplus.com//11536776"
    ],
    "5785257": [
        "absatzplus.com//12238650"
    ],
    "5785258": [
        "absatzplus.com//14664233"
    ],
    "5785263": [
        "absatzplus.com//13439342"
    ],
    "5787424": [
        "absatzplus.com//15170026"
    ],
    "5787425": [
        "absatzplus.com//16641736"
    ],
    "5787432": [
        "absatzplus.com//14960122"
    ],
    "5788308": [
        "absatzplus.com//7535261"
    ],
    "5790307": [
        "absatzplus.com//6095641"
    ],
    "5790310": [
        "absatzplus.com//14824234"
    ],
    "5790311": [
        "absatzplus.com//103524"
    ],
    "5790324": [
        "absatzplus.com//328919"
    ],
    "5811250": [
        "absatzplus.com//4543583"
    ],
    "5833940": [
        "absatzplus.com//13010805"
    ],
    "5843904": [
        "absatzplus.com//16480675"
    ],
    "5843905": [
        "absatzplus.com//14659614"
    ],
    "5845030": [
        "absatzplus.com//5579618"
    ],
    "5845032": [
        "absatzplus.com//12044970"
    ],
    "5845034": [
        "absatzplus.com//16263133"
    ],
    "5845067": [
        "absatzplus.com//2797484"
    ],
    "5845070": [
        "absatzplus.com//5268393"
    ],
    "5845106": [
        "absatzplus.com//4654376"
    ],
    "5845107": [
        "absatzplus.com//5648857"
    ],
    "5848382": [
        "absatzplus.com//12431634"
    ],
    "5849670": [
        "absatzplus.com//9813716"
    ],
    "5861029": [
        "absatzplus.com//9494961"
    ],
    "5861031": [
        "absatzplus.com//16347495"
    ],
    "5867754": [
        "absatzplus.com//1635341"
    ],
    "6107704": [
        "absatzplus.com//4222194"
    ],
    "6147855": [
        "absatzplus.com//8713164"
    ],
    "6147856": [
        "absatzplus.com//11308507"
    ],
    "6147858": [
        "absatzplus.com//479969"
    ],
    "6155443": [
        "absatzplus.com//12010143"
    ],
    "6155446": [
        "absatzplus.com//14598306"
    ],
    "6155447": [
        "absatzplus.com//10920090"
    ],
    "6157027": [
        "absatzplus.com//15265644"
    ],
    "6157498": [
        "absatzplus.com//4319676"
    ],
    "6263523": [
        "absatzplus.com//5459657"
    ],
    "6263524": [
        "absatzplus.com//6622775"
    ],
    "6263531": [
        "absatzplus.com//5047993"
    ],
    "6263653": [
        "absatzplus.com//7205945"
    ],
    "6263656": [
        "absatzplus.com//12928877"
    ],
    "6263666": [
        "absatzplus.com//12859443"
    ],
    "6263671": [
        "absatzplus.com//7838389"
    ],
    "6360300": [
        "absatzplus.com//7928828"
    ],
    "6377542": [
        "absatzplus.com//4830780"
    ],
    "6377543": [
        "absatzplus.com//11421825"
    ],
    "6377613": [
        "absatzplus.com//5333705"
    ],
    "6377623": [
        "absatzplus.com//5359287"
    ],
    "6432846": [
        "absatzplus.com//1427283"
    ],
    "6466969": [
        "absatzplus.com//5731001"
    ],
    "6501925": [
        "absatzplus.com//13087002"
    ],
    "6501931": [
        "absatzplus.com//6148116"
    ],
    "6502281": [
        "absatzplus.com//1963329"
    ],
    "6502283": [
        "absatzplus.com//804761"
    ],
    "6502286": [
        "absatzplus.com//9345416"
    ],
    "6597227": [
        "absatzplus.com//2440452"
    ],
    "6597244": [
        "absatzplus.com//4925866"
    ],
    "6597335": [
        "absatzplus.com//2290442"
    ],
    "6599417": [
        "absatzplus.com//415965"
    ],
    "6599776": [
        "absatzplus.com//15619973"
    ],
    "6749660": [
        "absatzplus.com//13197458"
    ],
    "6749870": [
        "absatzplus.com//7941677"
    ],
    "6749871": [
        "absatzplus.com//12326408"
    ],
    "6749902": [
        "absatzplus.com//3159533"
    ],
    "6973151": [
        "absatzplus.com//11367227"
    ],
    "6973718": [
        "absatzplus.com//13041194"
    ],
    "6974873": [
        "absatzplus.com//9711162"
    ],
    "6974874": [
        "absatzplus.com//3393174"
    ],
    "6974875": [
        "absatzplus.com//3221630"
    ],
    "6986114": [
        "absatzplus.com//9700196"
    ],
    "6986118": [
        "absatzplus.com//3825012"
    ],
    "6987450": [
        "absatzplus.com//15984320"
    ],
    "6987651": [
        "absatzplus.com//16719465"
    ],
    "6987703": [
        "absatzplus.com//6628523"
    ],
    "6988167": [
        "absatzplus.com//4010919"
    ],
    "6988332": [
        "absatzplus.com//5728461"
    ],
    "7005643": [
        "absatzplus.com//15151265"
    ],
    "7005674": [
        "absatzplus.com//12522810"
    ],
    "7005679": [
        "absatzplus.com//1918120"
    ],
    "7005681": [
        "absatzplus.com//17507561"
    ],
    "7011916": [
        "absatzplus.com//15533019"
    ],
    "7011917": [
        "absatzplus.com//15936368"
    ],
    "7011918": [
        "absatzplus.com//1416310"
    ],
    "7011929": [
        "absatzplus.com//3154226"
    ],
    "7011931": [
        "absatzplus.com//6083145"
    ],
    "7011933": [
        "absatzplus.com//3928552"
    ],
    "7011936": [
        "absatzplus.com//8890451"
    ],
    "7011937": [
        "absatzplus.com//11156283"
    ],
    "7159138": [
        "absatzplus.com//6159969"
    ],
    "7159141": [
        "absatzplus.com//14087233"
    ],
    "7159181": [
        "absatzplus.com//3575972"
    ],
    "7159203": [
        "absatzplus.com//8210201"
    ],
    "7159204": [
        "absatzplus.com//756682"
    ],
    "7159235": [
        "absatzplus.com//7496092"
    ],
    "7159236": [
        "absatzplus.com//9576170"
    ],
    "7159239": [
        "absatzplus.com//12455342"
    ],
    "7159525": [
        "absatzplus.com//11016712"
    ],
    "7159573": [
        "absatzplus.com//17320115"
    ],
    "7159576": [
        "absatzplus.com//17278601"
    ],
    "7159577": [
        "absatzplus.com//9573300"
    ],
    "7159578": [
        "absatzplus.com//8465042"
    ],
    "7159579": [
        "absatzplus.com//1487058"
    ],
    "7159594": [
        "absatzplus.com//5540800"
    ],
    "7159600": [
        "absatzplus.com//16825035"
    ],
    "7395725": [
        "absatzplus.com//9000909"
    ],
    "7395727": [
        "absatzplus.com//12043039"
    ],
    "7396218": [
        "absatzplus.com//10242990"
    ],
    "7396221": [
        "absatzplus.com//5457768"
    ],
    "7396223": [
        "absatzplus.com//16162064"
    ],
    "7396240": [
        "absatzplus.com//8555304"
    ],
    "7396251": [
        "absatzplus.com//10228425"
    ],
    "7410938": [
        "absatzplus.com//16694139"
    ],
    "7411471": [
        "absatzplus.com//12615473"
    ],
    "7411475": [
        "absatzplus.com//1092101"
    ],
    "7411546": [
        "absatzplus.com//3361876"
    ],
    "7411547": [
        "absatzplus.com//14050568"
    ],
    "7416279": [
        "absatzplus.com//10843559"
    ],
    "7416280": [
        "absatzplus.com//6447190"
    ],
    "7417845": [
        "absatzplus.com//7277193"
    ],
    "7418325": [
        "absatzplus.com//7563949"
    ],
    "7418327": [
        "absatzplus.com//12170162"
    ],
    "7418328": [
        "absatzplus.com//12357673"
    ],
    "7423030": [
        "absatzplus.com//17160428"
    ],
    "7485473": [
        "absatzplus.com//11097197"
    ],
    "7629489": [
        "absatzplus.com//7407383"
    ],
    "7689078": [
        "absatzplus.com//13083226"
    ],
    "7689127": [
        "absatzplus.com//10137628"
    ],
    "7784012": [
        "absatzplus.com//12276958"
    ],
    "7784014": [
        "absatzplus.com//6951594"
    ],
    "7784015": [
        "absatzplus.com//17098059"
    ],
    "7784016": [
        "absatzplus.com//12151788"
    ],
    "7784074": [
        "absatzplus.com//1813885"
    ],
    "7784076": [
        "absatzplus.com//11572410"
    ],
    "7784128": [
        "absatzplus.com//13477672"
    ],
    "7871543": [
        "absatzplus.com//16719909"
    ],
    "7925766": [
        "absatzplus.com//11556211"
    ],
    "7925768": [
        "absatzplus.com//3646601"
    ],
    "7925769": [
        "absatzplus.com//713144"
    ],
    "7966625": [
        "absatzplus.com//14815577"
    ],
    "7966628": [
        "absatzplus.com//11752845"
    ],
    "7966630": [
        "absatzplus.com//11401464"
    ],
    "7966633": [
        "absatzplus.com//2802803"
    ],
    "7966634": [
        "absatzplus.com//4018495"
    ],
    "7966639": [
        "absatzplus.com//11310737"
    ],
    "7966648": [
        "absatzplus.com//14698981"
    ],
    "7966649": [
        "absatzplus.com//16365871"
    ],
    "7966654": [
        "absatzplus.com//17172384"
    ],
    "7966655": [
        "absatzplus.com//7434487"
    ],
    "7966663": [
        "absatzplus.com//9368805"
    ],
    "7966664": [
        "absatzplus.com//756539"
    ],
    "7966665": [
        "absatzplus.com//6303111"
    ],
    "7966666": [
        "absatzplus.com//12578576"
    ],
    "7966683": [
        "absatzplus.com//7785759"
    ],
    "7966686": [
        "absatzplus.com//4270092"
    ],
    "7966706": [
        "absatzplus.com//2376504"
    ],
    "7966709": [
        "absatzplus.com//6395175"
    ],
    "7966711": [
        "absatzplus.com//2922817"
    ],
    "7966712": [
        "absatzplus.com//5935629"
    ],
    "7966714": [
        "absatzplus.com//17520255"
    ],
    "7966851": [
        "absatzplus.com//7393430"
    ],
    "7966854": [
        "absatzplus.com//1644111"
    ],
    "7966982": [
        "absatzplus.com//7176918"
    ],
    "7966983": [
        "absatzplus.com//16748410"
    ],
    "7966984": [
        "absatzplus.com//15610053"
    ],
    "7966985": [
        "absatzplus.com//12258613"
    ],
    "7967001": [
        "absatzplus.com//2094986"
    ],
    "7967003": [
        "absatzplus.com//16484763"
    ],
    "7967008": [
        "absatzplus.com//15286225"
    ],
    "7967009": [
        "absatzplus.com//11577615"
    ],
    "8017706": [
        "absatzplus.com//16025411"
    ],
    "8018548": [
        "absatzplus.com//13630235"
    ],
    "8068393": [
        "absatzplus.com//10930542"
    ],
    "8068394": [
        "absatzplus.com//11701029"
    ],
    "8068404": [
        "absatzplus.com//7653994"
    ],
    "8068414": [
        "absatzplus.com//17489906"
    ],
    "8068422": [
        "absatzplus.com//6457550"
    ],
    "8071716": [
        "absatzplus.com//794494"
    ],
    "8073849": [
        "absatzplus.com//16382234"
    ],
    "8074370": [
        "absatzplus.com//844532"
    ],
    "8074391": [
        "absatzplus.com//15204687"
    ],
    "8074842": [
        "absatzplus.com//10486991"
    ],
    "8074843": [
        "absatzplus.com//4352237"
    ],
    "8074844": [
        "absatzplus.com//7533661"
    ],
    "8074847": [
        "absatzplus.com//17070248"
    ],
    "8074848": [
        "absatzplus.com//10286982"
    ],
    "8074873": [
        "absatzplus.com//12748715"
    ],
    "8074875": [
        "absatzplus.com//11314895"
    ],
    "8074879": [
        "absatzplus.com//1525798"
    ],
    "8074884": [
        "absatzplus.com//11829687"
    ],
    "8074885": [
        "absatzplus.com//15911635"
    ],
    "8074887": [
        "absatzplus.com//8341495"
    ],
    "8074896": [
        "absatzplus.com//16373635"
    ],
    "8074898": [
        "absatzplus.com//10144021"
    ],
    "8074899": [
        "absatzplus.com//1810692"
    ],
    "8074900": [
        "absatzplus.com//16766797"
    ],
    "8074915": [
        "absatzplus.com//10146967"
    ],
    "8074929": [
        "absatzplus.com//12689449"
    ],
    "8277334": [
        "absatzplus.com//10101007"
    ],
    "8277340": [
        "absatzplus.com//4556416"
    ],
    "8277341": [
        "absatzplus.com//14276521"
    ],
    "8277342": [
        "absatzplus.com//6385130"
    ],
    "8277349": [
        "absatzplus.com//2656120"
    ],
    "8344108": [
        "absatzplus.com//2542007"
    ],
    "8344140": [
        "absatzplus.com//16498335"
    ],
    "8344141": [
        "absatzplus.com//15625546"
    ],
    "8344142": [
        "absatzplus.com//3151729"
    ],
    "8344181": [
        "absatzplus.com//15007907"
    ],
    "8366808": [
        "absatzplus.com//6475821"
    ],
    "8464700": [
        "absatzplus.com//6902827"
    ],
    "8464818": [
        "absatzplus.com//5801278"
    ],
    "8465062": [
        "absatzplus.com//12789675"
    ],
    "8465064": [
        "absatzplus.com//17135561"
    ],
    "8465503": [
        "absatzplus.com//11717518"
    ],
    "8465508": [
        "absatzplus.com//695081"
    ],
    "8465789": [
        "absatzplus.com//10657595"
    ],
    "8465986": [
        "absatzplus.com//8184608"
    ],
    "8465990": [
        "absatzplus.com//7698512"
    ],
    "8466070": [
        "absatzplus.com//5312018"
    ],
    "8468294": [
        "absatzplus.com//5941665"
    ],
    "8468311": [
        "absatzplus.com//4518229"
    ],
    "8468313": [
        "absatzplus.com//12144406"
    ],
    "8468357": [
        "absatzplus.com//3573596"
    ],
    "8468395": [
        "absatzplus.com//12943613"
    ],
    "8468412": [
        "absatzplus.com//14470395"
    ],
    "8468414": [
        "absatzplus.com//9820191"
    ],
    "8468416": [
        "absatzplus.com//7001369"
    ],
    "8468417": [
        "absatzplus.com//16275044"
    ],
    "8468430": [
        "absatzplus.com//14037006"
    ],
    "8606978": [
        "absatzplus.com//10578598"
    ],
    "8846409": [
        "absatzplus.com//5124302"
    ],
    "902377": [
        "absatzplus.com//4371262"
    ],
    "9068552": [
        "absatzplus.com//5121486"
    ],
    "9148084": [
        "absatzplus.com//11159547"
    ],
    "9495082": [
        "absatzplus.com//795878"
    ],
    "9550681": [
        "absatzplus.com//14625421"
    ],
    "9579543": [
        "absatzplus.com//1064285"
    ],
    "9579546": [
        "absatzplus.com//17288647"
    ],
    "9701110": [
        "absatzplus.com//8363952"
    ],
    "9702017": [
        "absatzplus.com//16043337"
    ],
    "9702019": [
        "absatzplus.com//16752600"
    ],
    "9702023": [
        "absatzplus.com//16742091"
    ],
    "9702809": [
        "absatzplus.com//4605766"
    ],
    "9702811": [
        "absatzplus.com//8787004"
    ],
    "9703246": [
        "absatzplus.com//11641797"
    ],
    "9703255": [
        "absatzplus.com//12977027"
    ],
    "9731747": [
        "absatzplus.com//9940714"
    ],
    "9732051": [
        "absatzplus.com//15133814"
    ],
    "9732845": [
        "absatzplus.com//4430609"
    ],
    "9732846": [
        "absatzplus.com//10702347"
    ],
    "9732849": [
        "absatzplus.com//16993566"
    ],
    "9732856": [
        "absatzplus.com//14700497"
    ],
    "9733078": [
        "absatzplus.com//2545075"
    ],
    "9733084": [
        "absatzplus.com//15643353"
    ],
    "9733087": [
        "absatzplus.com//13447400"
    ],
    "9744331": [
        "absatzplus.com//2602864"
    ],
    "9744332": [
        "absatzplus.com//9633123"
    ],
    "9749754": [
        "absatzplus.com//12184033"
    ],
    "9749755": [
        "absatzplus.com//8469747"
    ],
    "9749756": [
        "absatzplus.com//10758280"
    ],
    "9764567": [
        "absatzplus.com//1037667"
    ],
    "9764689": [
        "absatzplus.com//8714303"
    ],
    "9764691": [
        "absatzplus.com//14425471"
    ],
    "9764756": [
        "absatzplus.com//8812134"
    ],
    "9766153": [
        "absatzplus.com//2785351"
    ],
    "9766155": [
        "absatzplus.com//15281462"
    ],
    "9766156": [
        "absatzplus.com//3148622"
    ],
    "9766164": [
        "absatzplus.com//8987736"
    ],
    "9767190": [
        "absatzplus.com//7147623"
    ],
    "9767192": [
        "absatzplus.com//14334276"
    ],
    "9979617": [
        "absatzplus.com//12733152"
    ]
}