{
    "10178004": [
        "absatzplus.com//17272122"
    ],
    "10178005": [
        "absatzplus.com//14035489"
    ],
    "10178223": [
        "absatzplus.com//8516649"
    ],
    "10178833": [
        "absatzplus.com//5741822"
    ],
    "10564668": [
        "absatzplus.com//14808315"
    ],
    "11855235": [
        "absatzplus.com//1432562"
    ],
    "11932119": [
        "absatzplus.com//10462662"
    ],
    "1305111": [
        "absatzplus.com//13938507"
    ],
    "1469557": [
        "absatzplus.com//6024184"
    ],
    "15572577": [
        "absatzplus.com//1653655"
    ],
    "169229": [
        "absatzplus.com//3836491"
    ],
    "2062473": [
        "absatzplus.com//8572432"
    ],
    "2340317": [
        "absatzplus.com//10261124"
    ],
    "2358554": [
        "absatzplus.com//12929876"
    ],
    "2358555": [
        "absatzplus.com//6256639"
    ],
    "30477": [
        "absatzplus.com//10989229"
    ],
    "393220": [
        "absatzplus.com//16552403"
    ],
    "460077": [
        "absatzplus.com//7221124"
    ],
    "7615811": [
        "absatzplus.com//6543510"
    ]
}