{
    "10050215": [
        "absatzplus.com//456359"
    ],
    "10178134": [
        "absatzplus.com//13513163"
    ],
    "10178135": [
        "absatzplus.com//9619362"
    ],
    "10178138": [
        "absatzplus.com//15875862"
    ],
    "10178746": [
        "absatzplus.com//14275164"
    ],
    "10178750": [
        "absatzplus.com//2240907"
    ],
    "10178861": [
        "absatzplus.com//4691070"
    ],
    "1043935": [
        "absatzplus.com//460743"
    ],
    "105940": [
        "absatzplus.com//7241512"
    ],
    "10658794": [
        "absatzplus.com//4378090"
    ],
    "10859261": [
        "absatzplus.com//7539706"
    ],
    "10859265": [
        "absatzplus.com//6837000"
    ],
    "10935519": [
        "absatzplus.com//6427251"
    ],
    "11013927": [
        "absatzplus.com//12717929"
    ],
    "11099248": [
        "absatzplus.com//571265"
    ],
    "11118359": [
        "absatzplus.com//15966810"
    ],
    "11215065": [
        "absatzplus.com//1040153"
    ],
    "11290374": [
        "absatzplus.com//10674488"
    ],
    "11317893": [
        "absatzplus.com//9189407"
    ],
    "11500794": [
        "absatzplus.com//9971794"
    ],
    "11575260": [
        "absatzplus.com//4130126"
    ],
    "11703724": [
        "absatzplus.com//6886361"
    ],
    "11755861": [
        "absatzplus.com//2678268"
    ],
    "11806333": [
        "absatzplus.com//10078178"
    ],
    "11806334": [
        "absatzplus.com//621489"
    ],
    "11806739": [
        "absatzplus.com//3144718"
    ],
    "11806742": [
        "absatzplus.com//3616497"
    ],
    "11806744": [
        "absatzplus.com//17048643"
    ],
    "11806747": [
        "absatzplus.com//9737606"
    ],
    "11806748": [
        "absatzplus.com//1880852"
    ],
    "11806749": [
        "absatzplus.com//14132662"
    ],
    "11806806": [
        "absatzplus.com//12848840"
    ],
    "11806807": [
        "absatzplus.com//4402924"
    ],
    "11806826": [
        "absatzplus.com//14891993"
    ],
    "11806830": [
        "absatzplus.com//327881"
    ],
    "11806831": [
        "absatzplus.com//17508971"
    ],
    "12089507": [
        "absatzplus.com//9419607"
    ],
    "12106605": [
        "absatzplus.com//806599"
    ],
    "12216224": [
        "absatzplus.com//1454068"
    ],
    "12355432": [
        "absatzplus.com//15994356"
    ],
    "12381101": [
        "absatzplus.com//9815506"
    ],
    "12381102": [
        "absatzplus.com//6686230"
    ],
    "12381104": [
        "absatzplus.com//7354213"
    ],
    "12381107": [
        "absatzplus.com//3103194"
    ],
    "12381108": [
        "absatzplus.com//7204834"
    ],
    "12381110": [
        "absatzplus.com//2392749"
    ],
    "12381111": [
        "absatzplus.com//12825681"
    ],
    "12381112": [
        "absatzplus.com//9295417"
    ],
    "12381142": [
        "absatzplus.com//2975054"
    ],
    "12381152": [
        "absatzplus.com//9135905"
    ],
    "12447875": [
        "absatzplus.com//13241196"
    ],
    "12447877": [
        "absatzplus.com//11235154"
    ],
    "12604125": [
        "absatzplus.com//11574390"
    ],
    "12604126": [
        "absatzplus.com//11909223"
    ],
    "12604127": [
        "absatzplus.com//8447971"
    ],
    "12604143": [
        "absatzplus.com//10231594"
    ],
    "12753069": [
        "absatzplus.com//5379723"
    ],
    "12767969": [
        "absatzplus.com//13656673"
    ],
    "12915015": [
        "absatzplus.com//2581452"
    ],
    "13075487": [
        "absatzplus.com//1368247"
    ],
    "131171": [
        "absatzplus.com//8439032"
    ],
    "13165459": [
        "absatzplus.com//4043110"
    ],
    "13702443": [
        "absatzplus.com//12326265"
    ],
    "14096514": [
        "absatzplus.com//13185291"
    ],
    "14096515": [
        "absatzplus.com//8406067"
    ],
    "14215215": [
        "absatzplus.com//10074674"
    ],
    "14224204": [
        "absatzplus.com//16641252"
    ],
    "14224269": [
        "absatzplus.com//10875573"
    ],
    "14224321": [
        "absatzplus.com//7979057"
    ],
    "14233033": [
        "absatzplus.com//17090138"
    ],
    "14342038": [
        "absatzplus.com//13265153"
    ],
    "14397512": [
        "absatzplus.com//8687927"
    ],
    "14535228": [
        "absatzplus.com//1267213"
    ],
    "14948327": [
        "absatzplus.com//6323081"
    ],
    "14948328": [
        "absatzplus.com//12464910"
    ],
    "14948883": [
        "absatzplus.com//11707041"
    ],
    "14948989": [
        "absatzplus.com//307393"
    ],
    "14948990": [
        "absatzplus.com//5495344"
    ],
    "14950696": [
        "absatzplus.com//15101332"
    ],
    "14963800": [
        "absatzplus.com//11142335"
    ],
    "14983377": [
        "absatzplus.com//2863112"
    ],
    "15035056": [
        "absatzplus.com//11875094"
    ],
    "15035057": [
        "absatzplus.com//10650846"
    ],
    "15062242": [
        "absatzplus.com//13032139"
    ],
    "15063654": [
        "absatzplus.com//9434710"
    ],
    "15071519": [
        "absatzplus.com//12163670"
    ],
    "15408794": [
        "absatzplus.com//8810329"
    ],
    "15432920": [
        "absatzplus.com//262654"
    ],
    "15521646": [
        "absatzplus.com//4241538"
    ],
    "15559560": [
        "absatzplus.com//4529934"
    ],
    "15577653": [
        "absatzplus.com//219294"
    ],
    "15577656": [
        "absatzplus.com//11821916"
    ],
    "15577658": [
        "absatzplus.com//12138630"
    ],
    "15577659": [
        "absatzplus.com//13351626"
    ],
    "15577661": [
        "absatzplus.com//15349508"
    ],
    "15577662": [
        "absatzplus.com//7759721"
    ],
    "15577663": [
        "absatzplus.com//11757567"
    ],
    "15577665": [
        "absatzplus.com//4503069"
    ],
    "15577667": [
        "absatzplus.com//16878255"
    ],
    "15577668": [
        "absatzplus.com//3717399"
    ],
    "15577677": [
        "absatzplus.com//897268"
    ],
    "15577679": [
        "absatzplus.com//4482233"
    ],
    "15577680": [
        "absatzplus.com//17184630"
    ],
    "15577681": [
        "absatzplus.com//10217699"
    ],
    "15577682": [
        "absatzplus.com//9288759"
    ],
    "15577683": [
        "absatzplus.com//2059713"
    ],
    "15577684": [
        "absatzplus.com//11735420"
    ],
    "15577693": [
        "absatzplus.com//15142377"
    ],
    "15577695": [
        "absatzplus.com//4973766"
    ],
    "15577697": [
        "absatzplus.com//13132938"
    ],
    "15577698": [
        "absatzplus.com//10913951"
    ],
    "15577699": [
        "absatzplus.com//6066455"
    ],
    "15767436": [
        "absatzplus.com//12832399"
    ],
    "15768382": [
        "absatzplus.com//1517904"
    ],
    "15768383": [
        "absatzplus.com//6572431"
    ],
    "15773412": [
        "absatzplus.com//15591387"
    ],
    "15773414": [
        "absatzplus.com//16395872"
    ],
    "15773439": [
        "absatzplus.com//14046145"
    ],
    "15773440": [
        "absatzplus.com//17115161"
    ],
    "15835885": [
        "absatzplus.com//10484372"
    ],
    "15841606": [
        "absatzplus.com//9386178"
    ],
    "15841607": [
        "absatzplus.com//2638284"
    ],
    "15861209": [
        "absatzplus.com//12034480"
    ],
    "16129524": [
        "absatzplus.com//8702162"
    ],
    "16226877": [
        "absatzplus.com//3825267"
    ],
    "1637252": [
        "absatzplus.com//4084417"
    ],
    "1817826": [
        "absatzplus.com//943409"
    ],
    "1850674": [
        "absatzplus.com//324543"
    ],
    "1950914": [
        "absatzplus.com//11181773"
    ],
    "2096382": [
        "absatzplus.com//3201608"
    ],
    "2096386": [
        "absatzplus.com//1080097"
    ],
    "2096854": [
        "absatzplus.com//5250775"
    ],
    "2096856": [
        "absatzplus.com//2881745"
    ],
    "2096857": [
        "absatzplus.com//10522327"
    ],
    "2096859": [
        "absatzplus.com//14823560"
    ],
    "2096860": [
        "absatzplus.com//1922035"
    ],
    "2096863": [
        "absatzplus.com//16521370"
    ],
    "2096869": [
        "absatzplus.com//7880083"
    ],
    "2096872": [
        "absatzplus.com//4377245"
    ],
    "2096874": [
        "absatzplus.com//2477215"
    ],
    "2096875": [
        "absatzplus.com//8349205"
    ],
    "2096877": [
        "absatzplus.com//12694722"
    ],
    "2096878": [
        "absatzplus.com//744606"
    ],
    "2096879": [
        "absatzplus.com//14975380"
    ],
    "2096886": [
        "absatzplus.com//16774835"
    ],
    "2096887": [
        "absatzplus.com//15955410"
    ],
    "2096888": [
        "absatzplus.com//9474493"
    ],
    "2096890": [
        "absatzplus.com//2612286"
    ],
    "2096896": [
        "absatzplus.com//15426050"
    ],
    "2096897": [
        "absatzplus.com//14297492"
    ],
    "2096901": [
        "absatzplus.com//4367078"
    ],
    "2096904": [
        "absatzplus.com//1820332"
    ],
    "2097177": [
        "absatzplus.com//3557919"
    ],
    "2097185": [
        "absatzplus.com//7696911"
    ],
    "2097187": [
        "absatzplus.com//12427422"
    ],
    "2097265": [
        "absatzplus.com//5849354"
    ],
    "2097266": [
        "absatzplus.com//7727895"
    ],
    "2097267": [
        "absatzplus.com//15782722"
    ],
    "2097268": [
        "absatzplus.com//10962219"
    ],
    "2097275": [
        "absatzplus.com//1171488"
    ],
    "2097293": [
        "absatzplus.com//3202646"
    ],
    "2097295": [
        "absatzplus.com//6972573"
    ],
    "2132392": [
        "absatzplus.com//7854898"
    ],
    "2132394": [
        "absatzplus.com//16149566"
    ],
    "2132395": [
        "absatzplus.com//568733"
    ],
    "2132399": [
        "absatzplus.com//5953945"
    ],
    "2132402": [
        "absatzplus.com//3134266"
    ],
    "2132405": [
        "absatzplus.com//6171916"
    ],
    "2132407": [
        "absatzplus.com//16897135"
    ],
    "2132408": [
        "absatzplus.com//2302035"
    ],
    "2132415": [
        "absatzplus.com//31805"
    ],
    "2132416": [
        "absatzplus.com//15938761"
    ],
    "2132423": [
        "absatzplus.com//8964351"
    ],
    "2132425": [
        "absatzplus.com//10886267"
    ],
    "2157605": [
        "absatzplus.com//7069013"
    ],
    "2165851": [
        "absatzplus.com//11422271"
    ],
    "2388196": [
        "absatzplus.com//8040333"
    ],
    "2388199": [
        "absatzplus.com//10468557"
    ],
    "2388240": [
        "absatzplus.com//17038287"
    ],
    "2503849": [
        "absatzplus.com//5134175"
    ],
    "2544929": [
        "absatzplus.com//1087718"
    ],
    "2600426": [
        "absatzplus.com//7649673"
    ],
    "2600693": [
        "absatzplus.com//10931160"
    ],
    "3032397": [
        "absatzplus.com//2319202"
    ],
    "3059508": [
        "absatzplus.com//3646225"
    ],
    "3059612": [
        "absatzplus.com//8049944"
    ],
    "3060608": [
        "absatzplus.com//13722770"
    ],
    "3237243": [
        "absatzplus.com//10304186"
    ],
    "3237754": [
        "absatzplus.com//9706198"
    ],
    "3323265": [
        "absatzplus.com//5600494"
    ],
    "3759333": [
        "absatzplus.com//9033167"
    ],
    "3767778": [
        "absatzplus.com//7477381"
    ],
    "3892921": [
        "absatzplus.com//4454128"
    ],
    "4078559": [
        "absatzplus.com//1538279"
    ],
    "4188523": [
        "absatzplus.com//9834401"
    ],
    "4348606": [
        "absatzplus.com//7415171"
    ],
    "4557626": [
        "absatzplus.com//1289370"
    ],
    "4967433": [
        "absatzplus.com//10135667"
    ],
    "5028548": [
        "absatzplus.com//842044"
    ],
    "5153822": [
        "absatzplus.com//3619445"
    ],
    "5160145": [
        "absatzplus.com//3371543"
    ],
    "5160146": [
        "absatzplus.com//5276631"
    ],
    "5160148": [
        "absatzplus.com//10382125"
    ],
    "5160149": [
        "absatzplus.com//3070530"
    ],
    "5234122": [
        "absatzplus.com//16880930"
    ],
    "5329148": [
        "absatzplus.com//1542694"
    ],
    "5329151": [
        "absatzplus.com//253992"
    ],
    "5329158": [
        "absatzplus.com//17541862"
    ],
    "5371902": [
        "absatzplus.com//15253322"
    ],
    "5452881": [
        "absatzplus.com//5207330"
    ],
    "5452882": [
        "absatzplus.com//2275347"
    ],
    "5452883": [
        "absatzplus.com//1873789"
    ],
    "5454541": [
        "absatzplus.com//6842969"
    ],
    "5454542": [
        "absatzplus.com//1164423"
    ],
    "5461546": [
        "absatzplus.com//9478764"
    ],
    "5461732": [
        "absatzplus.com//15913657"
    ],
    "5461743": [
        "absatzplus.com//4589647"
    ],
    "5461745": [
        "absatzplus.com//9697302"
    ],
    "5461747": [
        "absatzplus.com//11562446"
    ],
    "5518027": [
        "absatzplus.com//2258585"
    ],
    "5699199": [
        "absatzplus.com//1840462"
    ],
    "5721791": [
        "absatzplus.com//8299362"
    ],
    "5724179": [
        "absatzplus.com//8445902"
    ],
    "5736174": [
        "absatzplus.com//17388580"
    ],
    "5738902": [
        "absatzplus.com//7937226"
    ],
    "5803318": [
        "absatzplus.com//3333980"
    ],
    "588274": [
        "absatzplus.com//7675215"
    ],
    "6043597": [
        "absatzplus.com//7129129"
    ],
    "6062882": [
        "absatzplus.com//630392"
    ],
    "6062883": [
        "absatzplus.com//5718209"
    ],
    "6062991": [
        "absatzplus.com//16162938"
    ],
    "6107218": [
        "absatzplus.com//9925101"
    ],
    "6155460": [
        "absatzplus.com//4517695"
    ],
    "6157496": [
        "absatzplus.com//3028109"
    ],
    "6157821": [
        "absatzplus.com//487416"
    ],
    "6158092": [
        "absatzplus.com//13888830"
    ],
    "6158093": [
        "absatzplus.com//7930336"
    ],
    "6158096": [
        "absatzplus.com//9475225"
    ],
    "6158098": [
        "absatzplus.com//16410409"
    ],
    "6158129": [
        "absatzplus.com//2801357"
    ],
    "6245498": [
        "absatzplus.com//2016182"
    ],
    "6263551": [
        "absatzplus.com//4159825"
    ],
    "6263628": [
        "absatzplus.com//492104"
    ],
    "6263640": [
        "absatzplus.com//8975728"
    ],
    "6263676": [
        "absatzplus.com//16419352"
    ],
    "6264982": [
        "absatzplus.com//738028"
    ],
    "6264988": [
        "absatzplus.com//15809711"
    ],
    "6265007": [
        "absatzplus.com//4467928"
    ],
    "6265014": [
        "absatzplus.com//9452897"
    ],
    "6265226": [
        "absatzplus.com//2158128"
    ],
    "6265233": [
        "absatzplus.com//3742340"
    ],
    "6265236": [
        "absatzplus.com//9340903"
    ],
    "6265239": [
        "absatzplus.com//10069817"
    ],
    "6265240": [
        "absatzplus.com//8285716"
    ],
    "6265258": [
        "absatzplus.com//3055386"
    ],
    "6265262": [
        "absatzplus.com//2932420"
    ],
    "6265264": [
        "absatzplus.com//2508432"
    ],
    "6265267": [
        "absatzplus.com//6788368"
    ],
    "6265268": [
        "absatzplus.com//763816"
    ],
    "6482663": [
        "absatzplus.com//671006"
    ],
    "6482669": [
        "absatzplus.com//2754092"
    ],
    "6501384": [
        "absatzplus.com//16774327"
    ],
    "6559858": [
        "absatzplus.com//6193727"
    ],
    "6597888": [
        "absatzplus.com//11793134"
    ],
    "6597889": [
        "absatzplus.com//4251620"
    ],
    "6597890": [
        "absatzplus.com//15953885"
    ],
    "6597892": [
        "absatzplus.com//79595"
    ],
    "6597897": [
        "absatzplus.com//13030212"
    ],
    "6598092": [
        "absatzplus.com//13933690"
    ],
    "6598436": [
        "absatzplus.com//9979502"
    ],
    "6598437": [
        "absatzplus.com//16697020"
    ],
    "6598447": [
        "absatzplus.com//8100288"
    ],
    "6598449": [
        "absatzplus.com//11023587"
    ],
    "6598465": [
        "absatzplus.com//16263895"
    ],
    "6598479": [
        "absatzplus.com//8476033"
    ],
    "6598555": [
        "absatzplus.com//8089512"
    ],
    "6598556": [
        "absatzplus.com//16055281"
    ],
    "6598557": [
        "absatzplus.com//8149315"
    ],
    "6649215": [
        "absatzplus.com//2338473"
    ],
    "6657197": [
        "absatzplus.com//17454494"
    ],
    "6748738": [
        "absatzplus.com//12449418"
    ],
    "6987449": [
        "absatzplus.com//2553907"
    ],
    "6987480": [
        "absatzplus.com//14113846"
    ],
    "6987481": [
        "absatzplus.com//13260994"
    ],
    "6987691": [
        "absatzplus.com//11614363"
    ],
    "6987692": [
        "absatzplus.com//4171417"
    ],
    "7005376": [
        "absatzplus.com//1322305"
    ],
    "7006530": [
        "absatzplus.com//7063121"
    ],
    "7011749": [
        "absatzplus.com//9204807"
    ],
    "7011769": [
        "absatzplus.com//10025091"
    ],
    "7011773": [
        "absatzplus.com//16695399"
    ],
    "7011777": [
        "absatzplus.com//17120162"
    ],
    "7011820": [
        "absatzplus.com//15204927"
    ],
    "7011826": [
        "absatzplus.com//915454"
    ],
    "7011831": [
        "absatzplus.com//15147655"
    ],
    "7011840": [
        "absatzplus.com//5663427"
    ],
    "7011846": [
        "absatzplus.com//11220521"
    ],
    "7012387": [
        "absatzplus.com//8704960"
    ],
    "7012388": [
        "absatzplus.com//10189552"
    ],
    "7012391": [
        "absatzplus.com//11803498"
    ],
    "7012393": [
        "absatzplus.com//2717088"
    ],
    "7012693": [
        "absatzplus.com//16439247"
    ],
    "7012696": [
        "absatzplus.com//12315550"
    ],
    "7012698": [
        "absatzplus.com//16314921"
    ],
    "7054502": [
        "absatzplus.com//12445002"
    ],
    "7060084": [
        "absatzplus.com//14640823"
    ],
    "7076260": [
        "absatzplus.com//12346847"
    ],
    "7106422": [
        "absatzplus.com//9401332"
    ],
    "7324291": [
        "absatzplus.com//11791737"
    ],
    "7324313": [
        "absatzplus.com//13850716"
    ],
    "7324315": [
        "absatzplus.com//202031"
    ],
    "7324317": [
        "absatzplus.com//15946651"
    ],
    "7324318": [
        "absatzplus.com//1374503"
    ],
    "7327284": [
        "absatzplus.com//9695297"
    ],
    "7410745": [
        "absatzplus.com//15713413"
    ],
    "7410748": [
        "absatzplus.com//12677556"
    ],
    "7411810": [
        "absatzplus.com//10977150"
    ],
    "7411823": [
        "absatzplus.com//12653205"
    ],
    "7411824": [
        "absatzplus.com//2029946"
    ],
    "7416635": [
        "absatzplus.com//15872508"
    ],
    "7416636": [
        "absatzplus.com//9353095"
    ],
    "7417744": [
        "absatzplus.com//6688616"
    ],
    "7417751": [
        "absatzplus.com//3708904"
    ],
    "7418227": [
        "absatzplus.com//13064288"
    ],
    "7418232": [
        "absatzplus.com//8813421"
    ],
    "7418259": [
        "absatzplus.com//17216279"
    ],
    "7418260": [
        "absatzplus.com//16792795"
    ],
    "7418263": [
        "absatzplus.com//14566595"
    ],
    "7418269": [
        "absatzplus.com//9967003"
    ],
    "7783780": [
        "absatzplus.com//12494133"
    ],
    "7784071": [
        "absatzplus.com//7989324"
    ],
    "7784072": [
        "absatzplus.com//12138528"
    ],
    "7852217": [
        "absatzplus.com//12780191"
    ],
    "8050612": [
        "absatzplus.com//6978315"
    ],
    "8074478": [
        "absatzplus.com//7921203"
    ],
    "8074482": [
        "absatzplus.com//9622179"
    ],
    "8074484": [
        "absatzplus.com//13546865"
    ],
    "8111353": [
        "absatzplus.com//8671498"
    ],
    "8111354": [
        "absatzplus.com//4352911"
    ],
    "8111356": [
        "absatzplus.com//4440619"
    ],
    "8111357": [
        "absatzplus.com//3679071"
    ],
    "8111437": [
        "absatzplus.com//635460"
    ],
    "8465908": [
        "absatzplus.com//11237697"
    ],
    "8465932": [
        "absatzplus.com//12160308"
    ],
    "8465933": [
        "absatzplus.com//4258545"
    ],
    "8653191": [
        "absatzplus.com//13741572"
    ],
    "8947981": [
        "absatzplus.com//8494269"
    ],
    "9353653": [
        "absatzplus.com//12743712"
    ],
    "9749701": [
        "absatzplus.com//15515747"
    ],
    "9749706": [
        "absatzplus.com//4132572"
    ],
    "9964439": [
        "absatzplus.com//16991801"
    ]
}