[
    {
        "spec": {
            "Brutto Rechnungsbetrag": "123,76\u00a0\u20ac",
            "Frachtkosten": "6,50\u00a0\u20ac",
            "Nettobetrag": "97,50\u00a0\u20ac",
            "zuz\u00fcglich 19% MWSt.": "19,76\u00a0\u20ac"
        },
        "url": "absatzplus.com//16187604"
    },
    {
        "spec": {
            "Brutto Rechnungsbetrag": "2 079,53\u00a0\u20ac",
            "Frachtkosten": "97,50\u00a0\u20ac",
            "Nettobetrag": "1 650,00\u00a0\u20ac",
            "zuz\u00fcglich 19% MWSt.": "332,03\u00a0\u20ac"
        },
        "url": "absatzplus.com//15072177"
    },
    {
        "spec": {
            "Brutto Rechnungsbetrag": "145,78\u00a0\u20ac",
            "Frachtkosten": "6,50\u00a0\u20ac",
            "Nettobetrag": "116,00\u00a0\u20ac",
            "zuz\u00fcglich 19% MWSt.": "23,28\u00a0\u20ac"
        },
        "url": "absatzplus.com//826193"
    },
    {
        "spec": {
            "Brutto Rechnungsbetrag": "1 216,78\u00a0\u20ac",
            "Frachtkosten": "6,50\u00a0\u20ac",
            "Nettobetrag": "1 016,00\u00a0\u20ac",
            "zuz\u00fcglich 19% MWSt.": "194,28\u00a0\u20ac"
        },
        "url": "absatzplus.com//3735707"
    },
    {
        "spec": {
            "Brutto Rechnungsbetrag": "20,62\u00a0\u20ac",
            "Frachtkosten": "6,50\u00a0\u20ac",
            "Nettobetrag": "10,83\u00a0\u20ac",
            "zuz\u00fcglich 19% MWSt.": "3,29\u00a0\u20ac"
        },
        "url": "absatzplus.com//1413446"
    },
    {
        "spec": {
            "Brutto Rechnungsbetrag": "20,62\u00a0\u20ac",
            "Frachtkosten": "6,50\u00a0\u20ac",
            "Nettobetrag": "10,83\u00a0\u20ac",
            "zuz\u00fcglich 19% MWSt.": "3,29\u00a0\u20ac"
        },
        "url": "absatzplus.com//10399122"
    },
    {
        "spec": {
            "Brutto Rechnungsbetrag": "9,58\u00a0\u20ac",
            "Frachtkosten": "6,50\u00a0\u20ac",
            "Nettobetrag": "1,55\u00a0\u20ac",
            "zuz\u00fcglich 19% MWSt.": "1,53\u00a0\u20ac"
        },
        "url": "absatzplus.com//1512186"
    },
    {
        "spec": {
            "Brutto Rechnungsbetrag": "1 075,17\u00a0\u20ac",
            "Frachtkosten": "32,50\u00a0\u20ac",
            "Nettobetrag": "871,00\u00a0\u20ac",
            "zuz\u00fcglich 19% MWSt.": "171,67\u00a0\u20ac"
        },
        "url": "absatzplus.com//11057609"
    },
    {
        "spec": {
            "Brutto Rechnungsbetrag": "8,84\u00a0\u20ac",
            "Frachtkosten": "6,50\u00a0\u20ac",
            "Nettobetrag": "0,93\u00a0\u20ac",
            "zuz\u00fcglich 19% MWSt.": "1,41\u00a0\u20ac"
        },
        "url": "absatzplus.com//4179287"
    },
    {
        "spec": {
            "Brutto Rechnungsbetrag": "16,99\u00a0\u20ac",
            "Frachtkosten": "6,50\u00a0\u20ac",
            "Nettobetrag": "7,78\u00a0\u20ac",
            "zuz\u00fcglich 19% MWSt.": "2,71\u00a0\u20ac"
        },
        "url": "absatzplus.com//3128679"
    },
    {
        "spec": {
            "Brutto Rechnungsbetrag": "951,41\u00a0\u20ac",
            "Frachtkosten": "19,50\u00a0\u20ac",
            "Nettobetrag": "780,00\u00a0\u20ac",
            "zuz\u00fcglich 19% MWSt.": "151,91\u00a0\u20ac"
        },
        "url": "absatzplus.com//15391986"
    },
    {
        "spec": {
            "Brutto Rechnungsbetrag": "8,09\u00a0\u20ac",
            "Frachtkosten": "6,50\u00a0\u20ac",
            "Nettobetrag": "0,30\u00a0\u20ac",
            "zuz\u00fcglich 19% MWSt.": "1,29\u00a0\u20ac"
        },
        "url": "absatzplus.com//14860354"
    },
    {
        "spec": {
            "Brutto Rechnungsbetrag": "10,42\u00a0\u20ac",
            "Frachtkosten": "6,50\u00a0\u20ac",
            "Nettobetrag": "2,26\u00a0\u20ac",
            "zuz\u00fcglich 19% MWSt.": "1,66\u00a0\u20ac"
        },
        "url": "absatzplus.com//16132264"
    },
    {
        "spec": {
            "Brutto Rechnungsbetrag": "9,35\u00a0\u20ac",
            "Frachtkosten": "6,50\u00a0\u20ac",
            "Nettobetrag": "1,36\u00a0\u20ac",
            "zuz\u00fcglich 19% MWSt.": "1,49\u00a0\u20ac"
        },
        "url": "absatzplus.com//720830"
    },
    {
        "spec": {
            "Brutto Rechnungsbetrag": "23,01\u00a0\u20ac",
            "Frachtkosten": "6,50\u00a0\u20ac",
            "Nettobetrag": "12,84\u00a0\u20ac",
            "zuz\u00fcglich 19% MWSt.": "3,67\u00a0\u20ac"
        },
        "url": "absatzplus.com//8338734"
    },
    {
        "spec": {
            "Brutto Rechnungsbetrag": "775,88\u00a0\u20ac",
            "Frachtkosten": "13,00\u00a0\u20ac",
            "Nettobetrag": "639,00\u00a0\u20ac",
            "zuz\u00fcglich 19% MWSt.": "123,88\u00a0\u20ac"
        },
        "url": "absatzplus.com//7356366"
    },
    {
        "spec": {
            "Brutto Rechnungsbetrag": "284,41\u00a0\u20ac",
            "Frachtkosten": "6,50\u00a0\u20ac",
            "Nettobetrag": "232,50\u00a0\u20ac",
            "zuz\u00fcglich 19% MWSt.": "45,41\u00a0\u20ac"
        },
        "url": "absatzplus.com//7661515"
    },
    {
        "spec": {
            "Brutto Rechnungsbetrag": "10,41\u00a0\u20ac",
            "Frachtkosten": "6,50\u00a0\u20ac",
            "Nettobetrag": "2,25\u00a0\u20ac",
            "zuz\u00fcglich 19% MWSt.": "1,66\u00a0\u20ac"
        },
        "url": "absatzplus.com//13969230"
    },
    {
        "spec": {
            "Brutto Rechnungsbetrag": "10,61\u00a0\u20ac",
            "Frachtkosten": "6,50\u00a0\u20ac",
            "Nettobetrag": "2,42\u00a0\u20ac",
            "zuz\u00fcglich 19% MWSt.": "1,69\u00a0\u20ac"
        },
        "url": "absatzplus.com//4821337"
    },
    {
        "spec": {
            "Brutto Rechnungsbetrag": "9,27\u00a0\u20ac",
            "Frachtkosten": "6,50\u00a0\u20ac",
            "Nettobetrag": "1,29\u00a0\u20ac",
            "zuz\u00fcglich 19% MWSt.": "1,48\u00a0\u20ac"
        },
        "url": "absatzplus.com//11302650"
    },
    {
        "spec": {
            "Brutto Rechnungsbetrag": "251,69\u00a0\u20ac",
            "Frachtkosten": "6,50\u00a0\u20ac",
            "Nettobetrag": "205,00\u00a0\u20ac",
            "zuz\u00fcglich 19% MWSt.": "40,19\u00a0\u20ac"
        },
        "url": "absatzplus.com//40306"
    },
    {
        "spec": {
            "Brutto Rechnungsbetrag": "14,76\u00a0\u20ac",
            "Frachtkosten": "6,50\u00a0\u20ac",
            "Nettobetrag": "5,90\u00a0\u20ac",
            "zuz\u00fcglich 19% MWSt.": "2,36\u00a0\u20ac"
        },
        "url": "absatzplus.com//1513127"
    },
    {
        "spec": {
            "Brutto Rechnungsbetrag": "1 103,13\u00a0\u20ac",
            "Frachtkosten": "19,50\u00a0\u20ac",
            "Nettobetrag": "907,50\u00a0\u20ac",
            "zuz\u00fcglich 19% MWSt.": "176,13\u00a0\u20ac"
        },
        "url": "absatzplus.com//9797459"
    },
    {
        "spec": {
            "Brutto Rechnungsbetrag": "27,79\u00a0\u20ac",
            "Frachtkosten": "6,50\u00a0\u20ac",
            "Nettobetrag": "16,85\u00a0\u20ac",
            "zuz\u00fcglich 19% MWSt.": "4,44\u00a0\u20ac"
        },
        "url": "absatzplus.com//15107334"
    },
    {
        "spec": {
            "Brutto Rechnungsbetrag": "3 717,56\u00a0\u20ac",
            "Frachtkosten": "100,00\u00a0\u20ac",
            "Nettobetrag": "3 024,00\u00a0\u20ac",
            "zuz\u00fcglich 19% MWSt.": "593,56\u00a0\u20ac"
        },
        "url": "absatzplus.com//7786303"
    },
    {
        "spec": {
            "Brutto Rechnungsbetrag": "10,42\u00a0\u20ac",
            "Frachtkosten": "6,50\u00a0\u20ac",
            "Nettobetrag": "2,26\u00a0\u20ac",
            "zuz\u00fcglich 19% MWSt.": "1,66\u00a0\u20ac"
        },
        "url": "absatzplus.com//634636"
    },
    {
        "spec": {
            "Brutto Rechnungsbetrag": "1 789,17\u00a0\u20ac",
            "Frachtkosten": "58,50\u00a0\u20ac",
            "Nettobetrag": "1 445,00\u00a0\u20ac",
            "zuz\u00fcglich 19% MWSt.": "285,67\u00a0\u20ac"
        },
        "url": "absatzplus.com//11910312"
    },
    {
        "spec": {
            "Brutto Rechnungsbetrag": "41,22\u00a0\u20ac",
            "Frachtkosten": "6,50\u00a0\u20ac",
            "Nettobetrag": "28,14\u00a0\u20ac",
            "zuz\u00fcglich 19% MWSt.": "6,58\u00a0\u20ac"
        },
        "url": "absatzplus.com//16036190"
    },
    {
        "spec": {
            "Brutto Rechnungsbetrag": "1 103,13\u00a0\u20ac",
            "Frachtkosten": "19,50\u00a0\u20ac",
            "Nettobetrag": "907,50\u00a0\u20ac",
            "zuz\u00fcglich 19% MWSt.": "176,13\u00a0\u20ac"
        },
        "url": "absatzplus.com//6920246"
    },
    {
        "spec": {
            "Brutto Rechnungsbetrag": "29,65\u00a0\u20ac",
            "Frachtkosten": "6,50\u00a0\u20ac",
            "Nettobetrag": "18,42\u00a0\u20ac",
            "zuz\u00fcglich 19% MWSt.": "4,73\u00a0\u20ac"
        },
        "url": "absatzplus.com//14384685"
    },
    {
        "spec": {
            "Brutto Rechnungsbetrag": "1 649,94\u00a0\u20ac",
            "Frachtkosten": "6,50\u00a0\u20ac",
            "Nettobetrag": "1 380,00\u00a0\u20ac",
            "zuz\u00fcglich 19% MWSt.": "263,44\u00a0\u20ac"
        },
        "url": "absatzplus.com//2963998"
    },
    {
        "spec": {
            "Brutto Rechnungsbetrag": "951,41\u00a0\u20ac",
            "Frachtkosten": "19,50\u00a0\u20ac",
            "Nettobetrag": "780,00\u00a0\u20ac",
            "zuz\u00fcglich 19% MWSt.": "151,91\u00a0\u20ac"
        },
        "url": "absatzplus.com//12004760"
    },
    {
        "spec": {
            "Brutto Rechnungsbetrag": "145,78\u00a0\u20ac",
            "Frachtkosten": "6,50\u00a0\u20ac",
            "Nettobetrag": "116,00\u00a0\u20ac",
            "zuz\u00fcglich 19% MWSt.": "23,28\u00a0\u20ac"
        },
        "url": "absatzplus.com//2677254"
    },
    {
        "spec": {
            "Brutto Rechnungsbetrag": "62,19\u00a0\u20ac",
            "Frachtkosten": "6,50\u00a0\u20ac",
            "Nettobetrag": "45,76\u00a0\u20ac",
            "zuz\u00fcglich 19% MWSt.": "9,93\u00a0\u20ac"
        },
        "url": "absatzplus.com//16407065"
    },
    {
        "spec": {
            "Brutto Rechnungsbetrag": "951,41\u00a0\u20ac",
            "Frachtkosten": "19,50\u00a0\u20ac",
            "Nettobetrag": "780,00\u00a0\u20ac",
            "zuz\u00fcglich 19% MWSt.": "151,91\u00a0\u20ac"
        },
        "url": "absatzplus.com//9326817"
    },
    {
        "spec": {
            "Brutto Rechnungsbetrag": "653,31\u00a0\u20ac",
            "Frachtkosten": "39,00\u00a0\u20ac",
            "Nettobetrag": "510,00\u00a0\u20ac",
            "zuz\u00fcglich 19% MWSt.": "104,31\u00a0\u20ac"
        },
        "url": "absatzplus.com//15992129"
    },
    {
        "spec": {
            "Brutto Rechnungsbetrag": "8,34\u00a0\u20ac",
            "Frachtkosten": "6,50\u00a0\u20ac",
            "Nettobetrag": "0,51\u00a0\u20ac",
            "zuz\u00fcglich 19% MWSt.": "1,33\u00a0\u20ac"
        },
        "url": "absatzplus.com//14997617"
    },
    {
        "spec": {
            "Brutto Rechnungsbetrag": "17,02\u00a0\u20ac",
            "Frachtkosten": "6,50\u00a0\u20ac",
            "Nettobetrag": "7,80\u00a0\u20ac",
            "zuz\u00fcglich 19% MWSt.": "2,72\u00a0\u20ac"
        },
        "url": "absatzplus.com//15439150"
    },
    {
        "spec": {
            "Brutto Rechnungsbetrag": "15,47\u00a0\u20ac",
            "Frachtkosten": "6,50\u00a0\u20ac",
            "Nettobetrag": "6,50\u00a0\u20ac",
            "zuz\u00fcglich 19% MWSt.": "2,47\u00a0\u20ac"
        },
        "url": "absatzplus.com//3873566"
    },
    {
        "spec": {
            "Brutto Rechnungsbetrag": "2 179,49\u00a0\u20ac",
            "Frachtkosten": "6,50\u00a0\u20ac",
            "Nettobetrag": "1 825,00\u00a0\u20ac",
            "zuz\u00fcglich 19% MWSt.": "347,99\u00a0\u20ac"
        },
        "url": "absatzplus.com//3695964"
    },
    {
        "spec": {
            "Brutto Rechnungsbetrag": "152,92\u00a0\u20ac",
            "Frachtkosten": "6,50\u00a0\u20ac",
            "Nettobetrag": "122,00\u00a0\u20ac",
            "zuz\u00fcglich 19% MWSt.": "24,42\u00a0\u20ac"
        },
        "url": "absatzplus.com//11494410"
    },
    {
        "spec": {
            "Brutto Rechnungsbetrag": "329,04\u00a0\u20ac",
            "Frachtkosten": "6,50\u00a0\u20ac",
            "Nettobetrag": "270,00\u00a0\u20ac",
            "zuz\u00fcglich 19% MWSt.": "52,54\u00a0\u20ac"
        },
        "url": "absatzplus.com//15766763"
    },
    {
        "spec": {
            "Brutto Rechnungsbetrag": "23,01\u00a0\u20ac",
            "Frachtkosten": "6,50\u00a0\u20ac",
            "Nettobetrag": "12,84\u00a0\u20ac",
            "zuz\u00fcglich 19% MWSt.": "3,67\u00a0\u20ac"
        },
        "url": "absatzplus.com//2541990"
    },
    {
        "spec": {
            "Brutto Rechnungsbetrag": "1 382,19\u00a0\u20ac",
            "Frachtkosten": "13,00\u00a0\u20ac",
            "Nettobetrag": "1 148,50\u00a0\u20ac",
            "zuz\u00fcglich 19% MWSt.": "220,69\u00a0\u20ac"
        },
        "url": "absatzplus.com//7297291"
    },
    {
        "spec": {
            "Brutto Rechnungsbetrag": "188,62\u00a0\u20ac",
            "Frachtkosten": "6,50\u00a0\u20ac",
            "Nettobetrag": "152,00\u00a0\u20ac",
            "zuz\u00fcglich 19% MWSt.": "30,12\u00a0\u20ac"
        },
        "url": "absatzplus.com//7222282"
    },
    {
        "spec": {
            "Brutto Rechnungsbetrag": "653,31\u00a0\u20ac",
            "Frachtkosten": "39,00\u00a0\u20ac",
            "Nettobetrag": "510,00\u00a0\u20ac",
            "zuz\u00fcglich 19% MWSt.": "104,31\u00a0\u20ac"
        },
        "url": "absatzplus.com//4849666"
    },
    {
        "spec": {
            "Brutto Rechnungsbetrag": "1 792,14\u00a0\u20ac",
            "Frachtkosten": "26,00\u00a0\u20ac",
            "Nettobetrag": "1 480,00\u00a0\u20ac",
            "zuz\u00fcglich 19% MWSt.": "286,14\u00a0\u20ac"
        },
        "url": "absatzplus.com//2630233"
    },
    {
        "spec": {
            "Brutto Rechnungsbetrag": "406,98\u00a0\u20ac",
            "Frachtkosten": "13,00\u00a0\u20ac",
            "Nettobetrag": "329,00\u00a0\u20ac",
            "zuz\u00fcglich 19% MWSt.": "64,98\u00a0\u20ac"
        },
        "url": "absatzplus.com//4421059"
    },
    {
        "spec": {
            "Brutto Rechnungsbetrag": "1 209,64\u00a0\u20ac",
            "Frachtkosten": "6,50\u00a0\u20ac",
            "Nettobetrag": "1 010,00\u00a0\u20ac",
            "zuz\u00fcglich 19% MWSt.": "193,14\u00a0\u20ac"
        },
        "url": "absatzplus.com//14811469"
    },
    {
        "spec": {
            "Brutto Rechnungsbetrag": "602,74\u00a0\u20ac",
            "Frachtkosten": "6,50\u00a0\u20ac",
            "Nettobetrag": "500,00\u00a0\u20ac",
            "zuz\u00fcglich 19% MWSt.": "96,24\u00a0\u20ac"
        },
        "url": "absatzplus.com//9468858"
    },
    {
        "spec": {
            "Brutto Rechnungsbetrag": "802,66\u00a0\u20ac",
            "Frachtkosten": "84,50\u00a0\u20ac",
            "Nettobetrag": "590,00\u00a0\u20ac",
            "zuz\u00fcglich 19% MWSt.": "128,16\u00a0\u20ac"
        },
        "url": "absatzplus.com//4274762"
    },
    {
        "spec": {
            "Brutto Rechnungsbetrag": "27,79\u00a0\u20ac",
            "Frachtkosten": "6,50\u00a0\u20ac",
            "Nettobetrag": "16,85\u00a0\u20ac",
            "zuz\u00fcglich 19% MWSt.": "4,44\u00a0\u20ac"
        },
        "url": "absatzplus.com//16072791"
    },
    {
        "spec": {
            "Brutto Rechnungsbetrag": "341,53\u00a0\u20ac",
            "Frachtkosten": "13,00\u00a0\u20ac",
            "Nettobetrag": "274,00\u00a0\u20ac",
            "zuz\u00fcglich 19% MWSt.": "54,53\u00a0\u20ac"
        },
        "url": "absatzplus.com//11245752"
    },
    {
        "spec": {
            "Brutto Rechnungsbetrag": "9,73\u00a0\u20ac",
            "Frachtkosten": "6,50\u00a0\u20ac",
            "Nettobetrag": "1,68\u00a0\u20ac",
            "zuz\u00fcglich 19% MWSt.": "1,55\u00a0\u20ac"
        },
        "url": "absatzplus.com//6551469"
    },
    {
        "spec": {
            "Brutto Rechnungsbetrag": "10,70\u00a0\u20ac",
            "Frachtkosten": "6,50\u00a0\u20ac",
            "Nettobetrag": "2,49\u00a0\u20ac",
            "zuz\u00fcglich 19% MWSt.": "1,71\u00a0\u20ac"
        },
        "url": "absatzplus.com//10955235"
    },
    {
        "spec": {
            "Brutto Rechnungsbetrag": "8,10\u00a0\u20ac",
            "Frachtkosten": "6,50\u00a0\u20ac",
            "Nettobetrag": "0,31\u00a0\u20ac",
            "zuz\u00fcglich 19% MWSt.": "1,29\u00a0\u20ac"
        },
        "url": "absatzplus.com//8782747"
    },
    {
        "spec": {
            "Brutto Rechnungsbetrag": "650,34\u00a0\u20ac",
            "Frachtkosten": "6,50\u00a0\u20ac",
            "Nettobetrag": "540,00\u00a0\u20ac",
            "zuz\u00fcglich 19% MWSt.": "103,84\u00a0\u20ac"
        },
        "url": "absatzplus.com//9419188"
    },
    {
        "spec": {
            "Brutto Rechnungsbetrag": "123,76\u00a0\u20ac",
            "Frachtkosten": "6,50\u00a0\u20ac",
            "Nettobetrag": "97,50\u00a0\u20ac",
            "zuz\u00fcglich 19% MWSt.": "19,76\u00a0\u20ac"
        },
        "url": "absatzplus.com//16412836"
    },
    {
        "spec": {
            "Brutto Rechnungsbetrag": "192,19\u00a0\u20ac",
            "Frachtkosten": "6,50\u00a0\u20ac",
            "Nettobetrag": "155,00\u00a0\u20ac",
            "zuz\u00fcglich 19% MWSt.": "30,69\u00a0\u20ac"
        },
        "url": "absatzplus.com//847143"
    },
    {
        "spec": {
            "Brutto Rechnungsbetrag": "2 082,50\u00a0\u20ac",
            "Frachtkosten": "100,00\u00a0\u20ac",
            "Nettobetrag": "1 650,00\u00a0\u20ac",
            "zuz\u00fcglich 19% MWSt.": "332,50\u00a0\u20ac"
        },
        "url": "absatzplus.com//8691069"
    },
    {
        "spec": {
            "Brutto Rechnungsbetrag": "21,82\u00a0\u20ac",
            "Frachtkosten": "6,50\u00a0\u20ac",
            "Nettobetrag": "11,84\u00a0\u20ac",
            "zuz\u00fcglich 19% MWSt.": "3,48\u00a0\u20ac"
        },
        "url": "absatzplus.com//1091486"
    },
    {
        "spec": {
            "Brutto Rechnungsbetrag": "293,34\u00a0\u20ac",
            "Frachtkosten": "6,50\u00a0\u20ac",
            "Nettobetrag": "240,00\u00a0\u20ac",
            "zuz\u00fcglich 19% MWSt.": "46,84\u00a0\u20ac"
        },
        "url": "absatzplus.com//8086359"
    },
    {
        "spec": {
            "Brutto Rechnungsbetrag": "1 740,97\u00a0\u20ac",
            "Frachtkosten": "13,00\u00a0\u20ac",
            "Nettobetrag": "1 450,00\u00a0\u20ac",
            "zuz\u00fcglich 19% MWSt.": "277,97\u00a0\u20ac"
        },
        "url": "absatzplus.com//817786"
    },
    {
        "spec": {
            "Brutto Rechnungsbetrag": "1 876,63\u00a0\u20ac",
            "Frachtkosten": "100,00\u00a0\u20ac",
            "Nettobetrag": "1 477,00\u00a0\u20ac",
            "zuz\u00fcglich 19% MWSt.": "299,63\u00a0\u20ac"
        },
        "url": "absatzplus.com//12186747"
    },
    {
        "spec": {
            "Brutto Rechnungsbetrag": "2 309,20\u00a0\u20ac",
            "Frachtkosten": "19,50\u00a0\u20ac",
            "Nettobetrag": "1 921,00\u00a0\u20ac",
            "zuz\u00fcglich 19% MWSt.": "368,70\u00a0\u20ac"
        },
        "url": "absatzplus.com//9654235"
    },
    {
        "spec": {
            "Brutto Rechnungsbetrag": "341,53\u00a0\u20ac",
            "Frachtkosten": "13,00\u00a0\u20ac",
            "Nettobetrag": "274,00\u00a0\u20ac",
            "zuz\u00fcglich 19% MWSt.": "54,53\u00a0\u20ac"
        },
        "url": "absatzplus.com//12961028"
    },
    {
        "spec": {
            "Brutto Rechnungsbetrag": "189,81\u00a0\u20ac",
            "Frachtkosten": "6,50\u00a0\u20ac",
            "Nettobetrag": "153,00\u00a0\u20ac",
            "zuz\u00fcglich 19% MWSt.": "30,31\u00a0\u20ac"
        },
        "url": "absatzplus.com//1585724"
    },
    {
        "spec": {
            "Brutto Rechnungsbetrag": "287,39\u00a0\u20ac",
            "Frachtkosten": "6,50\u00a0\u20ac",
            "Nettobetrag": "235,00\u00a0\u20ac",
            "zuz\u00fcglich 19% MWSt.": "45,89\u00a0\u20ac"
        },
        "url": "absatzplus.com//7665720"
    },
    {
        "spec": {
            "Brutto Rechnungsbetrag": "305,24\u00a0\u20ac",
            "Frachtkosten": "6,50\u00a0\u20ac",
            "Nettobetrag": "250,00\u00a0\u20ac",
            "zuz\u00fcglich 19% MWSt.": "48,74\u00a0\u20ac"
        },
        "url": "absatzplus.com//13209210"
    },
    {
        "spec": {
            "Brutto Rechnungsbetrag": "19,52\u00a0\u20ac",
            "Frachtkosten": "6,50\u00a0\u20ac",
            "Nettobetrag": "9,90\u00a0\u20ac",
            "zuz\u00fcglich 19% MWSt.": "3,12\u00a0\u20ac"
        },
        "url": "absatzplus.com//15021218"
    },
    {
        "spec": {
            "Brutto Rechnungsbetrag": "178,80\u00a0\u20ac",
            "Frachtkosten": "13,00\u00a0\u20ac",
            "Nettobetrag": "137,25\u00a0\u20ac",
            "zuz\u00fcglich 19% MWSt.": "28,55\u00a0\u20ac"
        },
        "url": "absatzplus.com//11373163"
    },
    {
        "spec": {
            "Brutto Rechnungsbetrag": "8,85\u00a0\u20ac",
            "Frachtkosten": "6,50\u00a0\u20ac",
            "Nettobetrag": "0,94\u00a0\u20ac",
            "zuz\u00fcglich 19% MWSt.": "1,41\u00a0\u20ac"
        },
        "url": "absatzplus.com//13801209"
    },
    {
        "spec": {
            "Brutto Rechnungsbetrag": "12,09\u00a0\u20ac",
            "Frachtkosten": "6,50\u00a0\u20ac",
            "Nettobetrag": "3,66\u00a0\u20ac",
            "zuz\u00fcglich 19% MWSt.": "1,93\u00a0\u20ac"
        },
        "url": "absatzplus.com//16845715"
    },
    {
        "spec": {
            "Brutto Rechnungsbetrag": "214,20\u00a0\u20ac",
            "Frachtkosten": "6,50\u00a0\u20ac",
            "Nettobetrag": "173,50\u00a0\u20ac",
            "zuz\u00fcglich 19% MWSt.": "34,20\u00a0\u20ac"
        },
        "url": "absatzplus.com//2990494"
    },
    {
        "spec": {
            "Brutto Rechnungsbetrag": "1 259,02\u00a0\u20ac",
            "Frachtkosten": "26,00\u00a0\u20ac",
            "Nettobetrag": "1 032,00\u00a0\u20ac",
            "zuz\u00fcglich 19% MWSt.": "201,02\u00a0\u20ac"
        },
        "url": "absatzplus.com//16889487"
    },
    {
        "spec": {
            "Brutto Rechnungsbetrag": "626,54\u00a0\u20ac",
            "Frachtkosten": "6,50\u00a0\u20ac",
            "Nettobetrag": "520,00\u00a0\u20ac",
            "zuz\u00fcglich 19% MWSt.": "100,04\u00a0\u20ac"
        },
        "url": "absatzplus.com//11178234"
    },
    {
        "spec": {
            "Brutto Rechnungsbetrag": "1 090,64\u00a0\u20ac",
            "Frachtkosten": "6,50\u00a0\u20ac",
            "Nettobetrag": "910,00\u00a0\u20ac",
            "zuz\u00fcglich 19% MWSt.": "174,14\u00a0\u20ac"
        },
        "url": "absatzplus.com//6440871"
    },
    {
        "spec": {
            "Brutto Rechnungsbetrag": "1 323,28\u00a0\u20ac",
            "Frachtkosten": "19,50\u00a0\u20ac",
            "Nettobetrag": "1 092,50\u00a0\u20ac",
            "zuz\u00fcglich 19% MWSt.": "211,28\u00a0\u20ac"
        },
        "url": "absatzplus.com//117167"
    },
    {
        "spec": {
            "Brutto Rechnungsbetrag": "14,83\u00a0\u20ac",
            "Frachtkosten": "6,50\u00a0\u20ac",
            "Nettobetrag": "5,96\u00a0\u20ac",
            "zuz\u00fcglich 19% MWSt.": "2,37\u00a0\u20ac"
        },
        "url": "absatzplus.com//13448419"
    },
    {
        "spec": {
            "Brutto Rechnungsbetrag": "951,41\u00a0\u20ac",
            "Frachtkosten": "19,50\u00a0\u20ac",
            "Nettobetrag": "780,00\u00a0\u20ac",
            "zuz\u00fcglich 19% MWSt.": "151,91\u00a0\u20ac"
        },
        "url": "absatzplus.com//4609574"
    },
    {
        "spec": {
            "Brutto Rechnungsbetrag": "251,69\u00a0\u20ac",
            "Frachtkosten": "6,50\u00a0\u20ac",
            "Nettobetrag": "205,00\u00a0\u20ac",
            "zuz\u00fcglich 19% MWSt.": "40,19\u00a0\u20ac"
        },
        "url": "absatzplus.com//5471918"
    },
    {
        "spec": {
            "Brutto Rechnungsbetrag": "185,94\u00a0\u20ac",
            "Frachtkosten": "6,50\u00a0\u20ac",
            "Nettobetrag": "149,75\u00a0\u20ac",
            "zuz\u00fcglich 19% MWSt.": "29,69\u00a0\u20ac"
        },
        "url": "absatzplus.com//15085351"
    },
    {
        "spec": {
            "Brutto Rechnungsbetrag": "951,41\u00a0\u20ac",
            "Frachtkosten": "19,50\u00a0\u20ac",
            "Nettobetrag": "780,00\u00a0\u20ac",
            "zuz\u00fcglich 19% MWSt.": "151,91\u00a0\u20ac"
        },
        "url": "absatzplus.com//14502926"
    },
    {
        "spec": {
            "Brutto Rechnungsbetrag": "8,20\u00a0\u20ac",
            "Frachtkosten": "6,50\u00a0\u20ac",
            "Nettobetrag": "0,39\u00a0\u20ac",
            "zuz\u00fcglich 19% MWSt.": "1,31\u00a0\u20ac"
        },
        "url": "absatzplus.com//1372545"
    },
    {
        "spec": {
            "Brutto Rechnungsbetrag": "11,36\u00a0\u20ac",
            "Frachtkosten": "6,50\u00a0\u20ac",
            "Nettobetrag": "3,05\u00a0\u20ac",
            "zuz\u00fcglich 19% MWSt.": "1,81\u00a0\u20ac"
        },
        "url": "absatzplus.com//11226636"
    },
    {
        "spec": {
            "Brutto Rechnungsbetrag": "278,46\u00a0\u20ac",
            "Frachtkosten": "6,50\u00a0\u20ac",
            "Nettobetrag": "227,50\u00a0\u20ac",
            "zuz\u00fcglich 19% MWSt.": "44,46\u00a0\u20ac"
        },
        "url": "absatzplus.com//5176494"
    },
    {
        "spec": {
            "Brutto Rechnungsbetrag": "436,73\u00a0\u20ac",
            "Frachtkosten": "13,00\u00a0\u20ac",
            "Nettobetrag": "354,00\u00a0\u20ac",
            "zuz\u00fcglich 19% MWSt.": "69,73\u00a0\u20ac"
        },
        "url": "absatzplus.com//14612212"
    },
    {
        "spec": {
            "Brutto Rechnungsbetrag": "1 403,01\u00a0\u20ac",
            "Frachtkosten": "26,00\u00a0\u20ac",
            "Nettobetrag": "1 153,00\u00a0\u20ac",
            "zuz\u00fcglich 19% MWSt.": "224,01\u00a0\u20ac"
        },
        "url": "absatzplus.com//10353887"
    },
    {
        "spec": {
            "Brutto Rechnungsbetrag": "17,02\u00a0\u20ac",
            "Frachtkosten": "6,50\u00a0\u20ac",
            "Nettobetrag": "7,80\u00a0\u20ac",
            "zuz\u00fcglich 19% MWSt.": "2,72\u00a0\u20ac"
        },
        "url": "absatzplus.com//16081256"
    },
    {
        "spec": {
            "Brutto Rechnungsbetrag": "12,09\u00a0\u20ac",
            "Frachtkosten": "6,50\u00a0\u20ac",
            "Nettobetrag": "3,66\u00a0\u20ac",
            "zuz\u00fcglich 19% MWSt.": "1,93\u00a0\u20ac"
        },
        "url": "absatzplus.com//14016772"
    },
    {
        "spec": {
            "Brutto Rechnungsbetrag": "9,89\u00a0\u20ac",
            "Frachtkosten": "6,50\u00a0\u20ac",
            "Nettobetrag": "1,81\u00a0\u20ac",
            "zuz\u00fcglich 19% MWSt.": "1,58\u00a0\u20ac"
        },
        "url": "absatzplus.com//3100603"
    },
    {
        "spec": {
            "Brutto Rechnungsbetrag": "14,77\u00a0\u20ac",
            "Frachtkosten": "6,50\u00a0\u20ac",
            "Nettobetrag": "5,91\u00a0\u20ac",
            "zuz\u00fcglich 19% MWSt.": "2,36\u00a0\u20ac"
        },
        "url": "absatzplus.com//16662563"
    },
    {
        "spec": {
            "Brutto Rechnungsbetrag": "408,77\u00a0\u20ac",
            "Frachtkosten": "6,50\u00a0\u20ac",
            "Nettobetrag": "337,00\u00a0\u20ac",
            "zuz\u00fcglich 19% MWSt.": "65,27\u00a0\u20ac"
        },
        "url": "absatzplus.com//13055473"
    },
    {
        "spec": {
            "Brutto Rechnungsbetrag": "1 943,27\u00a0\u20ac",
            "Frachtkosten": "6,50\u00a0\u20ac",
            "Nettobetrag": "1 626,50\u00a0\u20ac",
            "zuz\u00fcglich 19% MWSt.": "310,27\u00a0\u20ac"
        },
        "url": "absatzplus.com//15264729"
    },
    {
        "spec": {
            "Brutto Rechnungsbetrag": "123,76\u00a0\u20ac",
            "Frachtkosten": "6,50\u00a0\u20ac",
            "Nettobetrag": "97,50\u00a0\u20ac",
            "zuz\u00fcglich 19% MWSt.": "19,76\u00a0\u20ac"
        },
        "url": "absatzplus.com//7757924"
    },
    {
        "spec": {
            "Brutto Rechnungsbetrag": "192,19\u00a0\u20ac",
            "Frachtkosten": "6,50\u00a0\u20ac",
            "Nettobetrag": "155,00\u00a0\u20ac",
            "zuz\u00fcglich 19% MWSt.": "30,69\u00a0\u20ac"
        },
        "url": "absatzplus.com//8880915"
    },
    {
        "spec": {
            "Brutto Rechnungsbetrag": "8,96\u00a0\u20ac",
            "Frachtkosten": "6,50\u00a0\u20ac",
            "Nettobetrag": "1,03\u00a0\u20ac",
            "zuz\u00fcglich 19% MWSt.": "1,43\u00a0\u20ac"
        },
        "url": "absatzplus.com//9215306"
    },
    {
        "spec": {
            "Brutto Rechnungsbetrag": "9,58\u00a0\u20ac",
            "Frachtkosten": "6,50\u00a0\u20ac",
            "Nettobetrag": "1,55\u00a0\u20ac",
            "zuz\u00fcglich 19% MWSt.": "1,53\u00a0\u20ac"
        },
        "url": "absatzplus.com//7134931"
    },
    {
        "spec": {
            "Brutto Rechnungsbetrag": "113,65\u00a0\u20ac",
            "Frachtkosten": "6,50\u00a0\u20ac",
            "Nettobetrag": "89,00\u00a0\u20ac",
            "zuz\u00fcglich 19% MWSt.": "18,15\u00a0\u20ac"
        },
        "url": "absatzplus.com//10430622"
    },
    {
        "spec": {
            "Brutto Rechnungsbetrag": "398,17\u00a0\u20ac",
            "Frachtkosten": "13,00\u00a0\u20ac",
            "Nettobetrag": "321,60\u00a0\u20ac",
            "zuz\u00fcglich 19% MWSt.": "63,57\u00a0\u20ac"
        },
        "url": "absatzplus.com//10723042"
    },
    {
        "spec": {
            "Brutto Rechnungsbetrag": "8,20\u00a0\u20ac",
            "Frachtkosten": "6,50\u00a0\u20ac",
            "Nettobetrag": "0,39\u00a0\u20ac",
            "zuz\u00fcglich 19% MWSt.": "1,31\u00a0\u20ac"
        },
        "url": "absatzplus.com//10297859"
    },
    {
        "spec": {
            "Brutto Rechnungsbetrag": "27,99\u00a0\u20ac",
            "Frachtkosten": "6,50\u00a0\u20ac",
            "Nettobetrag": "17,02\u00a0\u20ac",
            "zuz\u00fcglich 19% MWSt.": "4,47\u00a0\u20ac"
        },
        "url": "absatzplus.com//6722143"
    },
    {
        "spec": {
            "Brutto Rechnungsbetrag": "221,10\u00a0\u20ac",
            "Frachtkosten": "13,00\u00a0\u20ac",
            "Nettobetrag": "172,80\u00a0\u20ac",
            "zuz\u00fcglich 19% MWSt.": "35,30\u00a0\u20ac"
        },
        "url": "absatzplus.com//10569067"
    },
    {
        "spec": {
            "Brutto Rechnungsbetrag": "23,01\u00a0\u20ac",
            "Frachtkosten": "6,50\u00a0\u20ac",
            "Nettobetrag": "12,84\u00a0\u20ac",
            "zuz\u00fcglich 19% MWSt.": "3,67\u00a0\u20ac"
        },
        "url": "absatzplus.com//8174908"
    },
    {
        "spec": {
            "Brutto Rechnungsbetrag": "520,63\u00a0\u20ac",
            "Frachtkosten": "32,50\u00a0\u20ac",
            "Nettobetrag": "405,00\u00a0\u20ac",
            "zuz\u00fcglich 19% MWSt.": "83,13\u00a0\u20ac"
        },
        "url": "absatzplus.com//15512647"
    },
    {
        "spec": {
            "Brutto Rechnungsbetrag": "25,37\u00a0\u20ac",
            "Frachtkosten": "6,50\u00a0\u20ac",
            "Nettobetrag": "14,82\u00a0\u20ac",
            "zuz\u00fcglich 19% MWSt.": "4,05\u00a0\u20ac"
        },
        "url": "absatzplus.com//10569525"
    },
    {
        "spec": {
            "Brutto Rechnungsbetrag": "185,94\u00a0\u20ac",
            "Frachtkosten": "6,50\u00a0\u20ac",
            "Nettobetrag": "149,75\u00a0\u20ac",
            "zuz\u00fcglich 19% MWSt.": "29,69\u00a0\u20ac"
        },
        "url": "absatzplus.com//6030565"
    },
    {
        "spec": {
            "Brutto Rechnungsbetrag": "112,46\u00a0\u20ac",
            "Frachtkosten": "6,50\u00a0\u20ac",
            "Nettobetrag": "88,00\u00a0\u20ac",
            "zuz\u00fcglich 19% MWSt.": "17,96\u00a0\u20ac"
        },
        "url": "absatzplus.com//13841470"
    },
    {
        "spec": {
            "Brutto Rechnungsbetrag": "8,09\u00a0\u20ac",
            "Frachtkosten": "6,50\u00a0\u20ac",
            "Nettobetrag": "0,30\u00a0\u20ac",
            "zuz\u00fcglich 19% MWSt.": "1,29\u00a0\u20ac"
        },
        "url": "absatzplus.com//11979787"
    },
    {
        "spec": {
            "Brutto Rechnungsbetrag": "23,01\u00a0\u20ac",
            "Frachtkosten": "6,50\u00a0\u20ac",
            "Nettobetrag": "12,84\u00a0\u20ac",
            "zuz\u00fcglich 19% MWSt.": "3,67\u00a0\u20ac"
        },
        "url": "absatzplus.com//1517479"
    },
    {
        "spec": {
            "Brutto Rechnungsbetrag": "275,49\u00a0\u20ac",
            "Frachtkosten": "6,50\u00a0\u20ac",
            "Nettobetrag": "225,00\u00a0\u20ac",
            "zuz\u00fcglich 19% MWSt.": "43,99\u00a0\u20ac"
        },
        "url": "absatzplus.com//4214908"
    },
    {
        "spec": {
            "Brutto Rechnungsbetrag": "341,53\u00a0\u20ac",
            "Frachtkosten": "13,00\u00a0\u20ac",
            "Nettobetrag": "274,00\u00a0\u20ac",
            "zuz\u00fcglich 19% MWSt.": "54,53\u00a0\u20ac"
        },
        "url": "absatzplus.com//7706344"
    },
    {
        "spec": {
            "Brutto Rechnungsbetrag": "8,10\u00a0\u20ac",
            "Frachtkosten": "6,50\u00a0\u20ac",
            "Nettobetrag": "0,31\u00a0\u20ac",
            "zuz\u00fcglich 19% MWSt.": "1,29\u00a0\u20ac"
        },
        "url": "absatzplus.com//13437688"
    },
    {
        "spec": {
            "Brutto Rechnungsbetrag": "239,79\u00a0\u20ac",
            "Frachtkosten": "6,50\u00a0\u20ac",
            "Nettobetrag": "195,00\u00a0\u20ac",
            "zuz\u00fcglich 19% MWSt.": "38,29\u00a0\u20ac"
        },
        "url": "absatzplus.com//13443841"
    },
    {
        "spec": {
            "Brutto Rechnungsbetrag": "8,10\u00a0\u20ac",
            "Frachtkosten": "6,50\u00a0\u20ac",
            "Nettobetrag": "0,31\u00a0\u20ac",
            "zuz\u00fcglich 19% MWSt.": "1,29\u00a0\u20ac"
        },
        "url": "absatzplus.com//12588535"
    },
    {
        "spec": {
            "Brutto Rechnungsbetrag": "25,47\u00a0\u20ac",
            "Frachtkosten": "6,50\u00a0\u20ac",
            "Nettobetrag": "14,90\u00a0\u20ac",
            "zuz\u00fcglich 19% MWSt.": "4,07\u00a0\u20ac"
        },
        "url": "absatzplus.com//16390160"
    },
    {
        "spec": {
            "Brutto Rechnungsbetrag": "8,34\u00a0\u20ac",
            "Frachtkosten": "6,50\u00a0\u20ac",
            "Nettobetrag": "0,51\u00a0\u20ac",
            "zuz\u00fcglich 19% MWSt.": "1,33\u00a0\u20ac"
        },
        "url": "absatzplus.com//14177506"
    },
    {
        "spec": {
            "Brutto Rechnungsbetrag": "236,81\u00a0\u20ac",
            "Frachtkosten": "6,50\u00a0\u20ac",
            "Nettobetrag": "192,50\u00a0\u20ac",
            "zuz\u00fcglich 19% MWSt.": "37,81\u00a0\u20ac"
        },
        "url": "absatzplus.com//5381039"
    },
    {
        "spec": {
            "Brutto Rechnungsbetrag": "835,38\u00a0\u20ac",
            "Frachtkosten": "13,00\u00a0\u20ac",
            "Nettobetrag": "689,00\u00a0\u20ac",
            "zuz\u00fcglich 19% MWSt.": "133,38\u00a0\u20ac"
        },
        "url": "absatzplus.com//6564279"
    },
    {
        "spec": {
            "Brutto Rechnungsbetrag": "951,41\u00a0\u20ac",
            "Frachtkosten": "19,50\u00a0\u20ac",
            "Nettobetrag": "780,00\u00a0\u20ac",
            "zuz\u00fcglich 19% MWSt.": "151,91\u00a0\u20ac"
        },
        "url": "absatzplus.com//6016782"
    },
    {
        "spec": {
            "Brutto Rechnungsbetrag": "8,28\u00a0\u20ac",
            "Frachtkosten": "6,50\u00a0\u20ac",
            "Nettobetrag": "0,46\u00a0\u20ac",
            "zuz\u00fcglich 19% MWSt.": "1,32\u00a0\u20ac"
        },
        "url": "absatzplus.com//14348219"
    },
    {
        "spec": {
            "Brutto Rechnungsbetrag": "8,10\u00a0\u20ac",
            "Frachtkosten": "6,50\u00a0\u20ac",
            "Nettobetrag": "0,31\u00a0\u20ac",
            "zuz\u00fcglich 19% MWSt.": "1,29\u00a0\u20ac"
        },
        "url": "absatzplus.com//15408518"
    },
    {
        "spec": {
            "Brutto Rechnungsbetrag": "145,78\u00a0\u20ac",
            "Frachtkosten": "6,50\u00a0\u20ac",
            "Nettobetrag": "116,00\u00a0\u20ac",
            "zuz\u00fcglich 19% MWSt.": "23,28\u00a0\u20ac"
        },
        "url": "absatzplus.com//7591931"
    },
    {
        "spec": {
            "Brutto Rechnungsbetrag": "19,04\u00a0\u20ac",
            "Frachtkosten": "6,50\u00a0\u20ac",
            "Nettobetrag": "9,50\u00a0\u20ac",
            "zuz\u00fcglich 19% MWSt.": "3,04\u00a0\u20ac"
        },
        "url": "absatzplus.com//2557755"
    },
    {
        "spec": {
            "Brutto Rechnungsbetrag": "653,31\u00a0\u20ac",
            "Frachtkosten": "39,00\u00a0\u20ac",
            "Nettobetrag": "510,00\u00a0\u20ac",
            "zuz\u00fcglich 19% MWSt.": "104,31\u00a0\u20ac"
        },
        "url": "absatzplus.com//798230"
    },
    {
        "spec": {
            "Brutto Rechnungsbetrag": "188,62\u00a0\u20ac",
            "Frachtkosten": "6,50\u00a0\u20ac",
            "Nettobetrag": "152,00\u00a0\u20ac",
            "zuz\u00fcglich 19% MWSt.": "30,12\u00a0\u20ac"
        },
        "url": "absatzplus.com//7533630"
    },
    {
        "spec": {
            "Brutto Rechnungsbetrag": "305,24\u00a0\u20ac",
            "Frachtkosten": "6,50\u00a0\u20ac",
            "Nettobetrag": "250,00\u00a0\u20ac",
            "zuz\u00fcglich 19% MWSt.": "48,74\u00a0\u20ac"
        },
        "url": "absatzplus.com//1048049"
    },
    {
        "spec": {
            "Brutto Rechnungsbetrag": "1 047,80\u00a0\u20ac",
            "Frachtkosten": "45,50\u00a0\u20ac",
            "Nettobetrag": "835,00\u00a0\u20ac",
            "zuz\u00fcglich 19% MWSt.": "167,30\u00a0\u20ac"
        },
        "url": "absatzplus.com//8254985"
    },
    {
        "spec": {
            "Brutto Rechnungsbetrag": "9,58\u00a0\u20ac",
            "Frachtkosten": "6,50\u00a0\u20ac",
            "Nettobetrag": "1,55\u00a0\u20ac",
            "zuz\u00fcglich 19% MWSt.": "1,53\u00a0\u20ac"
        },
        "url": "absatzplus.com//3420326"
    },
    {
        "spec": {
            "Brutto Rechnungsbetrag": "17,02\u00a0\u20ac",
            "Frachtkosten": "6,50\u00a0\u20ac",
            "Nettobetrag": "7,80\u00a0\u20ac",
            "zuz\u00fcglich 19% MWSt.": "2,72\u00a0\u20ac"
        },
        "url": "absatzplus.com//12476946"
    },
    {
        "spec": {
            "Brutto Rechnungsbetrag": "52,93\u00a0\u20ac",
            "Frachtkosten": "6,50\u00a0\u20ac",
            "Nettobetrag": "37,98\u00a0\u20ac",
            "zuz\u00fcglich 19% MWSt.": "8,45\u00a0\u20ac"
        },
        "url": "absatzplus.com//2261516"
    },
    {
        "spec": {
            "Brutto Rechnungsbetrag": "248,71\u00a0\u20ac",
            "Frachtkosten": "6,50\u00a0\u20ac",
            "Nettobetrag": "202,50\u00a0\u20ac",
            "zuz\u00fcglich 19% MWSt.": "39,71\u00a0\u20ac"
        },
        "url": "absatzplus.com//10180282"
    },
    {
        "spec": {
            "Brutto Rechnungsbetrag": "653,31\u00a0\u20ac",
            "Frachtkosten": "39,00\u00a0\u20ac",
            "Nettobetrag": "510,00\u00a0\u20ac",
            "zuz\u00fcglich 19% MWSt.": "104,31\u00a0\u20ac"
        },
        "url": "absatzplus.com//15649653"
    }
]