{
    "1065998": [
        "absatzplus.com//3808945"
    ],
    "11824273": [
        "absatzplus.com//4027458"
    ],
    "11900206": [
        "absatzplus.com//11105294"
    ],
    "1490976": [
        "absatzplus.com//6435991"
    ],
    "14950176": [
        "absatzplus.com//12948622"
    ],
    "16224851": [
        "absatzplus.com//9452541"
    ],
    "193310": [
        "absatzplus.com//768831"
    ],
    "2363511": [
        "absatzplus.com//15889009"
    ],
    "7185619": [
        "absatzplus.com//9778302"
    ],
    "7774736": [
        "absatzplus.com//14096707"
    ],
    "954673": [
        "absatzplus.com//7083569"
    ]
}