{
    "10780047": [
        "absatzplus.com//16072791"
    ],
    "10780049": [
        "absatzplus.com//15107334"
    ],
    "10940587": [
        "absatzplus.com//15512647"
    ],
    "11307794": [
        "absatzplus.com//11178234"
    ],
    "11600436": [
        "absatzplus.com//11302650"
    ],
    "11789918": [
        "absatzplus.com//11910312"
    ],
    "11807822": [
        "absatzplus.com//2261516"
    ],
    "11816209": [
        "absatzplus.com//3100603"
    ],
    "12167332": [
        "absatzplus.com//2990494"
    ],
    "12234445": [
        "absatzplus.com//4179287"
    ],
    "12605512": [
        "absatzplus.com//1413446"
    ],
    "12605519": [
        "absatzplus.com//10399122"
    ],
    "12614490": [
        "absatzplus.com//4421059"
    ],
    "12614602": [
        "absatzplus.com//10430622"
    ],
    "12635978": [
        "absatzplus.com//8086359"
    ],
    "13627887": [
        "absatzplus.com//3695964"
    ],
    "13994620": [
        "absatzplus.com//16407065"
    ],
    "14223898": [
        "absatzplus.com//14612212"
    ],
    "14224333": [
        "absatzplus.com//10353887"
    ],
    "14397461": [
        "absatzplus.com//5471918"
    ],
    "14397463": [
        "absatzplus.com//40306"
    ],
    "14397550": [
        "absatzplus.com//4214908"
    ],
    "14608229": [
        "absatzplus.com//6030565"
    ],
    "14608293": [
        "absatzplus.com//15085351"
    ],
    "14609365": [
        "absatzplus.com//11373163"
    ],
    "14621062": [
        "absatzplus.com//12186747"
    ],
    "14968872": [
        "absatzplus.com//798230"
    ],
    "14968875": [
        "absatzplus.com//15992129"
    ],
    "14968881": [
        "absatzplus.com//4849666"
    ],
    "14968883": [
        "absatzplus.com//15649653"
    ],
    "15017089": [
        "absatzplus.com//16187604"
    ],
    "15017090": [
        "absatzplus.com//16412836"
    ],
    "15017091": [
        "absatzplus.com//7757924"
    ],
    "15031745": [
        "absatzplus.com//13841470"
    ],
    "15287431": [
        "absatzplus.com//1585724"
    ],
    "15432462": [
        "absatzplus.com//9654235"
    ],
    "15432516": [
        "absatzplus.com//12961028"
    ],
    "15572531": [
        "absatzplus.com//10723042"
    ],
    "15706946": [
        "absatzplus.com//16889487"
    ],
    "15706947": [
        "absatzplus.com//7356366"
    ],
    "15706965": [
        "absatzplus.com//1048049"
    ],
    "15706967": [
        "absatzplus.com//9468858"
    ],
    "15834883": [
        "absatzplus.com//1513127"
    ],
    "15836027": [
        "absatzplus.com//15021218"
    ],
    "15842041": [
        "absatzplus.com//13055473"
    ],
    "15842103": [
        "absatzplus.com//11245752"
    ],
    "15842110": [
        "absatzplus.com//7706344"
    ],
    "16114326": [
        "absatzplus.com//6564279"
    ],
    "16114336": [
        "absatzplus.com//2630233"
    ],
    "16173618": [
        "absatzplus.com//16845715"
    ],
    "16173619": [
        "absatzplus.com//14016772"
    ],
    "16245222": [
        "absatzplus.com//16390160"
    ],
    "16334798": [
        "absatzplus.com//6440871"
    ],
    "1932793": [
        "absatzplus.com//9419188"
    ],
    "1932796": [
        "absatzplus.com//15766763"
    ],
    "2009574": [
        "absatzplus.com//4274762"
    ],
    "2096702": [
        "absatzplus.com//8691069"
    ],
    "2096711": [
        "absatzplus.com//15072177"
    ],
    "2168732": [
        "absatzplus.com//11057609"
    ],
    "2383015": [
        "absatzplus.com//6551469"
    ],
    "2411020": [
        "absatzplus.com//10955235"
    ],
    "2465115": [
        "absatzplus.com//3873566"
    ],
    "2465527": [
        "absatzplus.com//12476946"
    ],
    "2701232": [
        "absatzplus.com//3735707"
    ],
    "3125528": [
        "absatzplus.com//13448419"
    ],
    "3237333": [
        "absatzplus.com//16081256"
    ],
    "3237335": [
        "absatzplus.com//15439150"
    ],
    "4340293": [
        "absatzplus.com//2963998"
    ],
    "4340298": [
        "absatzplus.com//817786"
    ],
    "4340348": [
        "absatzplus.com//8254985"
    ],
    "4452159": [
        "absatzplus.com//7297291"
    ],
    "4967432": [
        "absatzplus.com//14348219"
    ],
    "5540820": [
        "absatzplus.com//720830"
    ],
    "5659223": [
        "absatzplus.com//15264729"
    ],
    "6062981": [
        "absatzplus.com//10569525"
    ],
    "6149032": [
        "absatzplus.com//16132264"
    ],
    "6149117": [
        "absatzplus.com//634636"
    ],
    "6153011": [
        "absatzplus.com//4821337"
    ],
    "6482275": [
        "absatzplus.com//9797459"
    ],
    "6482695": [
        "absatzplus.com//14384685"
    ],
    "6482753": [
        "absatzplus.com//6920246"
    ],
    "6482844": [
        "absatzplus.com//6722143"
    ],
    "6510230": [
        "absatzplus.com//826193"
    ],
    "6510234": [
        "absatzplus.com//2677254"
    ],
    "6510236": [
        "absatzplus.com//7591931"
    ],
    "6630838": [
        "absatzplus.com//2557755"
    ],
    "6956297": [
        "absatzplus.com//5176494"
    ],
    "6956298": [
        "absatzplus.com//5381039"
    ],
    "6956302": [
        "absatzplus.com//7661515"
    ],
    "6956315": [
        "absatzplus.com//7665720"
    ],
    "6956319": [
        "absatzplus.com//10180282"
    ],
    "6956320": [
        "absatzplus.com//13209210"
    ],
    "6956325": [
        "absatzplus.com//13443841"
    ],
    "6956346": [
        "absatzplus.com//11494410"
    ],
    "6956378": [
        "absatzplus.com//7222282"
    ],
    "6956380": [
        "absatzplus.com//7533630"
    ],
    "6956386": [
        "absatzplus.com//8880915"
    ],
    "6956387": [
        "absatzplus.com//847143"
    ],
    "6974916": [
        "absatzplus.com//1091486"
    ],
    "6986110": [
        "absatzplus.com//3128679"
    ],
    "6987976": [
        "absatzplus.com//13969230"
    ],
    "6996019": [
        "absatzplus.com//117167"
    ],
    "7417322": [
        "absatzplus.com//11226636"
    ],
    "7671966": [
        "absatzplus.com//14811469"
    ],
    "7671968": [
        "absatzplus.com//7786303"
    ],
    "7683466": [
        "absatzplus.com//8338734"
    ],
    "7683476": [
        "absatzplus.com//8174908"
    ],
    "7796545": [
        "absatzplus.com//3420326"
    ],
    "7796546": [
        "absatzplus.com//1512186"
    ],
    "7796547": [
        "absatzplus.com//1372545"
    ],
    "7796548": [
        "absatzplus.com//10297859"
    ],
    "7796553": [
        "absatzplus.com//7134931"
    ],
    "7966668": [
        "absatzplus.com//9326817"
    ],
    "7966669": [
        "absatzplus.com//14502926"
    ],
    "7966670": [
        "absatzplus.com//15391986"
    ],
    "7966673": [
        "absatzplus.com//6016782"
    ],
    "7966678": [
        "absatzplus.com//12004760"
    ],
    "7966679": [
        "absatzplus.com//4609574"
    ],
    "8063377": [
        "absatzplus.com//10569067"
    ],
    "8074369": [
        "absatzplus.com//16662563"
    ],
    "8464867": [
        "absatzplus.com//2541990"
    ],
    "8464868": [
        "absatzplus.com//1517479"
    ],
    "9576684": [
        "absatzplus.com//14860354"
    ],
    "9576685": [
        "absatzplus.com//11979787"
    ],
    "9579545": [
        "absatzplus.com//9215306"
    ],
    "9599228": [
        "absatzplus.com//16036190"
    ],
    "9702944": [
        "absatzplus.com//15408518"
    ],
    "9702961": [
        "absatzplus.com//13437688"
    ],
    "9702972": [
        "absatzplus.com//12588535"
    ],
    "9702973": [
        "absatzplus.com//8782747"
    ],
    "9961135": [
        "absatzplus.com//14177506"
    ],
    "9961137": [
        "absatzplus.com//14997617"
    ],
    "9979285": [
        "absatzplus.com//13801209"
    ]
}