{
    "10098663": [
        "absatzplus.com//17387618"
    ],
    "10098664": [
        "absatzplus.com//6920488"
    ],
    "10635562": [
        "absatzplus.com//3328468"
    ],
    "10635634": [
        "absatzplus.com//17022489"
    ],
    "10635647": [
        "absatzplus.com//3190823"
    ],
    "10635648": [
        "absatzplus.com//10312354"
    ],
    "11013429": [
        "absatzplus.com//16770365"
    ],
    "11215146": [
        "absatzplus.com//7569327"
    ],
    "11317087": [
        "absatzplus.com//8856622"
    ],
    "11317088": [
        "absatzplus.com//16347236"
    ],
    "11317090": [
        "absatzplus.com//12667776"
    ],
    "12405125": [
        "absatzplus.com//11757153"
    ],
    "13352871": [
        "absatzplus.com//9561015"
    ],
    "13966712": [
        "absatzplus.com//5398530"
    ],
    "14158732": [
        "absatzplus.com//17026276"
    ],
    "14210383": [
        "absatzplus.com//3666038"
    ],
    "14615225": [
        "absatzplus.com//12955710"
    ],
    "15060781": [
        "absatzplus.com//14521203"
    ],
    "15060795": [
        "absatzplus.com//5056806"
    ],
    "15060796": [
        "absatzplus.com//1728476"
    ],
    "15072384": [
        "absatzplus.com//7816329"
    ],
    "15078870": [
        "absatzplus.com//13302342"
    ],
    "15403230": [
        "absatzplus.com//4692959"
    ],
    "15707045": [
        "absatzplus.com//7179865"
    ],
    "15707435": [
        "absatzplus.com//1352083"
    ],
    "15707849": [
        "absatzplus.com//12676173"
    ],
    "15707867": [
        "absatzplus.com//9282885"
    ],
    "15767492": [
        "absatzplus.com//15795129"
    ],
    "15767496": [
        "absatzplus.com//17063398"
    ],
    "1831992": [
        "absatzplus.com//8791859"
    ],
    "1988637": [
        "absatzplus.com//3585851"
    ],
    "2327121": [
        "absatzplus.com//8251186"
    ],
    "2327124": [
        "absatzplus.com//12166871"
    ],
    "2586732": [
        "absatzplus.com//9915852"
    ],
    "2881844": [
        "absatzplus.com//7932858"
    ],
    "4183544": [
        "absatzplus.com//17189153"
    ],
    "4183774": [
        "absatzplus.com//16342412"
    ],
    "4183917": [
        "absatzplus.com//4637270"
    ],
    "4186439": [
        "absatzplus.com//12954295"
    ],
    "4397622": [
        "absatzplus.com//2287294"
    ],
    "4725334": [
        "absatzplus.com//2262099"
    ],
    "4903742": [
        "absatzplus.com//11611084"
    ],
    "4963787": [
        "absatzplus.com//8926702"
    ],
    "4966392": [
        "absatzplus.com//11858869"
    ],
    "4981720": [
        "absatzplus.com//16387079"
    ],
    "5250691": [
        "absatzplus.com//1015037"
    ],
    "5878701": [
        "absatzplus.com//3849562"
    ],
    "6069695": [
        "absatzplus.com//4456999"
    ],
    "6155501": [
        "absatzplus.com//16416530"
    ],
    "6156313": [
        "absatzplus.com//7125923"
    ],
    "6156323": [
        "absatzplus.com//13944646"
    ],
    "6157373": [
        "absatzplus.com//7726166"
    ],
    "6377914": [
        "absatzplus.com//8663730"
    ],
    "6500772": [
        "absatzplus.com//11321035"
    ],
    "6500777": [
        "absatzplus.com//14900061"
    ],
    "6500778": [
        "absatzplus.com//16680306"
    ],
    "6500784": [
        "absatzplus.com//1658246"
    ],
    "6500938": [
        "absatzplus.com//6035218"
    ],
    "6501379": [
        "absatzplus.com//4878585"
    ],
    "6501383": [
        "absatzplus.com//9241295"
    ],
    "6501385": [
        "absatzplus.com//3072470"
    ],
    "6501386": [
        "absatzplus.com//1373967"
    ],
    "6501427": [
        "absatzplus.com//1254614"
    ],
    "6596693": [
        "absatzplus.com//4113844"
    ],
    "6596911": [
        "absatzplus.com//2500540"
    ],
    "6973884": [
        "absatzplus.com//4065228"
    ],
    "6973889": [
        "absatzplus.com//10469516"
    ],
    "6986126": [
        "absatzplus.com//6020715"
    ],
    "6986471": [
        "absatzplus.com//3608242"
    ],
    "6986530": [
        "absatzplus.com//9415224"
    ],
    "6988591": [
        "absatzplus.com//10914455"
    ],
    "6989775": [
        "absatzplus.com//11836820"
    ],
    "6989792": [
        "absatzplus.com//17014784"
    ],
    "6989794": [
        "absatzplus.com//5925453"
    ],
    "6989803": [
        "absatzplus.com//14143676"
    ],
    "7416258": [
        "absatzplus.com//13797271"
    ],
    "7416260": [
        "absatzplus.com//14406932"
    ],
    "7416276": [
        "absatzplus.com//8404124"
    ],
    "7416277": [
        "absatzplus.com//4326106"
    ],
    "7783634": [
        "absatzplus.com//11233252"
    ],
    "8073847": [
        "absatzplus.com//7711252"
    ],
    "8073848": [
        "absatzplus.com//13151336"
    ],
    "9353753": [
        "absatzplus.com//15243055"
    ],
    "9589456": [
        "absatzplus.com//4371576"
    ],
    "9589457": [
        "absatzplus.com//5546"
    ],
    "9589463": [
        "absatzplus.com//5650477"
    ],
    "9589465": [
        "absatzplus.com//12202099"
    ],
    "9589466": [
        "absatzplus.com//15637983"
    ],
    "9589467": [
        "absatzplus.com//7379823"
    ],
    "9749131": [
        "absatzplus.com//3027115"
    ]
}