[
    {
        "spec": {
            "Brutto Rechnungsbetrag": "1 615,43\u00a0\u20ac",
            "Frachtkosten": "97,50\u00a0\u20ac",
            "Nettobetrag": "1 260,00\u00a0\u20ac",
            "zuz\u00fcglich 19% MWSt.": "257,93\u00a0\u20ac"
        },
        "url": "absatzplus.com//15795129"
    },
    {
        "spec": {
            "Brutto Rechnungsbetrag": "184,45\u00a0\u20ac",
            "Frachtkosten": "13,00\u00a0\u20ac",
            "Nettobetrag": "142,00\u00a0\u20ac",
            "zuz\u00fcglich 19% MWSt.": "29,45\u00a0\u20ac"
        },
        "url": "absatzplus.com//9561015"
    },
    {
        "spec": {
            "Brutto Rechnungsbetrag": "9,52\u00a0\u20ac",
            "Frachtkosten": "6,50\u00a0\u20ac",
            "Nettobetrag": "1,50\u00a0\u20ac",
            "zuz\u00fcglich 19% MWSt.": "1,52\u00a0\u20ac"
        },
        "url": "absatzplus.com//1373967"
    },
    {
        "spec": {
            "Brutto Rechnungsbetrag": "9,98\u00a0\u20ac",
            "Frachtkosten": "6,50\u00a0\u20ac",
            "Nettobetrag": "1,89\u00a0\u20ac",
            "zuz\u00fcglich 19% MWSt.": "1,59\u00a0\u20ac"
        },
        "url": "absatzplus.com//10914455"
    },
    {
        "spec": {
            "Brutto Rechnungsbetrag": "20,15\u00a0\u20ac",
            "Frachtkosten": "6,50\u00a0\u20ac",
            "Nettobetrag": "10,43\u00a0\u20ac",
            "zuz\u00fcglich 19% MWSt.": "3,22\u00a0\u20ac"
        },
        "url": "absatzplus.com//4065228"
    },
    {
        "spec": {
            "Brutto Rechnungsbetrag": "10,14\u00a0\u20ac",
            "Frachtkosten": "6,50\u00a0\u20ac",
            "Nettobetrag": "2,02\u00a0\u20ac",
            "zuz\u00fcglich 19% MWSt.": "1,62\u00a0\u20ac"
        },
        "url": "absatzplus.com//3027115"
    },
    {
        "spec": {
            "Brutto Rechnungsbetrag": "8,77\u00a0\u20ac",
            "Frachtkosten": "6,50\u00a0\u20ac",
            "Nettobetrag": "0,87\u00a0\u20ac",
            "zuz\u00fcglich 19% MWSt.": "1,40\u00a0\u20ac"
        },
        "url": "absatzplus.com//7125923"
    },
    {
        "spec": {
            "Brutto Rechnungsbetrag": "8,62\u00a0\u20ac",
            "Frachtkosten": "6,50\u00a0\u20ac",
            "Nettobetrag": "0,74\u00a0\u20ac",
            "zuz\u00fcglich 19% MWSt.": "1,38\u00a0\u20ac"
        },
        "url": "absatzplus.com//11321035"
    },
    {
        "spec": {
            "Brutto Rechnungsbetrag": "8,91\u00a0\u20ac",
            "Frachtkosten": "6,50\u00a0\u20ac",
            "Nettobetrag": "0,99\u00a0\u20ac",
            "zuz\u00fcglich 19% MWSt.": "1,42\u00a0\u20ac"
        },
        "url": "absatzplus.com//6920488"
    },
    {
        "spec": {
            "Brutto Rechnungsbetrag": "481,83\u00a0\u20ac",
            "Frachtkosten": "6,50\u00a0\u20ac",
            "Nettobetrag": "398,40\u00a0\u20ac",
            "zuz\u00fcglich 19% MWSt.": "76,93\u00a0\u20ac"
        },
        "url": "absatzplus.com//5650477"
    },
    {
        "spec": {
            "Brutto Rechnungsbetrag": "1 059,70\u00a0\u20ac",
            "Frachtkosten": "45,50\u00a0\u20ac",
            "Nettobetrag": "845,00\u00a0\u20ac",
            "zuz\u00fcglich 19% MWSt.": "169,20\u00a0\u20ac"
        },
        "url": "absatzplus.com//7179865"
    },
    {
        "spec": {
            "Brutto Rechnungsbetrag": "979,37\u00a0\u20ac",
            "Frachtkosten": "13,00\u00a0\u20ac",
            "Nettobetrag": "810,00\u00a0\u20ac",
            "zuz\u00fcglich 19% MWSt.": "156,37\u00a0\u20ac"
        },
        "url": "absatzplus.com//4456999"
    },
    {
        "spec": {
            "Brutto Rechnungsbetrag": "11,13\u00a0\u20ac",
            "Frachtkosten": "6,50\u00a0\u20ac",
            "Nettobetrag": "2,85\u00a0\u20ac",
            "zuz\u00fcglich 19% MWSt.": "1,78\u00a0\u20ac"
        },
        "url": "absatzplus.com//4326106"
    },
    {
        "spec": {
            "Brutto Rechnungsbetrag": "481,83\u00a0\u20ac",
            "Frachtkosten": "6,50\u00a0\u20ac",
            "Nettobetrag": "398,40\u00a0\u20ac",
            "zuz\u00fcglich 19% MWSt.": "76,93\u00a0\u20ac"
        },
        "url": "absatzplus.com//12202099"
    },
    {
        "spec": {
            "Brutto Rechnungsbetrag": "558,11\u00a0\u20ac",
            "Frachtkosten": "6,50\u00a0\u20ac",
            "Nettobetrag": "462,50\u00a0\u20ac",
            "zuz\u00fcglich 19% MWSt.": "89,11\u00a0\u20ac"
        },
        "url": "absatzplus.com//3849562"
    },
    {
        "spec": {
            "Brutto Rechnungsbetrag": "9,06\u00a0\u20ac",
            "Frachtkosten": "6,50\u00a0\u20ac",
            "Nettobetrag": "1,11\u00a0\u20ac",
            "zuz\u00fcglich 19% MWSt.": "1,45\u00a0\u20ac"
        },
        "url": "absatzplus.com//16347236"
    },
    {
        "spec": {
            "Brutto Rechnungsbetrag": "8,89\u00a0\u20ac",
            "Frachtkosten": "6,50\u00a0\u20ac",
            "Nettobetrag": "0,97\u00a0\u20ac",
            "zuz\u00fcglich 19% MWSt.": "1,42\u00a0\u20ac"
        },
        "url": "absatzplus.com//7726166"
    },
    {
        "spec": {
            "Brutto Rechnungsbetrag": "481,83\u00a0\u20ac",
            "Frachtkosten": "6,50\u00a0\u20ac",
            "Nettobetrag": "398,40\u00a0\u20ac",
            "zuz\u00fcglich 19% MWSt.": "76,93\u00a0\u20ac"
        },
        "url": "absatzplus.com//15637983"
    },
    {
        "spec": {
            "Brutto Rechnungsbetrag": "17,65\u00a0\u20ac",
            "Frachtkosten": "6,50\u00a0\u20ac",
            "Nettobetrag": "8,33\u00a0\u20ac",
            "zuz\u00fcglich 19% MWSt.": "2,82\u00a0\u20ac"
        },
        "url": "absatzplus.com//11858869"
    },
    {
        "spec": {
            "Brutto Rechnungsbetrag": "1 156,68\u00a0\u20ac",
            "Frachtkosten": "52,00\u00a0\u20ac",
            "Nettobetrag": "920,00\u00a0\u20ac",
            "zuz\u00fcglich 19% MWSt.": "184,68\u00a0\u20ac"
        },
        "url": "absatzplus.com//1352083"
    },
    {
        "spec": {
            "Brutto Rechnungsbetrag": "8,13\u00a0\u20ac",
            "Frachtkosten": "6,50\u00a0\u20ac",
            "Nettobetrag": "0,33\u00a0\u20ac",
            "zuz\u00fcglich 19% MWSt.": "1,30\u00a0\u20ac"
        },
        "url": "absatzplus.com//3190823"
    },
    {
        "spec": {
            "Brutto Rechnungsbetrag": "90,92\u00a0\u20ac",
            "Frachtkosten": "6,50\u00a0\u20ac",
            "Nettobetrag": "69,90\u00a0\u20ac",
            "zuz\u00fcglich 19% MWSt.": "14,52\u00a0\u20ac"
        },
        "url": "absatzplus.com//3666038"
    },
    {
        "spec": {
            "Brutto Rechnungsbetrag": "13,16\u00a0\u20ac",
            "Frachtkosten": "6,50\u00a0\u20ac",
            "Nettobetrag": "4,56\u00a0\u20ac",
            "zuz\u00fcglich 19% MWSt.": "2,10\u00a0\u20ac"
        },
        "url": "absatzplus.com//8791859"
    },
    {
        "spec": {
            "Brutto Rechnungsbetrag": "8,01\u00a0\u20ac",
            "Frachtkosten": "6,50\u00a0\u20ac",
            "Nettobetrag": "0,23\u00a0\u20ac",
            "zuz\u00fcglich 19% MWSt.": "1,28\u00a0\u20ac"
        },
        "url": "absatzplus.com//8926702"
    },
    {
        "spec": {
            "Brutto Rechnungsbetrag": "363,25\u00a0\u20ac",
            "Frachtkosten": "6,50\u00a0\u20ac",
            "Nettobetrag": "298,75\u00a0\u20ac",
            "zuz\u00fcglich 19% MWSt.": "58,00\u00a0\u20ac"
        },
        "url": "absatzplus.com//12954295"
    },
    {
        "spec": {
            "Brutto Rechnungsbetrag": "8,64\u00a0\u20ac",
            "Frachtkosten": "6,50\u00a0\u20ac",
            "Nettobetrag": "0,76\u00a0\u20ac",
            "zuz\u00fcglich 19% MWSt.": "1,38\u00a0\u20ac"
        },
        "url": "absatzplus.com//3585851"
    },
    {
        "spec": {
            "Brutto Rechnungsbetrag": "8,47\u00a0\u20ac",
            "Frachtkosten": "6,50\u00a0\u20ac",
            "Nettobetrag": "0,62\u00a0\u20ac",
            "zuz\u00fcglich 19% MWSt.": "1,35\u00a0\u20ac"
        },
        "url": "absatzplus.com//14143676"
    },
    {
        "spec": {
            "Brutto Rechnungsbetrag": "8,13\u00a0\u20ac",
            "Frachtkosten": "6,50\u00a0\u20ac",
            "Nettobetrag": "0,33\u00a0\u20ac",
            "zuz\u00fcglich 19% MWSt.": "1,30\u00a0\u20ac"
        },
        "url": "absatzplus.com//10312354"
    },
    {
        "spec": {
            "Brutto Rechnungsbetrag": "8,77\u00a0\u20ac",
            "Frachtkosten": "6,50\u00a0\u20ac",
            "Nettobetrag": "0,87\u00a0\u20ac",
            "zuz\u00fcglich 19% MWSt.": "1,40\u00a0\u20ac"
        },
        "url": "absatzplus.com//15243055"
    },
    {
        "spec": {
            "Brutto Rechnungsbetrag": "1 840,93\u00a0\u20ac",
            "Frachtkosten": "52,00\u00a0\u20ac",
            "Nettobetrag": "1 495,00\u00a0\u20ac",
            "zuz\u00fcglich 19% MWSt.": "293,93\u00a0\u20ac"
        },
        "url": "absatzplus.com//12166871"
    },
    {
        "spec": {
            "Brutto Rechnungsbetrag": "9,52\u00a0\u20ac",
            "Frachtkosten": "6,50\u00a0\u20ac",
            "Nettobetrag": "1,50\u00a0\u20ac",
            "zuz\u00fcglich 19% MWSt.": "1,52\u00a0\u20ac"
        },
        "url": "absatzplus.com//3072470"
    },
    {
        "spec": {
            "Brutto Rechnungsbetrag": "67,14\u00a0\u20ac",
            "Frachtkosten": "6,50\u00a0\u20ac",
            "Nettobetrag": "49,92\u00a0\u20ac",
            "zuz\u00fcglich 19% MWSt.": "10,72\u00a0\u20ac"
        },
        "url": "absatzplus.com//9915852"
    },
    {
        "spec": {
            "Brutto Rechnungsbetrag": "8,62\u00a0\u20ac",
            "Frachtkosten": "6,50\u00a0\u20ac",
            "Nettobetrag": "0,74\u00a0\u20ac",
            "zuz\u00fcglich 19% MWSt.": "1,38\u00a0\u20ac"
        },
        "url": "absatzplus.com//6035218"
    },
    {
        "spec": {
            "Brutto Rechnungsbetrag": "9,04\u00a0\u20ac",
            "Frachtkosten": "6,50\u00a0\u20ac",
            "Nettobetrag": "1,10\u00a0\u20ac",
            "zuz\u00fcglich 19% MWSt.": "1,44\u00a0\u20ac"
        },
        "url": "absatzplus.com//11836820"
    },
    {
        "spec": {
            "Brutto Rechnungsbetrag": "445,06\u00a0\u20ac",
            "Frachtkosten": "6,50\u00a0\u20ac",
            "Nettobetrag": "367,50\u00a0\u20ac",
            "zuz\u00fcglich 19% MWSt.": "71,06\u00a0\u20ac"
        },
        "url": "absatzplus.com//11757153"
    },
    {
        "spec": {
            "Brutto Rechnungsbetrag": "9,06\u00a0\u20ac",
            "Frachtkosten": "6,50\u00a0\u20ac",
            "Nettobetrag": "1,11\u00a0\u20ac",
            "zuz\u00fcglich 19% MWSt.": "1,45\u00a0\u20ac"
        },
        "url": "absatzplus.com//8856622"
    },
    {
        "spec": {
            "Brutto Rechnungsbetrag": "8,62\u00a0\u20ac",
            "Frachtkosten": "6,50\u00a0\u20ac",
            "Nettobetrag": "0,74\u00a0\u20ac",
            "zuz\u00fcglich 19% MWSt.": "1,38\u00a0\u20ac"
        },
        "url": "absatzplus.com//14900061"
    },
    {
        "spec": {
            "Brutto Rechnungsbetrag": "9,75\u00a0\u20ac",
            "Frachtkosten": "6,50\u00a0\u20ac",
            "Nettobetrag": "1,69\u00a0\u20ac",
            "zuz\u00fcglich 19% MWSt.": "1,56\u00a0\u20ac"
        },
        "url": "absatzplus.com//11233252"
    },
    {
        "spec": {
            "Brutto Rechnungsbetrag": "302,33\u00a0\u20ac",
            "Frachtkosten": "45,50\u00a0\u20ac",
            "Nettobetrag": "208,56\u00a0\u20ac",
            "zuz\u00fcglich 19% MWSt.": "48,27\u00a0\u20ac"
        },
        "url": "absatzplus.com//12676173"
    },
    {
        "spec": {
            "Brutto Rechnungsbetrag": "363,25\u00a0\u20ac",
            "Frachtkosten": "6,50\u00a0\u20ac",
            "Nettobetrag": "298,75\u00a0\u20ac",
            "zuz\u00fcglich 19% MWSt.": "58,00\u00a0\u20ac"
        },
        "url": "absatzplus.com//17189153"
    },
    {
        "spec": {
            "Brutto Rechnungsbetrag": "8,62\u00a0\u20ac",
            "Frachtkosten": "6,50\u00a0\u20ac",
            "Nettobetrag": "0,74\u00a0\u20ac",
            "zuz\u00fcglich 19% MWSt.": "1,38\u00a0\u20ac"
        },
        "url": "absatzplus.com//16680306"
    },
    {
        "spec": {
            "Brutto Rechnungsbetrag": "17,65\u00a0\u20ac",
            "Frachtkosten": "6,50\u00a0\u20ac",
            "Nettobetrag": "8,33\u00a0\u20ac",
            "zuz\u00fcglich 19% MWSt.": "2,82\u00a0\u20ac"
        },
        "url": "absatzplus.com//8663730"
    },
    {
        "spec": {
            "Brutto Rechnungsbetrag": "11,13\u00a0\u20ac",
            "Frachtkosten": "6,50\u00a0\u20ac",
            "Nettobetrag": "2,85\u00a0\u20ac",
            "zuz\u00fcglich 19% MWSt.": "1,78\u00a0\u20ac"
        },
        "url": "absatzplus.com//8404124"
    },
    {
        "spec": {
            "Brutto Rechnungsbetrag": "1 615,43\u00a0\u20ac",
            "Frachtkosten": "97,50\u00a0\u20ac",
            "Nettobetrag": "1 260,00\u00a0\u20ac",
            "zuz\u00fcglich 19% MWSt.": "257,93\u00a0\u20ac"
        },
        "url": "absatzplus.com//17063398"
    },
    {
        "spec": {
            "Brutto Rechnungsbetrag": "9,64\u00a0\u20ac",
            "Frachtkosten": "6,50\u00a0\u20ac",
            "Nettobetrag": "1,60\u00a0\u20ac",
            "zuz\u00fcglich 19% MWSt.": "1,54\u00a0\u20ac"
        },
        "url": "absatzplus.com//5056806"
    },
    {
        "spec": {
            "Brutto Rechnungsbetrag": "18,42\u00a0\u20ac",
            "Frachtkosten": "6,50\u00a0\u20ac",
            "Nettobetrag": "8,98\u00a0\u20ac",
            "zuz\u00fcglich 19% MWSt.": "2,94\u00a0\u20ac"
        },
        "url": "absatzplus.com//13151336"
    },
    {
        "spec": {
            "Brutto Rechnungsbetrag": "8,47\u00a0\u20ac",
            "Frachtkosten": "6,50\u00a0\u20ac",
            "Nettobetrag": "0,62\u00a0\u20ac",
            "zuz\u00fcglich 19% MWSt.": "1,35\u00a0\u20ac"
        },
        "url": "absatzplus.com//5925453"
    },
    {
        "spec": {
            "Brutto Rechnungsbetrag": "9,06\u00a0\u20ac",
            "Frachtkosten": "6,50\u00a0\u20ac",
            "Nettobetrag": "1,11\u00a0\u20ac",
            "zuz\u00fcglich 19% MWSt.": "1,45\u00a0\u20ac"
        },
        "url": "absatzplus.com//12667776"
    },
    {
        "spec": {
            "Brutto Rechnungsbetrag": "17,65\u00a0\u20ac",
            "Frachtkosten": "6,50\u00a0\u20ac",
            "Nettobetrag": "8,33\u00a0\u20ac",
            "zuz\u00fcglich 19% MWSt.": "2,82\u00a0\u20ac"
        },
        "url": "absatzplus.com//11611084"
    },
    {
        "spec": {
            "Brutto Rechnungsbetrag": "8,62\u00a0\u20ac",
            "Frachtkosten": "6,50\u00a0\u20ac",
            "Nettobetrag": "0,74\u00a0\u20ac",
            "zuz\u00fcglich 19% MWSt.": "1,38\u00a0\u20ac"
        },
        "url": "absatzplus.com//1658246"
    },
    {
        "spec": {
            "Brutto Rechnungsbetrag": "13,80\u00a0\u20ac",
            "Frachtkosten": "6,50\u00a0\u20ac",
            "Nettobetrag": "5,10\u00a0\u20ac",
            "zuz\u00fcglich 19% MWSt.": "2,20\u00a0\u20ac"
        },
        "url": "absatzplus.com//3608242"
    },
    {
        "spec": {
            "Brutto Rechnungsbetrag": "18,42\u00a0\u20ac",
            "Frachtkosten": "6,50\u00a0\u20ac",
            "Nettobetrag": "8,98\u00a0\u20ac",
            "zuz\u00fcglich 19% MWSt.": "2,94\u00a0\u20ac"
        },
        "url": "absatzplus.com//7711252"
    },
    {
        "spec": {
            "Brutto Rechnungsbetrag": "8,13\u00a0\u20ac",
            "Frachtkosten": "6,50\u00a0\u20ac",
            "Nettobetrag": "0,33\u00a0\u20ac",
            "zuz\u00fcglich 19% MWSt.": "1,30\u00a0\u20ac"
        },
        "url": "absatzplus.com//3328468"
    },
    {
        "spec": {
            "Brutto Rechnungsbetrag": "16,83\u00a0\u20ac",
            "Frachtkosten": "6,50\u00a0\u20ac",
            "Nettobetrag": "7,64\u00a0\u20ac",
            "zuz\u00fcglich 19% MWSt.": "2,69\u00a0\u20ac"
        },
        "url": "absatzplus.com//1015037"
    },
    {
        "spec": {
            "Brutto Rechnungsbetrag": "8,18\u00a0\u20ac",
            "Frachtkosten": "6,50\u00a0\u20ac",
            "Nettobetrag": "0,37\u00a0\u20ac",
            "zuz\u00fcglich 19% MWSt.": "1,31\u00a0\u20ac"
        },
        "url": "absatzplus.com//13944646"
    },
    {
        "spec": {
            "Brutto Rechnungsbetrag": "9,52\u00a0\u20ac",
            "Frachtkosten": "6,50\u00a0\u20ac",
            "Nettobetrag": "1,50\u00a0\u20ac",
            "zuz\u00fcglich 19% MWSt.": "1,52\u00a0\u20ac"
        },
        "url": "absatzplus.com//1254614"
    },
    {
        "spec": {
            "Brutto Rechnungsbetrag": "11,13\u00a0\u20ac",
            "Frachtkosten": "6,50\u00a0\u20ac",
            "Nettobetrag": "2,85\u00a0\u20ac",
            "zuz\u00fcglich 19% MWSt.": "1,78\u00a0\u20ac"
        },
        "url": "absatzplus.com//14406932"
    },
    {
        "spec": {
            "Brutto Rechnungsbetrag": "9,06\u00a0\u20ac",
            "Frachtkosten": "6,50\u00a0\u20ac",
            "Nettobetrag": "1,11\u00a0\u20ac",
            "zuz\u00fcglich 19% MWSt.": "1,45\u00a0\u20ac"
        },
        "url": "absatzplus.com//7816329"
    },
    {
        "spec": {
            "Brutto Rechnungsbetrag": "1 335,44\u00a0\u20ac",
            "Frachtkosten": "71,50\u00a0\u20ac",
            "Nettobetrag": "1 050,72\u00a0\u20ac",
            "zuz\u00fcglich 19% MWSt.": "213,22\u00a0\u20ac"
        },
        "url": "absatzplus.com//5398530"
    },
    {
        "spec": {
            "Brutto Rechnungsbetrag": "8,89\u00a0\u20ac",
            "Frachtkosten": "6,50\u00a0\u20ac",
            "Nettobetrag": "0,97\u00a0\u20ac",
            "zuz\u00fcglich 19% MWSt.": "1,42\u00a0\u20ac"
        },
        "url": "absatzplus.com//4113844"
    },
    {
        "spec": {
            "Brutto Rechnungsbetrag": "17,65\u00a0\u20ac",
            "Frachtkosten": "6,50\u00a0\u20ac",
            "Nettobetrag": "8,33\u00a0\u20ac",
            "zuz\u00fcglich 19% MWSt.": "2,82\u00a0\u20ac"
        },
        "url": "absatzplus.com//2262099"
    },
    {
        "spec": {
            "Brutto Rechnungsbetrag": "9,21\u00a0\u20ac",
            "Frachtkosten": "6,50\u00a0\u20ac",
            "Nettobetrag": "1,24\u00a0\u20ac",
            "zuz\u00fcglich 19% MWSt.": "1,47\u00a0\u20ac"
        },
        "url": "absatzplus.com//14521203"
    },
    {
        "spec": {
            "Brutto Rechnungsbetrag": "8,91\u00a0\u20ac",
            "Frachtkosten": "6,50\u00a0\u20ac",
            "Nettobetrag": "0,99\u00a0\u20ac",
            "zuz\u00fcglich 19% MWSt.": "1,42\u00a0\u20ac"
        },
        "url": "absatzplus.com//17387618"
    },
    {
        "spec": {
            "Brutto Rechnungsbetrag": "8,14\u00a0\u20ac",
            "Frachtkosten": "6,50\u00a0\u20ac",
            "Nettobetrag": "0,34\u00a0\u20ac",
            "zuz\u00fcglich 19% MWSt.": "1,30\u00a0\u20ac"
        },
        "url": "absatzplus.com//16387079"
    },
    {
        "spec": {
            "Brutto Rechnungsbetrag": "363,25\u00a0\u20ac",
            "Frachtkosten": "6,50\u00a0\u20ac",
            "Nettobetrag": "298,75\u00a0\u20ac",
            "zuz\u00fcglich 19% MWSt.": "58,00\u00a0\u20ac"
        },
        "url": "absatzplus.com//16342412"
    },
    {
        "spec": {
            "Brutto Rechnungsbetrag": "13,83\u00a0\u20ac",
            "Frachtkosten": "6,50\u00a0\u20ac",
            "Nettobetrag": "5,12\u00a0\u20ac",
            "zuz\u00fcglich 19% MWSt.": "2,21\u00a0\u20ac"
        },
        "url": "absatzplus.com//16416530"
    },
    {
        "spec": {
            "Brutto Rechnungsbetrag": "363,25\u00a0\u20ac",
            "Frachtkosten": "6,50\u00a0\u20ac",
            "Nettobetrag": "298,75\u00a0\u20ac",
            "zuz\u00fcglich 19% MWSt.": "58,00\u00a0\u20ac"
        },
        "url": "absatzplus.com//7932858"
    },
    {
        "spec": {
            "Brutto Rechnungsbetrag": "8,47\u00a0\u20ac",
            "Frachtkosten": "6,50\u00a0\u20ac",
            "Nettobetrag": "0,62\u00a0\u20ac",
            "zuz\u00fcglich 19% MWSt.": "1,35\u00a0\u20ac"
        },
        "url": "absatzplus.com//17014784"
    },
    {
        "spec": {
            "Brutto Rechnungsbetrag": "16,41\u00a0\u20ac",
            "Frachtkosten": "6,50\u00a0\u20ac",
            "Nettobetrag": "7,29\u00a0\u20ac",
            "zuz\u00fcglich 19% MWSt.": "2,62\u00a0\u20ac"
        },
        "url": "absatzplus.com//12955710"
    },
    {
        "spec": {
            "Brutto Rechnungsbetrag": "321,18\u00a0\u20ac",
            "Frachtkosten": "45,50\u00a0\u20ac",
            "Nettobetrag": "224,40\u00a0\u20ac",
            "zuz\u00fcglich 19% MWSt.": "51,28\u00a0\u20ac"
        },
        "url": "absatzplus.com//9282885"
    },
    {
        "spec": {
            "Brutto Rechnungsbetrag": "8,13\u00a0\u20ac",
            "Frachtkosten": "6,50\u00a0\u20ac",
            "Nettobetrag": "0,33\u00a0\u20ac",
            "zuz\u00fcglich 19% MWSt.": "1,30\u00a0\u20ac"
        },
        "url": "absatzplus.com//17022489"
    },
    {
        "spec": {
            "Brutto Rechnungsbetrag": "11,13\u00a0\u20ac",
            "Frachtkosten": "6,50\u00a0\u20ac",
            "Nettobetrag": "2,85\u00a0\u20ac",
            "zuz\u00fcglich 19% MWSt.": "1,78\u00a0\u20ac"
        },
        "url": "absatzplus.com//13797271"
    },
    {
        "spec": {
            "Brutto Rechnungsbetrag": "1 440,50\u00a0\u20ac",
            "Frachtkosten": "45,50\u00a0\u20ac",
            "Nettobetrag": "1 165,00\u00a0\u20ac",
            "zuz\u00fcglich 19% MWSt.": "230,00\u00a0\u20ac"
        },
        "url": "absatzplus.com//8251186"
    },
    {
        "spec": {
            "Brutto Rechnungsbetrag": "9,52\u00a0\u20ac",
            "Frachtkosten": "6,50\u00a0\u20ac",
            "Nettobetrag": "1,50\u00a0\u20ac",
            "zuz\u00fcglich 19% MWSt.": "1,52\u00a0\u20ac"
        },
        "url": "absatzplus.com//9241295"
    },
    {
        "spec": {
            "Brutto Rechnungsbetrag": "9,48\u00a0\u20ac",
            "Frachtkosten": "6,50\u00a0\u20ac",
            "Nettobetrag": "1,47\u00a0\u20ac",
            "zuz\u00fcglich 19% MWSt.": "1,51\u00a0\u20ac"
        },
        "url": "absatzplus.com//9415224"
    },
    {
        "spec": {
            "Brutto Rechnungsbetrag": "167,79\u00a0\u20ac",
            "Frachtkosten": "13,00\u00a0\u20ac",
            "Nettobetrag": "128,00\u00a0\u20ac",
            "zuz\u00fcglich 19% MWSt.": "26,79\u00a0\u20ac"
        },
        "url": "absatzplus.com//17026276"
    },
    {
        "spec": {
            "Brutto Rechnungsbetrag": "9,64\u00a0\u20ac",
            "Frachtkosten": "6,50\u00a0\u20ac",
            "Nettobetrag": "1,60\u00a0\u20ac",
            "zuz\u00fcglich 19% MWSt.": "1,54\u00a0\u20ac"
        },
        "url": "absatzplus.com//1728476"
    },
    {
        "spec": {
            "Brutto Rechnungsbetrag": "9,52\u00a0\u20ac",
            "Frachtkosten": "6,50\u00a0\u20ac",
            "Nettobetrag": "1,50\u00a0\u20ac",
            "zuz\u00fcglich 19% MWSt.": "1,52\u00a0\u20ac"
        },
        "url": "absatzplus.com//4878585"
    },
    {
        "spec": {
            "Brutto Rechnungsbetrag": "363,25\u00a0\u20ac",
            "Frachtkosten": "6,50\u00a0\u20ac",
            "Nettobetrag": "298,75\u00a0\u20ac",
            "zuz\u00fcglich 19% MWSt.": "58,00\u00a0\u20ac"
        },
        "url": "absatzplus.com//4637270"
    },
    {
        "spec": {
            "Brutto Rechnungsbetrag": "20,15\u00a0\u20ac",
            "Frachtkosten": "6,50\u00a0\u20ac",
            "Nettobetrag": "10,43\u00a0\u20ac",
            "zuz\u00fcglich 19% MWSt.": "3,22\u00a0\u20ac"
        },
        "url": "absatzplus.com//10469516"
    },
    {
        "spec": {
            "Brutto Rechnungsbetrag": "481,83\u00a0\u20ac",
            "Frachtkosten": "6,50\u00a0\u20ac",
            "Nettobetrag": "398,40\u00a0\u20ac",
            "zuz\u00fcglich 19% MWSt.": "76,93\u00a0\u20ac"
        },
        "url": "absatzplus.com//7379823"
    },
    {
        "spec": {
            "Brutto Rechnungsbetrag": "363,25\u00a0\u20ac",
            "Frachtkosten": "6,50\u00a0\u20ac",
            "Nettobetrag": "298,75\u00a0\u20ac",
            "zuz\u00fcglich 19% MWSt.": "58,00\u00a0\u20ac"
        },
        "url": "absatzplus.com//2287294"
    },
    {
        "spec": {
            "Brutto Rechnungsbetrag": "465,89\u00a0\u20ac",
            "Frachtkosten": "6,50\u00a0\u20ac",
            "Nettobetrag": "385,00\u00a0\u20ac",
            "zuz\u00fcglich 19% MWSt.": "74,39\u00a0\u20ac"
        },
        "url": "absatzplus.com//7569327"
    },
    {
        "spec": {
            "Brutto Rechnungsbetrag": "9,35\u00a0\u20ac",
            "Frachtkosten": "6,50\u00a0\u20ac",
            "Nettobetrag": "1,36\u00a0\u20ac",
            "zuz\u00fcglich 19% MWSt.": "1,49\u00a0\u20ac"
        },
        "url": "absatzplus.com//13302342"
    },
    {
        "spec": {
            "Brutto Rechnungsbetrag": "1 031,73\u00a0\u20ac",
            "Frachtkosten": "19,50\u00a0\u20ac",
            "Nettobetrag": "847,50\u00a0\u20ac",
            "zuz\u00fcglich 19% MWSt.": "164,73\u00a0\u20ac"
        },
        "url": "absatzplus.com//4692959"
    },
    {
        "spec": {
            "Brutto Rechnungsbetrag": "481,83\u00a0\u20ac",
            "Frachtkosten": "6,50\u00a0\u20ac",
            "Nettobetrag": "398,40\u00a0\u20ac",
            "zuz\u00fcglich 19% MWSt.": "76,93\u00a0\u20ac"
        },
        "url": "absatzplus.com//4371576"
    },
    {
        "spec": {
            "Brutto Rechnungsbetrag": "9,54\u00a0\u20ac",
            "Frachtkosten": "6,50\u00a0\u20ac",
            "Nettobetrag": "1,52\u00a0\u20ac",
            "zuz\u00fcglich 19% MWSt.": "1,52\u00a0\u20ac"
        },
        "url": "absatzplus.com//16770365"
    },
    {
        "spec": {
            "Brutto Rechnungsbetrag": "9,41\u00a0\u20ac",
            "Frachtkosten": "6,50\u00a0\u20ac",
            "Nettobetrag": "1,41\u00a0\u20ac",
            "zuz\u00fcglich 19% MWSt.": "1,50\u00a0\u20ac"
        },
        "url": "absatzplus.com//2500540"
    },
    {
        "spec": {
            "Brutto Rechnungsbetrag": "481,83\u00a0\u20ac",
            "Frachtkosten": "6,50\u00a0\u20ac",
            "Nettobetrag": "398,40\u00a0\u20ac",
            "zuz\u00fcglich 19% MWSt.": "76,93\u00a0\u20ac"
        },
        "url": "absatzplus.com//5546"
    },
    {
        "spec": {
            "Brutto Rechnungsbetrag": "20,96\u00a0\u20ac",
            "Frachtkosten": "6,50\u00a0\u20ac",
            "Nettobetrag": "11,11\u00a0\u20ac",
            "zuz\u00fcglich 19% MWSt.": "3,35\u00a0\u20ac"
        },
        "url": "absatzplus.com//6020715"
    }
]