{
    "10924043": [
        "absatzplus.com//3475115"
    ],
    "11131297": [
        "absatzplus.com//10677074"
    ],
    "11317846": [
        "absatzplus.com//4951723"
    ],
    "11317859": [
        "absatzplus.com//7711422"
    ],
    "11317862": [
        "absatzplus.com//16096018"
    ],
    "11317873": [
        "absatzplus.com//9898745"
    ],
    "11317879": [
        "absatzplus.com//10671674"
    ],
    "11464532": [
        "absatzplus.com//2787031"
    ],
    "12491735": [
        "absatzplus.com//6537997"
    ],
    "1370597": [
        "absatzplus.com//15208164"
    ],
    "14021559": [
        "absatzplus.com//9412278"
    ],
    "14540518": [
        "absatzplus.com//16022782"
    ],
    "14541563": [
        "absatzplus.com//3018640"
    ],
    "14595526": [
        "absatzplus.com//7441957"
    ],
    "14933578": [
        "absatzplus.com//8648715"
    ],
    "14935586": [
        "absatzplus.com//6489042"
    ],
    "14950263": [
        "absatzplus.com//12147858"
    ],
    "14954511": [
        "absatzplus.com//388181"
    ],
    "14963013": [
        "absatzplus.com//7412792"
    ],
    "14963387": [
        "absatzplus.com//878171"
    ],
    "14963991": [
        "absatzplus.com//14103757"
    ],
    "14968914": [
        "absatzplus.com//6932169"
    ],
    "14968917": [
        "absatzplus.com//427230"
    ],
    "14968996": [
        "absatzplus.com//1788398"
    ],
    "14969579": [
        "absatzplus.com//13084431"
    ],
    "14982584": [
        "absatzplus.com//7055103"
    ],
    "14982585": [
        "absatzplus.com//5975763"
    ],
    "15057797": [
        "absatzplus.com//6278646"
    ],
    "15057799": [
        "absatzplus.com//5817348"
    ],
    "15057800": [
        "absatzplus.com//3403661"
    ],
    "15057802": [
        "absatzplus.com//12641215"
    ],
    "15071245": [
        "absatzplus.com//3904534"
    ],
    "15160210": [
        "absatzplus.com//8835590"
    ],
    "15222850": [
        "absatzplus.com//9491248"
    ],
    "15276701": [
        "absatzplus.com//8309979"
    ],
    "15362118": [
        "absatzplus.com//6532796"
    ],
    "15362615": [
        "absatzplus.com//1815822"
    ],
    "15584553": [
        "absatzplus.com//5905875"
    ],
    "15601323": [
        "absatzplus.com//2928216"
    ],
    "15609909": [
        "absatzplus.com//3687753"
    ],
    "15727336": [
        "absatzplus.com//3914893"
    ],
    "15772560": [
        "absatzplus.com//7293963"
    ],
    "16014733": [
        "absatzplus.com//14455783"
    ],
    "16028730": [
        "absatzplus.com//977215"
    ],
    "16173152": [
        "absatzplus.com//2913670"
    ],
    "16173164": [
        "absatzplus.com//1884188"
    ],
    "16173167": [
        "absatzplus.com//5141172"
    ],
    "16173678": [
        "absatzplus.com//5990617"
    ],
    "16241996": [
        "absatzplus.com//1500781"
    ],
    "1842486": [
        "absatzplus.com//4440495"
    ],
    "1892812": [
        "absatzplus.com//7718028"
    ],
    "1912753": [
        "absatzplus.com//9645246"
    ],
    "2069996": [
        "absatzplus.com//11432735"
    ],
    "2070550": [
        "absatzplus.com//16652670"
    ],
    "2070574": [
        "absatzplus.com//11053720"
    ],
    "2070992": [
        "absatzplus.com//17355901"
    ],
    "2149222": [
        "absatzplus.com//9388052"
    ],
    "2382517": [
        "absatzplus.com//3778523"
    ],
    "2382943": [
        "absatzplus.com//3742648"
    ],
    "2422500": [
        "absatzplus.com//4776646"
    ],
    "2440730": [
        "absatzplus.com//4670845"
    ],
    "2465016": [
        "absatzplus.com//12945733"
    ],
    "2465062": [
        "absatzplus.com//15219757"
    ],
    "2465103": [
        "absatzplus.com//3390862"
    ],
    "2465581": [
        "absatzplus.com//3383659"
    ],
    "2465686": [
        "absatzplus.com//8042805"
    ],
    "2651537": [
        "absatzplus.com//2191216"
    ],
    "2840421": [
        "absatzplus.com//15595240"
    ],
    "2840478": [
        "absatzplus.com//11434549"
    ],
    "2840513": [
        "absatzplus.com//1929458"
    ],
    "2840554": [
        "absatzplus.com//5900504"
    ],
    "3035210": [
        "absatzplus.com//4835728"
    ],
    "3035363": [
        "absatzplus.com//5863944"
    ],
    "3035430": [
        "absatzplus.com//15481283"
    ],
    "3035576": [
        "absatzplus.com//13628640"
    ],
    "3035688": [
        "absatzplus.com//17029777"
    ],
    "3035738": [
        "absatzplus.com//16355789"
    ],
    "3035804": [
        "absatzplus.com//13252943"
    ],
    "3035854": [
        "absatzplus.com//15735515"
    ],
    "3036027": [
        "absatzplus.com//4410275"
    ],
    "3237865": [
        "absatzplus.com//13882497"
    ],
    "3336475": [
        "absatzplus.com//8561022"
    ],
    "3339965": [
        "absatzplus.com//8388162"
    ],
    "3545259": [
        "absatzplus.com//7193256"
    ],
    "4457366": [
        "absatzplus.com//575318"
    ],
    "4457368": [
        "absatzplus.com//13980072"
    ],
    "4917134": [
        "absatzplus.com//6761063"
    ],
    "5628064": [
        "absatzplus.com//9319724"
    ],
    "5671643": [
        "absatzplus.com//10272009"
    ],
    "5736187": [
        "absatzplus.com//5906254"
    ],
    "5786589": [
        "absatzplus.com//9088951"
    ],
    "6134776": [
        "absatzplus.com//6235891"
    ],
    "6164671": [
        "absatzplus.com//9910586"
    ],
    "6631656": [
        "absatzplus.com//11574849"
    ],
    "6631680": [
        "absatzplus.com//16292895"
    ],
    "6996012": [
        "absatzplus.com//15106261"
    ],
    "7707590": [
        "absatzplus.com//6214298"
    ],
    "7707990": [
        "absatzplus.com//17142652"
    ],
    "7986334": [
        "absatzplus.com//8119985"
    ],
    "7991233": [
        "absatzplus.com//13773151"
    ],
    "8019887": [
        "absatzplus.com//9732749"
    ],
    "9335993": [
        "absatzplus.com//5150657"
    ],
    "9544312": [
        "absatzplus.com//9460851"
    ],
    "9812189": [
        "absatzplus.com//11357054"
    ]
}