[
    {
        "spec": {
            "Brutto Rechnungsbetrag": "8,85\u00a0\u20ac",
            "Frachtkosten": "6,50\u00a0\u20ac",
            "Nettobetrag": "0,94\u00a0\u20ac",
            "zuz\u00fcglich 19% MWSt.": "1,41\u00a0\u20ac"
        },
        "url": "absatzplus.com//12147858"
    },
    {
        "spec": {
            "Brutto Rechnungsbetrag": "640,22\u00a0\u20ac",
            "Frachtkosten": "6,50\u00a0\u20ac",
            "Nettobetrag": "531,50\u00a0\u20ac",
            "zuz\u00fcglich 19% MWSt.": "102,22\u00a0\u20ac"
        },
        "url": "absatzplus.com//9645246"
    },
    {
        "spec": {
            "Brutto Rechnungsbetrag": "11,50\u00a0\u20ac",
            "Frachtkosten": "6,50\u00a0\u20ac",
            "Nettobetrag": "3,16\u00a0\u20ac",
            "zuz\u00fcglich 19% MWSt.": "1,84\u00a0\u20ac"
        },
        "url": "absatzplus.com//6489042"
    },
    {
        "spec": {
            "Brutto Rechnungsbetrag": "1 010,31\u00a0\u20ac",
            "Frachtkosten": "13,00\u00a0\u20ac",
            "Nettobetrag": "836,00\u00a0\u20ac",
            "zuz\u00fcglich 19% MWSt.": "161,31\u00a0\u20ac"
        },
        "url": "absatzplus.com//9910586"
    },
    {
        "spec": {
            "Brutto Rechnungsbetrag": "10,69\u00a0\u20ac",
            "Frachtkosten": "6,50\u00a0\u20ac",
            "Nettobetrag": "2,48\u00a0\u20ac",
            "zuz\u00fcglich 19% MWSt.": "1,71\u00a0\u20ac"
        },
        "url": "absatzplus.com//15735515"
    },
    {
        "spec": {
            "Brutto Rechnungsbetrag": "1 430,98\u00a0\u20ac",
            "Frachtkosten": "32,50\u00a0\u20ac",
            "Nettobetrag": "1 170,00\u00a0\u20ac",
            "zuz\u00fcglich 19% MWSt.": "228,48\u00a0\u20ac"
        },
        "url": "absatzplus.com//7293963"
    },
    {
        "spec": {
            "Brutto Rechnungsbetrag": "10,69\u00a0\u20ac",
            "Frachtkosten": "6,50\u00a0\u20ac",
            "Nettobetrag": "2,48\u00a0\u20ac",
            "zuz\u00fcglich 19% MWSt.": "1,71\u00a0\u20ac"
        },
        "url": "absatzplus.com//16355789"
    },
    {
        "spec": {
            "Brutto Rechnungsbetrag": "8,75\u00a0\u20ac",
            "Frachtkosten": "6,50\u00a0\u20ac",
            "Nettobetrag": "0,85\u00a0\u20ac",
            "zuz\u00fcglich 19% MWSt.": "1,40\u00a0\u20ac"
        },
        "url": "absatzplus.com//7055103"
    },
    {
        "spec": {
            "Brutto Rechnungsbetrag": "10,77\u00a0\u20ac",
            "Frachtkosten": "6,50\u00a0\u20ac",
            "Nettobetrag": "2,55\u00a0\u20ac",
            "zuz\u00fcglich 19% MWSt.": "1,72\u00a0\u20ac"
        },
        "url": "absatzplus.com//8561022"
    },
    {
        "spec": {
            "Brutto Rechnungsbetrag": "9 329,60\u00a0\u20ac",
            "Frachtkosten": "100,00\u00a0\u20ac",
            "Nettobetrag": "7 740,00\u00a0\u20ac",
            "zuz\u00fcglich 19% MWSt.": "1 489,60\u00a0\u20ac"
        },
        "url": "absatzplus.com//1788398"
    },
    {
        "spec": {
            "Brutto Rechnungsbetrag": "10,33\u00a0\u20ac",
            "Frachtkosten": "6,50\u00a0\u20ac",
            "Nettobetrag": "2,18\u00a0\u20ac",
            "zuz\u00fcglich 19% MWSt.": "1,65\u00a0\u20ac"
        },
        "url": "absatzplus.com//15481283"
    },
    {
        "spec": {
            "Brutto Rechnungsbetrag": "10,71\u00a0\u20ac",
            "Frachtkosten": "6,50\u00a0\u20ac",
            "Nettobetrag": "2,50\u00a0\u20ac",
            "zuz\u00fcglich 19% MWSt.": "1,71\u00a0\u20ac"
        },
        "url": "absatzplus.com//9319724"
    },
    {
        "spec": {
            "Brutto Rechnungsbetrag": "10,69\u00a0\u20ac",
            "Frachtkosten": "6,50\u00a0\u20ac",
            "Nettobetrag": "2,48\u00a0\u20ac",
            "zuz\u00fcglich 19% MWSt.": "1,71\u00a0\u20ac"
        },
        "url": "absatzplus.com//13252943"
    },
    {
        "spec": {
            "Brutto Rechnungsbetrag": "28,52\u00a0\u20ac",
            "Frachtkosten": "6,50\u00a0\u20ac",
            "Nettobetrag": "17,47\u00a0\u20ac",
            "zuz\u00fcglich 19% MWSt.": "4,55\u00a0\u20ac"
        },
        "url": "absatzplus.com//10677074"
    },
    {
        "spec": {
            "Brutto Rechnungsbetrag": "602,74\u00a0\u20ac",
            "Frachtkosten": "6,50\u00a0\u20ac",
            "Nettobetrag": "500,00\u00a0\u20ac",
            "zuz\u00fcglich 19% MWSt.": "96,24\u00a0\u20ac"
        },
        "url": "absatzplus.com//6761063"
    },
    {
        "spec": {
            "Brutto Rechnungsbetrag": "13,65\u00a0\u20ac",
            "Frachtkosten": "6,50\u00a0\u20ac",
            "Nettobetrag": "4,97\u00a0\u20ac",
            "zuz\u00fcglich 19% MWSt.": "2,18\u00a0\u20ac"
        },
        "url": "absatzplus.com//5906254"
    },
    {
        "spec": {
            "Brutto Rechnungsbetrag": "18,09\u00a0\u20ac",
            "Frachtkosten": "6,50\u00a0\u20ac",
            "Nettobetrag": "8,70\u00a0\u20ac",
            "zuz\u00fcglich 19% MWSt.": "2,89\u00a0\u20ac"
        },
        "url": "absatzplus.com//9088951"
    },
    {
        "spec": {
            "Brutto Rechnungsbetrag": "8,95\u00a0\u20ac",
            "Frachtkosten": "6,50\u00a0\u20ac",
            "Nettobetrag": "1,02\u00a0\u20ac",
            "zuz\u00fcglich 19% MWSt.": "1,43\u00a0\u20ac"
        },
        "url": "absatzplus.com//3475115"
    },
    {
        "spec": {
            "Brutto Rechnungsbetrag": "15,47\u00a0\u20ac",
            "Frachtkosten": "6,50\u00a0\u20ac",
            "Nettobetrag": "6,50\u00a0\u20ac",
            "zuz\u00fcglich 19% MWSt.": "2,47\u00a0\u20ac"
        },
        "url": "absatzplus.com//1929458"
    },
    {
        "spec": {
            "Brutto Rechnungsbetrag": "8,22\u00a0\u20ac",
            "Frachtkosten": "6,50\u00a0\u20ac",
            "Nettobetrag": "0,41\u00a0\u20ac",
            "zuz\u00fcglich 19% MWSt.": "1,31\u00a0\u20ac"
        },
        "url": "absatzplus.com//13773151"
    },
    {
        "spec": {
            "Brutto Rechnungsbetrag": "2 011,10\u00a0\u20ac",
            "Frachtkosten": "100,00\u00a0\u20ac",
            "Nettobetrag": "1 590,00\u00a0\u20ac",
            "zuz\u00fcglich 19% MWSt.": "321,10\u00a0\u20ac"
        },
        "url": "absatzplus.com//14103757"
    },
    {
        "spec": {
            "Brutto Rechnungsbetrag": "1 445,85\u00a0\u20ac",
            "Frachtkosten": "65,00\u00a0\u20ac",
            "Nettobetrag": "1 150,00\u00a0\u20ac",
            "zuz\u00fcglich 19% MWSt.": "230,85\u00a0\u20ac"
        },
        "url": "absatzplus.com//388181"
    },
    {
        "spec": {
            "Brutto Rechnungsbetrag": "9,52\u00a0\u20ac",
            "Frachtkosten": "6,50\u00a0\u20ac",
            "Nettobetrag": "1,50\u00a0\u20ac",
            "zuz\u00fcglich 19% MWSt.": "1,52\u00a0\u20ac"
        },
        "url": "absatzplus.com//9732749"
    },
    {
        "spec": {
            "Brutto Rechnungsbetrag": "8,50\u00a0\u20ac",
            "Frachtkosten": "6,50\u00a0\u20ac",
            "Nettobetrag": "0,64\u00a0\u20ac",
            "zuz\u00fcglich 19% MWSt.": "1,36\u00a0\u20ac"
        },
        "url": "absatzplus.com//15208164"
    },
    {
        "spec": {
            "Brutto Rechnungsbetrag": "10,33\u00a0\u20ac",
            "Frachtkosten": "6,50\u00a0\u20ac",
            "Nettobetrag": "2,18\u00a0\u20ac",
            "zuz\u00fcglich 19% MWSt.": "1,65\u00a0\u20ac"
        },
        "url": "absatzplus.com//4835728"
    },
    {
        "spec": {
            "Brutto Rechnungsbetrag": "29,94\u00a0\u20ac",
            "Frachtkosten": "6,50\u00a0\u20ac",
            "Nettobetrag": "18,66\u00a0\u20ac",
            "zuz\u00fcglich 19% MWSt.": "4,78\u00a0\u20ac"
        },
        "url": "absatzplus.com//3914893"
    },
    {
        "spec": {
            "Brutto Rechnungsbetrag": "19,52\u00a0\u20ac",
            "Frachtkosten": "6,50\u00a0\u20ac",
            "Nettobetrag": "9,90\u00a0\u20ac",
            "zuz\u00fcglich 19% MWSt.": "3,12\u00a0\u20ac"
        },
        "url": "absatzplus.com//12945733"
    },
    {
        "spec": {
            "Brutto Rechnungsbetrag": "32,15\u00a0\u20ac",
            "Frachtkosten": "6,50\u00a0\u20ac",
            "Nettobetrag": "20,52\u00a0\u20ac",
            "zuz\u00fcglich 19% MWSt.": "5,13\u00a0\u20ac"
        },
        "url": "absatzplus.com//4440495"
    },
    {
        "spec": {
            "Brutto Rechnungsbetrag": "8,03\u00a0\u20ac",
            "Frachtkosten": "6,50\u00a0\u20ac",
            "Nettobetrag": "0,25\u00a0\u20ac",
            "zuz\u00fcglich 19% MWSt.": "1,28\u00a0\u20ac"
        },
        "url": "absatzplus.com//4951723"
    },
    {
        "spec": {
            "Brutto Rechnungsbetrag": "14,76\u00a0\u20ac",
            "Frachtkosten": "6,50\u00a0\u20ac",
            "Nettobetrag": "5,90\u00a0\u20ac",
            "zuz\u00fcglich 19% MWSt.": "2,36\u00a0\u20ac"
        },
        "url": "absatzplus.com//8042805"
    },
    {
        "spec": {
            "Brutto Rechnungsbetrag": "9,19\u00a0\u20ac",
            "Frachtkosten": "6,50\u00a0\u20ac",
            "Nettobetrag": "1,22\u00a0\u20ac",
            "zuz\u00fcglich 19% MWSt.": "1,47\u00a0\u20ac"
        },
        "url": "absatzplus.com//3742648"
    },
    {
        "spec": {
            "Brutto Rechnungsbetrag": "10,33\u00a0\u20ac",
            "Frachtkosten": "6,50\u00a0\u20ac",
            "Nettobetrag": "2,18\u00a0\u20ac",
            "zuz\u00fcglich 19% MWSt.": "1,65\u00a0\u20ac"
        },
        "url": "absatzplus.com//13628640"
    },
    {
        "spec": {
            "Brutto Rechnungsbetrag": "12,59\u00a0\u20ac",
            "Frachtkosten": "6,50\u00a0\u20ac",
            "Nettobetrag": "4,08\u00a0\u20ac",
            "zuz\u00fcglich 19% MWSt.": "2,01\u00a0\u20ac"
        },
        "url": "absatzplus.com//977215"
    },
    {
        "spec": {
            "Brutto Rechnungsbetrag": "15,47\u00a0\u20ac",
            "Frachtkosten": "6,50\u00a0\u20ac",
            "Nettobetrag": "6,50\u00a0\u20ac",
            "zuz\u00fcglich 19% MWSt.": "2,47\u00a0\u20ac"
        },
        "url": "absatzplus.com//11053720"
    },
    {
        "spec": {
            "Brutto Rechnungsbetrag": "543,24\u00a0\u20ac",
            "Frachtkosten": "6,50\u00a0\u20ac",
            "Nettobetrag": "450,00\u00a0\u20ac",
            "zuz\u00fcglich 19% MWSt.": "86,74\u00a0\u20ac"
        },
        "url": "absatzplus.com//6235891"
    },
    {
        "spec": {
            "Brutto Rechnungsbetrag": "10,26\u00a0\u20ac",
            "Frachtkosten": "6,50\u00a0\u20ac",
            "Nettobetrag": "2,12\u00a0\u20ac",
            "zuz\u00fcglich 19% MWSt.": "1,64\u00a0\u20ac"
        },
        "url": "absatzplus.com//3778523"
    },
    {
        "spec": {
            "Brutto Rechnungsbetrag": "15,35\u00a0\u20ac",
            "Frachtkosten": "6,50\u00a0\u20ac",
            "Nettobetrag": "6,40\u00a0\u20ac",
            "zuz\u00fcglich 19% MWSt.": "2,45\u00a0\u20ac"
        },
        "url": "absatzplus.com//5900504"
    },
    {
        "spec": {
            "Brutto Rechnungsbetrag": "43,32\u00a0\u20ac",
            "Frachtkosten": "6,50\u00a0\u20ac",
            "Nettobetrag": "29,90\u00a0\u20ac",
            "zuz\u00fcglich 19% MWSt.": "6,92\u00a0\u20ac"
        },
        "url": "absatzplus.com//1500781"
    },
    {
        "spec": {
            "Brutto Rechnungsbetrag": "24,74\u00a0\u20ac",
            "Frachtkosten": "6,50\u00a0\u20ac",
            "Nettobetrag": "14,29\u00a0\u20ac",
            "zuz\u00fcglich 19% MWSt.": "3,95\u00a0\u20ac"
        },
        "url": "absatzplus.com//9460851"
    },
    {
        "spec": {
            "Brutto Rechnungsbetrag": "13,09\u00a0\u20ac",
            "Frachtkosten": "6,50\u00a0\u20ac",
            "Nettobetrag": "4,50\u00a0\u20ac",
            "zuz\u00fcglich 19% MWSt.": "2,09\u00a0\u20ac"
        },
        "url": "absatzplus.com//16652670"
    },
    {
        "spec": {
            "Brutto Rechnungsbetrag": "13,15\u00a0\u20ac",
            "Frachtkosten": "6,50\u00a0\u20ac",
            "Nettobetrag": "4,55\u00a0\u20ac",
            "zuz\u00fcglich 19% MWSt.": "2,10\u00a0\u20ac"
        },
        "url": "absatzplus.com//17142652"
    },
    {
        "spec": {
            "Brutto Rechnungsbetrag": "10,06\u00a0\u20ac",
            "Frachtkosten": "6,50\u00a0\u20ac",
            "Nettobetrag": "1,95\u00a0\u20ac",
            "zuz\u00fcglich 19% MWSt.": "1,61\u00a0\u20ac"
        },
        "url": "absatzplus.com//427230"
    },
    {
        "spec": {
            "Brutto Rechnungsbetrag": "17,14\u00a0\u20ac",
            "Frachtkosten": "6,50\u00a0\u20ac",
            "Nettobetrag": "7,90\u00a0\u20ac",
            "zuz\u00fcglich 19% MWSt.": "2,74\u00a0\u20ac"
        },
        "url": "absatzplus.com//11574849"
    },
    {
        "spec": {
            "Brutto Rechnungsbetrag": "10,69\u00a0\u20ac",
            "Frachtkosten": "6,50\u00a0\u20ac",
            "Nettobetrag": "2,48\u00a0\u20ac",
            "zuz\u00fcglich 19% MWSt.": "1,71\u00a0\u20ac"
        },
        "url": "absatzplus.com//11357054"
    },
    {
        "spec": {
            "Brutto Rechnungsbetrag": "8,23\u00a0\u20ac",
            "Frachtkosten": "6,50\u00a0\u20ac",
            "Nettobetrag": "0,42\u00a0\u20ac",
            "zuz\u00fcglich 19% MWSt.": "1,31\u00a0\u20ac"
        },
        "url": "absatzplus.com//1884188"
    },
    {
        "spec": {
            "Brutto Rechnungsbetrag": "215,99\u00a0\u20ac",
            "Frachtkosten": "6,50\u00a0\u20ac",
            "Nettobetrag": "175,00\u00a0\u20ac",
            "zuz\u00fcglich 19% MWSt.": "34,49\u00a0\u20ac"
        },
        "url": "absatzplus.com//15106261"
    },
    {
        "spec": {
            "Brutto Rechnungsbetrag": "9,50\u00a0\u20ac",
            "Frachtkosten": "6,50\u00a0\u20ac",
            "Nettobetrag": "1,48\u00a0\u20ac",
            "zuz\u00fcglich 19% MWSt.": "1,52\u00a0\u20ac"
        },
        "url": "absatzplus.com//5141172"
    },
    {
        "spec": {
            "Brutto Rechnungsbetrag": "25,81\u00a0\u20ac",
            "Frachtkosten": "6,50\u00a0\u20ac",
            "Nettobetrag": "15,19\u00a0\u20ac",
            "zuz\u00fcglich 19% MWSt.": "4,12\u00a0\u20ac"
        },
        "url": "absatzplus.com//2787031"
    },
    {
        "spec": {
            "Brutto Rechnungsbetrag": "1 050,18\u00a0\u20ac",
            "Frachtkosten": "32,50\u00a0\u20ac",
            "Nettobetrag": "850,00\u00a0\u20ac",
            "zuz\u00fcglich 19% MWSt.": "167,68\u00a0\u20ac"
        },
        "url": "absatzplus.com//6532796"
    },
    {
        "spec": {
            "Brutto Rechnungsbetrag": "8,03\u00a0\u20ac",
            "Frachtkosten": "6,50\u00a0\u20ac",
            "Nettobetrag": "0,25\u00a0\u20ac",
            "zuz\u00fcglich 19% MWSt.": "1,28\u00a0\u20ac"
        },
        "url": "absatzplus.com//16096018"
    },
    {
        "spec": {
            "Brutto Rechnungsbetrag": "7,91\u00a0\u20ac",
            "Frachtkosten": "6,50\u00a0\u20ac",
            "Nettobetrag": "0,146\u00a0\u20ac",
            "zuz\u00fcglich 19% MWSt.": "1,26\u00a0\u20ac"
        },
        "url": "absatzplus.com//3904534"
    },
    {
        "spec": {
            "Brutto Rechnungsbetrag": "10,69\u00a0\u20ac",
            "Frachtkosten": "6,50\u00a0\u20ac",
            "Nettobetrag": "2,48\u00a0\u20ac",
            "zuz\u00fcglich 19% MWSt.": "1,71\u00a0\u20ac"
        },
        "url": "absatzplus.com//4410275"
    },
    {
        "spec": {
            "Brutto Rechnungsbetrag": "29,94\u00a0\u20ac",
            "Frachtkosten": "6,50\u00a0\u20ac",
            "Nettobetrag": "18,66\u00a0\u20ac",
            "zuz\u00fcglich 19% MWSt.": "4,78\u00a0\u20ac"
        },
        "url": "absatzplus.com//2928216"
    },
    {
        "spec": {
            "Brutto Rechnungsbetrag": "9,20\u00a0\u20ac",
            "Frachtkosten": "6,50\u00a0\u20ac",
            "Nettobetrag": "1,23\u00a0\u20ac",
            "zuz\u00fcglich 19% MWSt.": "1,47\u00a0\u20ac"
        },
        "url": "absatzplus.com//2913670"
    },
    {
        "spec": {
            "Brutto Rechnungsbetrag": "32,15\u00a0\u20ac",
            "Frachtkosten": "6,50\u00a0\u20ac",
            "Nettobetrag": "20,52\u00a0\u20ac",
            "zuz\u00fcglich 19% MWSt.": "5,13\u00a0\u20ac"
        },
        "url": "absatzplus.com//7718028"
    },
    {
        "spec": {
            "Brutto Rechnungsbetrag": "32,15\u00a0\u20ac",
            "Frachtkosten": "6,50\u00a0\u20ac",
            "Nettobetrag": "20,52\u00a0\u20ac",
            "zuz\u00fcglich 19% MWSt.": "5,13\u00a0\u20ac"
        },
        "url": "absatzplus.com//14455783"
    },
    {
        "spec": {
            "Brutto Rechnungsbetrag": "13,04\u00a0\u20ac",
            "Frachtkosten": "6,50\u00a0\u20ac",
            "Nettobetrag": "4,46\u00a0\u20ac",
            "zuz\u00fcglich 19% MWSt.": "2,08\u00a0\u20ac"
        },
        "url": "absatzplus.com//3403661"
    },
    {
        "spec": {
            "Brutto Rechnungsbetrag": "13,04\u00a0\u20ac",
            "Frachtkosten": "6,50\u00a0\u20ac",
            "Nettobetrag": "4,46\u00a0\u20ac",
            "zuz\u00fcglich 19% MWSt.": "2,08\u00a0\u20ac"
        },
        "url": "absatzplus.com//12641215"
    },
    {
        "spec": {
            "Brutto Rechnungsbetrag": "16,78\u00a0\u20ac",
            "Frachtkosten": "6,50\u00a0\u20ac",
            "Nettobetrag": "7,60\u00a0\u20ac",
            "zuz\u00fcglich 19% MWSt.": "2,68\u00a0\u20ac"
        },
        "url": "absatzplus.com//11434549"
    },
    {
        "spec": {
            "Brutto Rechnungsbetrag": "13,04\u00a0\u20ac",
            "Frachtkosten": "6,50\u00a0\u20ac",
            "Nettobetrag": "4,46\u00a0\u20ac",
            "zuz\u00fcglich 19% MWSt.": "2,08\u00a0\u20ac"
        },
        "url": "absatzplus.com//6278646"
    },
    {
        "spec": {
            "Brutto Rechnungsbetrag": "311,19\u00a0\u20ac",
            "Frachtkosten": "6,50\u00a0\u20ac",
            "Nettobetrag": "255,00\u00a0\u20ac",
            "zuz\u00fcglich 19% MWSt.": "49,69\u00a0\u20ac"
        },
        "url": "absatzplus.com//10272009"
    },
    {
        "spec": {
            "Brutto Rechnungsbetrag": "29,94\u00a0\u20ac",
            "Frachtkosten": "6,50\u00a0\u20ac",
            "Nettobetrag": "18,66\u00a0\u20ac",
            "zuz\u00fcglich 19% MWSt.": "4,78\u00a0\u20ac"
        },
        "url": "absatzplus.com//3687753"
    },
    {
        "spec": {
            "Brutto Rechnungsbetrag": "13,04\u00a0\u20ac",
            "Frachtkosten": "6,50\u00a0\u20ac",
            "Nettobetrag": "4,46\u00a0\u20ac",
            "zuz\u00fcglich 19% MWSt.": "2,08\u00a0\u20ac"
        },
        "url": "absatzplus.com//5817348"
    },
    {
        "spec": {
            "Brutto Rechnungsbetrag": "1 647,56\u00a0\u20ac",
            "Frachtkosten": "84,50\u00a0\u20ac",
            "Nettobetrag": "1 300,00\u00a0\u20ac",
            "zuz\u00fcglich 19% MWSt.": "263,06\u00a0\u20ac"
        },
        "url": "absatzplus.com//1815822"
    },
    {
        "spec": {
            "Brutto Rechnungsbetrag": "25,81\u00a0\u20ac",
            "Frachtkosten": "6,50\u00a0\u20ac",
            "Nettobetrag": "15,19\u00a0\u20ac",
            "zuz\u00fcglich 19% MWSt.": "4,12\u00a0\u20ac"
        },
        "url": "absatzplus.com//8119985"
    },
    {
        "spec": {
            "Brutto Rechnungsbetrag": "15,42\u00a0\u20ac",
            "Frachtkosten": "6,50\u00a0\u20ac",
            "Nettobetrag": "6,46\u00a0\u20ac",
            "zuz\u00fcglich 19% MWSt.": "2,46\u00a0\u20ac"
        },
        "url": "absatzplus.com//6214298"
    },
    {
        "spec": {
            "Brutto Rechnungsbetrag": "1 689,80\u00a0\u20ac",
            "Frachtkosten": "100,00\u00a0\u20ac",
            "Nettobetrag": "1 320,00\u00a0\u20ac",
            "zuz\u00fcglich 19% MWSt.": "269,80\u00a0\u20ac"
        },
        "url": "absatzplus.com//7412792"
    },
    {
        "spec": {
            "Brutto Rechnungsbetrag": "29,94\u00a0\u20ac",
            "Frachtkosten": "6,50\u00a0\u20ac",
            "Nettobetrag": "18,66\u00a0\u20ac",
            "zuz\u00fcglich 19% MWSt.": "4,78\u00a0\u20ac"
        },
        "url": "absatzplus.com//8835590"
    },
    {
        "spec": {
            "Brutto Rechnungsbetrag": "19,52\u00a0\u20ac",
            "Frachtkosten": "6,50\u00a0\u20ac",
            "Nettobetrag": "9,90\u00a0\u20ac",
            "zuz\u00fcglich 19% MWSt.": "3,12\u00a0\u20ac"
        },
        "url": "absatzplus.com//15595240"
    },
    {
        "spec": {
            "Brutto Rechnungsbetrag": "10,57\u00a0\u20ac",
            "Frachtkosten": "6,50\u00a0\u20ac",
            "Nettobetrag": "2,38\u00a0\u20ac",
            "zuz\u00fcglich 19% MWSt.": "1,69\u00a0\u20ac"
        },
        "url": "absatzplus.com//2191216"
    },
    {
        "spec": {
            "Brutto Rechnungsbetrag": "10,69\u00a0\u20ac",
            "Frachtkosten": "6,50\u00a0\u20ac",
            "Nettobetrag": "2,48\u00a0\u20ac",
            "zuz\u00fcglich 19% MWSt.": "1,71\u00a0\u20ac"
        },
        "url": "absatzplus.com//17029777"
    },
    {
        "spec": {
            "Brutto Rechnungsbetrag": "10,97\u00a0\u20ac",
            "Frachtkosten": "6,50\u00a0\u20ac",
            "Nettobetrag": "2,72\u00a0\u20ac",
            "zuz\u00fcglich 19% MWSt.": "1,75\u00a0\u20ac"
        },
        "url": "absatzplus.com//4776646"
    },
    {
        "spec": {
            "Brutto Rechnungsbetrag": "29,94\u00a0\u20ac",
            "Frachtkosten": "6,50\u00a0\u20ac",
            "Nettobetrag": "18,66\u00a0\u20ac",
            "zuz\u00fcglich 19% MWSt.": "4,78\u00a0\u20ac"
        },
        "url": "absatzplus.com//9491248"
    },
    {
        "spec": {
            "Brutto Rechnungsbetrag": "16,78\u00a0\u20ac",
            "Frachtkosten": "6,50\u00a0\u20ac",
            "Nettobetrag": "7,60\u00a0\u20ac",
            "zuz\u00fcglich 19% MWSt.": "2,68\u00a0\u20ac"
        },
        "url": "absatzplus.com//16292895"
    },
    {
        "spec": {
            "Brutto Rechnungsbetrag": "12,91\u00a0\u20ac",
            "Frachtkosten": "6,50\u00a0\u20ac",
            "Nettobetrag": "4,35\u00a0\u20ac",
            "zuz\u00fcglich 19% MWSt.": "2,06\u00a0\u20ac"
        },
        "url": "absatzplus.com//8309979"
    },
    {
        "spec": {
            "Brutto Rechnungsbetrag": "15,95\u00a0\u20ac",
            "Frachtkosten": "6,50\u00a0\u20ac",
            "Nettobetrag": "6,90\u00a0\u20ac",
            "zuz\u00fcglich 19% MWSt.": "2,55\u00a0\u20ac"
        },
        "url": "absatzplus.com//3383659"
    },
    {
        "spec": {
            "Brutto Rechnungsbetrag": "8,25\u00a0\u20ac",
            "Frachtkosten": "6,50\u00a0\u20ac",
            "Nettobetrag": "0,43\u00a0\u20ac",
            "zuz\u00fcglich 19% MWSt.": "1,32\u00a0\u20ac"
        },
        "url": "absatzplus.com//5990617"
    },
    {
        "spec": {
            "Brutto Rechnungsbetrag": "656,29\u00a0\u20ac",
            "Frachtkosten": "19,50\u00a0\u20ac",
            "Nettobetrag": "532,00\u00a0\u20ac",
            "zuz\u00fcglich 19% MWSt.": "104,79\u00a0\u20ac"
        },
        "url": "absatzplus.com//13980072"
    },
    {
        "spec": {
            "Brutto Rechnungsbetrag": "10,77\u00a0\u20ac",
            "Frachtkosten": "6,50\u00a0\u20ac",
            "Nettobetrag": "2,55\u00a0\u20ac",
            "zuz\u00fcglich 19% MWSt.": "1,72\u00a0\u20ac"
        },
        "url": "absatzplus.com//6537997"
    },
    {
        "spec": {
            "Brutto Rechnungsbetrag": "8,39\u00a0\u20ac",
            "Frachtkosten": "6,50\u00a0\u20ac",
            "Nettobetrag": "0,55\u00a0\u20ac",
            "zuz\u00fcglich 19% MWSt.": "1,34\u00a0\u20ac"
        },
        "url": "absatzplus.com//16022782"
    },
    {
        "spec": {
            "Brutto Rechnungsbetrag": "10,41\u00a0\u20ac",
            "Frachtkosten": "6,50\u00a0\u20ac",
            "Nettobetrag": "2,25\u00a0\u20ac",
            "zuz\u00fcglich 19% MWSt.": "1,66\u00a0\u20ac"
        },
        "url": "absatzplus.com//5905875"
    },
    {
        "spec": {
            "Brutto Rechnungsbetrag": "8,03\u00a0\u20ac",
            "Frachtkosten": "6,50\u00a0\u20ac",
            "Nettobetrag": "0,25\u00a0\u20ac",
            "zuz\u00fcglich 19% MWSt.": "1,28\u00a0\u20ac"
        },
        "url": "absatzplus.com//10671674"
    },
    {
        "spec": {
            "Brutto Rechnungsbetrag": "18,09\u00a0\u20ac",
            "Frachtkosten": "6,50\u00a0\u20ac",
            "Nettobetrag": "8,70\u00a0\u20ac",
            "zuz\u00fcglich 19% MWSt.": "2,89\u00a0\u20ac"
        },
        "url": "absatzplus.com//15219757"
    },
    {
        "spec": {
            "Brutto Rechnungsbetrag": "29,99\u00a0\u20ac",
            "Frachtkosten": "6,50\u00a0\u20ac",
            "Nettobetrag": "18,70\u00a0\u20ac",
            "zuz\u00fcglich 19% MWSt.": "4,79\u00a0\u20ac"
        },
        "url": "absatzplus.com//17355901"
    },
    {
        "spec": {
            "Brutto Rechnungsbetrag": "32,64\u00a0\u20ac",
            "Frachtkosten": "6,50\u00a0\u20ac",
            "Nettobetrag": "20,93\u00a0\u20ac",
            "zuz\u00fcglich 19% MWSt.": "5,21\u00a0\u20ac"
        },
        "url": "absatzplus.com//7193256"
    },
    {
        "spec": {
            "Brutto Rechnungsbetrag": "10,77\u00a0\u20ac",
            "Frachtkosten": "6,50\u00a0\u20ac",
            "Nettobetrag": "2,55\u00a0\u20ac",
            "zuz\u00fcglich 19% MWSt.": "1,72\u00a0\u20ac"
        },
        "url": "absatzplus.com//9388052"
    },
    {
        "spec": {
            "Brutto Rechnungsbetrag": "8,03\u00a0\u20ac",
            "Frachtkosten": "6,50\u00a0\u20ac",
            "Nettobetrag": "0,25\u00a0\u20ac",
            "zuz\u00fcglich 19% MWSt.": "1,28\u00a0\u20ac"
        },
        "url": "absatzplus.com//9898745"
    },
    {
        "spec": {
            "Brutto Rechnungsbetrag": "639,63\u00a0\u20ac",
            "Frachtkosten": "19,50\u00a0\u20ac",
            "Nettobetrag": "518,00\u00a0\u20ac",
            "zuz\u00fcglich 19% MWSt.": "102,13\u00a0\u20ac"
        },
        "url": "absatzplus.com//575318"
    },
    {
        "spec": {
            "Brutto Rechnungsbetrag": "24,74\u00a0\u20ac",
            "Frachtkosten": "6,50\u00a0\u20ac",
            "Nettobetrag": "14,29\u00a0\u20ac",
            "zuz\u00fcglich 19% MWSt.": "3,95\u00a0\u20ac"
        },
        "url": "absatzplus.com//7441957"
    },
    {
        "spec": {
            "Brutto Rechnungsbetrag": "8,75\u00a0\u20ac",
            "Frachtkosten": "6,50\u00a0\u20ac",
            "Nettobetrag": "0,85\u00a0\u20ac",
            "zuz\u00fcglich 19% MWSt.": "1,40\u00a0\u20ac"
        },
        "url": "absatzplus.com//5975763"
    },
    {
        "spec": {
            "Brutto Rechnungsbetrag": "10,77\u00a0\u20ac",
            "Frachtkosten": "6,50\u00a0\u20ac",
            "Nettobetrag": "2,55\u00a0\u20ac",
            "zuz\u00fcglich 19% MWSt.": "1,72\u00a0\u20ac"
        },
        "url": "absatzplus.com//8388162"
    },
    {
        "spec": {
            "Brutto Rechnungsbetrag": "2 689,40\u00a0\u20ac",
            "Frachtkosten": "100,00\u00a0\u20ac",
            "Nettobetrag": "2 160,00\u00a0\u20ac",
            "zuz\u00fcglich 19% MWSt.": "429,40\u00a0\u20ac"
        },
        "url": "absatzplus.com//13084431"
    },
    {
        "spec": {
            "Brutto Rechnungsbetrag": "8,57\u00a0\u20ac",
            "Frachtkosten": "6,50\u00a0\u20ac",
            "Nettobetrag": "0,70\u00a0\u20ac",
            "zuz\u00fcglich 19% MWSt.": "1,37\u00a0\u20ac"
        },
        "url": "absatzplus.com//5150657"
    },
    {
        "spec": {
            "Brutto Rechnungsbetrag": "8,41\u00a0\u20ac",
            "Frachtkosten": "6,50\u00a0\u20ac",
            "Nettobetrag": "0,57\u00a0\u20ac",
            "zuz\u00fcglich 19% MWSt.": "1,34\u00a0\u20ac"
        },
        "url": "absatzplus.com//3018640"
    },
    {
        "spec": {
            "Brutto Rechnungsbetrag": "14,28\u00a0\u20ac",
            "Frachtkosten": "6,50\u00a0\u20ac",
            "Nettobetrag": "5,50\u00a0\u20ac",
            "zuz\u00fcglich 19% MWSt.": "2,28\u00a0\u20ac"
        },
        "url": "absatzplus.com//13882497"
    },
    {
        "spec": {
            "Brutto Rechnungsbetrag": "8,03\u00a0\u20ac",
            "Frachtkosten": "6,50\u00a0\u20ac",
            "Nettobetrag": "0,25\u00a0\u20ac",
            "zuz\u00fcglich 19% MWSt.": "1,28\u00a0\u20ac"
        },
        "url": "absatzplus.com//7711422"
    },
    {
        "spec": {
            "Brutto Rechnungsbetrag": "9,84\u00a0\u20ac",
            "Frachtkosten": "6,50\u00a0\u20ac",
            "Nettobetrag": "1,77\u00a0\u20ac",
            "zuz\u00fcglich 19% MWSt.": "1,57\u00a0\u20ac"
        },
        "url": "absatzplus.com//6932169"
    },
    {
        "spec": {
            "Brutto Rechnungsbetrag": "45,72\u00a0\u20ac",
            "Frachtkosten": "6,50\u00a0\u20ac",
            "Nettobetrag": "31,92\u00a0\u20ac",
            "zuz\u00fcglich 19% MWSt.": "7,30\u00a0\u20ac"
        },
        "url": "absatzplus.com//9412278"
    },
    {
        "spec": {
            "Brutto Rechnungsbetrag": "12,38\u00a0\u20ac",
            "Frachtkosten": "6,50\u00a0\u20ac",
            "Nettobetrag": "3,90\u00a0\u20ac",
            "zuz\u00fcglich 19% MWSt.": "1,98\u00a0\u20ac"
        },
        "url": "absatzplus.com//3390862"
    },
    {
        "spec": {
            "Brutto Rechnungsbetrag": "10,33\u00a0\u20ac",
            "Frachtkosten": "6,50\u00a0\u20ac",
            "Nettobetrag": "2,18\u00a0\u20ac",
            "zuz\u00fcglich 19% MWSt.": "1,65\u00a0\u20ac"
        },
        "url": "absatzplus.com//5863944"
    },
    {
        "spec": {
            "Brutto Rechnungsbetrag": "8,27\u00a0\u20ac",
            "Frachtkosten": "6,50\u00a0\u20ac",
            "Nettobetrag": "0,45\u00a0\u20ac",
            "zuz\u00fcglich 19% MWSt.": "1,32\u00a0\u20ac"
        },
        "url": "absatzplus.com//878171"
    },
    {
        "spec": {
            "Brutto Rechnungsbetrag": "14,76\u00a0\u20ac",
            "Frachtkosten": "6,50\u00a0\u20ac",
            "Nettobetrag": "5,90\u00a0\u20ac",
            "zuz\u00fcglich 19% MWSt.": "2,36\u00a0\u20ac"
        },
        "url": "absatzplus.com//4670845"
    },
    {
        "spec": {
            "Brutto Rechnungsbetrag": "18,68\u00a0\u20ac",
            "Frachtkosten": "6,50\u00a0\u20ac",
            "Nettobetrag": "9,20\u00a0\u20ac",
            "zuz\u00fcglich 19% MWSt.": "2,98\u00a0\u20ac"
        },
        "url": "absatzplus.com//11432735"
    },
    {
        "spec": {
            "Brutto Rechnungsbetrag": "1 029,35\u00a0\u20ac",
            "Frachtkosten": "65,00\u00a0\u20ac",
            "Nettobetrag": "800,00\u00a0\u20ac",
            "zuz\u00fcglich 19% MWSt.": "164,35\u00a0\u20ac"
        },
        "url": "absatzplus.com//8648715"
    }
]