{
    "10026462": [
        "absatzplus.com//11475159"
    ],
    "10056647": [
        "absatzplus.com//2472286"
    ],
    "10078075": [
        "absatzplus.com//16068746"
    ],
    "10098738": [
        "absatzplus.com//47918"
    ],
    "10100030": [
        "absatzplus.com//11627440"
    ],
    "10148079": [
        "absatzplus.com//1162904"
    ],
    "10176924": [
        "absatzplus.com//2020481"
    ],
    "10286972": [
        "absatzplus.com//11317691"
    ],
    "10353299": [
        "absatzplus.com//10557112"
    ],
    "10370349": [
        "absatzplus.com//13124646"
    ],
    "10420536": [
        "absatzplus.com//15159750"
    ],
    "10460017": [
        "absatzplus.com//5080831"
    ],
    "10464336": [
        "absatzplus.com//3018784"
    ],
    "10479577": [
        "absatzplus.com//5275097"
    ],
    "10479578": [
        "absatzplus.com//7794277"
    ],
    "10479597": [
        "absatzplus.com//2918980"
    ],
    "10506996": [
        "absatzplus.com//3752700"
    ],
    "10593477": [
        "absatzplus.com//8731860"
    ],
    "10594885": [
        "absatzplus.com//7690135"
    ],
    "10594943": [
        "absatzplus.com//10559822"
    ],
    "10594944": [
        "absatzplus.com//7476008"
    ],
    "10594946": [
        "absatzplus.com//2687448"
    ],
    "10625183": [
        "absatzplus.com//10749590"
    ],
    "10718446": [
        "absatzplus.com//17544239"
    ],
    "10718859": [
        "absatzplus.com//376955"
    ],
    "10919041": [
        "absatzplus.com//5005678"
    ],
    "10919169": [
        "absatzplus.com//4844791"
    ],
    "10919170": [
        "absatzplus.com//11515249"
    ],
    "10923527": [
        "absatzplus.com//4128253"
    ],
    "10924036": [
        "absatzplus.com//6436472"
    ],
    "10924578": [
        "absatzplus.com//3125043"
    ],
    "10924579": [
        "absatzplus.com//2192144"
    ],
    "10924580": [
        "absatzplus.com//11541999"
    ],
    "1099223": [
        "absatzplus.com//3134335"
    ],
    "11073628": [
        "absatzplus.com//894553"
    ],
    "11265760": [
        "absatzplus.com//1997397"
    ],
    "11317103": [
        "absatzplus.com//11193055"
    ],
    "11322887": [
        "absatzplus.com//13306579"
    ],
    "11322889": [
        "absatzplus.com//11029069"
    ],
    "11322890": [
        "absatzplus.com//7991746"
    ],
    "11322892": [
        "absatzplus.com//2598058"
    ],
    "11322894": [
        "absatzplus.com//5509133"
    ],
    "11322939": [
        "absatzplus.com//14028917"
    ],
    "11410647": [
        "absatzplus.com//2254020"
    ],
    "11410702": [
        "absatzplus.com//14338185"
    ],
    "11410844": [
        "absatzplus.com//9377354"
    ],
    "11410847": [
        "absatzplus.com//2068329"
    ],
    "11511895": [
        "absatzplus.com//12882593"
    ],
    "11520392": [
        "absatzplus.com//1734726"
    ],
    "11577769": [
        "absatzplus.com//14218153"
    ],
    "11665804": [
        "absatzplus.com//16818381"
    ],
    "11670386": [
        "absatzplus.com//14133883"
    ],
    "11670387": [
        "absatzplus.com//9174305"
    ],
    "11670935": [
        "absatzplus.com//5468351"
    ],
    "11710261": [
        "absatzplus.com//12736629"
    ],
    "11804705": [
        "absatzplus.com//9250913"
    ],
    "11816271": [
        "absatzplus.com//13661959"
    ],
    "11816272": [
        "absatzplus.com//7676147"
    ],
    "11870956": [
        "absatzplus.com//17138886"
    ],
    "11902651": [
        "absatzplus.com//9085086"
    ],
    "11904062": [
        "absatzplus.com//2650967"
    ],
    "11982232": [
        "absatzplus.com//9141310"
    ],
    "11982677": [
        "absatzplus.com//14533019"
    ],
    "12108180": [
        "absatzplus.com//4079103"
    ],
    "12170501": [
        "absatzplus.com//2992045"
    ],
    "12172220": [
        "absatzplus.com//10727201"
    ],
    "12186437": [
        "absatzplus.com//4694901"
    ],
    "12246893": [
        "absatzplus.com//14764477"
    ],
    "12246895": [
        "absatzplus.com//12653510"
    ],
    "12246896": [
        "absatzplus.com//10632676"
    ],
    "12254638": [
        "absatzplus.com//16602691"
    ],
    "12438866": [
        "absatzplus.com//8484696"
    ],
    "12561383": [
        "absatzplus.com//13442455"
    ],
    "12611362": [
        "absatzplus.com//13466604"
    ],
    "12612927": [
        "absatzplus.com//9802188"
    ],
    "12614122": [
        "absatzplus.com//1091939"
    ],
    "12614123": [
        "absatzplus.com//14094452"
    ],
    "12614129": [
        "absatzplus.com//12714483"
    ],
    "12614133": [
        "absatzplus.com//6874840"
    ],
    "12614138": [
        "absatzplus.com//9497873"
    ],
    "12614139": [
        "absatzplus.com//11623707"
    ],
    "12614140": [
        "absatzplus.com//864507"
    ],
    "12615063": [
        "absatzplus.com//14753574"
    ],
    "12699483": [
        "absatzplus.com//12970863"
    ],
    "12802772": [
        "absatzplus.com//3190744"
    ],
    "12819321": [
        "absatzplus.com//448161"
    ],
    "12840414": [
        "absatzplus.com//13045660"
    ],
    "12893197": [
        "absatzplus.com//3320481"
    ],
    "13349154": [
        "absatzplus.com//13066328"
    ],
    "13465385": [
        "absatzplus.com//13045857"
    ],
    "13497500": [
        "absatzplus.com//3963755"
    ],
    "13505689": [
        "absatzplus.com//16005406"
    ],
    "13538927": [
        "absatzplus.com//13889167"
    ],
    "13542163": [
        "absatzplus.com//16466291"
    ],
    "13542596": [
        "absatzplus.com//13499170"
    ],
    "13543351": [
        "absatzplus.com//9896398"
    ],
    "13543390": [
        "absatzplus.com//10129782"
    ],
    "13558346": [
        "absatzplus.com//3388654"
    ],
    "13588780": [
        "absatzplus.com//12249644"
    ],
    "13592386": [
        "absatzplus.com//11101993"
    ],
    "13646547": [
        "absatzplus.com//16532799"
    ],
    "13717592": [
        "absatzplus.com//12544436"
    ],
    "13749463": [
        "absatzplus.com//9776566"
    ],
    "13892186": [
        "absatzplus.com//723208"
    ],
    "13897672": [
        "absatzplus.com//16375105"
    ],
    "13911495": [
        "absatzplus.com//13124411"
    ],
    "13937337": [
        "absatzplus.com//307464"
    ],
    "13955319": [
        "absatzplus.com//2035192"
    ],
    "13960019": [
        "absatzplus.com//961475"
    ],
    "1404096": [
        "absatzplus.com//16773204"
    ],
    "14109103": [
        "absatzplus.com//3595968"
    ],
    "14155297": [
        "absatzplus.com//13964412"
    ],
    "14224823": [
        "absatzplus.com//15904888"
    ],
    "14224827": [
        "absatzplus.com//16611483"
    ],
    "14224828": [
        "absatzplus.com//5791082"
    ],
    "14239075": [
        "absatzplus.com//2360698"
    ],
    "14308637": [
        "absatzplus.com//3122187"
    ],
    "14360156": [
        "absatzplus.com//10345979"
    ],
    "14397440": [
        "absatzplus.com//15846876"
    ],
    "14397454": [
        "absatzplus.com//15575016"
    ],
    "14397540": [
        "absatzplus.com//4188543"
    ],
    "14397549": [
        "absatzplus.com//10157167"
    ],
    "14397551": [
        "absatzplus.com//15249496"
    ],
    "14416066": [
        "absatzplus.com//13711750"
    ],
    "14448894": [
        "absatzplus.com//11755536"
    ],
    "14463949": [
        "absatzplus.com//731461"
    ],
    "14490909": [
        "absatzplus.com//12689085"
    ],
    "14492457": [
        "absatzplus.com//15002718"
    ],
    "14512567": [
        "absatzplus.com//7034883"
    ],
    "14516791": [
        "absatzplus.com//12461332"
    ],
    "14535657": [
        "absatzplus.com//16104665"
    ],
    "14540414": [
        "absatzplus.com//9971382"
    ],
    "14540424": [
        "absatzplus.com//5373280"
    ],
    "14541850": [
        "absatzplus.com//1137942"
    ],
    "14549974": [
        "absatzplus.com//13373427"
    ],
    "14572284": [
        "absatzplus.com//10195006"
    ],
    "14623929": [
        "absatzplus.com//14935558"
    ],
    "14644385": [
        "absatzplus.com//2369690"
    ],
    "14645907": [
        "absatzplus.com//13137856"
    ],
    "14658572": [
        "absatzplus.com//11678138"
    ],
    "14684229": [
        "absatzplus.com//6107690"
    ],
    "14689557": [
        "absatzplus.com//14332011"
    ],
    "14699083": [
        "absatzplus.com//10110397"
    ],
    "14719978": [
        "absatzplus.com//3597813"
    ],
    "14731657": [
        "absatzplus.com//14922157"
    ],
    "14733506": [
        "absatzplus.com//6055336"
    ],
    "14844476": [
        "absatzplus.com//530859"
    ],
    "14872016": [
        "absatzplus.com//6137982"
    ],
    "14887488": [
        "absatzplus.com//12076478"
    ],
    "14933857": [
        "absatzplus.com//4473562"
    ],
    "14942373": [
        "absatzplus.com//15534960"
    ],
    "14949567": [
        "absatzplus.com//1460752"
    ],
    "14949571": [
        "absatzplus.com//11162330"
    ],
    "14949575": [
        "absatzplus.com//5597387"
    ],
    "14949597": [
        "absatzplus.com//13452794"
    ],
    "14949599": [
        "absatzplus.com//7135789"
    ],
    "14954453": [
        "absatzplus.com//6971663"
    ],
    "14963482": [
        "absatzplus.com//3313534"
    ],
    "14963874": [
        "absatzplus.com//16768211"
    ],
    "14969392": [
        "absatzplus.com//6723942"
    ],
    "14969393": [
        "absatzplus.com//3326581"
    ],
    "14969394": [
        "absatzplus.com//2842621"
    ],
    "14969395": [
        "absatzplus.com//10779901"
    ],
    "14969844": [
        "absatzplus.com//5707093"
    ],
    "14969845": [
        "absatzplus.com//5628128"
    ],
    "14969849": [
        "absatzplus.com//14315236"
    ],
    "14969851": [
        "absatzplus.com//10377097"
    ],
    "14969853": [
        "absatzplus.com//15753288"
    ],
    "14981148": [
        "absatzplus.com//14054930"
    ],
    "15014956": [
        "absatzplus.com//2700792"
    ],
    "15018702": [
        "absatzplus.com//563159"
    ],
    "15057154": [
        "absatzplus.com//167287"
    ],
    "15057158": [
        "absatzplus.com//16954155"
    ],
    "15057159": [
        "absatzplus.com//6873410"
    ],
    "15057162": [
        "absatzplus.com//13916190"
    ],
    "15060276": [
        "absatzplus.com//13613833"
    ],
    "15061908": [
        "absatzplus.com//1570776"
    ],
    "15078942": [
        "absatzplus.com//15380460"
    ],
    "15078943": [
        "absatzplus.com//13631240"
    ],
    "15079013": [
        "absatzplus.com//15028732"
    ],
    "15079015": [
        "absatzplus.com//13694627"
    ],
    "15091754": [
        "absatzplus.com//12557025"
    ],
    "15114233": [
        "absatzplus.com//12800981"
    ],
    "15196121": [
        "absatzplus.com//283291"
    ],
    "15204896": [
        "absatzplus.com//17275377"
    ],
    "15240395": [
        "absatzplus.com//4834194"
    ],
    "15245779": [
        "absatzplus.com//16947703"
    ],
    "15266170": [
        "absatzplus.com//238913"
    ],
    "15270656": [
        "absatzplus.com//5908389"
    ],
    "15312974": [
        "absatzplus.com//13757218"
    ],
    "15362037": [
        "absatzplus.com//1782044"
    ],
    "15362086": [
        "absatzplus.com//13779215"
    ],
    "15362613": [
        "absatzplus.com//16011129"
    ],
    "15362985": [
        "absatzplus.com//4782254"
    ],
    "15363082": [
        "absatzplus.com//5087180"
    ],
    "15371523": [
        "absatzplus.com//5400228"
    ],
    "15421153": [
        "absatzplus.com//9541165"
    ],
    "15428802": [
        "absatzplus.com//14676962"
    ],
    "15432539": [
        "absatzplus.com//10750747"
    ],
    "15436966": [
        "absatzplus.com//13013730"
    ],
    "15455384": [
        "absatzplus.com//15489585"
    ],
    "15460948": [
        "absatzplus.com//7580102"
    ],
    "15583159": [
        "absatzplus.com//2193898"
    ],
    "15613399": [
        "absatzplus.com//10781671"
    ],
    "15613400": [
        "absatzplus.com//6015684"
    ],
    "15613406": [
        "absatzplus.com//8947401"
    ],
    "15707923": [
        "absatzplus.com//15486958"
    ],
    "15721091": [
        "absatzplus.com//5413787"
    ],
    "15736140": [
        "absatzplus.com//7580483"
    ],
    "15739879": [
        "absatzplus.com//11932319"
    ],
    "15740305": [
        "absatzplus.com//11513250"
    ],
    "15740342": [
        "absatzplus.com//8878923"
    ],
    "15757860": [
        "absatzplus.com//6227135"
    ],
    "15766861": [
        "absatzplus.com//5421863"
    ],
    "15767951": [
        "absatzplus.com//11221075"
    ],
    "15768331": [
        "absatzplus.com//6673980"
    ],
    "15768335": [
        "absatzplus.com//15618218"
    ],
    "15768337": [
        "absatzplus.com//3175665"
    ],
    "15768340": [
        "absatzplus.com//17126508"
    ],
    "15768342": [
        "absatzplus.com//6447245"
    ],
    "15768415": [
        "absatzplus.com//1769356"
    ],
    "15773102": [
        "absatzplus.com//2371034"
    ],
    "15776015": [
        "absatzplus.com//922633"
    ],
    "15776096": [
        "absatzplus.com//5205963"
    ],
    "15777003": [
        "absatzplus.com//9010784"
    ],
    "15777061": [
        "absatzplus.com//259563"
    ],
    "15785751": [
        "absatzplus.com//6337944"
    ],
    "15786376": [
        "absatzplus.com//1341230"
    ],
    "15796275": [
        "absatzplus.com//4840335"
    ],
    "15841553": [
        "absatzplus.com//10944687"
    ],
    "15866419": [
        "absatzplus.com//1115585"
    ],
    "15866433": [
        "absatzplus.com//956697"
    ],
    "15924058": [
        "absatzplus.com//13689138"
    ],
    "16029329": [
        "absatzplus.com//7565953"
    ],
    "16127488": [
        "absatzplus.com//13274089"
    ],
    "16136072": [
        "absatzplus.com//8000033"
    ],
    "16136254": [
        "absatzplus.com//3837092"
    ],
    "16173047": [
        "absatzplus.com//6050028"
    ],
    "16173123": [
        "absatzplus.com//13473126"
    ],
    "16217986": [
        "absatzplus.com//3097466"
    ],
    "16219231": [
        "absatzplus.com//9769707"
    ],
    "16219324": [
        "absatzplus.com//11722758"
    ],
    "16227728": [
        "absatzplus.com//2689999"
    ],
    "16252804": [
        "absatzplus.com//12446671"
    ],
    "16261063": [
        "absatzplus.com//5798859"
    ],
    "16262967": [
        "absatzplus.com//10508101"
    ],
    "16297562": [
        "absatzplus.com//4231334"
    ],
    "16367719": [
        "absatzplus.com//11749011"
    ],
    "16378641": [
        "absatzplus.com//17135111"
    ],
    "1831314": [
        "absatzplus.com//11034708"
    ],
    "1856325": [
        "absatzplus.com//3620547"
    ],
    "1876383": [
        "absatzplus.com//3225900"
    ],
    "1885374": [
        "absatzplus.com//16848044"
    ],
    "1885399": [
        "absatzplus.com//6849489"
    ],
    "1885444": [
        "absatzplus.com//3460478"
    ],
    "1885762": [
        "absatzplus.com//10937976"
    ],
    "1885837": [
        "absatzplus.com//1703853"
    ],
    "1885858": [
        "absatzplus.com//4908635"
    ],
    "1885881": [
        "absatzplus.com//15622197"
    ],
    "1886888": [
        "absatzplus.com//6556423"
    ],
    "1886927": [
        "absatzplus.com//6390678"
    ],
    "1886957": [
        "absatzplus.com//14323646"
    ],
    "1899521": [
        "absatzplus.com//16065512"
    ],
    "1944079": [
        "absatzplus.com//5393920"
    ],
    "1965321": [
        "absatzplus.com//1455197"
    ],
    "1971618": [
        "absatzplus.com//10690066"
    ],
    "2006508": [
        "absatzplus.com//13451453"
    ],
    "2007266": [
        "absatzplus.com//6169933"
    ],
    "2016155": [
        "absatzplus.com//4499704"
    ],
    "2027468": [
        "absatzplus.com//14808660"
    ],
    "2037619": [
        "absatzplus.com//986660"
    ],
    "2058339": [
        "absatzplus.com//4870900"
    ],
    "2061605": [
        "absatzplus.com//14685257"
    ],
    "2092366": [
        "absatzplus.com//9788519"
    ],
    "2096403": [
        "absatzplus.com//5501568"
    ],
    "2096406": [
        "absatzplus.com//6352548"
    ],
    "2096408": [
        "absatzplus.com//2749104"
    ],
    "2097300": [
        "absatzplus.com//15834801"
    ],
    "2097312": [
        "absatzplus.com//1263262"
    ],
    "2097313": [
        "absatzplus.com//11897014"
    ],
    "2097316": [
        "absatzplus.com//5503802"
    ],
    "2097323": [
        "absatzplus.com//10141304"
    ],
    "2097324": [
        "absatzplus.com//12354565"
    ],
    "2097325": [
        "absatzplus.com//1524726"
    ],
    "2097326": [
        "absatzplus.com//3007019"
    ],
    "2097327": [
        "absatzplus.com//4663679"
    ],
    "2097328": [
        "absatzplus.com//7261007"
    ],
    "2097332": [
        "absatzplus.com//1205673"
    ],
    "2097333": [
        "absatzplus.com//14392545"
    ],
    "2097338": [
        "absatzplus.com//11930352"
    ],
    "2097339": [
        "absatzplus.com//1635628"
    ],
    "2097340": [
        "absatzplus.com//11719215"
    ],
    "2097341": [
        "absatzplus.com//10754505"
    ],
    "2168779": [
        "absatzplus.com//13506529"
    ],
    "2231352": [
        "absatzplus.com//2958553"
    ],
    "2293624": [
        "absatzplus.com//17112137"
    ],
    "2293625": [
        "absatzplus.com//13355352"
    ],
    "2293626": [
        "absatzplus.com//17470960"
    ],
    "2293657": [
        "absatzplus.com//669311"
    ],
    "2293943": [
        "absatzplus.com//10054459"
    ],
    "2293972": [
        "absatzplus.com//1158212"
    ],
    "2293973": [
        "absatzplus.com//8046230"
    ],
    "2293974": [
        "absatzplus.com//9719415"
    ],
    "2293975": [
        "absatzplus.com//5465701"
    ],
    "2293989": [
        "absatzplus.com//4551828"
    ],
    "2293990": [
        "absatzplus.com//789932"
    ],
    "2293995": [
        "absatzplus.com//384555"
    ],
    "2294009": [
        "absatzplus.com//2795132"
    ],
    "2294859": [
        "absatzplus.com//5640807"
    ],
    "2294861": [
        "absatzplus.com//6933312"
    ],
    "2294862": [
        "absatzplus.com//3274715"
    ],
    "2294871": [
        "absatzplus.com//16300001"
    ],
    "2294872": [
        "absatzplus.com//6522522"
    ],
    "2294874": [
        "absatzplus.com//8166269"
    ],
    "2294876": [
        "absatzplus.com//11047510"
    ],
    "2294877": [
        "absatzplus.com//11014611"
    ],
    "2294880": [
        "absatzplus.com//15055497"
    ],
    "2294881": [
        "absatzplus.com//13967353"
    ],
    "2294891": [
        "absatzplus.com//10925393"
    ],
    "2294892": [
        "absatzplus.com//16534119"
    ],
    "2294893": [
        "absatzplus.com//14157473"
    ],
    "2294894": [
        "absatzplus.com//10273249"
    ],
    "2294896": [
        "absatzplus.com//6070400"
    ],
    "2294899": [
        "absatzplus.com//5531302"
    ],
    "2294901": [
        "absatzplus.com//16905942"
    ],
    "2294950": [
        "absatzplus.com//4982795"
    ],
    "2294951": [
        "absatzplus.com//4437751"
    ],
    "2294952": [
        "absatzplus.com//9532116"
    ],
    "2294955": [
        "absatzplus.com//12976416"
    ],
    "2294962": [
        "absatzplus.com//11327030"
    ],
    "2294965": [
        "absatzplus.com//3400964"
    ],
    "2294967": [
        "absatzplus.com//2053336"
    ],
    "2294969": [
        "absatzplus.com//1988442"
    ],
    "2294970": [
        "absatzplus.com//12947699"
    ],
    "2294971": [
        "absatzplus.com//10017455"
    ],
    "2294985": [
        "absatzplus.com//9409993"
    ],
    "2294986": [
        "absatzplus.com//15629116"
    ],
    "2294988": [
        "absatzplus.com//9814030"
    ],
    "2295002": [
        "absatzplus.com//7690443"
    ],
    "2359419": [
        "absatzplus.com//4642096"
    ],
    "2372499": [
        "absatzplus.com//12670039"
    ],
    "2381667": [
        "absatzplus.com//2197717"
    ],
    "2382750": [
        "absatzplus.com//15404608"
    ],
    "2382870": [
        "absatzplus.com//10763287"
    ],
    "2382940": [
        "absatzplus.com//6058018"
    ],
    "2383412": [
        "absatzplus.com//1922270"
    ],
    "2388137": [
        "absatzplus.com//13471491"
    ],
    "2465020": [
        "absatzplus.com//9879703"
    ],
    "2465501": [
        "absatzplus.com//8508755"
    ],
    "2483253": [
        "absatzplus.com//1212842"
    ],
    "2496328": [
        "absatzplus.com//9557214"
    ],
    "2518373": [
        "absatzplus.com//9815913"
    ],
    "2518599": [
        "absatzplus.com//2702112"
    ],
    "2547835": [
        "absatzplus.com//5958788"
    ],
    "2693262": [
        "absatzplus.com//12497258"
    ],
    "2733372": [
        "absatzplus.com//12866877"
    ],
    "2787604": [
        "absatzplus.com//11765531"
    ],
    "2795828": [
        "absatzplus.com//4458033"
    ],
    "2820713": [
        "absatzplus.com//7825513"
    ],
    "2831366": [
        "absatzplus.com//6040201"
    ],
    "2840989": [
        "absatzplus.com//13928090"
    ],
    "2895397": [
        "absatzplus.com//12199166"
    ],
    "29836": [
        "absatzplus.com//12047933"
    ],
    "3201882": [
        "absatzplus.com//16602523"
    ],
    "3217590": [
        "absatzplus.com//6529834"
    ],
    "3237322": [
        "absatzplus.com//3261043"
    ],
    "3237326": [
        "absatzplus.com//15980313"
    ],
    "3277651": [
        "absatzplus.com//16497027"
    ],
    "3283257": [
        "absatzplus.com//13241947"
    ],
    "3331387": [
        "absatzplus.com//5715166"
    ],
    "3446349": [
        "absatzplus.com//12645708"
    ],
    "3453541": [
        "absatzplus.com//16209436"
    ],
    "3505952": [
        "absatzplus.com//11732642"
    ],
    "3664795": [
        "absatzplus.com//15634363"
    ],
    "3699648": [
        "absatzplus.com//17086678"
    ],
    "3787307": [
        "absatzplus.com//14807258"
    ],
    "3920420": [
        "absatzplus.com//14452933"
    ],
    "3938258": [
        "absatzplus.com//9124987"
    ],
    "398498": [
        "absatzplus.com//14265259"
    ],
    "3995513": [
        "absatzplus.com//5015312"
    ],
    "4134444": [
        "absatzplus.com//7613748"
    ],
    "4191951": [
        "absatzplus.com//10561453"
    ],
    "4196974": [
        "absatzplus.com//8539860"
    ],
    "4239780": [
        "absatzplus.com//5643688"
    ],
    "4440120": [
        "absatzplus.com//13587538"
    ],
    "458890": [
        "absatzplus.com//5551045"
    ],
    "4662997": [
        "absatzplus.com//5153855"
    ],
    "4843033": [
        "absatzplus.com//15156928"
    ],
    "4885051": [
        "absatzplus.com//4507255"
    ],
    "4894544": [
        "absatzplus.com//11568948"
    ],
    "4929640": [
        "absatzplus.com//3131296"
    ],
    "4929989": [
        "absatzplus.com//12859740"
    ],
    "5003313": [
        "absatzplus.com//6521786"
    ],
    "5162400": [
        "absatzplus.com//6281022"
    ],
    "5223980": [
        "absatzplus.com//2101430"
    ],
    "5229784": [
        "absatzplus.com//15092296"
    ],
    "5323858": [
        "absatzplus.com//9417665"
    ],
    "5328546": [
        "absatzplus.com//2753936"
    ],
    "5352708": [
        "absatzplus.com//2661770"
    ],
    "5399710": [
        "absatzplus.com//13807843"
    ],
    "5452499": [
        "absatzplus.com//14546829"
    ],
    "5452500": [
        "absatzplus.com//17287627"
    ],
    "5452501": [
        "absatzplus.com//10601933"
    ],
    "5486638": [
        "absatzplus.com//8958915"
    ],
    "5507267": [
        "absatzplus.com//10979893"
    ],
    "5515016": [
        "absatzplus.com//2801414"
    ],
    "5515342": [
        "absatzplus.com//4758249"
    ],
    "5522533": [
        "absatzplus.com//6448953"
    ],
    "5526787": [
        "absatzplus.com//11810245"
    ],
    "5526928": [
        "absatzplus.com//2110966"
    ],
    "5539750": [
        "absatzplus.com//5656859"
    ],
    "5556777": [
        "absatzplus.com//5941152"
    ],
    "5627236": [
        "absatzplus.com//12540798"
    ],
    "5656216": [
        "absatzplus.com//13466664"
    ],
    "5706315": [
        "absatzplus.com//15700124"
    ],
    "5715710": [
        "absatzplus.com//7101741"
    ],
    "5735859": [
        "absatzplus.com//16776005"
    ],
    "5735860": [
        "absatzplus.com//5640184"
    ],
    "5764169": [
        "absatzplus.com//918932"
    ],
    "5765146": [
        "absatzplus.com//12474601"
    ],
    "5765151": [
        "absatzplus.com//4882897"
    ],
    "5765153": [
        "absatzplus.com//3960611"
    ],
    "5765158": [
        "absatzplus.com//8494125"
    ],
    "5866604": [
        "absatzplus.com//15586341"
    ],
    "5866608": [
        "absatzplus.com//13924806"
    ],
    "5866611": [
        "absatzplus.com//11442589"
    ],
    "5867784": [
        "absatzplus.com//11181509"
    ],
    "6011068": [
        "absatzplus.com//15037857"
    ],
    "6029056": [
        "absatzplus.com//952108"
    ],
    "6062891": [
        "absatzplus.com//6590361"
    ],
    "6062895": [
        "absatzplus.com//10777625"
    ],
    "6062896": [
        "absatzplus.com//13230006"
    ],
    "6062961": [
        "absatzplus.com//3516699"
    ],
    "6062963": [
        "absatzplus.com//8245546"
    ],
    "6122502": [
        "absatzplus.com//14137989"
    ],
    "6156500": [
        "absatzplus.com//3634676"
    ],
    "6156501": [
        "absatzplus.com//14691288"
    ],
    "6157399": [
        "absatzplus.com//2341916"
    ],
    "6157400": [
        "absatzplus.com//17253817"
    ],
    "6222767": [
        "absatzplus.com//15970746"
    ],
    "6231695": [
        "absatzplus.com//10291630"
    ],
    "6258318": [
        "absatzplus.com//15208228"
    ],
    "6258322": [
        "absatzplus.com//10433678"
    ],
    "6258323": [
        "absatzplus.com//3540938"
    ],
    "6274754": [
        "absatzplus.com//2896813"
    ],
    "6277174": [
        "absatzplus.com//7942218"
    ],
    "6367073": [
        "absatzplus.com//3392722"
    ],
    "6373356": [
        "absatzplus.com//6062806"
    ],
    "6392682": [
        "absatzplus.com//1937000"
    ],
    "6416448": [
        "absatzplus.com//1321548"
    ],
    "6475091": [
        "absatzplus.com//794723"
    ],
    "6482126": [
        "absatzplus.com//16981"
    ],
    "6528211": [
        "absatzplus.com//14697189"
    ],
    "6540403": [
        "absatzplus.com//5030349"
    ],
    "6572903": [
        "absatzplus.com//12843664"
    ],
    "6589135": [
        "absatzplus.com//12231493"
    ],
    "6596213": [
        "absatzplus.com//10247789"
    ],
    "6596868": [
        "absatzplus.com//12846476"
    ],
    "6597325": [
        "absatzplus.com//4950984"
    ],
    "6597893": [
        "absatzplus.com//9101594"
    ],
    "6615767": [
        "absatzplus.com//5585775"
    ],
    "6651570": [
        "absatzplus.com//17251228"
    ],
    "6653561": [
        "absatzplus.com//15632773"
    ],
    "6742013": [
        "absatzplus.com//5641779"
    ],
    "6803365": [
        "absatzplus.com//3925441"
    ],
    "6814959": [
        "absatzplus.com//9069075"
    ],
    "6839751": [
        "absatzplus.com//13745299"
    ],
    "6893238": [
        "absatzplus.com//13337737"
    ],
    "6893254": [
        "absatzplus.com//6068892"
    ],
    "6975317": [
        "absatzplus.com//1831613"
    ],
    "6975392": [
        "absatzplus.com//8286840"
    ],
    "6975400": [
        "absatzplus.com//12621219"
    ],
    "6975649": [
        "absatzplus.com//3310577"
    ],
    "6975652": [
        "absatzplus.com//3154105"
    ],
    "6986481": [
        "absatzplus.com//4811596"
    ],
    "6987104": [
        "absatzplus.com//12003300"
    ],
    "6987105": [
        "absatzplus.com//7990127"
    ],
    "6987106": [
        "absatzplus.com//5915213"
    ],
    "6987108": [
        "absatzplus.com//2697066"
    ],
    "6987109": [
        "absatzplus.com//15201662"
    ],
    "6987110": [
        "absatzplus.com//8925885"
    ],
    "6987111": [
        "absatzplus.com//11511917"
    ],
    "6987157": [
        "absatzplus.com//484020"
    ],
    "6987159": [
        "absatzplus.com//13957691"
    ],
    "6987163": [
        "absatzplus.com//11762002"
    ],
    "6987171": [
        "absatzplus.com//11656075"
    ],
    "6989658": [
        "absatzplus.com//5297663"
    ],
    "6989659": [
        "absatzplus.com//2010507"
    ],
    "6989670": [
        "absatzplus.com//7461887"
    ],
    "6989701": [
        "absatzplus.com//26943"
    ],
    "6989702": [
        "absatzplus.com//13618976"
    ],
    "6989703": [
        "absatzplus.com//12017231"
    ],
    "6989704": [
        "absatzplus.com//10832661"
    ],
    "6989706": [
        "absatzplus.com//5174856"
    ],
    "7005164": [
        "absatzplus.com//2984414"
    ],
    "7005689": [
        "absatzplus.com//8083528"
    ],
    "7012380": [
        "absatzplus.com//9823249"
    ],
    "7067957": [
        "absatzplus.com//16416016"
    ],
    "7070429": [
        "absatzplus.com//11813253"
    ],
    "7159638": [
        "absatzplus.com//15775425"
    ],
    "7159659": [
        "absatzplus.com//494315"
    ],
    "7159668": [
        "absatzplus.com//7109931"
    ],
    "7159669": [
        "absatzplus.com//5107045"
    ],
    "7159671": [
        "absatzplus.com//2661104"
    ],
    "7159674": [
        "absatzplus.com//16337121"
    ],
    "7163661": [
        "absatzplus.com//3064223"
    ],
    "7185245": [
        "absatzplus.com//5278116"
    ],
    "7241102": [
        "absatzplus.com//5444811"
    ],
    "724657": [
        "absatzplus.com//8700564"
    ],
    "7290212": [
        "absatzplus.com//55973"
    ],
    "7324196": [
        "absatzplus.com//4271954"
    ],
    "7324197": [
        "absatzplus.com//3744270"
    ],
    "7324199": [
        "absatzplus.com//14416634"
    ],
    "7324200": [
        "absatzplus.com//3195262"
    ],
    "7324202": [
        "absatzplus.com//2082016"
    ],
    "7324210": [
        "absatzplus.com//13377369"
    ],
    "7324213": [
        "absatzplus.com//16170898"
    ],
    "7324214": [
        "absatzplus.com//5653568"
    ],
    "7324250": [
        "absatzplus.com//569788"
    ],
    "7324255": [
        "absatzplus.com//8849955"
    ],
    "7324286": [
        "absatzplus.com//3241097"
    ],
    "7378600": [
        "absatzplus.com//3883053"
    ],
    "7393943": [
        "absatzplus.com//2030386"
    ],
    "7401689": [
        "absatzplus.com//15358871"
    ],
    "7410979": [
        "absatzplus.com//3453009"
    ],
    "7410980": [
        "absatzplus.com//7296151"
    ],
    "7410983": [
        "absatzplus.com//7249409"
    ],
    "7416585": [
        "absatzplus.com//7899227"
    ],
    "7416813": [
        "absatzplus.com//9523847"
    ],
    "7417198": [
        "absatzplus.com//8552786"
    ],
    "7468969": [
        "absatzplus.com//3143512"
    ],
    "7579397": [
        "absatzplus.com//12873748"
    ],
    "7757114": [
        "absatzplus.com//5752747"
    ],
    "7783679": [
        "absatzplus.com//6928444"
    ],
    "7783681": [
        "absatzplus.com//10423243"
    ],
    "7783683": [
        "absatzplus.com//2589749"
    ],
    "7783685": [
        "absatzplus.com//10125797"
    ],
    "7783686": [
        "absatzplus.com//17286193"
    ],
    "7783687": [
        "absatzplus.com//16018193"
    ],
    "7784032": [
        "absatzplus.com//1891199"
    ],
    "7794990": [
        "absatzplus.com//12727027"
    ],
    "7795366": [
        "absatzplus.com//6939608"
    ],
    "7795380": [
        "absatzplus.com//96032"
    ],
    "7795393": [
        "absatzplus.com//13370676"
    ],
    "7795396": [
        "absatzplus.com//982132"
    ],
    "7795397": [
        "absatzplus.com//4389194"
    ],
    "7797667": [
        "absatzplus.com//1819865"
    ],
    "7797668": [
        "absatzplus.com//890894"
    ],
    "7797669": [
        "absatzplus.com//7346593"
    ],
    "78468": [
        "absatzplus.com//1503190"
    ],
    "8012156": [
        "absatzplus.com//8407992"
    ],
    "8018326": [
        "absatzplus.com//10863785"
    ],
    "8071771": [
        "absatzplus.com//9365615"
    ],
    "8125722": [
        "absatzplus.com//14277365"
    ],
    "8199654": [
        "absatzplus.com//11326624"
    ],
    "8345755": [
        "absatzplus.com//15043453"
    ],
    "8393248": [
        "absatzplus.com//17510396"
    ],
    "8402074": [
        "absatzplus.com//16369034"
    ],
    "8459357": [
        "absatzplus.com//14129154"
    ],
    "8469407": [
        "absatzplus.com//6983936"
    ],
    "8585032": [
        "absatzplus.com//15974888"
    ],
    "8661995": [
        "absatzplus.com//2141100"
    ],
    "8798156": [
        "absatzplus.com//7787993"
    ],
    "8798547": [
        "absatzplus.com//8176857"
    ],
    "8798557": [
        "absatzplus.com//14470830"
    ],
    "8798558": [
        "absatzplus.com//576765"
    ],
    "8798559": [
        "absatzplus.com//8288706"
    ],
    "8798563": [
        "absatzplus.com//11943701"
    ],
    "8798702": [
        "absatzplus.com//289901"
    ],
    "8930961": [
        "absatzplus.com//1874625"
    ],
    "9195391": [
        "absatzplus.com//8860714"
    ],
    "9195410": [
        "absatzplus.com//13566296"
    ],
    "9195428": [
        "absatzplus.com//9627347"
    ],
    "9199297": [
        "absatzplus.com//10517153"
    ],
    "9234093": [
        "absatzplus.com//4875792"
    ],
    "9314129": [
        "absatzplus.com//13606378"
    ],
    "9434629": [
        "absatzplus.com//11833207"
    ],
    "9434634": [
        "absatzplus.com//4080584"
    ],
    "9434659": [
        "absatzplus.com//8025257"
    ],
    "9435214": [
        "absatzplus.com//4677516"
    ],
    "9435258": [
        "absatzplus.com//2387895"
    ],
    "9590581": [
        "absatzplus.com//9314101"
    ],
    "9675407": [
        "absatzplus.com//2417162"
    ],
    "9892539": [
        "absatzplus.com//10273958"
    ],
    "9984159": [
        "absatzplus.com//14721409"
    ],
    "9984160": [
        "absatzplus.com//10161196"
    ],
    "9984161": [
        "absatzplus.com//5303859"
    ],
    "9984176": [
        "absatzplus.com//12386983"
    ],
    "9984190": [
        "absatzplus.com//14315348"
    ],
    "9984209": [
        "absatzplus.com//16548927"
    ],
    "9984219": [
        "absatzplus.com//8724994"
    ]
}