{
    "1004912": [
        "absatzplus.com//13928908"
    ],
    "10178100": [
        "absatzplus.com//9291246"
    ],
    "10178104": [
        "absatzplus.com//2860545"
    ],
    "10178389": [
        "absatzplus.com//4568998"
    ],
    "10178835": [
        "absatzplus.com//2808677"
    ],
    "10178880": [
        "absatzplus.com//10499689"
    ],
    "1049819": [
        "absatzplus.com//3085601"
    ],
    "10733116": [
        "absatzplus.com//1287388"
    ],
    "10733119": [
        "absatzplus.com//8275470"
    ],
    "10733180": [
        "absatzplus.com//4914469"
    ],
    "10733183": [
        "absatzplus.com//17307933"
    ],
    "1143149": [
        "absatzplus.com//10900186"
    ],
    "1144942": [
        "absatzplus.com//3379059"
    ],
    "11544400": [
        "absatzplus.com//2363488"
    ],
    "11820324": [
        "absatzplus.com//4135868"
    ],
    "11824274": [
        "absatzplus.com//12418707"
    ],
    "11824308": [
        "absatzplus.com//5068577"
    ],
    "11825569": [
        "absatzplus.com//6368681"
    ],
    "11882869": [
        "absatzplus.com//9303503"
    ],
    "1198010": [
        "absatzplus.com//10861194"
    ],
    "13068807": [
        "absatzplus.com//13267061"
    ],
    "1331362": [
        "absatzplus.com//9631227"
    ],
    "142149": [
        "absatzplus.com//15857"
    ],
    "1443931": [
        "absatzplus.com//4465152"
    ],
    "1449645": [
        "absatzplus.com//6816309"
    ],
    "1486818": [
        "absatzplus.com//6142838"
    ],
    "15813761": [
        "absatzplus.com//5998641"
    ],
    "16116450": [
        "absatzplus.com//14435544"
    ],
    "2344910": [
        "absatzplus.com//10514162"
    ],
    "2372490": [
        "absatzplus.com//13862414"
    ],
    "2372493": [
        "absatzplus.com//6645137"
    ],
    "2389563": [
        "absatzplus.com//14036974"
    ],
    "2389569": [
        "absatzplus.com//9107776"
    ],
    "2396867": [
        "absatzplus.com//13184974"
    ],
    "2396868": [
        "absatzplus.com//14617159"
    ],
    "2396886": [
        "absatzplus.com//5833309"
    ],
    "2396889": [
        "absatzplus.com//15970000"
    ],
    "2396890": [
        "absatzplus.com//7615993"
    ],
    "2423390": [
        "absatzplus.com//14158072"
    ],
    "264162": [
        "absatzplus.com//4180640"
    ],
    "331623": [
        "absatzplus.com//12799319"
    ],
    "3389025": [
        "absatzplus.com//5703348"
    ],
    "342883": [
        "absatzplus.com//62123"
    ],
    "3561892": [
        "absatzplus.com//8239313"
    ],
    "446034": [
        "absatzplus.com//11767674"
    ],
    "472826": [
        "absatzplus.com//13316449"
    ],
    "550148": [
        "absatzplus.com//16995030"
    ],
    "5547149": [
        "absatzplus.com//6455380"
    ],
    "5547150": [
        "absatzplus.com//2261148"
    ],
    "6499159": [
        "absatzplus.com//7901864"
    ],
    "6502019": [
        "absatzplus.com//6585119"
    ],
    "7038855": [
        "absatzplus.com//7485892"
    ],
    "7182633": [
        "absatzplus.com//12919117"
    ],
    "7198957": [
        "absatzplus.com//12352061"
    ],
    "7296185": [
        "absatzplus.com//11701776"
    ],
    "7300727": [
        "absatzplus.com//2196297"
    ],
    "7312832": [
        "absatzplus.com//10224539"
    ],
    "7312833": [
        "absatzplus.com//3691062"
    ],
    "7600829": [
        "absatzplus.com//2937828"
    ],
    "7600834": [
        "absatzplus.com//8036987"
    ],
    "760430": [
        "absatzplus.com//3348846"
    ],
    "7613385": [
        "absatzplus.com//10803403"
    ],
    "7647715": [
        "absatzplus.com//639186"
    ],
    "7660986": [
        "absatzplus.com//15191428"
    ],
    "7674170": [
        "absatzplus.com//12634532"
    ],
    "78116": [
        "absatzplus.com//17172128",
        "absatzplus.com//6195317"
    ],
    "8005172": [
        "absatzplus.com//12857422"
    ],
    "8017704": [
        "absatzplus.com//16178990"
    ],
    "8017739": [
        "absatzplus.com//10689501"
    ],
    "9320461": [
        "absatzplus.com//5374375"
    ]
}