{
    "10178882": [
        "absatzplus.com//12287151"
    ],
    "10180827": [
        "absatzplus.com//17089076"
    ],
    "10180837": [
        "absatzplus.com//4391802"
    ],
    "10948887": [
        "absatzplus.com//10859681"
    ],
    "10949051": [
        "absatzplus.com//17556525"
    ],
    "10949052": [
        "absatzplus.com//761665"
    ],
    "1263655": [
        "absatzplus.com//6291197"
    ],
    "14948884": [
        "absatzplus.com//14872511"
    ],
    "1764270": [
        "absatzplus.com//887276"
    ],
    "2024304": [
        "absatzplus.com//14492940"
    ],
    "2362693": [
        "absatzplus.com//3403416"
    ],
    "2362704": [
        "absatzplus.com//1703578"
    ],
    "520897": [
        "absatzplus.com//12293300"
    ],
    "7317318": [
        "absatzplus.com//6525346"
    ]
}