[
    {
        "spec": {
            "Brutto Rechnungsbetrag": "18,14\u00a0\u20ac",
            "Frachtkosten": "6,50\u00a0\u20ac",
            "Nettobetrag": "8,74\u00a0\u20ac",
            "zuz\u00fcglich 19% MWSt.": "2,90\u00a0\u20ac"
        },
        "url": "absatzplus.com//7815000"
    },
    {
        "spec": {
            "Brutto Rechnungsbetrag": "60,70\u00a0\u20ac",
            "Frachtkosten": "6,50\u00a0\u20ac",
            "Nettobetrag": "44,51\u00a0\u20ac",
            "zuz\u00fcglich 19% MWSt.": "9,69\u00a0\u20ac"
        },
        "url": "absatzplus.com//7691379"
    },
    {
        "spec": {
            "Brutto Rechnungsbetrag": "60,70\u00a0\u20ac",
            "Frachtkosten": "6,50\u00a0\u20ac",
            "Nettobetrag": "44,51\u00a0\u20ac",
            "zuz\u00fcglich 19% MWSt.": "9,69\u00a0\u20ac"
        },
        "url": "absatzplus.com//15855269"
    },
    {
        "spec": {
            "Brutto Rechnungsbetrag": "8,04\u00a0\u20ac",
            "Frachtkosten": "6,50\u00a0\u20ac",
            "Nettobetrag": "0,26\u00a0\u20ac",
            "zuz\u00fcglich 19% MWSt.": "1,28\u00a0\u20ac"
        },
        "url": "absatzplus.com//1333341"
    },
    {
        "spec": {
            "Brutto Rechnungsbetrag": "18,14\u00a0\u20ac",
            "Frachtkosten": "6,50\u00a0\u20ac",
            "Nettobetrag": "8,74\u00a0\u20ac",
            "zuz\u00fcglich 19% MWSt.": "2,90\u00a0\u20ac"
        },
        "url": "absatzplus.com//15644300"
    },
    {
        "spec": {
            "Brutto Rechnungsbetrag": "18,14\u00a0\u20ac",
            "Frachtkosten": "6,50\u00a0\u20ac",
            "Nettobetrag": "8,74\u00a0\u20ac",
            "zuz\u00fcglich 19% MWSt.": "2,90\u00a0\u20ac"
        },
        "url": "absatzplus.com//14092587"
    },
    {
        "spec": {
            "Brutto Rechnungsbetrag": "8,08\u00a0\u20ac",
            "Frachtkosten": "6,50\u00a0\u20ac",
            "Nettobetrag": "0,29\u00a0\u20ac",
            "zuz\u00fcglich 19% MWSt.": "1,29\u00a0\u20ac"
        },
        "url": "absatzplus.com//9637818"
    },
    {
        "spec": {
            "Brutto Rechnungsbetrag": "4 617,20\u00a0\u20ac",
            "Frachtkosten": "100,00\u00a0\u20ac",
            "Nettobetrag": "3 780,00\u00a0\u20ac",
            "zuz\u00fcglich 19% MWSt.": "737,20\u00a0\u20ac"
        },
        "url": "absatzplus.com//11835643"
    },
    {
        "spec": {
            "Brutto Rechnungsbetrag": "8,59\u00a0\u20ac",
            "Frachtkosten": "6,50\u00a0\u20ac",
            "Nettobetrag": "0,72\u00a0\u20ac",
            "zuz\u00fcglich 19% MWSt.": "1,37\u00a0\u20ac"
        },
        "url": "absatzplus.com//579946"
    },
    {
        "spec": {
            "Brutto Rechnungsbetrag": "15,87\u00a0\u20ac",
            "Frachtkosten": "6,50\u00a0\u20ac",
            "Nettobetrag": "6,84\u00a0\u20ac",
            "zuz\u00fcglich 19% MWSt.": "2,53\u00a0\u20ac"
        },
        "url": "absatzplus.com//7642408"
    },
    {
        "spec": {
            "Brutto Rechnungsbetrag": "18,14\u00a0\u20ac",
            "Frachtkosten": "6,50\u00a0\u20ac",
            "Nettobetrag": "8,74\u00a0\u20ac",
            "zuz\u00fcglich 19% MWSt.": "2,90\u00a0\u20ac"
        },
        "url": "absatzplus.com//17364666"
    },
    {
        "spec": {
            "Brutto Rechnungsbetrag": "18,14\u00a0\u20ac",
            "Frachtkosten": "6,50\u00a0\u20ac",
            "Nettobetrag": "8,74\u00a0\u20ac",
            "zuz\u00fcglich 19% MWSt.": "2,90\u00a0\u20ac"
        },
        "url": "absatzplus.com//14872994"
    },
    {
        "spec": {
            "Brutto Rechnungsbetrag": "60,70\u00a0\u20ac",
            "Frachtkosten": "6,50\u00a0\u20ac",
            "Nettobetrag": "44,51\u00a0\u20ac",
            "zuz\u00fcglich 19% MWSt.": "9,69\u00a0\u20ac"
        },
        "url": "absatzplus.com//4858420"
    },
    {
        "spec": {
            "Brutto Rechnungsbetrag": "18,14\u00a0\u20ac",
            "Frachtkosten": "6,50\u00a0\u20ac",
            "Nettobetrag": "8,74\u00a0\u20ac",
            "zuz\u00fcglich 19% MWSt.": "2,90\u00a0\u20ac"
        },
        "url": "absatzplus.com//17495327"
    }
]