{
    "10318520": [
        "absatzplus.com//7642408"
    ],
    "12947219": [
        "absatzplus.com//14872994"
    ],
    "14785219": [
        "absatzplus.com//17364666"
    ],
    "14934480": [
        "absatzplus.com//11835643"
    ],
    "3953824": [
        "absatzplus.com//17495327"
    ],
    "4903275": [
        "absatzplus.com//9637818"
    ],
    "5371811": [
        "absatzplus.com//579946"
    ],
    "5725314": [
        "absatzplus.com//1333341"
    ],
    "6157773": [
        "absatzplus.com//7691379"
    ],
    "6157774": [
        "absatzplus.com//4858420"
    ],
    "6157776": [
        "absatzplus.com//15855269"
    ],
    "8903189": [
        "absatzplus.com//14092587"
    ],
    "9182451": [
        "absatzplus.com//7815000"
    ],
    "9761685": [
        "absatzplus.com//15644300"
    ]
}