{
    "10514104": [
        "2spi.com//15706507"
    ],
    "10516644": [
        "2spi.com//15440318"
    ],
    "10622356": [
        "2spi.com//5482064"
    ],
    "13698422": [
        "2spi.com//6530580"
    ],
    "13701264": [
        "2spi.com//1036843"
    ],
    "14214732": [
        "2spi.com//14492928"
    ],
    "14904292": [
        "2spi.com//3743652"
    ],
    "15848109": [
        "2spi.com//9196187"
    ],
    "16385330": [
        "2spi.com//6959952"
    ],
    "2494646": [
        "2spi.com//4949770"
    ],
    "3430017": [
        "2spi.com//15859707"
    ],
    "5565354": [
        "2spi.com//3650641"
    ],
    "5566626": [
        "2spi.com//2650447"
    ],
    "9192391": [
        "2spi.com//15924701"
    ],
    "9465202": [
        "2spi.com//7372815"
    ]
}