[
    {
        "spec": {
            "Bar Width (\u00b5m)": "NA",
            "Center Mark": "NA",
            "Hole Width (\u00b5m)": "1000 x 200",
            "Material": "Gilded Copper",
            "Mesh (lines/inch)": "NA",
            "Pitch (\u00b5m)": "NA",
            "Quantity": "100/Vial",
            "Rim Mark": "NA",
            "Rim width (mm)": "NA"
        },
        "url": "2spi.com//2650447"
    },
    {
        "spec": {
            "Bar Width (\u00b5m)": "40",
            "Center Mark": "No",
            "Hole Width (\u00b5m)": "22",
            "Material": "Gilded Nickel",
            "Mesh (lines/inch)": "400",
            "Pitch (\u00b5m)": "62",
            "Quantity": "100/Vial",
            "Rim Mark": "Yes",
            "Rim width (mm)": "0.225"
        },
        "url": "2spi.com//15924701"
    },
    {
        "spec": {
            "Bar Width (\u00b5m)": "65",
            "Center Mark": "No",
            "Hole Width (\u00b5m)": "185",
            "Material": "Gilded Copper",
            "Mesh (lines/inch)": "100",
            "Pitch (\u00b5m)": "250",
            "Quantity": "100/Vial",
            "Rim Mark": "No",
            "Rim width (mm)": "0.225"
        },
        "url": "2spi.com//15706507"
    },
    {
        "spec": {
            "Bar Width (\u00b5m)": "35-25",
            "Center Mark": "Asymmetrical",
            "Hole Width (\u00b5m)": "95",
            "Material": "Gold Plated Copper",
            "Mesh (lines/inch)": "200",
            "Pitch (\u00b5m)": "125",
            "Quantity": "100/Vial",
            "Rim Mark": "Yes",
            "Rim width (mm)": "0.225",
            "Thickness (\u00b5m)": "20 \u00b1 3\u00a0"
        },
        "url": "2spi.com//7372815"
    },
    {
        "spec": {
            "Bar Width (\u00b5m)": "NA",
            "Center Mark": "NA",
            "Hole Width (\u00b5m)": "2000 x 750",
            "Material": "Gilded Nickel",
            "Mesh (lines/inch)": "NA",
            "Pitch (\u00b5m)": "NA",
            "Quantity": "100/Vial",
            "Rim Mark": "NA",
            "Rim width (mm)": "NA"
        },
        "url": "2spi.com//9196187"
    },
    {
        "spec": {
            "Bar Width (\u00b5m)": "NA",
            "Center Mark": "No",
            "Hole Width (\u00b5m)": "2000 x 500",
            "Material": "Gilded Copper",
            "Mesh (lines/inch)": "NA",
            "Pitch (\u00b5m)": "NA",
            "Quantity": "100/Vial",
            "Rim Mark": "NA",
            "Rim width (mm)": "NA",
            "Thickness (\u00b5m)": "50 \u00b1 5\u00a0"
        },
        "url": "2spi.com//6959952"
    },
    {
        "spec": {
            "Bar Width (\u00b5m)": "NA",
            "Center Mark": "NA",
            "Hole Width (\u00b5m)": "1000 x 200",
            "Material": "Gilded Nickel",
            "Mesh (lines/inch)": "NA",
            "Pitch (\u00b5m)": "NA",
            "Quantity": "100/Vial",
            "Rim Mark": "NA",
            "Rim width (mm)": "NA"
        },
        "url": "2spi.com//3650641"
    },
    {
        "spec": {
            "Bar Width (\u00b5m)": "NA",
            "Center Mark": "No",
            "Hole Width (\u00b5m)": "2000 x 1000",
            "Material": "Gilded Copper",
            "Mesh (lines/inch)": "NA",
            "Pitch (\u00b5m)": "NA",
            "Quantity": "100/Vial",
            "Rim Mark": "NA",
            "Rim width (mm)": "NA",
            "Thickness (\u00b5m)": "50 \u00b1 5\u00a0"
        },
        "url": "2spi.com//14492928"
    },
    {
        "spec": {
            "Bar Width (\u00b5m)": "50/40",
            "Center Mark": "No",
            "Hole Width (\u00b5m)": "200/85",
            "Material": "Gilded Copper",
            "Mesh (lines/inch)": "100/200",
            "Pitch (\u00b5m)": "250/125",
            "Quantity": "100/Vial",
            "Rim Mark": "No",
            "Rim width (mm)": "0.225"
        },
        "url": "2spi.com//5482064"
    },
    {
        "spec": {
            "Bar Width (\u00b5m)": "NA",
            "Center Mark": "NA",
            "Hole Width (\u00b5m)": "1500 x 300",
            "Material": "Gilded Nickel",
            "Mesh (lines/inch)": "NA",
            "Pitch (\u00b5m)": "NA",
            "Quantity": "100/Vial",
            "Rim Mark": "NA",
            "Rim width (mm)": "NA"
        },
        "url": "2spi.com//15859707"
    },
    {
        "spec": {
            "Bar Width (\u00b5m)": "NA",
            "Center Mark": "NA",
            "Hole Width (\u00b5m)": "2000 x 1500",
            "Material": "Gilded Nickel",
            "Mesh (lines/inch)": "NA",
            "Pitch (\u00b5m)": "NA",
            "Quantity": "100/Vial",
            "Rim Mark": "NA",
            "Rim width (mm)": "NA"
        },
        "url": "2spi.com//6530580"
    },
    {
        "spec": {
            "Bar Width (\u00b5m)": "70/70",
            "Center Mark": "NA",
            "Hole Width (\u00b5m)": "430/430",
            "Material": "Gilded Nickel",
            "Mesh (lines/inch)": "50/50",
            "Pitch (\u00b5m)": "500/500",
            "Quantity": "100/Vial",
            "Rim Mark": "NA",
            "Rim width (mm)": "NA"
        },
        "url": "2spi.com//4949770"
    },
    {
        "spec": {
            "Bar Width (\u00b5m)": "65",
            "Center Mark": "No",
            "Hole Width (\u00b5m)": "185",
            "Material": "Gilded Nickel",
            "Mesh (lines/inch)": "100",
            "Pitch (\u00b5m)": "250",
            "Quantity": "100/Vial",
            "Rim Mark": "No",
            "Rim width (mm)": "0.225"
        },
        "url": "2spi.com//15440318"
    },
    {
        "spec": {
            "Bar Width (\u00b5m)": "NA",
            "Center Mark": "NA",
            "Hole Width (\u00b5m)": "2000 x 1500",
            "Material": "Gilded Copper",
            "Mesh (lines/inch)": "NA",
            "Pitch (\u00b5m)": "NA",
            "Quantity": "100/Vial",
            "Rim Mark": "NA",
            "Rim width (mm)": "NA"
        },
        "url": "2spi.com//1036843"
    },
    {
        "spec": {
            "Bar Width (\u00b5m)": "70/55",
            "Center Mark": "Reverse Arrow",
            "Hole Width (\u00b5m)": "430/195",
            "Material": "Gilded Copper",
            "Mesh (lines/inch)": "100/50",
            "Pitch (\u00b5m)": "500/250",
            "Quantity": "100/Vial",
            "Rim Mark": "No",
            "Rim width (mm)": "0.225"
        },
        "url": "2spi.com//3743652"
    }
]