[
    {
        "spec": {
            "Bar Width (\u00b5m)": "20",
            "Center Mark": "No",
            "Hole Width (\u00b5m)": "37",
            "Material": "Gilded Copper",
            "Mesh (lines/inch)": "400",
            "Pitch (\u00b5m)": "62",
            "Quantity": "100/Vial",
            "Rim Mark": "Yes",
            "Rim width (mm)": "0.225"
        },
        "url": "2spi.com//11593841"
    },
    {
        "spec": {
            "Bar Width (\u00b5m)": "35",
            "Center Mark": "No",
            "Hole Width (\u00b5m)": "48",
            "Material": "Gilded Nickel",
            "Mesh (lines/inch)": "300",
            "Pitch (\u00b5m)": "83",
            "Quantity": "100/Vial",
            "Rim Mark": "Yes",
            "Rim width (mm)": "0.225"
        },
        "url": "2spi.com//6529143"
    },
    {
        "spec": {
            "Bar Width (\u00b5m)": "70",
            "Center Mark": "No",
            "Hole Width (\u00b5m)": "270",
            "Material": "Gilded Nickel",
            "Mesh (lines/inch)": "75",
            "Pitch (\u00b5m)": "340",
            "Quantity": "100/Vial",
            "Rim Mark": "Yes",
            "Rim width (mm)": "0.225"
        },
        "url": "2spi.com//1427670"
    },
    {
        "spec": {
            "Bar Width (\u00b5m)": "35",
            "Center Mark": "No",
            "Hole Width (\u00b5m)": "48",
            "Material": "Gilded Nickel",
            "Mesh (lines/inch)": "300",
            "Pitch (\u00b5m)": "83",
            "Quantity": "100/Vial",
            "Rim Mark": "Yes",
            "Rim width (mm)": "0.225"
        },
        "url": "2spi.com//12489939"
    },
    {
        "spec": {
            "Bar Width (\u00b5m)": "50",
            "Center Mark": "No",
            "Hole Width (\u00b5m)": "115",
            "Material": "Gilded Nickel",
            "Mesh (lines/inch)": "150",
            "Pitch (\u00b5m)": "165",
            "Quantity": "100/Vial",
            "Rim Mark": "Yes",
            "Rim width (mm)": "0.225"
        },
        "url": "2spi.com//8827804"
    },
    {
        "spec": {
            "Bar Width (\u00b5m)": "50",
            "Center Mark": "No",
            "Hole Width (\u00b5m)": "115",
            "Material": "Gilded Nickel",
            "Mesh (lines/inch)": "150",
            "Pitch (\u00b5m)": "165",
            "Quantity": "100/Vial",
            "Rim Mark": "Yes",
            "Rim width (mm)": "0.225"
        },
        "url": "2spi.com//10713040"
    }
]