[
    {
        "spec": {
            "Bar Width (\u00b5m)": "45",
            "Hole Width (\u00b5m)": "205",
            "Material": "Gold Plated Nickel",
            "Mesh (lines/inch)": "100",
            "Quantity": "100/Vial",
            "Rim width (mm)": "0.225"
        },
        "url": "2spi.com//12685620"
    },
    {
        "spec": {
            "Bar Width (\u00b5m)": "25-12",
            "Hole Width (\u00b5m)": "107",
            "Material": "Gilded Nickel",
            "Mesh (lines/inch)": "125",
            "Quantity": "100/Vial",
            "Rim width (mm)": "NA"
        },
        "url": "2spi.com//16916379"
    },
    {
        "spec": {
            "Bar Width (\u00b5m)": "75",
            "Hole Width (\u00b5m)": "430",
            "Material": "Gilded Nickel",
            "Mesh (lines/inch)": "50",
            "Quantity": "100/Vial",
            "Rim width (mm)": "NA"
        },
        "url": "2spi.com//2397431"
    }
]