[
    {
        "spec": {
            "Decksohle:": "Leder",
            "Farbe-Hersteller:": "TAUPE GREY / TAUPE GREY-SAIL",
            "Hauptfarbe:": "Lila",
            "Hersteller-Artikel-Nr.:": "828404-201-36 EUR \u00b7 5,5 US",
            "Innenmaterial:": "Textil",
            "Kategorie:": "M\u00e4dels",
            "Laufsohle:": "Gummi",
            "Modell:": "Nike WMNS Internationalist",
            "Obermaterial:": "Textil",
            "Passform:": "normal",
            "Style:": "Casual, Retro, Low"
        },
        "url": "43einhalb.com//9398559"
    },
    {
        "spec": {
            "Decksohle:": "Leder",
            "Farbe-Hersteller:": "TAUPE GREY / TAUPE GREY-SAIL",
            "Hauptfarbe:": "Lila",
            "Hersteller-Artikel-Nr.:": "828404-201-38,5 EUR \u00b7 7,5 US",
            "Innenmaterial:": "Textil",
            "Kategorie:": "M\u00e4dels",
            "Laufsohle:": "Gummi",
            "Modell:": "Nike WMNS Internationalist",
            "Obermaterial:": "Textil",
            "Passform:": "normal",
            "Style:": "Casual, Retro, Low"
        },
        "url": "43einhalb.com//6197841"
    },
    {
        "spec": {
            "Decksohle:": "Leder",
            "Farbe-Hersteller:": "TAUPE GREY / TAUPE GREY-SAIL",
            "Hauptfarbe:": "Lila",
            "Hersteller-Artikel-Nr.:": "828404-201-44,5 EUR \u00b7 12 US",
            "Innenmaterial:": "Textil",
            "Kategorie:": "M\u00e4dels",
            "Laufsohle:": "Gummi",
            "Modell:": "Nike WMNS Internationalist",
            "Obermaterial:": "Textil",
            "Passform:": "normal",
            "Style:": "Casual, Retro, Low"
        },
        "url": "43einhalb.com//13607391"
    },
    {
        "spec": {
            "Decksohle:": "Leder",
            "Farbe-Hersteller:": "TAUPE GREY / TAUPE GREY-SAIL",
            "Hauptfarbe:": "Lila",
            "Hersteller-Artikel-Nr.:": "828404-201-37,5 EUR \u00b7 6,5 US",
            "Innenmaterial:": "Textil",
            "Kategorie:": "M\u00e4dels",
            "Laufsohle:": "Gummi",
            "Modell:": "Nike WMNS Internationalist",
            "Obermaterial:": "Textil",
            "Passform:": "normal",
            "Style:": "Casual, Retro, Low"
        },
        "url": "43einhalb.com//13226922"
    },
    {
        "spec": {
            "Decksohle:": "Textil",
            "Farbe-Hersteller:": "TAUPE GREY/ARMORY NAVY",
            "Hauptfarbe:": "Lila",
            "Hersteller-Artikel-Nr.:": "828407-201-41 EUR \u00b7 9,5 US",
            "Innenmaterial:": "Textil",
            "Kategorie:": "M\u00e4dels",
            "Laufsohle:": "Gummi",
            "Modell:": "Nike WMNS Internationalist",
            "Obermaterial:": "Leder, Textil",
            "Passform:": "normal",
            "Style:": "Running, Casual, Low"
        },
        "url": "43einhalb.com//8986611"
    },
    {
        "spec": {
            "Decksohle:": "Textil",
            "Farbe-Hersteller:": "LINGRN/LINGRN/TACGRN",
            "Hauptfarbe:": "gr\u00fcn",
            "Hersteller-Artikel-Nr.:": "CP9765",
            "Innenmaterial:": "Leder, Textil",
            "Kategorie:": "Jungs, M\u00e4dels",
            "Laufsohle:": "Gummi",
            "Modell:": "adidas PW Tennis HU",
            "Obermaterial:": "Textil",
            "Passform:": "normal",
            "Style:": "Running, Casual, Low"
        },
        "url": "43einhalb.com//6474463"
    }
]