[
    {
        "spec": {
            "Decksohle:": "Leder",
            "Farbe-Hersteller:": "TAUPE GREY / TAUPE GREY-SAIL",
            "Hauptfarbe:": "pink",
            "Hersteller-Artikel-Nr.:": "904500-200-35,5 EUR \u00b7 5 US",
            "Innenmaterial:": "Textil",
            "Kategorie:": "M\u00e4dels",
            "Laufsohle:": "Gummi",
            "Modell:": "Nike Air Max Thea",
            "Obermaterial:": "Textil",
            "Passform:": "normal",
            "Style:": "Casual, Retro, Low"
        },
        "url": "43einhalb.com//4470006"
    },
    {
        "spec": {
            "Decksohle:": "Leder",
            "Farbe-Hersteller:": "TAUPE GREY / TAUPE GREY-SAIL",
            "Hauptfarbe:": "pink",
            "Hersteller-Artikel-Nr.:": "904500-200-44 EUR \u00b7 11,5 US",
            "Innenmaterial:": "Textil",
            "Kategorie:": "M\u00e4dels",
            "Laufsohle:": "Gummi",
            "Modell:": "Nike Air Max Thea",
            "Obermaterial:": "Textil",
            "Passform:": "normal",
            "Style:": "Casual, Retro, Low"
        },
        "url": "43einhalb.com//5701496"
    },
    {
        "spec": {
            "Decksohle:": "Leder",
            "Farbe-Hersteller:": "TAUPE GREY / TAUPE GREY-SAIL",
            "Hauptfarbe:": "pink",
            "Hersteller-Artikel-Nr.:": "904500-200-44 EUR \u00b7 11,5 US",
            "Innenmaterial:": "Textil",
            "Kategorie:": "M\u00e4dels",
            "Laufsohle:": "Gummi",
            "Modell:": "Nike Air Max Thea",
            "Obermaterial:": "Textil",
            "Passform:": "normal",
            "Style:": "Casual, Retro, Low"
        },
        "url": "43einhalb.com//15791844"
    },
    {
        "spec": {
            "Decksohle:": "Leder",
            "Farbe-Hersteller:": "TAUPE GREY / TAUPE GREY-SAIL",
            "Hauptfarbe:": "pink",
            "Hersteller-Artikel-Nr.:": "904500-200-35,5 EUR \u00b7 5 US",
            "Innenmaterial:": "Textil",
            "Kategorie:": "M\u00e4dels",
            "Laufsohle:": "Gummi",
            "Modell:": "Nike Air Max Thea",
            "Obermaterial:": "Textil",
            "Passform:": "normal",
            "Style:": "Casual, Retro, Low"
        },
        "url": "43einhalb.com//14538013"
    },
    {
        "spec": {
            "Decksohle:": "Leder",
            "Farbe-Hersteller:": "TAUPE GREY / TAUPE GREY-SAIL",
            "Hauptfarbe:": "pink",
            "Hersteller-Artikel-Nr.:": "904500-200-37,5 EUR \u00b7 6,5 US",
            "Innenmaterial:": "Textil",
            "Kategorie:": "M\u00e4dels",
            "Laufsohle:": "Gummi",
            "Modell:": "Nike Air Max Thea",
            "Obermaterial:": "Textil",
            "Passform:": "normal",
            "Style:": "Casual, Retro, Low"
        },
        "url": "43einhalb.com//2720053"
    },
    {
        "spec": {
            "Decksohle:": "Leder",
            "Farbe-Hersteller:": "DARK STUCCO/DARK STUCCO-SAIL",
            "Hauptfarbe:": "gr\u00fcn",
            "Hersteller-Artikel-Nr.:": "904500-003-44 EUR \u00b7 11,5 US",
            "Innenmaterial:": "Textil",
            "Kategorie:": "M\u00e4dels",
            "Laufsohle:": "Gummi",
            "Modell:": "Nike Air Max Thea",
            "Obermaterial:": "Textil",
            "Passform:": "normal",
            "Style:": "Casual, Retro, Low"
        },
        "url": "43einhalb.com//13493906"
    },
    {
        "spec": {
            "Decksohle:": "Leder",
            "Farbe-Hersteller:": "TAUPE GREY / TAUPE GREY-SAIL",
            "Hauptfarbe:": "pink",
            "Hersteller-Artikel-Nr.:": "904500-200-37,5 EUR \u00b7 6,5 US",
            "Innenmaterial:": "Textil",
            "Kategorie:": "M\u00e4dels",
            "Laufsohle:": "Gummi",
            "Modell:": "Nike Air Max Thea",
            "Obermaterial:": "Textil",
            "Passform:": "normal",
            "Style:": "Casual, Retro, Low"
        },
        "url": "43einhalb.com//9652600"
    },
    {
        "spec": {
            "Decksohle:": "Leder",
            "Farbe-Hersteller:": "DARK STUCCO/DARK STUCCO-SAIL",
            "Hauptfarbe:": "gr\u00fcn",
            "Hersteller-Artikel-Nr.:": "904500-003-43 EUR \u00b7 11 US",
            "Innenmaterial:": "Textil",
            "Kategorie:": "M\u00e4dels",
            "Laufsohle:": "Gummi",
            "Modell:": "Nike Air Max Thea",
            "Obermaterial:": "Textil",
            "Passform:": "normal",
            "Style:": "Casual, Retro, Low"
        },
        "url": "43einhalb.com//3488836"
    }
]