[
    {
        "spec": {
            "Decksohle:": "Leder, Textil",
            "Farbe-Hersteller:": "BLACK / BLACK-ANTHRACITE-WHITE",
            "Hauptfarbe:": "schwarz",
            "Hersteller-Artikel-Nr.:": "918355-001-48,5 EUR \u00b7 14 US",
            "Innenmaterial:": "Textil",
            "Kategorie:": "Jungs",
            "Laufsohle:": "Gummi",
            "Modell:": "Nike Air Pegasus",
            "Obermaterial:": "Textil",
            "Passform:": "normal",
            "Style:": "Running, Casual, Low"
        },
        "url": "43einhalb.com//1573233"
    },
    {
        "spec": {
            "Decksohle:": "Leder, Textil",
            "Farbe-Hersteller:": "BLACK / BLACK-ANTHRACITE-WHITE",
            "Hauptfarbe:": "schwarz",
            "Hersteller-Artikel-Nr.:": "918355-001-47 EUR \u00b7 12,5 US",
            "Innenmaterial:": "Textil",
            "Kategorie:": "Jungs",
            "Laufsohle:": "Gummi",
            "Modell:": "Nike Air Pegasus",
            "Obermaterial:": "Textil",
            "Passform:": "normal",
            "Style:": "Running, Casual, Low"
        },
        "url": "43einhalb.com//100125"
    },
    {
        "spec": {
            "Decksohle:": "Textil",
            "Farbe-Hersteller:": "BLACK/WHITE-PURE PLATINUM",
            "Hauptfarbe:": "schwarz",
            "Hersteller-Artikel-Nr.:": "880846-001-38 EUR \u00b7 7 US",
            "Innenmaterial:": "Textil",
            "Kategorie:": "M\u00e4dels",
            "Laufsohle:": "Gummi",
            "Modell:": "Nike Free",
            "Obermaterial:": "Textil",
            "Passform:": "normal",
            "Style:": "Running, Mid"
        },
        "url": "43einhalb.com//4684686"
    },
    {
        "spec": {
            "Decksohle:": "Textil",
            "Farbe-Hersteller:": "WHITE / WOLF GREY- PURE PLATINUM",
            "Hauptfarbe:": "wei\u00df",
            "Hersteller-Artikel-Nr.:": "880845-100-45 EUR \u00b7 11 US",
            "Innenmaterial:": "Textil",
            "Kategorie:": "Jungs",
            "Laufsohle:": "Gummi",
            "Modell:": "Nike Free",
            "Obermaterial:": "Textil",
            "Passform:": "normal",
            "Style:": "Running, Tech, Low"
        },
        "url": "43einhalb.com//4998013"
    },
    {
        "spec": {
            "Decksohle:": "Leder, Textil",
            "Farbe-Hersteller:": "BLACK / BLACK-ANTHRACITE-WHITE",
            "Hauptfarbe:": "schwarz",
            "Hersteller-Artikel-Nr.:": "918355-001-42 EUR \u00b7 8,5 US",
            "Innenmaterial:": "Textil",
            "Kategorie:": "Jungs",
            "Laufsohle:": "Gummi",
            "Modell:": "Nike Air Pegasus",
            "Obermaterial:": "Textil",
            "Passform:": "normal",
            "Style:": "Running, Casual, Low"
        },
        "url": "43einhalb.com//10280752"
    }
]