{
    "11941549": [
        "43einhalb.com//14951584",
        "43einhalb.com//2507927"
    ],
    "14514987": [
        "43einhalb.com//15356682",
        "43einhalb.com//16800167",
        "43einhalb.com//17305538"
    ],
    "4372750": [
        "43einhalb.com//11745235",
        "43einhalb.com//2961160",
        "43einhalb.com//5263267"
    ],
    "7556381": [
        "43einhalb.com//3862998",
        "43einhalb.com//6992894",
        "43einhalb.com//9473914"
    ],
    "7557217": [
        "43einhalb.com//10426316",
        "43einhalb.com//16571496",
        "43einhalb.com//8183944",
        "43einhalb.com//9802244"
    ],
    "8541982": [
        "43einhalb.com//11198171",
        "43einhalb.com//3252387"
    ]
}