[
    {
        "spec": {
            "Decksohle:": "Leder",
            "Farbe-Hersteller:": "MTLC PLATINIUM / PURE PLATIUM",
            "Hauptfarbe:": "silber",
            "Hersteller-Artikel-Nr.:": "828404-008-43 EUR \u00b7 11 US",
            "Innenmaterial:": "Textil",
            "Kategorie:": "M\u00e4dels",
            "Laufsohle:": "Gummi",
            "Modell:": "Nike WMNS Internationalist",
            "Obermaterial:": "Textil",
            "Passform:": "normal",
            "Style:": "Casual, Retro, Low"
        },
        "url": "43einhalb.com//5995069"
    },
    {
        "spec": {
            "Decksohle:": "Leder",
            "Farbe-Hersteller:": "MTLC PLATINIUM / PURE PLATIUM",
            "Hauptfarbe:": "silber",
            "Hersteller-Artikel-Nr.:": "828404-008-43 EUR \u00b7 11 US",
            "Innenmaterial:": "Textil",
            "Kategorie:": "M\u00e4dels",
            "Laufsohle:": "Gummi",
            "Modell:": "Nike WMNS Internationalist",
            "Obermaterial:": "Textil",
            "Passform:": "normal",
            "Style:": "Casual, Retro, Low"
        },
        "url": "43einhalb.com//15349133"
    },
    {
        "spec": {
            "Decksohle:": "Textil",
            "Farbe-Hersteller:": "DARK STUCCO/DARK STUCCO-SAIL",
            "Hauptfarbe:": "gr\u00fcn",
            "Hersteller-Artikel-Nr.:": "828404-009-35,5 EUR \u00b7 5 US",
            "Innenmaterial:": "Textil",
            "Kategorie:": "M\u00e4dels",
            "Laufsohle:": "Gummi",
            "Modell:": "Nike Internationalist",
            "Obermaterial:": "Leder, Textil",
            "Passform:": "normal",
            "Style:": "Running, Casual, Low"
        },
        "url": "43einhalb.com//3862998"
    },
    {
        "spec": {
            "Decksohle:": "Leder",
            "Farbe-Hersteller:": "TAUPE GREY / TAUPE GREY-SAIL",
            "Hauptfarbe:": "Lila",
            "Hersteller-Artikel-Nr.:": "828404-201-36 EUR \u00b7 5,5 US",
            "Innenmaterial:": "Textil",
            "Kategorie:": "M\u00e4dels",
            "Laufsohle:": "Gummi",
            "Modell:": "Nike WMNS Internationalist",
            "Obermaterial:": "Textil",
            "Passform:": "normal",
            "Style:": "Casual, Retro, Low"
        },
        "url": "43einhalb.com//9802244"
    },
    {
        "spec": {
            "Decksohle:": "Textil",
            "Farbe-Hersteller:": "SAI/LINEN-LINEN-GUM YELLOW",
            "Hauptfarbe:": "beige",
            "Hersteller-Artikel-Nr.:": "881204-100-40 EUR \u00b7 8,5 US",
            "Innenmaterial:": "Textil",
            "Kategorie:": "M\u00e4dels",
            "Laufsohle:": "Gummi",
            "Obermaterial:": "Leder, Textil",
            "Passform:": "normal",
            "Style:": "Tech, Mid"
        },
        "url": "43einhalb.com//11745235"
    },
    {
        "spec": {
            "Decksohle:": "Textil",
            "Farbe-Hersteller:": "DARK STUCCO/DARK STUCCO-SAIL",
            "Hauptfarbe:": "gr\u00fcn",
            "Hersteller-Artikel-Nr.:": "828404-009-35,5 EUR \u00b7 5 US",
            "Innenmaterial:": "Textil",
            "Kategorie:": "M\u00e4dels",
            "Laufsohle:": "Gummi",
            "Modell:": "Nike Internationalist",
            "Obermaterial:": "Leder, Textil",
            "Passform:": "normal",
            "Style:": "Running, Casual, Low"
        },
        "url": "43einhalb.com//14459157"
    },
    {
        "spec": {
            "Decksohle:": "Textil",
            "Farbe-Hersteller:": "SAI/LINEN-LINEN-GUM YELLOW",
            "Hauptfarbe:": "beige",
            "Hersteller-Artikel-Nr.:": "881204-100-39 EUR \u00b7 8 US",
            "Innenmaterial:": "Textil",
            "Kategorie:": "M\u00e4dels",
            "Laufsohle:": "Gummi",
            "Obermaterial:": "Leder, Textil",
            "Passform:": "normal",
            "Style:": "Tech, Mid"
        },
        "url": "43einhalb.com//12863002"
    },
    {
        "spec": {
            "Decksohle:": "Textil",
            "Farbe-Hersteller:": "METALLIC SILVER/METALLIC SILVER",
            "Hauptfarbe:": "grau",
            "Hersteller-Artikel-Nr.:": "863700-002-39 EUR \u00b7 8 US",
            "Innenmaterial:": "Textil",
            "Kategorie:": "M\u00e4dels",
            "Laufsohle:": "Gummi",
            "Modell:": "Nike Air Max",
            "Obermaterial:": "Textil, Synthetik",
            "Passform:": "normal",
            "Style:": "Running, Vegan, Casual, Tech, Low"
        },
        "url": "43einhalb.com//11198171"
    },
    {
        "spec": {
            "Decksohle:": "Leder",
            "Farbe-Hersteller:": "TAUPE GREY / TAUPE GREY-SAIL",
            "Hauptfarbe:": "Lila",
            "Hersteller-Artikel-Nr.:": "828404-201-38,5 EUR \u00b7 7,5 US",
            "Innenmaterial:": "Textil",
            "Kategorie:": "M\u00e4dels",
            "Laufsohle:": "Gummi",
            "Modell:": "Nike WMNS Internationalist",
            "Obermaterial:": "Textil",
            "Passform:": "normal",
            "Style:": "Casual, Retro, Low"
        },
        "url": "43einhalb.com//16571496"
    },
    {
        "spec": {
            "Decksohle:": "Leder, Textil",
            "Farbe-Hersteller:": "BLACK / BLACK-ANTHRACITE-WHITE",
            "Hauptfarbe:": "schwarz",
            "Hersteller-Artikel-Nr.:": "918355-001-48,5 EUR \u00b7 14 US",
            "Innenmaterial:": "Textil",
            "Kategorie:": "Jungs",
            "Laufsohle:": "Gummi",
            "Modell:": "Nike Air Pegasus",
            "Obermaterial:": "Textil",
            "Passform:": "normal",
            "Style:": "Running, Casual, Low"
        },
        "url": "43einhalb.com//15356682"
    },
    {
        "spec": {
            "Decksohle:": "Textil",
            "Farbe-Hersteller:": "SAI/LINEN-LINEN-GUM YELLOW",
            "Hauptfarbe:": "beige",
            "Hersteller-Artikel-Nr.:": "881204-100-40 EUR \u00b7 8,5 US",
            "Innenmaterial:": "Textil",
            "Kategorie:": "M\u00e4dels",
            "Laufsohle:": "Gummi",
            "Obermaterial:": "Leder, Textil",
            "Passform:": "normal",
            "Style:": "Tech, Mid"
        },
        "url": "43einhalb.com//17454453"
    },
    {
        "spec": {
            "Decksohle:": "Leder",
            "Farbe-Hersteller:": "TAUPE GREY / TAUPE GREY-SAIL",
            "Hauptfarbe:": "Lila",
            "Hersteller-Artikel-Nr.:": "828404-201-44,5 EUR \u00b7 12 US",
            "Innenmaterial:": "Textil",
            "Kategorie:": "M\u00e4dels",
            "Laufsohle:": "Gummi",
            "Modell:": "Nike WMNS Internationalist",
            "Obermaterial:": "Textil",
            "Passform:": "normal",
            "Style:": "Casual, Retro, Low"
        },
        "url": "43einhalb.com//10426316"
    },
    {
        "spec": {
            "Decksohle:": "Textil",
            "Farbe-Hersteller:": "SAI/LINEN-LINEN-GUM YELLOW",
            "Hauptfarbe:": "beige",
            "Hersteller-Artikel-Nr.:": "881204-100-39 EUR \u00b7 8 US",
            "Innenmaterial:": "Textil",
            "Kategorie:": "M\u00e4dels",
            "Laufsohle:": "Gummi",
            "Obermaterial:": "Leder, Textil",
            "Passform:": "normal",
            "Style:": "Tech, Mid"
        },
        "url": "43einhalb.com//5263267"
    },
    {
        "spec": {
            "Decksohle:": "Leder, Textil",
            "Farbe-Hersteller:": "BLACK / BLACK-ANTHRACITE-WHITE",
            "Hauptfarbe:": "schwarz",
            "Hersteller-Artikel-Nr.:": "918355-001-47 EUR \u00b7 12,5 US",
            "Innenmaterial:": "Textil",
            "Kategorie:": "Jungs",
            "Laufsohle:": "Gummi",
            "Modell:": "Nike Air Pegasus",
            "Obermaterial:": "Textil",
            "Passform:": "normal",
            "Style:": "Running, Casual, Low"
        },
        "url": "43einhalb.com//16800167"
    },
    {
        "spec": {
            "Decksohle:": "Textil",
            "Farbe-Hersteller:": "IVORY/IVORY-NEUTRAL OLIVE",
            "Hauptfarbe:": "wei\u00df",
            "Hersteller-Artikel-Nr.:": "917753-101-42,5 EUR \u00b7 9 US",
            "Innenmaterial:": "Textil",
            "Kategorie:": "Jungs",
            "Laufsohle:": "Gummi",
            "Modell:": "Nike Air Force 1",
            "Obermaterial:": "Leder, Textil",
            "Passform:": "normal",
            "Style:": "Casual, Basketball, Retro, Mid"
        },
        "url": "43einhalb.com//4176788"
    },
    {
        "spec": {
            "Decksohle:": "Textil",
            "Farbe-Hersteller:": "IVORY/IVORY-NEUTRAL OLIVE",
            "Hauptfarbe:": "wei\u00df",
            "Hersteller-Artikel-Nr.:": "917753-101-42,5 EUR \u00b7 9 US",
            "Innenmaterial:": "Textil",
            "Kategorie:": "Jungs",
            "Laufsohle:": "Gummi",
            "Modell:": "Nike Air Force 1",
            "Obermaterial:": "Leder, Textil",
            "Passform:": "normal",
            "Style:": "Casual, Basketball, Retro, Mid"
        },
        "url": "43einhalb.com//16242690"
    },
    {
        "spec": {
            "Decksohle:": "Textil",
            "Farbe-Hersteller:": "SAI/LINEN-LINEN-GUM YELLOW",
            "Hauptfarbe:": "beige",
            "Hersteller-Artikel-Nr.:": "881204-100-36 EUR \u00b7 5,5 US",
            "Innenmaterial:": "Textil",
            "Kategorie:": "M\u00e4dels",
            "Laufsohle:": "Gummi",
            "Obermaterial:": "Leder, Textil",
            "Passform:": "normal",
            "Style:": "Tech, Mid"
        },
        "url": "43einhalb.com//2961160"
    },
    {
        "spec": {
            "Decksohle:": "Leder",
            "Farbe-Hersteller:": "TAUPE GREY / TAUPE GREY-SAIL",
            "Hauptfarbe:": "Lila",
            "Hersteller-Artikel-Nr.:": "828404-201-37,5 EUR \u00b7 6,5 US",
            "Innenmaterial:": "Textil",
            "Kategorie:": "M\u00e4dels",
            "Laufsohle:": "Gummi",
            "Modell:": "Nike WMNS Internationalist",
            "Obermaterial:": "Textil",
            "Passform:": "normal",
            "Style:": "Casual, Retro, Low"
        },
        "url": "43einhalb.com//8183944"
    },
    {
        "spec": {
            "Decksohle:": "Leder",
            "Farbe-Hersteller:": "DARK STUCCO/DARK STUCCO-SAIL",
            "Hauptfarbe:": "gr\u00fcn",
            "Hersteller-Artikel-Nr.:": "904500-003-44 EUR \u00b7 11,5 US",
            "Innenmaterial:": "Textil",
            "Kategorie:": "M\u00e4dels",
            "Laufsohle:": "Gummi",
            "Modell:": "Nike Air Max Thea",
            "Obermaterial:": "Textil",
            "Passform:": "normal",
            "Style:": "Casual, Retro, Low"
        },
        "url": "43einhalb.com//14951584"
    },
    {
        "spec": {
            "Decksohle:": "Textil",
            "Farbe-Hersteller:": "DARK STUCCO/DARK STUCCO-SAIL",
            "Hauptfarbe:": "gr\u00fcn",
            "Hersteller-Artikel-Nr.:": "828404-009-37,5 EUR \u00b7 6,5 US",
            "Innenmaterial:": "Textil",
            "Kategorie:": "M\u00e4dels",
            "Laufsohle:": "Gummi",
            "Modell:": "Nike Internationalist",
            "Obermaterial:": "Leder, Textil",
            "Passform:": "normal",
            "Style:": "Running, Casual, Low"
        },
        "url": "43einhalb.com//9473914"
    },
    {
        "spec": {
            "Decksohle:": "Textil",
            "Farbe-Hersteller:": "SAI/LINEN-LINEN-GUM YELLOW",
            "Hauptfarbe:": "beige",
            "Hersteller-Artikel-Nr.:": "881204-100-36 EUR \u00b7 5,5 US",
            "Innenmaterial:": "Textil",
            "Kategorie:": "M\u00e4dels",
            "Laufsohle:": "Gummi",
            "Obermaterial:": "Leder, Textil",
            "Passform:": "normal",
            "Style:": "Tech, Mid"
        },
        "url": "43einhalb.com//14659612"
    },
    {
        "spec": {
            "Decksohle:": "Textil",
            "Farbe-Hersteller:": "DARK STUCCO/DARK STUCCO-SAIL",
            "Hauptfarbe:": "gr\u00fcn",
            "Hersteller-Artikel-Nr.:": "828404-009-37,5 EUR \u00b7 6,5 US",
            "Innenmaterial:": "Textil",
            "Kategorie:": "M\u00e4dels",
            "Laufsohle:": "Gummi",
            "Modell:": "Nike Internationalist",
            "Obermaterial:": "Leder, Textil",
            "Passform:": "normal",
            "Style:": "Running, Casual, Low"
        },
        "url": "43einhalb.com//8655364"
    },
    {
        "spec": {
            "Decksohle:": "Textil",
            "Farbe-Hersteller:": "TAUPE GREY/ARMORY NAVY",
            "Hauptfarbe:": "Lila",
            "Hersteller-Artikel-Nr.:": "828407-201-41 EUR \u00b7 9,5 US",
            "Innenmaterial:": "Textil",
            "Kategorie:": "M\u00e4dels",
            "Laufsohle:": "Gummi",
            "Modell:": "Nike WMNS Internationalist",
            "Obermaterial:": "Leder, Textil",
            "Passform:": "normal",
            "Style:": "Running, Casual, Low"
        },
        "url": "43einhalb.com//5922986"
    },
    {
        "spec": {
            "Decksohle:": "Textil",
            "Farbe-Hersteller:": "DARK STUCCO/DARK STUCCO-SAIL",
            "Hauptfarbe:": "gr\u00fcn",
            "Hersteller-Artikel-Nr.:": "828404-009-42 EUR \u00b7 10 US",
            "Innenmaterial:": "Textil",
            "Kategorie:": "M\u00e4dels",
            "Laufsohle:": "Gummi",
            "Modell:": "Nike Internationalist",
            "Obermaterial:": "Leder, Textil",
            "Passform:": "normal",
            "Style:": "Running, Casual, Low"
        },
        "url": "43einhalb.com//6992894"
    },
    {
        "spec": {
            "Decksohle:": "Textil",
            "Farbe-Hersteller:": "DARK STUCCO/DARK STUCCO-SAIL",
            "Hauptfarbe:": "gr\u00fcn",
            "Hersteller-Artikel-Nr.:": "828404-009-42 EUR \u00b7 10 US",
            "Innenmaterial:": "Textil",
            "Kategorie:": "M\u00e4dels",
            "Laufsohle:": "Gummi",
            "Modell:": "Nike Internationalist",
            "Obermaterial:": "Leder, Textil",
            "Passform:": "normal",
            "Style:": "Running, Casual, Low"
        },
        "url": "43einhalb.com//210477"
    },
    {
        "spec": {
            "Decksohle:": "Leder",
            "Farbe-Hersteller:": "DARK STUCCO/DARK STUCCO-SAIL",
            "Hauptfarbe:": "gr\u00fcn",
            "Hersteller-Artikel-Nr.:": "904500-003-43 EUR \u00b7 11 US",
            "Innenmaterial:": "Textil",
            "Kategorie:": "M\u00e4dels",
            "Laufsohle:": "Gummi",
            "Modell:": "Nike Air Max Thea",
            "Obermaterial:": "Textil",
            "Passform:": "normal",
            "Style:": "Casual, Retro, Low"
        },
        "url": "43einhalb.com//2507927"
    },
    {
        "spec": {
            "Decksohle:": "Textil",
            "Farbe-Hersteller:": "METALLIC SILVER/METALLIC SILVER",
            "Hauptfarbe:": "grau",
            "Hersteller-Artikel-Nr.:": "863700-002-37,5 EUR \u00b7 6,5 US",
            "Innenmaterial:": "Textil",
            "Kategorie:": "M\u00e4dels",
            "Laufsohle:": "Gummi",
            "Modell:": "Nike Air Max",
            "Obermaterial:": "Textil, Synthetik",
            "Passform:": "normal",
            "Style:": "Running, Vegan, Casual, Tech, Low"
        },
        "url": "43einhalb.com//3252387"
    },
    {
        "spec": {
            "Decksohle:": "Synthetik, Textil",
            "Farbe-Hersteller:": "Black/White",
            "Hauptfarbe:": "schwarz",
            "Hersteller-Artikel-Nr.:": "554724-034-44 EUR \u00b7 10 US",
            "Innenmaterial:": "Leder, Kunstleder, Textil, Synthetik",
            "Kategorie:": "Jungs",
            "Laufsohle:": "Gummi",
            "Modell:": "Nike Air Jordan",
            "Obermaterial:": "Leder, Textil, Synthetik",
            "Passform:": "normal",
            "Style:": "Basketball, Retro, Mid"
        },
        "url": "43einhalb.com//11588731"
    },
    {
        "spec": {
            "Decksohle:": "Textil",
            "Farbe-Hersteller:": "WHITE / WOLF GREY- PURE PLATINUM",
            "Hauptfarbe:": "wei\u00df",
            "Hersteller-Artikel-Nr.:": "880845-100-45 EUR \u00b7 11 US",
            "Innenmaterial:": "Textil",
            "Kategorie:": "Jungs",
            "Laufsohle:": "Gummi",
            "Modell:": "Nike Free",
            "Obermaterial:": "Textil",
            "Passform:": "normal",
            "Style:": "Running, Tech, Low"
        },
        "url": "43einhalb.com//8944576"
    },
    {
        "spec": {
            "Decksohle:": "Leder, Textil",
            "Farbe-Hersteller:": "BLACK / BLACK-ANTHRACITE-WHITE",
            "Hauptfarbe:": "schwarz",
            "Hersteller-Artikel-Nr.:": "918355-001-42 EUR \u00b7 8,5 US",
            "Innenmaterial:": "Textil",
            "Kategorie:": "Jungs",
            "Laufsohle:": "Gummi",
            "Modell:": "Nike Air Pegasus",
            "Obermaterial:": "Textil",
            "Passform:": "normal",
            "Style:": "Running, Casual, Low"
        },
        "url": "43einhalb.com//17305538"
    },
    {
        "spec": {
            "Decksohle:": "Synthetik, Textil",
            "Farbe-Hersteller:": "Black/White",
            "Hauptfarbe:": "schwarz",
            "Hersteller-Artikel-Nr.:": "554724-034-44 EUR \u00b7 10 US",
            "Innenmaterial:": "Leder, Kunstleder, Textil, Synthetik",
            "Kategorie:": "Jungs",
            "Laufsohle:": "Gummi",
            "Modell:": "Nike Air Jordan",
            "Obermaterial:": "Leder, Textil, Synthetik",
            "Passform:": "normal",
            "Style:": "Basketball, Retro, Mid"
        },
        "url": "43einhalb.com//36794"
    },
    {
        "spec": {
            "Decksohle:": "Textil",
            "Farbe-Hersteller:": "BLACK/WHITE-PURE PLATINUM",
            "Hauptfarbe:": "schwarz",
            "Hersteller-Artikel-Nr.:": "880846-001-38 EUR \u00b7 7 US",
            "Innenmaterial:": "Textil",
            "Kategorie:": "M\u00e4dels",
            "Laufsohle:": "Gummi",
            "Modell:": "Nike Free",
            "Obermaterial:": "Textil",
            "Passform:": "normal",
            "Style:": "Running, Mid"
        },
        "url": "43einhalb.com//1862746"
    }
]