{
    "10485938": [
        "43einhalb.com//210477"
    ],
    "10488019": [
        "43einhalb.com//5995069"
    ],
    "10488026": [
        "43einhalb.com//14459157"
    ],
    "10488134": [
        "43einhalb.com//8655364"
    ],
    "10932119": [
        "43einhalb.com//36794"
    ],
    "11941549": [
        "43einhalb.com//14951584",
        "43einhalb.com//2507927"
    ],
    "13399946": [
        "43einhalb.com//4176788"
    ],
    "13946394": [
        "43einhalb.com//16242690"
    ],
    "14514987": [
        "43einhalb.com//15356682",
        "43einhalb.com//16800167",
        "43einhalb.com//17305538"
    ],
    "15767526": [
        "43einhalb.com//8944576"
    ],
    "15783078": [
        "43einhalb.com//1862746"
    ],
    "3897137": [
        "43einhalb.com//11588731"
    ],
    "4372750": [
        "43einhalb.com//11745235",
        "43einhalb.com//2961160",
        "43einhalb.com//5263267"
    ],
    "7556380": [
        "43einhalb.com//15349133"
    ],
    "7556381": [
        "43einhalb.com//3862998",
        "43einhalb.com//6992894",
        "43einhalb.com//9473914"
    ],
    "7557217": [
        "43einhalb.com//10426316",
        "43einhalb.com//16571496",
        "43einhalb.com//8183944",
        "43einhalb.com//9802244"
    ],
    "7616101": [
        "43einhalb.com//5922986"
    ],
    "7975061": [
        "43einhalb.com//14659612"
    ],
    "7975180": [
        "43einhalb.com//12863002"
    ],
    "7975191": [
        "43einhalb.com//17454453"
    ],
    "8541982": [
        "43einhalb.com//11198171",
        "43einhalb.com//3252387"
    ]
}