[
    {
        "spec": {
            "Brand": "Jackery",
            "Color": "Silver",
            "Item Size": "3.1 x 0.8 x 0.8 inches",
            "Item Weight": "0.65 pounds",
            "Manufacturer": "Jackery",
            "Model": "38510400ASV",
            "Package Size": "4.9 x 1.4 x 1.4 inches",
            "Package Weight": "0.85 pounds",
            "UPC": "856349004045",
            "Units in Package": "1"
        },
        "url": "5freehosting.com//17532339"
    },
    {
        "spec": {
            "Brand": "amFilm",
            "Color": "Tempered Glass",
            "Item Size": "6.6 x 0.3 x 0.3 inches",
            "Item Weight": "0.55 pounds",
            "Manufacturer": "TechMatte",
            "Model": "B01597GXJU",
            "Package Size": "6.6 x 0.3 x 0.3 inches",
            "Package Weight": "0.25 pounds",
            "UPC": "810357022316",
            "Units in Package": "1"
        },
        "url": "5freehosting.com//11484664"
    },
    {
        "spec": {
            "Brand": "Jackery",
            "Color": "Orange",
            "Item Size": "1.8 x 0.9 x 0.9 inches",
            "Item Weight": "0.34 pounds",
            "Manufacturer": "Jackery",
            "Model": "Jackery Bar Premium",
            "Package Size": "4.4 x 1.3 x 1.3 inches",
            "Package Weight": "0.35 pounds",
            "UPC": "856349004014",
            "Units in Package": "1"
        },
        "url": "5freehosting.com//6710547"
    },
    {
        "spec": {
            "Brand": "Anker",
            "Color": "Silver",
            "Item Size": "3.54 x 0.79 x 0.79 inches",
            "Item Weight": "0.38 pounds",
            "Manufacturer": "Anker",
            "Model": "AK-77ANSTAND-SA",
            "Package Size": "4.6 x 1.4 x 1.4 inches",
            "Package Weight": "0.5 pounds",
            "UPC": "848061078701",
            "Units in Package": "1"
        },
        "url": "5freehosting.com//13555572"
    },
    {
        "spec": {
            "Brand": "Jackery",
            "Color": "Black",
            "Item Size": "1.8 x 0.9 x 0.9 inches",
            "Item Weight": "0.34 pounds",
            "Manufacturer": "Jackery",
            "Model": "Jackery Bar Premium",
            "Package Size": "4.17 x 1.26 x 1.26 inches",
            "Package Weight": "0.55 pounds",
            "UPC": "856349004106",
            "Units in Package": "1"
        },
        "url": "5freehosting.com//493834"
    },
    {
        "spec": {
            "Brand": "Jackery",
            "Color": "Silver",
            "Manufacturer": "Jackery",
            "Model": "K056ASVH",
            "UPC": "856349004021"
        },
        "url": "5freehosting.com//8513728"
    },
    {
        "spec": {
            "Brand": "Jackery",
            "Color": "Orange",
            "Item Size": "7 x 7 x 7 inches",
            "Item Weight": "0.65 pounds",
            "Manufacturer": "Jackery",
            "Model": "38510400ATG",
            "Package Size": "4.5 x 1.5 x 1.5 inches",
            "Package Weight": "0.95 pounds",
            "UPC": "856349004038",
            "Units in Package": "1"
        },
        "url": "5freehosting.com//3145027"
    },
    {
        "spec": {
            "Brand": "Samsung",
            "Color": "Black High Glossy/Metallic Silver",
            "Item Size": "7.36 x 16.85 x 16.85 inches",
            "Item Weight": "10.1 pounds",
            "Manufacturer": "Samsung",
            "Model": "U24E590D",
            "Package Size": "15.6 x 5.7 x 5.7 inches",
            "Package Weight": "14.1 pounds",
            "UPC": "887276079752",
            "Units in Package": "1"
        },
        "url": "5freehosting.com//11182220"
    },
    {
        "spec": {
            "Brand": "Samsung",
            "Color": "White",
            "Item Size": "6.94 x 0.31 x 0.31 inches",
            "Item Weight": "1.1 pounds",
            "Manufacturer": "Samsung",
            "Model": "T230NZWAXAR",
            "Package Size": "7.91 x 1.81 x 1.81 inches",
            "Package Weight": "0.95 pounds",
            "UPC": "642337793059",
            "Units in Package": "1"
        },
        "url": "5freehosting.com//2637243"
    }
]