{
    "10515096": [
        "5freehosting.com//11484664"
    ],
    "11063180": [
        "5freehosting.com//11182220"
    ],
    "12030250": [
        "5freehosting.com//13555572"
    ],
    "13970539": [
        "5freehosting.com//2637243"
    ],
    "4226034": [
        "5freehosting.com//6710547"
    ],
    "4226038": [
        "5freehosting.com//8513728"
    ],
    "4228355": [
        "5freehosting.com//493834"
    ],
    "5667451": [
        "5freehosting.com//17532339"
    ],
    "5667456": [
        "5freehosting.com//3145027"
    ]
}