{
    "1060754": [
        "5freehosting.com//15786433"
    ],
    "1141360": [
        "5freehosting.com//12176508"
    ],
    "1337057": [
        "5freehosting.com//4981947"
    ],
    "1369890": [
        "5freehosting.com//1170147"
    ],
    "1460136": [
        "5freehosting.com//9408580"
    ],
    "157766": [
        "5freehosting.com//16957886"
    ],
    "158449": [
        "5freehosting.com//12954496"
    ],
    "16361127": [
        "5freehosting.com//14175876"
    ],
    "181413": [
        "5freehosting.com//4914568"
    ],
    "195700": [
        "5freehosting.com//13326508"
    ],
    "204070": [
        "5freehosting.com//15065318"
    ],
    "224505": [
        "5freehosting.com//6872497"
    ],
    "242533": [
        "5freehosting.com//1289687"
    ],
    "281450": [
        "5freehosting.com//5938454"
    ],
    "307447": [
        "5freehosting.com//7893526"
    ],
    "311171": [
        "5freehosting.com//14438934"
    ],
    "418410": [
        "5freehosting.com//13744723"
    ],
    "418639": [
        "5freehosting.com//9841411"
    ],
    "514947": [
        "5freehosting.com//9052758"
    ],
    "8664": [
        "5freehosting.com//4478479"
    ],
    "881407": [
        "5freehosting.com//7813872"
    ],
    "91266": [
        "5freehosting.com//15285421"
    ],
    "985322": [
        "5freehosting.com//5387403"
    ],
    "9892434": [
        "5freehosting.com//11781781",
        "5freehosting.com//15080724"
    ],
    "994103": [
        "5freehosting.com//1787448"
    ]
}