{
    "10455115": [
        "5freehosting.com//660869"
    ],
    "10520764": [
        "5freehosting.com//13010670"
    ],
    "1060754": [
        "5freehosting.com//15786433"
    ],
    "10919295": [
        "5freehosting.com//17518436"
    ],
    "11276132": [
        "5freehosting.com//2020923"
    ],
    "11352977": [
        "5freehosting.com//10534900"
    ],
    "1141360": [
        "5freehosting.com//12176508"
    ],
    "11437115": [
        "5freehosting.com//13559058"
    ],
    "11994775": [
        "5freehosting.com//17306852"
    ],
    "12188080": [
        "5freehosting.com//3693221"
    ],
    "12241022": [
        "5freehosting.com//5255912"
    ],
    "12311938": [
        "5freehosting.com//12775552"
    ],
    "12392650": [
        "5freehosting.com//5986347"
    ],
    "12394108": [
        "5freehosting.com//14794618"
    ],
    "12414392": [
        "5freehosting.com//13158105"
    ],
    "12808331": [
        "5freehosting.com//16146090"
    ],
    "13193885": [
        "5freehosting.com//9437828"
    ],
    "13278623": [
        "5freehosting.com//17285526"
    ],
    "1337057": [
        "5freehosting.com//4981947"
    ],
    "13371833": [
        "5freehosting.com//3376565"
    ],
    "13600677": [
        "5freehosting.com//1252910"
    ],
    "1369890": [
        "5freehosting.com//1170147"
    ],
    "13868227": [
        "5freehosting.com//3279655"
    ],
    "14007788": [
        "5freehosting.com//6561060"
    ],
    "1460136": [
        "5freehosting.com//9408580"
    ],
    "14817254": [
        "5freehosting.com//16975540"
    ],
    "15262463": [
        "5freehosting.com//16353546"
    ],
    "15274139": [
        "5freehosting.com//15939861"
    ],
    "15526892": [
        "5freehosting.com//3935713"
    ],
    "157766": [
        "5freehosting.com//16957886"
    ],
    "158449": [
        "5freehosting.com//12954496"
    ],
    "16361127": [
        "5freehosting.com//14175876"
    ],
    "181413": [
        "5freehosting.com//4914568"
    ],
    "1858410": [
        "5freehosting.com//14385558"
    ],
    "195700": [
        "5freehosting.com//13326508"
    ],
    "204070": [
        "5freehosting.com//15065318"
    ],
    "2065880": [
        "5freehosting.com//1307542"
    ],
    "224505": [
        "5freehosting.com//6872497"
    ],
    "2381596": [
        "5freehosting.com//15764971"
    ],
    "242533": [
        "5freehosting.com//1289687"
    ],
    "2764060": [
        "5freehosting.com//7573044"
    ],
    "2764471": [
        "5freehosting.com//17329618"
    ],
    "2770761": [
        "5freehosting.com//8997127"
    ],
    "281450": [
        "5freehosting.com//5938454"
    ],
    "2830941": [
        "5freehosting.com//1147655"
    ],
    "2986746": [
        "5freehosting.com//1188649"
    ],
    "2998713": [
        "5freehosting.com//661453"
    ],
    "2998931": [
        "5freehosting.com//849098"
    ],
    "3014688": [
        "5freehosting.com//8661364"
    ],
    "307447": [
        "5freehosting.com//7893526"
    ],
    "311171": [
        "5freehosting.com//14438934"
    ],
    "3118356": [
        "5freehosting.com//14646034"
    ],
    "3280148": [
        "5freehosting.com//5119417"
    ],
    "3714970": [
        "5freehosting.com//3182962"
    ],
    "3998477": [
        "5freehosting.com//15083436"
    ],
    "4067854": [
        "5freehosting.com//3262269"
    ],
    "4126396": [
        "5freehosting.com//1654085"
    ],
    "418410": [
        "5freehosting.com//13744723"
    ],
    "418639": [
        "5freehosting.com//9841411"
    ],
    "4954023": [
        "5freehosting.com//10847487"
    ],
    "514947": [
        "5freehosting.com//9052758"
    ],
    "5842175": [
        "5freehosting.com//9309532"
    ],
    "5934890": [
        "5freehosting.com//3985967"
    ],
    "5965464": [
        "5freehosting.com//3160392"
    ],
    "6027132": [
        "5freehosting.com//16380713"
    ],
    "6228382": [
        "5freehosting.com//15986168"
    ],
    "6384028": [
        "5freehosting.com//1610907"
    ],
    "6390214": [
        "5freehosting.com//5649081"
    ],
    "6456482": [
        "5freehosting.com//9267524"
    ],
    "6851645": [
        "5freehosting.com//12840283"
    ],
    "8033276": [
        "5freehosting.com//7325039"
    ],
    "8507730": [
        "5freehosting.com//695945"
    ],
    "8664": [
        "5freehosting.com//4478479"
    ],
    "881407": [
        "5freehosting.com//7813872"
    ],
    "91266": [
        "5freehosting.com//15285421"
    ],
    "9282813": [
        "5freehosting.com//8948604"
    ],
    "94946": [
        "5freehosting.com//12453475"
    ],
    "958551": [
        "5freehosting.com//17506880"
    ],
    "9686036": [
        "5freehosting.com//11669407"
    ],
    "985322": [
        "5freehosting.com//5387403"
    ],
    "9892434": [
        "5freehosting.com//11781781",
        "5freehosting.com//15080724"
    ],
    "994103": [
        "5freehosting.com//1787448"
    ]
}