[
    {
        "spec": {
            "Brand": "CybertronPC",
            "Color": "Blue",
            "Item Size": "7.75 x 17.5 x 17.5 inches",
            "Item Weight": "27 pounds",
            "Manufacturer": "CybertronPC",
            "Model": "TGM4213D",
            "Package Size": "23.4 x 13.5 x 13.5 inches",
            "Package Weight": "26.95 pounds",
            "UPC": "844750023618",
            "Units in Package": "1"
        },
        "url": "5freehosting.com//1252910"
    },
    {
        "spec": {
            "Brand": "CybertronPC",
            "Color": "Red",
            "Manufacturer": "CybertronPC",
            "Model": "TGM1213L",
            "UPC": "844750023700"
        },
        "url": "5freehosting.com//14794618"
    },
    {
        "spec": {
            "Brand": "Dell",
            "Color": "Black",
            "Item Size": "4 x 10.5 x 10.5 inches",
            "Item Weight": "13 pounds",
            "Manufacturer": "Dell Marketing USA, LP",
            "Model": "i3647-38512BK",
            "Package Size": "15.1 x 10.4 x 10.4 inches",
            "Package Weight": "16.7 pounds",
            "UPC": "884116167983",
            "Units in Package": "1"
        },
        "url": "5freehosting.com//1610907"
    },
    {
        "spec": {
            "Brand": "Dell",
            "Color": "Black",
            "Item Size": "6.9 x 14.5 x 14.5 inches",
            "Item Weight": "17.4 pounds",
            "Manufacturer": "Dell Marketing USA, LP",
            "Model": "i3847-1696BK",
            "Package Size": "19.1 x 14.7 x 14.7 inches",
            "Package Weight": "24.4 pounds",
            "UPC": "884116167754",
            "Units in Package": "1"
        },
        "url": "5freehosting.com//2020923"
    },
    {
        "spec": {
            "Brand": "CybertronPC",
            "Color": "Blue",
            "Manufacturer": "CybertronPC",
            "Model": "TGM1293F",
            "UPC": "844750023724"
        },
        "url": "5freehosting.com//5986347"
    },
    {
        "spec": {
            "Item Size": "14.21 x 2.01 x 2.01 inches",
            "Item Weight": "12.17 pounds",
            "Package Size": "20.7 x 7.2 x 7.2 inches",
            "Package Weight": "19.5 pounds",
            "Units in Package": "1"
        },
        "url": "5freehosting.com//15986168"
    },
    {
        "spec": {
            "Brand": "Asus",
            "Color": "Black",
            "Item Size": "15 x 1.2 x 1.2 inches",
            "Item Weight": "4.7 pounds",
            "Manufacturer": "ASUS Computers",
            "Model": "X55lEB01",
            "Package Size": "11.7 x 2.6 x 2.6 inches",
            "Package Weight": "6.1 pounds",
            "UPC": "886227738793",
            "Units in Package": "1"
        },
        "url": "5freehosting.com//16975540"
    },
    {
        "spec": {
            "Brand": "HP",
            "Item Size": "3.38 x 26.01 x 26.01 inches",
            "Item Weight": "0.06 pounds",
            "Manufacturer": "HP SMART BUY SERVERS",
            "Model": "470064-552",
            "Package Size": "17.52 x 3.39 x 3.39 inches",
            "Package Weight": "0.06 pounds",
            "SKU": "753343",
            "UPC": "883585485611",
            "Units in Package": "1"
        },
        "url": "5freehosting.com//3693221"
    },
    {
        "spec": {
            "Item Size": "7.87 x 1.1 x 1.1 inches",
            "Item Weight": "0.66 pounds",
            "Package Size": "8.82 x 2.68 x 2.68 inches",
            "Package Weight": "1.5 pounds",
            "Units in Package": "1"
        },
        "url": "5freehosting.com//3985967"
    },
    {
        "spec": {
            "Brand": "NETGEAR",
            "Color": "Black",
            "Item Size": "6.73 x 10.28 x 10.28 inches",
            "Item Weight": "6.95 pounds",
            "Manufacturer": "Netgear",
            "Model": "RN31200-100NAS",
            "Package Size": "10.5 x 6.9 x 6.9 inches",
            "Package Weight": "7.2 pounds",
            "UPC": "806300083626",
            "Units in Package": "1"
        },
        "url": "5freehosting.com//17306852"
    },
    {
        "spec": {
            "Item Size": "5.97 x 1.23 x 1.23 inches",
            "Item Weight": "0.52 pounds",
            "Package Size": "9.3 x 2.8 x 2.8 inches",
            "Package Weight": "1.5 pounds",
            "Units in Package": "1"
        },
        "url": "5freehosting.com//849098"
    },
    {
        "spec": {
            "Brand": "HP",
            "Color": "ocean turquoise",
            "Item Size": "13.54 x 0.7 x 0.7 inches",
            "Item Weight": "3.4 pounds",
            "Manufacturer": "hp",
            "Model": "J9M93UA#ABA",
            "Package Size": "14.3 x 3.8 x 3.8 inches",
            "Package Weight": "5.75 pounds",
            "UPC": "888793798317",
            "Units in Package": "1"
        },
        "url": "5freehosting.com//5255912"
    },
    {
        "spec": {
            "Brand": "Dell",
            "Color": "Black",
            "Item Size": "10.5 x 1 x 1 inches",
            "Item Weight": "5.26 pounds",
            "Manufacturer": "Dell Marketing USA, LP",
            "Model": "i3543-000BLK",
            "Package Size": "13.5 x 3 x 3 inches",
            "Package Weight": "7.45 pounds",
            "UPC": "884116164579",
            "Units in Package": "1"
        },
        "url": "5freehosting.com//7325039"
    },
    {
        "spec": {
            "Item Size": "3.25 x 2.63 x 2.63 inches",
            "Item Weight": "1 pounds",
            "Package Size": "3.5 x 2.9 x 2.9 inches",
            "Package Weight": "0.5 pounds",
            "Units in Package": "1"
        },
        "url": "5freehosting.com//17518436"
    },
    {
        "spec": {
            "Brand": "Asus",
            "Color": "Glacier Grey",
            "Item Size": "15 x 0.9 x 0.9 inches",
            "Item Weight": "4.4 pounds",
            "Manufacturer": "ASUS Computers",
            "Model": "K501UX-AH71",
            "Package Size": "11.8 x 2.5 x 2.5 inches",
            "Package Weight": "6.95 pounds",
            "UPC": "889349200438",
            "Units in Package": "1"
        },
        "url": "5freehosting.com//3376565"
    },
    {
        "spec": {
            "Brand": "NETGEAR",
            "Color": "White",
            "Item Size": "8.43 x 2.36 x 2.36 inches",
            "Item Weight": "0.95 pounds",
            "Manufacturer": "Netgear",
            "Model": "WNR2020-200PAS",
            "Package Size": "8.5 x 2.4 x 2.4 inches",
            "Package Weight": "0.95 pounds",
            "UPC": "606449106978",
            "Units in Package": "1"
        },
        "url": "5freehosting.com//13158105"
    },
    {
        "spec": {
            "Item Size": "2 x 5.5 x 5.5 inches",
            "Item Weight": "0.25 pounds",
            "Package Size": "4.72 x 1.89 x 1.89 inches",
            "Package Weight": "0.26 pounds",
            "Units in Package": "1"
        },
        "url": "5freehosting.com//1787448"
    },
    {
        "spec": {
            "Brand": "AOC",
            "Color": "Black",
            "Item Size": "14.8 x 9.29 x 9.29 inches",
            "Item Weight": "2.3 pounds",
            "Manufacturer": "AOC International",
            "Model": "e1649Fwu",
            "Package Size": "11.9 x 4.1 x 4.1 inches",
            "Package Weight": "3.9 pounds",
            "UPC": "633077399830",
            "Units in Package": "1"
        },
        "url": "5freehosting.com//8948604"
    },
    {
        "spec": {
            "Item Size": "5.04 x 0.3 x 0.3 inches",
            "Item Weight": "0.69 pounds",
            "Package Size": "5.6 x 1.4 x 1.4 inches",
            "Package Weight": "1.35 pounds",
            "Units in Package": "1"
        },
        "url": "5freehosting.com//8997127"
    },
    {
        "spec": {
            "Brand": "HP",
            "Color": "Black",
            "Item Size": "18.6 x 11.8 x 11.8 inches",
            "Item Weight": "18.95 pounds",
            "Manufacturer": "Hewlett Packard",
            "Model": "P5U66UT#ABA",
            "Package Size": "18.7 x 11.7 x 11.7 inches",
            "Package Weight": "19.5 pounds",
            "UPC": "889894346391",
            "Units in Package": "1"
        },
        "url": "5freehosting.com//17285526"
    },
    {
        "spec": {
            "Item Size": "5.5 x 2 x 2 inches",
            "Item Weight": "0.25 pounds",
            "Package Size": "4.5 x 1.8 x 1.8 inches",
            "Package Weight": "0.25 pounds",
            "Units in Package": "1"
        },
        "url": "5freehosting.com//4981947"
    },
    {
        "spec": {
            "Brand": "Dell",
            "Color": "Black",
            "Item Size": "9.7 x 13.6 x 13.6 inches",
            "Item Weight": "4.44 pounds",
            "Manufacturer": "Dell Marketing USA, LP",
            "Model": "i3451-1001BLK",
            "Package Size": "13.9 x 3.4 x 3.4 inches",
            "Package Weight": "5.85 pounds",
            "UPC": "884116164890",
            "Units in Package": "1"
        },
        "url": "5freehosting.com//13559058"
    },
    {
        "spec": {
            "Item Size": "10.3 x 0.3 x 0.3 inches",
            "Item Weight": "0.95 pounds",
            "Package Size": "6.8 x 1.3 x 1.3 inches",
            "Package Weight": "1.55 pounds",
            "Units in Package": "1"
        },
        "url": "5freehosting.com//17329618"
    },
    {
        "spec": {
            "Brand": "Oemgenuine",
            "Color": "Black",
            "Item Size": "1.36 x 7.2 x 7.2 inches",
            "Item Weight": "2.9 pounds",
            "Manufacturer": "Lenovo",
            "Model": "ThinkCentre M700",
            "Package Size": "11 x 7.5 x 7.5 inches",
            "Package Weight": "8.25 pounds",
            "UPC": "814158022131",
            "Units in Package": "1"
        },
        "url": "5freehosting.com//11781781"
    },
    {
        "spec": {
            "Brand": "Oemgenuine",
            "Color": "Black",
            "Item Size": "6.3 x 15.6 x 15.6 inches",
            "Item Weight": "16.5 pounds",
            "Manufacturer": "Lenovo",
            "Model": "ThinkCentre E73 Tower",
            "Package Size": "19.8 x 11.6 x 11.6 inches",
            "Package Weight": "19.35 pounds",
            "UPC": "814158022018",
            "Units in Package": "1"
        },
        "url": "5freehosting.com//16380713"
    },
    {
        "spec": {
            "Item Size": "6 x 2 x 2 inches",
            "Item Weight": "0.2 pounds",
            "Package Size": "4.69 x 1.81 x 1.81 inches",
            "Package Weight": "0.28 pounds",
            "Units in Package": "1"
        },
        "url": "5freehosting.com//5387403"
    },
    {
        "spec": {
            "Item Size": "1.06 x 4.06 x 4.06 inches",
            "Item Weight": "1.58 pounds",
            "Package Size": "9.4 x 2.3 x 2.3 inches",
            "Package Weight": "2.75 pounds",
            "Units in Package": "1"
        },
        "url": "5freehosting.com//10847487"
    },
    {
        "spec": {
            "Brand": "Asus",
            "Color": "Black",
            "Item Size": "2.3 x 7.4 x 7.4 inches",
            "Item Weight": "2.25 pounds",
            "Manufacturer": "ASUS Computer International Direct",
            "Model": "RT-AC3200",
            "Package Size": "9.29 x 3.7 x 3.7 inches",
            "Package Weight": "4 pounds",
            "UPC": "886227780914",
            "Units in Package": "1"
        },
        "url": "5freehosting.com//13326508"
    },
    {
        "spec": {
            "Brand": "Cisco",
            "Color": "Blue",
            "Item Size": "7.9 x 1.7 x 1.7 inches",
            "Item Weight": "4 pounds",
            "Manufacturer": "CISCO SYSTEMS - ENTERPRISE",
            "Model": "ASA5505-BUN-K9",
            "Package Size": "9.9 x 5.6 x 5.6 inches",
            "Package Weight": "5.25 pounds",
            "UPC": "031112150963",
            "Units in Package": "1"
        },
        "url": "5freehosting.com//17506880"
    },
    {
        "spec": {
            "Item Size": "6 x 2 x 2 inches",
            "Item Weight": "0.01 pounds",
            "Package Size": "4.72 x 1.81 x 1.81 inches",
            "Package Weight": "0.01 pounds",
            "Units in Package": "1"
        },
        "url": "5freehosting.com//1289687"
    },
    {
        "spec": {
            "Item Size": "15.12 x 0.98 x 0.98 inches",
            "Item Weight": "4.62 pounds",
            "Package Size": "12.6 x 2.6 x 2.6 inches",
            "Package Weight": "6.5 pounds",
            "Units in Package": "1"
        },
        "url": "5freehosting.com//10534900"
    },
    {
        "spec": {
            "Item Size": "3.4 x 4.6 x 4.6 inches",
            "Item Weight": "0.83 pounds",
            "Package Size": "4.5 x 3.2 x 3.2 inches",
            "Package Weight": "0.65 pounds",
            "Units in Package": "1"
        },
        "url": "5freehosting.com//4914568"
    },
    {
        "spec": {
            "Item Size": "5.6 x 6 x 6 inches",
            "Item Weight": "0.44 pounds",
            "Package Size": "4.17 x 3.07 x 3.07 inches",
            "Package Weight": "0.53 pounds",
            "Units in Package": "1"
        },
        "url": "5freehosting.com//15065318"
    },
    {
        "spec": {
            "Item Size": "10.4 x 2.8 x 2.8 inches",
            "Item Weight": "1.7 pounds",
            "Package Size": "10.4 x 2.8 x 2.8 inches",
            "Package Weight": "1.7 pounds",
            "Units in Package": "1"
        },
        "url": "5freehosting.com//14385558"
    },
    {
        "spec": {
            "Brand": "Apple",
            "Color": "Gray",
            "Item Size": "5.3 x 0.29 x 0.29 inches",
            "Item Weight": "0.73 pounds",
            "Manufacturer": "Apple Computer",
            "Model": "ME277LL/A",
            "Package Size": "5.7 x 1.9 x 1.9 inches",
            "Package Weight": "1.35 pounds",
            "UPC": "885909708246",
            "Units in Package": "1"
        },
        "url": "5freehosting.com//1188649"
    },
    {
        "spec": {
            "Item Size": "2 x 14 x 14 inches",
            "Item Weight": "6 pounds",
            "Package Size": "12.8 x 3.2 x 3.2 inches",
            "Package Weight": "6.55 pounds",
            "Units in Package": "1"
        },
        "url": "5freehosting.com//3160392"
    },
    {
        "spec": {
            "Brand": "Microsoft",
            "Color": "Magnesium",
            "Item Size": "10.8 x 0.4 x 0.4 inches",
            "Item Weight": "1.98 pounds",
            "Manufacturer": "Microsoft",
            "Model": "P4W-00001",
            "Package Size": "12 x 4 x 4 inches",
            "Package Weight": "2.45 pounds",
            "UPC": "885370621839",
            "Units in Package": "1"
        },
        "url": "5freehosting.com//11669407"
    },
    {
        "spec": {
            "Brand": "Microsoft",
            "Color": "Magnesium",
            "Item Size": "10.8 x 0.4 x 0.4 inches",
            "Item Weight": "1.43 pounds",
            "Manufacturer": "Microsoft Surface",
            "Model": "P3W-00001",
            "Package Size": "8.5 x 1.7 x 1.7 inches",
            "Package Weight": "2.2 pounds",
            "UPC": "602963000006",
            "Units in Package": "1"
        },
        "url": "5freehosting.com//14646034"
    },
    {
        "spec": {
            "Brand": "Apple",
            "Color": "silver",
            "Item Size": "1 x 1 x 1 inches",
            "Item Weight": "4.2 pounds",
            "Manufacturer": "Apple Computer",
            "Model": "MJVM2LL/A",
            "Package Size": "9.1 x 2.4 x 2.4 inches",
            "Package Weight": "4.95 pounds",
            "UPC": "616348081665",
            "Units in Package": "1"
        },
        "url": "5freehosting.com//3279655"
    },
    {
        "spec": {
            "Brand": "Apple",
            "Color": "Black",
            "Item Size": "6.6 x 0.29 x 0.29 inches",
            "Item Weight": "1 pounds",
            "Manufacturer": "Apple Computer",
            "Model": "MD786LL/A",
            "Package Size": "7.1 x 1.7 x 1.7 inches",
            "Package Weight": "2.02 pounds",
            "UPC": "885909772476",
            "Units in Package": "1"
        },
        "url": "5freehosting.com//15939861"
    },
    {
        "spec": {
            "Item Size": "10.5 x 1.75 x 1.75 inches",
            "Item Weight": "1.46 pounds",
            "Package Size": "10.24 x 2.2 x 2.2 inches",
            "Package Weight": "1.5 pounds",
            "Units in Package": "1"
        },
        "url": "5freehosting.com//6872497"
    },
    {
        "spec": {
            "Brand": "Apple",
            "Color": "Space Grey",
            "Item Size": "6.6 x 0.29 x 0.29 inches",
            "Item Weight": "1 pounds",
            "Manufacturer": "Apple",
            "Model": "MD785LL/B",
            "Package Size": "7.1 x 1.8 x 1.8 inches",
            "Package Weight": "1.6 pounds",
            "UPC": "885909772148",
            "Units in Package": "1"
        },
        "url": "5freehosting.com//16353546"
    },
    {
        "spec": {
            "Brand": "Apple",
            "Color": "Silver",
            "Item Size": "5.3 x 0.29 x 0.29 inches",
            "Item Weight": "0.73 pounds",
            "Manufacturer": "Apple Computer",
            "Model": "ME279LL/A",
            "Package Size": "5.8 x 1.7 x 1.7 inches",
            "Package Weight": "1.45 pounds",
            "UPC": "880959726080",
            "Units in Package": "1"
        },
        "url": "5freehosting.com//8661364"
    },
    {
        "spec": {
            "Item Size": "5.5 x 2 x 2 inches",
            "Item Weight": "0.25 pounds",
            "Package Size": "4.8 x 1.9 x 1.9 inches",
            "Package Weight": "0.3 pounds",
            "Units in Package": "1"
        },
        "url": "5freehosting.com//7813872"
    },
    {
        "spec": {
            "Brand": "NETGEAR",
            "Color": "Black",
            "Item Size": "8.98 x 2.56 x 2.56 inches",
            "Item Weight": "1.11 pounds",
            "Manufacturer": "Netgear",
            "Model": "WNR2000-100NAS",
            "Package Size": "7.4 x 3.9 x 3.9 inches",
            "Package Weight": "1.5 pounds",
            "SKU": "WNR2000100NAS",
            "UPC": "611101318408",
            "Units in Package": "10"
        },
        "url": "5freehosting.com//14175876"
    },
    {
        "spec": {
            "Item Size": "8.98 x 2.56 x 2.56 inches",
            "Item Weight": "1.55 pounds",
            "Package Size": "9.1 x 2.6 x 2.6 inches",
            "Package Weight": "1.15 pounds",
            "Units in Package": "1"
        },
        "url": "5freehosting.com//13744723"
    },
    {
        "spec": {
            "Brand": "Apple",
            "Color": "Gold",
            "Item Size": "0.24 x 9.45 x 9.45 inches",
            "Item Weight": "0.96 pounds",
            "Manufacturer": "Apple Computer",
            "Model": "MLMQ2CL/A",
            "Package Size": "7.2 x 1.7 x 1.7 inches",
            "Package Weight": "1.35 pounds",
            "UPC": "888462761420",
            "Units in Package": "1"
        },
        "url": "5freehosting.com//1654085"
    },
    {
        "spec": {
            "Item Size": "1.14 x 5.43 x 5.43 inches",
            "Item Weight": "3.09 pounds",
            "Package Size": "10.8 x 4.5 x 4.5 inches",
            "Package Weight": "4.5 pounds",
            "Units in Package": "1"
        },
        "url": "5freehosting.com//660869"
    },
    {
        "spec": {
            "Brand": "Apple",
            "Color": "Space Gray",
            "Item Size": "5.3 x 0.29 x 0.29 inches",
            "Item Weight": "0.73 pounds",
            "Manufacturer": "Apple Computer",
            "Model": "ME276LL/A",
            "Package Size": "7.01 x 2.99 x 2.99 inches",
            "Package Weight": "1 pounds",
            "UPC": "885909766871",
            "Units in Package": "1"
        },
        "url": "5freehosting.com//661453"
    },
    {
        "spec": {
            "Brand": "Asus",
            "Color": "Black",
            "Item Size": "4.49 x 0.34 x 0.34 inches",
            "Item Weight": "0.64 pounds",
            "Manufacturer": "Asus",
            "Model": "NEXUS7 ASUS-2B32",
            "Package Size": "6.4 x 2.7 x 2.7 inches",
            "Package Weight": "1.2 pounds",
            "UPC": "886227537150",
            "Units in Package": "1"
        },
        "url": "5freehosting.com//15083436"
    },
    {
        "spec": {
            "Item Size": "8.5 x 1.6 x 1.6 inches",
            "Item Weight": "1.03 pounds",
            "Package Size": "9.1 x 3.3 x 3.3 inches",
            "Package Weight": "2.8 pounds",
            "Units in Package": "1"
        },
        "url": "5freehosting.com//3182962"
    },
    {
        "spec": {
            "Brand": "NETGEAR",
            "Color": "Black",
            "Item Size": "5.12 x 2.05 x 2.05 inches",
            "Item Weight": "0.71 pounds",
            "Manufacturer": "Netgear",
            "Model": "WNCE2001-100NAS",
            "Package Size": "8.2 x 4.8 x 4.8 inches",
            "Package Weight": "0.55 pounds",
            "UPC": "606449069464",
            "Units in Package": "1"
        },
        "url": "5freehosting.com//1147655"
    },
    {
        "spec": {
            "Brand": "Toshiba",
            "Color": "BLACK",
            "Item Size": "13.6 x 2 x 2 inches",
            "Item Weight": "6.1 pounds",
            "Manufacturer": "Toshiba",
            "Model": "C55-B5101",
            "Package Size": "13.6 x 2 x 2 inches",
            "Package Weight": "6.08 pounds",
            "UPC": "022265951361",
            "Units in Package": "1"
        },
        "url": "5freehosting.com//6561060"
    },
    {
        "spec": {
            "Item Size": "4.25 x 15.5 x 15.5 inches",
            "Item Weight": "4.49 pounds",
            "Package Size": "15.2 x 4.49 x 4.49 inches",
            "Package Weight": "8.9 pounds",
            "Units in Package": "1"
        },
        "url": "5freehosting.com//695945"
    },
    {
        "spec": {
            "Item Size": "5.3 x 7.25 x 7.25 inches",
            "Item Weight": "0.44 pounds",
            "Package Size": "3.5 x 2.4 x 2.4 inches",
            "Package Weight": "0.6 pounds",
            "Units in Package": "1"
        },
        "url": "5freehosting.com//15786433"
    },
    {
        "spec": {
            "Item Size": "5.04 x 0.3 x 0.3 inches",
            "Item Weight": "0.69 pounds",
            "Package Size": "8.19 x 2.28 x 2.28 inches",
            "Package Weight": "1.3 pounds",
            "Units in Package": "1"
        },
        "url": "5freehosting.com//7573044"
    },
    {
        "spec": {
            "Brand": "D-Link",
            "Color": "White",
            "Item Size": "7.6 x 1.2 x 1.2 inches",
            "Item Weight": "0.7 pounds",
            "Manufacturer": "D-Link Systems, Inc.",
            "Model": "DIR-655",
            "Package Size": "8.3 x 3 x 3 inches",
            "Package Weight": "1.65 pounds",
            "SKU": "E00031172",
            "UPC": "808112546368",
            "Units in Package": "1"
        },
        "url": "5freehosting.com//13010670"
    },
    {
        "spec": {
            "Item Size": "6.05 x 0.31 x 0.31 inches",
            "Item Weight": "0.96 pounds",
            "Package Size": "6.9 x 1.9 x 1.9 inches",
            "Package Weight": "1.55 pounds",
            "Units in Package": "1"
        },
        "url": "5freehosting.com//9437828"
    },
    {
        "spec": {
            "Brand": "NETGEAR",
            "Color": "Black",
            "Item Size": "8.74 x 10.71 x 10.71 inches",
            "Item Weight": "16.7 pounds",
            "Manufacturer": "Netgear",
            "Model": "RN31442D-100NAS",
            "Package Size": "11.2 x 8.9 x 8.9 inches",
            "Package Weight": "17.5 pounds",
            "UPC": "031112581224",
            "Units in Package": "1"
        },
        "url": "5freehosting.com//3262269"
    },
    {
        "spec": {
            "Brand": "Intel",
            "Color": "silver",
            "Item Size": "4 x 3.2 x 3.2 inches",
            "Item Weight": "0.55 pounds",
            "Manufacturer": "Intel",
            "Model": "BX80646I74770K",
            "Package Size": "4.2 x 3.3 x 3.3 inches",
            "Package Weight": "0.55 pounds",
            "UPC": "803982755506",
            "Units in Package": "1"
        },
        "url": "5freehosting.com//5119417"
    },
    {
        "spec": {
            "Brand": "Toshiba",
            "Color": "Black",
            "Item Size": "3.1 x 0.83 x 0.83 inches",
            "Item Weight": "0.49 pounds",
            "Manufacturer": "Toshiba",
            "Model": "HDTB220XK3CA",
            "Package Size": "5.1 x 1.9 x 1.9 inches",
            "Package Weight": "0.55 pounds",
            "UPC": "080050265246",
            "Units in Package": "1"
        },
        "url": "5freehosting.com//9267524"
    },
    {
        "spec": {
            "Item Size": "4 x 1 x 1 inches",
            "Item Weight": "1.41 pounds",
            "Package Size": "6.14 x 3.07 x 3.07 inches",
            "Package Weight": "1.63 pounds",
            "Units in Package": "1"
        },
        "url": "5freehosting.com//14438934"
    },
    {
        "spec": {
            "Brand": "SanDisk",
            "Color": "Multicolor",
            "Item Size": "0.8 x 0.4 x 0.4 inches",
            "Item Weight": "0.02 pounds",
            "Manufacturer": "SanDisk",
            "Model": "SDCZ36-128G-B35",
            "Package Size": "2.7 x 0.4 x 0.4 inches",
            "Package Weight": "0.1 pounds",
            "UPC": "619659125882",
            "Units in Package": "1"
        },
        "url": "5freehosting.com//12176508"
    },
    {
        "spec": {
            "Brand": "Microsoft",
            "Color": "Silver",
            "Item Size": "9.19 x 1.55 x 1.55 inches",
            "Item Weight": "1.76 pounds",
            "Manufacturer": "Microsoft PC",
            "Model": "MQ2-00019",
            "Package Size": "9.3 x 1.5 x 1.5 inches",
            "Package Weight": "3.35 pounds",
            "UPC": "889842012293",
            "Units in Package": "1"
        },
        "url": "5freehosting.com//9309532"
    },
    {
        "spec": {
            "Brand": "AmazonBasics",
            "Color": "Black",
            "Item Size": "1.9 x 9.6 x 9.6 inches",
            "Item Weight": "0.77 pounds",
            "Manufacturer": "AmazonBasics",
            "Model": "NC1305222R1",
            "Package Size": "10.55 x 2.28 x 2.28 inches",
            "Package Weight": "1.06 pounds",
            "UPC": "841710104899",
            "Units in Package": "1"
        },
        "url": "5freehosting.com//15764971"
    },
    {
        "spec": {
            "Brand": "Seagate",
            "Color": "Black, Stainless steel",
            "Item Size": "4 x 1.03 x 1.03 inches",
            "Item Weight": "1.35 pounds",
            "Manufacturer": "SEAGATE",
            "Model": "ST4000DM000",
            "Package Size": "5.98 x 3.15 x 3.15 inches",
            "Package Weight": "1.41 pounds",
            "UPC": "809385162958",
            "Units in Package": "1"
        },
        "url": "5freehosting.com//9408580"
    },
    {
        "spec": {
            "Brand": "TP-LINK",
            "Color": "White",
            "Item Size": "1.1 x 2.8 x 2.8 inches",
            "Item Weight": "0.5 pounds",
            "Manufacturer": "TP-Link",
            "Model": "TL-WR700N",
            "Package Size": "4.72 x 1.89 x 1.89 inches",
            "Package Weight": "0.4 pounds",
            "SKU": "eriyusa-9407313",
            "UPC": "682851727758",
            "Units in Package": "1"
        },
        "url": "5freehosting.com//12453475"
    },
    {
        "spec": {
            "Item Size": "4 x 1 x 1 inches",
            "Item Weight": "1.66 pounds",
            "Package Size": "6.85 x 2.68 x 2.68 inches",
            "Package Weight": "1.72 pounds",
            "Units in Package": "1"
        },
        "url": "5freehosting.com//4478479"
    },
    {
        "spec": {
            "Brand": "Seagate",
            "Color": "Black",
            "Item Size": "2.99 x 0.48 x 0.48 inches",
            "Item Weight": "0.3 pounds",
            "Manufacturer": "Seagate",
            "Model": "STDR2000100",
            "Package Size": "4.17 x 1.26 x 1.26 inches",
            "Package Weight": "0.53 pounds",
            "UPC": "088022161039",
            "Units in Package": "1"
        },
        "url": "5freehosting.com//5649081"
    },
    {
        "spec": {
            "Brand": "Logitech",
            "Color": "Black",
            "Item Size": "13.9 x 0.94 x 0.94 inches",
            "Item Weight": "0.79 pounds",
            "Manufacturer": "Logitech",
            "Model": "920-003070",
            "Package Size": "5.9 x 1.3 x 1.3 inches",
            "Package Weight": "1.25 pounds",
            "UPC": "801940483591",
            "Units in Package": "1"
        },
        "url": "5freehosting.com//12840283"
    },
    {
        "spec": {
            "Brand": "Western Digital",
            "Color": "White",
            "Item Size": "3.21 x 0.62 x 0.62 inches",
            "Item Weight": "0 pounds",
            "Manufacturer": "Western Digital",
            "Model": "WDBGPU0010BWT-NESN",
            "Package Size": "4.88 x 1.89 x 1.89 inches",
            "Package Weight": "0.49 pounds",
            "UPC": "718037825472",
            "Units in Package": "1"
        },
        "url": "5freehosting.com//12775552"
    },
    {
        "spec": {
            "Brand": "Crucial",
            "Color": "Silver",
            "Item Size": "0.75 x 5.12 x 5.12 inches",
            "Item Weight": "0.25 pounds",
            "Manufacturer": "Crucial",
            "Model": "CT500BX100SSD1",
            "Package Size": "5.12 x 0.79 x 0.79 inches",
            "Package Weight": "0.26 pounds",
            "UPC": "649528770653",
            "Units in Package": "1"
        },
        "url": "5freehosting.com//7893526"
    },
    {
        "spec": {
            "Brand": "SanDisk",
            "Color": "Black, metallic",
            "Item Size": "0.64 x 0.75 x 0.75 inches",
            "Item Weight": "0.01 pounds",
            "Manufacturer": "Sandisk",
            "Model": "SDCZ43-128G-G46",
            "Package Size": "2.9 x 0.1 x 0.1 inches",
            "Package Weight": "0.05 pounds",
            "UPC": "619659132033",
            "Units in Package": "1"
        },
        "url": "5freehosting.com//5938454"
    },
    {
        "spec": {
            "Item Size": "3.4 x 4.6 x 4.6 inches",
            "Item Weight": "0.22 pounds",
            "Package Size": "4.25 x 3.15 x 3.15 inches",
            "Package Weight": "0.44 pounds",
            "Units in Package": "1"
        },
        "url": "5freehosting.com//15285421"
    },
    {
        "spec": {
            "Item Size": "0.8 x 0.43 x 0.43 inches",
            "Item Weight": "0.02 pounds",
            "Package Size": "2.9 x 0.4 x 0.4 inches",
            "Package Weight": "0.02 pounds",
            "Units in Package": "1"
        },
        "url": "5freehosting.com//3935713"
    },
    {
        "spec": {
            "Item Size": "0.84 x 2.79 x 2.79 inches",
            "Item Weight": "0.04 pounds",
            "Package Size": "4.02 x 0.47 x 0.47 inches",
            "Package Weight": "0.04 pounds",
            "Units in Package": "1"
        },
        "url": "5freehosting.com//1307542"
    },
    {
        "spec": {
            "Item Size": "8.7 x 6.6 x 6.6 inches",
            "Item Weight": "3 pounds",
            "Package Size": "9.5 x 3.8 x 3.8 inches",
            "Package Weight": "3 pounds",
            "Units in Package": "1"
        },
        "url": "5freehosting.com//16957886"
    },
    {
        "spec": {
            "Item Size": "4.53 x 0.42 x 0.42 inches",
            "Item Weight": "0.69 pounds",
            "Package Size": "6 x 1.6 x 1.6 inches",
            "Package Weight": "0.65 pounds",
            "Units in Package": "1"
        },
        "url": "5freehosting.com//1170147"
    },
    {
        "spec": {
            "Brand": "Kingston",
            "Color": "Grey",
            "Item Size": "3.94 x 0.28 x 0.28 inches",
            "Item Weight": "0.13 pounds",
            "Manufacturer": "Kingston Digital",
            "Model": "SV300S37A/240G",
            "Package Size": "5.04 x 0.47 x 0.47 inches",
            "Package Weight": "0.26 pounds",
            "SKU": "B00A1ZTZNM",
            "UPC": "731215290725",
            "Units in Package": "1"
        },
        "url": "5freehosting.com//9052758"
    },
    {
        "spec": {
            "Brand": "Western Digital",
            "Color": "White",
            "Item Size": "1.9 x 6.7 x 6.7 inches",
            "Item Weight": "2.27 pounds",
            "Manufacturer": "WD",
            "Model": "WDBCTL0060HWT-NESN",
            "Package Size": "7.5 x 6.3 x 6.3 inches",
            "Package Weight": "3.05 pounds",
            "UPC": "718037826035",
            "Units in Package": "1"
        },
        "url": "5freehosting.com//16146090"
    },
    {
        "spec": {
            "Item Size": "3.2 x 0.82 x 0.82 inches",
            "Item Weight": "0.51 pounds",
            "Package Size": "4.7 x 1.8 x 1.8 inches",
            "Package Weight": "0.75 pounds",
            "Units in Package": "1"
        },
        "url": "5freehosting.com//9841411"
    },
    {
        "spec": {
            "Brand": "TP-Link",
            "Color": "Blue",
            "Item Size": "2.68 x 8.78 x 8.78 inches",
            "Item Weight": "1.81 pounds",
            "Manufacturer": "TP-Link",
            "Model": "TL-R600VPN",
            "Package Size": "8.9 x 2.68 x 2.68 inches",
            "Package Weight": "2.3 pounds",
            "UPC": "809186281292",
            "Units in Package": "1"
        },
        "url": "5freehosting.com//12954496"
    },
    {
        "spec": {
            "Brand": "Oemgenuine",
            "Color": "Black",
            "Item Size": "1.36 x 7.2 x 7.2 inches",
            "Item Weight": "2.9 pounds",
            "Manufacturer": "Lenovo",
            "Model": "ThinkCentre M700",
            "Package Size": "11 x 8 x 8 inches",
            "Package Weight": "8.25 pounds",
            "UPC": "814158022155",
            "Units in Package": "1"
        },
        "url": "5freehosting.com//15080724"
    }
]