[
    {
        "spec": {
            "Item Size": "13.6 x 2.6 x 2.6 inches",
            "Item Weight": "3.35 pounds",
            "Package Size": "13.6 x 2.6 x 2.6 inches",
            "Package Weight": "3.35 pounds",
            "Units in Package": "1"
        },
        "url": "5freehosting.com//7530303"
    },
    {
        "spec": {
            "Item Size": "5.51 x 14.57 x 14.57 inches",
            "Item Weight": "2.29 pounds",
            "Package Size": "14.5 x 0.8 x 0.8 inches",
            "Package Weight": "2.4 pounds",
            "Units in Package": "1"
        },
        "url": "5freehosting.com//7691649"
    },
    {
        "spec": {
            "Item Size": "2.8 x 12 x 12 inches",
            "Item Weight": "1.01 pounds",
            "Package Size": "12.68 x 3.31 x 3.31 inches",
            "Package Weight": "1.81 pounds",
            "Units in Package": "1"
        },
        "url": "5freehosting.com//11090608"
    },
    {
        "spec": {
            "Item Size": "11.5 x 2.5 x 2.5 inches",
            "Item Weight": "0.88 pounds",
            "Package Size": "11.97 x 2.99 x 2.99 inches",
            "Package Weight": "1.41 pounds",
            "Units in Package": "1"
        },
        "url": "5freehosting.com//10196767"
    },
    {
        "spec": {
            "Item Size": "11.5 x 3 x 3 inches",
            "Item Weight": "1.85 pounds",
            "Package Size": "11.5 x 3 x 3 inches",
            "Package Weight": "1.85 pounds",
            "Units in Package": "1"
        },
        "url": "5freehosting.com//2233877"
    }
]