[
    {
        "spec": {
            "Item Size": "6.6 x 13.1 x 13.1 inches",
            "Item Weight": "4.4 pounds",
            "Package Size": "13.7 x 4.6 x 4.6 inches",
            "Package Weight": "7.75 pounds",
            "Units in Package": "1"
        },
        "url": "5freehosting.com//2080647"
    },
    {
        "spec": {
            "Item Size": "0.84 x 2.79 x 2.79 inches",
            "Item Weight": "0.04 pounds",
            "Package Size": "4.02 x 0.55 x 0.55 inches",
            "Package Weight": "0.04 pounds",
            "Units in Package": "1"
        },
        "url": "5freehosting.com//1657337"
    },
    {
        "spec": {
            "Item Size": "5.83 x 1.65 x 1.65 inches",
            "Item Weight": "1.5 pounds",
            "Package Size": "6.5 x 4.8 x 4.8 inches",
            "Package Weight": "1.53 pounds",
            "Units in Package": "1"
        },
        "url": "5freehosting.com//9432693"
    }
]