{
    "10067585": [
        "5freehosting.com//1342109"
    ],
    "1027437": [
        "5freehosting.com//8693146"
    ],
    "1029476": [
        "5freehosting.com//4384634"
    ],
    "1055717": [
        "5freehosting.com//7401002"
    ],
    "11401341": [
        "5freehosting.com//16796489"
    ],
    "12360006": [
        "5freehosting.com//11664751"
    ],
    "13007732": [
        "5freehosting.com//14043226"
    ],
    "14460808": [
        "5freehosting.com//17434286"
    ],
    "14716121": [
        "5freehosting.com//17012900"
    ],
    "15269886": [
        "5freehosting.com//285590"
    ],
    "1683569": [
        "5freehosting.com//9903154"
    ],
    "1724395": [
        "5freehosting.com//10327347"
    ],
    "2273791": [
        "5freehosting.com//13031179"
    ],
    "2274262": [
        "5freehosting.com//8475318"
    ],
    "4990059": [
        "5freehosting.com//4351277"
    ]
}