[
    {
        "spec": {
            "Brand": "SquareTrade",
            "Manufacturer": "SquareTrade",
            "Model": "RD-CN0799N3A",
            "SKU": "NAS-B002I007QW",
            "UPC": "844932013659"
        },
        "url": "5freehosting.com//8693146"
    },
    {
        "spec": {
            "Brand": "Bose",
            "Color": "Black",
            "Item Size": "5 x 5.3 x 5.3 inches",
            "Item Weight": "1.25 pounds",
            "Manufacturer": "Bose Corporation",
            "Model": "627840-1110",
            "Package Size": "7.6 x 3.31 x 3.31 inches",
            "Package Weight": "2 pounds",
            "UPC": "017817647083",
            "Units in Package": "1"
        },
        "url": "5freehosting.com//8475318"
    },
    {
        "spec": {
            "Brand": "Bose",
            "Color": "White",
            "Item Size": "5 x 5.3 x 5.3 inches",
            "Item Weight": "1.25 pounds",
            "Manufacturer": "Bose Corporation",
            "Model": "627840-1210",
            "Package Size": "8 x 4 x 4 inches",
            "Package Weight": "2 pounds",
            "UPC": "017817647311",
            "Units in Package": "1"
        },
        "url": "5freehosting.com//13031179"
    },
    {
        "spec": {
            "Item Size": "0 x 0 x 0 inches",
            "Item Weight": "10.87 pounds",
            "Package Size": "15 x 7.5 x 7.5 inches",
            "Package Weight": "10.85 pounds",
            "Units in Package": "1"
        },
        "url": "5freehosting.com//11664751"
    },
    {
        "spec": {
            "Brand": "Planar",
            "Color": "Black",
            "Item Size": "1.95 x 16.47 x 16.47 inches",
            "Item Weight": "22.7 pounds",
            "Manufacturer": "Planar",
            "Model": "997-6848-00",
            "Package Size": "19.9 x 4.9 x 4.9 inches",
            "Package Weight": "23.6 pounds",
            "UPC": "021111893558",
            "Units in Package": "1"
        },
        "url": "5freehosting.com//9903154"
    },
    {
        "spec": {
            "Brand": "Grandstream",
            "Manufacturer": "GrandStream",
            "Model": "Model-GS-GXW4104",
            "SKU": "697703",
            "UPC": "803982909428"
        },
        "url": "5freehosting.com//17434286"
    },
    {
        "spec": {
            "Brand": "ViewSonic",
            "Color": "Black",
            "Item Size": "19.7 x 15.4 x 15.4 inches",
            "Item Weight": "5.35 pounds",
            "Manufacturer": "ViewSonic",
            "Model": "VX2270SMH-LED",
            "Package Size": "18 x 7 x 7 inches",
            "Package Weight": "11.95 pounds",
            "UPC": "014445040637",
            "Units in Package": "1"
        },
        "url": "5freehosting.com//17012900"
    },
    {
        "spec": {
            "Brand": "Panduit",
            "Color": "Black",
            "Item Size": "19 x 1.72 x 1.72 inches",
            "Item Weight": "0.1 pounds",
            "Manufacturer": "Graybar",
            "Model": "DP24688TGY",
            "Package Size": "3.8 x 3.4 x 3.4 inches",
            "Package Weight": "1.65 pounds",
            "SKU": "DP24688TGY",
            "UPC": "074983037063",
            "Units in Package": "1"
        },
        "url": "5freehosting.com//10327347"
    },
    {
        "spec": {
            "Brand": "Valcom",
            "Item Size": "16.6 x 1.8 x 1.8 inches",
            "Item Weight": "10 pounds",
            "Manufacturer": "Teledynamics",
            "Model": "VIP-204",
            "Package Size": "9.49 x 1.8 x 1.8 inches",
            "Package Weight": "1 pounds",
            "SKU": "21465234",
            "UPC": "799111012582",
            "Units in Package": "1"
        },
        "url": "5freehosting.com//285590"
    },
    {
        "spec": {
            "Brand": "ViewSonic",
            "Color": "Black",
            "Item Size": "25.4 x 17.4 x 17.4 inches",
            "Item Weight": "10.7 pounds",
            "Manufacturer": "ViewSonic",
            "Model": "VA2746M-LED",
            "Package Size": "20.31 x 5.98 x 5.98 inches",
            "Package Weight": "15 pounds",
            "UPC": "766907762624",
            "Units in Package": "1"
        },
        "url": "5freehosting.com//1342109"
    },
    {
        "spec": {
            "Brand": "LG Electronics",
            "Color": "Silver",
            "Item Size": "5.41 x 0.55 x 0.55 inches",
            "Item Weight": "0.44 pounds",
            "Manufacturer": "LG ODD",
            "Model": "GP60NS50",
            "Package Size": "6.61 x 1.65 x 1.65 inches",
            "Package Weight": "0.75 pounds",
            "UPC": "058231309676",
            "Units in Package": "1"
        },
        "url": "5freehosting.com//16796489"
    },
    {
        "spec": {
            "Brand": "Roku",
            "Color": "Black",
            "Item Size": "3.5 x 1 x 1 inches",
            "Item Weight": "0.31 pounds",
            "Manufacturer": "Roku, Inc.",
            "Model": "MAIN-22786",
            "Package Size": "7.1 x 2.5 x 2.5 inches",
            "Package Weight": "1.1 pounds",
            "UPC": "829610000602",
            "Units in Package": "1"
        },
        "url": "5freehosting.com//4351277"
    },
    {
        "spec": {
            "Brand": "SquareTrade",
            "Manufacturer": "SquareTrade",
            "Model": "RD-CN0299N3A",
            "SKU": "NAS-B002I01TT6",
            "UPC": "844932013581"
        },
        "url": "5freehosting.com//4384634"
    },
    {
        "spec": {
            "Brand": "LG Electronics",
            "Color": "Black",
            "Item Size": "0.55 x 5.41 x 5.41 inches",
            "Item Weight": "0.9 pounds",
            "Manufacturer": "LG ODD",
            "Model": "GP60NB50",
            "Package Size": "6.5 x 1.4 x 1.4 inches",
            "Package Weight": "0.7 pounds",
            "UPC": "115970713734",
            "Units in Package": "1"
        },
        "url": "5freehosting.com//7401002"
    },
    {
        "spec": {
            "Brand": "Cyber Acoustics",
            "Color": "Black",
            "Item Size": "11.5 x 9.5 x 9.5 inches",
            "Item Weight": "9 pounds",
            "Manufacturer": "Cyber Acoustics",
            "Model": "CA-3602FFP",
            "Package Size": "9.02 x 8.31 x 8.31 inches",
            "Package Weight": "9.35 pounds",
            "UPC": "646422002309",
            "Units in Package": "1"
        },
        "url": "5freehosting.com//14043226"
    }
]