[
    {
        "spec": {
            "Brand": "Samsung",
            "Color": "White glossy",
            "Item Size": "9.75 x 20.55 x 20.55 inches",
            "Item Weight": "13.9 pounds",
            "Manufacturer": "Samsung IT",
            "Model": "LC32F391FWNXZA",
            "Package Size": "19.61 x 7.09 x 7.09 inches",
            "Package Weight": "18.4 pounds",
            "UPC": "887276151762",
            "Units in Package": "1"
        },
        "url": "5freehosting.com//12779624"
    },
    {
        "spec": {
            "Brand": "ARRIS SURFboard",
            "Color": "White",
            "Item Size": "8.07 x 5.31 x 5.31 inches",
            "Item Weight": "3.83 pounds",
            "Manufacturer": "ARRIS Solutions, Inc.",
            "Model": "SBR-AC1900P",
            "Package Size": "8.2 x 5.4 x 5.4 inches",
            "Package Weight": "3.85 pounds",
            "UPC": "612572209943",
            "Units in Package": "1"
        },
        "url": "5freehosting.com//5203057"
    },
    {
        "spec": {
            "Item Size": "3.45 x 16.83 x 16.83 inches",
            "Item Weight": "12.7 pounds",
            "Package Size": "19.49 x 6.5 x 6.5 inches",
            "Package Weight": "17.68 pounds",
            "Units in Package": "1"
        },
        "url": "5freehosting.com//6117793"
    },
    {
        "spec": {
            "Brand": "Logitech",
            "Color": "Black",
            "Item Size": "8.98 x 4.33 x 4.33 inches",
            "Item Weight": "1.75 pounds",
            "Manufacturer": "Logitech",
            "Model": "981-000257",
            "Package Size": "8.98 x 4.57 x 4.57 inches",
            "Package Weight": "1.68 pounds",
            "UPC": "168141624193",
            "Units in Package": "1"
        },
        "url": "5freehosting.com//10706347"
    },
    {
        "spec": {
            "Brand": "Logitech",
            "Color": "Black",
            "Item Size": "1.77 x 3.74 x 3.74 inches",
            "Item Weight": "0.31 pounds",
            "Manufacturer": "Logitech",
            "Model": "910-001799",
            "Package Size": "5.75 x 2.83 x 2.83 inches",
            "Package Weight": "0.62 pounds",
            "UPC": "638084718001",
            "Units in Package": "1"
        },
        "url": "5freehosting.com//9395459"
    },
    {
        "spec": {
            "Brand": "Microsoft",
            "Color": "Black",
            "Item Size": "5.51 x 2.56 x 2.56 inches",
            "Item Weight": "1.17 pounds",
            "Manufacturer": "Microsoft",
            "Model": "JR9-00011",
            "Package Size": "7.4 x 2.52 x 2.52 inches",
            "Package Weight": "1.19 pounds",
            "UPC": "617407459043",
            "Units in Package": "1"
        },
        "url": "5freehosting.com//8875299"
    }
]