[
    {
        "spec": {
            "Bullet Ballistic Coefficient": "0.318",
            "Bullet Style": "SPCE",
            "Bullet Weight, gr": "173",
            "Caliber": "7X57",
            "Casing": "Factory Brass",
            "Category": "Rifle Ammunition",
            "Muzzle Energy, ft lbs": "2175",
            "Muzzle Velocity, fps": "2379",
            "Primer Style": "Boxer",
            "Quantity per Box": "20",
            "Quantity per Case": "400",
            "Suggested Use": "Hunting, Training"
        },
        "url": "1800gunsandammo.com//13355943"
    },
    {
        "spec": {
            "Bullet Ballistic Coefficient": "0.207",
            "Bullet Style": "SP",
            "Bullet Weight, gr": "193",
            "Caliber": "9.3X72R",
            "Casing": "Factory Brass",
            "Category": "Rifle Ammunition",
            "Muzzle Energy, ft lbs": "1633",
            "Muzzle Velocity, fps": "1952",
            "Primer Style": "Boxer",
            "Quantity per Box": "20",
            "Quantity per Case": "400",
            "Suggested Use": "Hunting, Training"
        },
        "url": "1800gunsandammo.com//11901577"
    },
    {
        "spec": {
            "Bullet Ballistic Coefficient": "0.286",
            "Bullet Style": "SPCE",
            "Bullet Weight, gr": "196",
            "Caliber": "8x57JS",
            "Casing": "Factory Brass",
            "Category": "Rifle Ammunition",
            "Muzzle Energy, ft lbs": "2922",
            "Muzzle Velocity, fps": "2591",
            "Primer Style": "Boxer",
            "Quantity per Box": "20",
            "Quantity per Case": "400",
            "Suggested Use": "Hunting, Training"
        },
        "url": "1800gunsandammo.com//11380306"
    }
]