[
    {
        "spec": {
            "Action": "Pump",
            "Barrel Finish": "Parkerized",
            "Barrel Length, in": "18.5\"",
            "Capacity": "6",
            "Chamber": "3\"",
            "Gauge": "12",
            "Overall Length, in": "39.5\"",
            "Sight": "Ghost Ring",
            "Stock": "Synthetic (Black)",
            "Weight, lbs": "7.25"
        },
        "url": "1800gunsandammo.com//326449"
    },
    {
        "spec": {
            "Action": "Pump",
            "Barrel Finish": "Marinecote",
            "Barrel Length, in": "18.5\"",
            "Capacity": "6",
            "Chamber": "3\"",
            "Chokes": "Cylinder Bore",
            "Gauge": "12",
            "LOP, in": "13.875\"",
            "Overall Length, in": "39.5\"",
            "Sight": "Bead",
            "Stock": "Synthetic (Black)",
            "Weight, lbs": "6.75"
        },
        "url": "1800gunsandammo.com//2188851"
    },
    {
        "spec": {
            "Action": "Pump",
            "Barrel Finish": "Blued",
            "Barrel Length, in": "24\"",
            "Capacity": "6",
            "Chamber": "3\"",
            "Choke": "Cylinder Bore",
            "Gauge": "12",
            "LOP Type": "Fixed",
            "Overall Length, in": "43.5\"",
            "Sight": "Adjustable Rifle Sights",
            "Stock Finish": "Synthetic (Black)",
            "Weight, lbs": "7"
        },
        "url": "1800gunsandammo.com//16719778"
    },
    {
        "spec": {
            "\u00a0 Adjustment @ 100 yds, clicks/in \u00a0": "\u00a0 2 \u00a0",
            "\u00a0 Bindon Aiming Concept \u00a0": "\u00a0 Yes \u00a0",
            "\u00a0 Bullet Drop Compensator \u00a0": "\u00a0 Yes \u00a0",
            "\u00a0 Calibration \u00a0": "\u00a0 0.223 \u00a0",
            "\u00a0 Day Reticle Color \u00a0": "\u00a0 Amber \u00a0",
            "\u00a0 Exit Pupil, mm \u00a0": "\u00a0 8 \u00a0",
            "\u00a0 Eye Relief, in \u00a0": "\u00a0 1.5\" \u00a0",
            "\u00a0 Field of View (FOV) @ 100yds, ft \u00a0": "\u00a0 36.8 \u00a0",
            "\u00a0 Field of View, deg \u00a0": "\u00a0 7\u00b0 \u00a0",
            "\u00a0 Housing Material \u00a0": "\u00a0 Forged Aluminum \u00a0",
            "\u00a0 Illumination Source \u00a0": "\u00a0 Fiber Optics & Tritium \u00a0",
            "\u00a0 Length, in \u00a0": "\u00a0 5.8\" \u00a0",
            "\u00a0 Magnification \u00a0": "\u00a0 4x \u00a0",
            "\u00a0 Mount Comes With \u00a0": "\u00a0 TA51 \u00a0",
            "\u00a0 Mount \u00a0": "\u00a0 TA51 \u00a0",
            "\u00a0 Night Reticle Color \u00a0": "\u00a0 Amber \u00a0",
            "\u00a0 Objective Size, mm \u00a0": "\u00a0 32 \u00a0",
            "\u00a0 Reticle Pattern \u00a0": "\u00a0 Horseshoe w/ Target Reference System \u00a0",
            "\u00a0 Weight (Without Mount), oz \u00a0": "\u00a0 9.9 \u00a0"
        },
        "url": "1800gunsandammo.com//16575247"
    },
    {
        "spec": {
            "Caliber": "5.56x45mm / .223",
            "Finish": "Nitride",
            "Material": "Hardened Milspec Steel",
            "Weight, oz": "3.2"
        },
        "url": "1800gunsandammo.com//15121819"
    },
    {
        "spec": {
            "\u00a0 Adjustment @ 100 yds, clicks/in \u00a0": "\u00a0 4 \u00a0",
            "\u00a0 Bullet Drop Compensator \u00a0": "\u00a0 Yes \u00a0",
            "\u00a0 Calibration \u00a0": "\u00a0 0.223 \u00a0",
            "\u00a0 Day Reticle Color \u00a0": "\u00a0 Amber \u00a0",
            "\u00a0 Exit Pupil, mm \u00a0": "\u00a0 8 \u00a0",
            "\u00a0 Eye Relief, in \u00a0": "\u00a0 2.7\" \u00a0",
            "\u00a0 Field of View (FOV) @ 100yds, ft \u00a0": "\u00a0 17 \u00a0",
            "\u00a0 Field of View, deg \u00a0": "\u00a0 3.3\u00b0 \u00a0",
            "\u00a0 Housing Material \u00a0": "\u00a0 Forged Aluminum \u00a0",
            "\u00a0 Illumination Source \u00a0": "\u00a0 Fiber Optics & Tritium \u00a0",
            "\u00a0 Length, in \u00a0": "\u00a0 9\" \u00a0",
            "\u00a0 Magnification \u00a0": "\u00a0 6x \u00a0",
            "\u00a0 Mount Comes With \u00a0": "\u00a0 TA75 \u00a0",
            "\u00a0 Mount \u00a0": "\u00a0 TA75 \u00a0",
            "\u00a0 Night Reticle Color \u00a0": "\u00a0 Amber \u00a0",
            "\u00a0 Objective Size, mm \u00a0": "\u00a0 48 \u00a0",
            "\u00a0 Reticle Pattern \u00a0": "\u00a0 Chevron \u00a0",
            "\u00a0 Weight, oz \u00a0": "\u00a0 36.9 \u00a0"
        },
        "url": "1800gunsandammo.com//9024359"
    },
    {
        "spec": {
            "\u00a0 Action \u00a0": "\u00a0 Semi-Automatic \u00a0",
            "\u00a0 Barrel Length, in \u00a0": "\u00a0 4.48\" \u00a0",
            "\u00a0 Caliber \u00a0": "\u00a0 9mm \u00a0",
            "\u00a0 Capacity \u00a0": "\u00a0 17 Rd \u00a0",
            "\u00a0 Height, in \u00a0": "\u00a0 5.43\" \u00a0",
            "\u00a0 Length, in \u00a0": "\u00a0 7.95\" \u00a0",
            "\u00a0 Model \u00a0": "\u00a0 Glock 17 Gen 4 \u00a0",
            "\u00a0 Sights \u00a0": "\u00a0 Fixed Sights \u00a0"
        },
        "url": "1800gunsandammo.com//9904547"
    },
    {
        "spec": {
            "Bullet Grains": "158",
            "Bullet Style": "Full Metal Jacket Flat",
            "Caliber": "357 Magnum",
            "Casing": "Factory Brass",
            "Model": "Sport Shooting",
            "Muzzle Energy, ft lbs": "535",
            "Muzzle Velocity, fps": "1235",
            "Rounds per Box": "50",
            "Units per Case": "1000"
        },
        "url": "1800gunsandammo.com//13582203"
    },
    {
        "spec": {
            "\u00a0 Adjustment @ 100 yards, clicks/in \u00a0": "\u00a0 4 \u00a0",
            "\u00a0 Adjustment Range \u00a0": "\u00a0 \u00b1 30 MOA (\u00b1 8.9 mils) Minimum \u00a0",
            "\u00a0 Bullet Drop Compensator \u00a0": "\u00a0 No \u00a0",
            "\u00a0 Day Reticle Color \u00a0": "\u00a0 Red \u00a0",
            "\u00a0 Exit Pupil, mm \u00a0": "\u00a0 16.3\u20135.6 \u00a0",
            "\u00a0 Eye Relief, in \u00a0": "\u00a0 2.8\"\u20134.1\" \u00a0",
            "\u00a0 Field of View (FOV) @ 100yds, ft \u00a0": "\u00a0 37.6\u201310.1 \u00a0",
            "\u00a0 Field of View, deg \u00a0": "\u00a0 7.18\u00b0\u20131.94\u00b0 \u00a0",
            "\u00a0 Housing Material \u00a0": "\u00a0 6061-T6 Aluminum, Hard Coat Anodized per MIL-A-8265, Type III, Class 2 Dull & Non Reflective \u00a0",
            "\u00a0 Illumination Source \u00a0": "\u00a0 Fiber Optics & Tritium \u00a0",
            "\u00a0 Length, in \u00a0": "\u00a0 13.8\" \u00a0",
            "\u00a0 Magnification \u00a0": "\u00a0 2.5x\u201310x \u00a0",
            "\u00a0 Night Reticle Color \u00a0": "\u00a0 Red \u00a0",
            "\u00a0 Objective Lens Diameter, mm \u00a0": "\u00a0 56 \u00a0",
            "\u00a0 Reticle Pattern \u00a0": "\u00a0 Triangle \u00a0",
            "\u00a0 Tube Size, mm \u00a0": "\u00a0 30 \u00a0",
            "\u00a0 Weight, oz \u00a0": "\u00a0 20.7 \u00a0"
        },
        "url": "1800gunsandammo.com//15113876"
    },
    {
        "spec": {
            "\u00a0 Adjustment @ 100 yds, clicks/in \u00a0": "\u00a0 3 \u00a0",
            "\u00a0 Bindon Aiming Concept \u00a0": "\u00a0 Yes \u00a0",
            "\u00a0 Bullet Drop Compensator \u00a0": "\u00a0 Yes \u00a0",
            "\u00a0 Calibration \u00a0": "\u00a0 0.223 \u00a0",
            "\u00a0 Day Reticle Color \u00a0": "\u00a0 Amber \u00a0",
            "\u00a0 Exit Pupil, mm \u00a0": "\u00a0 10 \u00a0",
            "\u00a0 Eye Relief, in \u00a0": "\u00a0 2.39\" \u00a0",
            "\u00a0 Field of View (FOV) @ 100yds, ft \u00a0": "\u00a0 28.9 \u00a0",
            "\u00a0 Field of View, deg \u00a0": "\u00a0 5.5\u00b0 \u00a0",
            "\u00a0 Housing Material \u00a0": "\u00a0 Forged Aluminum \u00a0",
            "\u00a0 Illumination Source \u00a0": "\u00a0 Fiber Optics & Tritium \u00a0",
            "\u00a0 Length, in \u00a0": "\u00a0 8\" \u00a0",
            "\u00a0 Magnification \u00a0": "\u00a0 3.5x \u00a0",
            "\u00a0 Mount Comes With \u00a0": "\u00a0 TA51 \u00a0",
            "\u00a0 Mount \u00a0": "\u00a0 TA51 \u00a0",
            "\u00a0 Night Reticle Color \u00a0": "\u00a0 Amber \u00a0",
            "\u00a0 Objective Size, mm \u00a0": "\u00a0 35 \u00a0",
            "\u00a0 Reticle Pattern \u00a0": "\u00a0 Crosshair \u00a0",
            "\u00a0 Weight (Without Mount), oz \u00a0": "\u00a0 14 \u00a0"
        },
        "url": "1800gunsandammo.com//6421488"
    },
    {
        "spec": {
            "\u00a0 Adjustment @ 100 yds, clicks/in \u00a0": "\u00a0 4 \u00a0",
            "\u00a0 Bindon Aiming Concept \u00a0": "\u00a0 Yes \u00a0",
            "\u00a0 Bullet Drop Compensator \u00a0": "\u00a0 Yes \u00a0",
            "\u00a0 Calibration \u00a0": "\u00a0 0.308 \u00a0",
            "\u00a0 Day Reticle Color \u00a0": "\u00a0 Green \u00a0",
            "\u00a0 Exit Pupil, mm \u00a0": "\u00a0 8 \u00a0",
            "\u00a0 Eye Relief, in \u00a0": "\u00a0 2.7\" \u00a0",
            "\u00a0 Field of View (FOV) @ 100yds, ft \u00a0": "\u00a0 17 \u00a0",
            "\u00a0 Field of View, deg \u00a0": "\u00a0 3.3\u00b0 \u00a0",
            "\u00a0 Housing Material \u00a0": "\u00a0 Forged Aluminum \u00a0",
            "\u00a0 Illumination Source \u00a0": "\u00a0 Fiber Optics & Tritium \u00a0",
            "\u00a0 Length, in \u00a0": "\u00a0 9\" \u00a0",
            "\u00a0 Magnification \u00a0": "\u00a0 6x \u00a0",
            "\u00a0 Mount Comes With \u00a0": "\u00a0 TA75 \u00a0",
            "\u00a0 Mount \u00a0": "\u00a0 TA75 \u00a0",
            "\u00a0 Night Reticle Color \u00a0": "\u00a0 Green \u00a0",
            "\u00a0 Objective Size, mm \u00a0": "\u00a0 48 \u00a0",
            "\u00a0 Reticle Pattern \u00a0": "\u00a0 Chevron w/ Target Reference System \u00a0",
            "\u00a0 Weight, oz \u00a0": "\u00a0 36.9 \u00a0"
        },
        "url": "1800gunsandammo.com//4544686"
    },
    {
        "spec": {
            "Action": "SAO",
            "Barrel Length, in": "2.7\"",
            "Caliber": ".380 ACP",
            "Capacity": "7 Rd",
            "Grips": "Hogue Piranha G-10",
            "Sights": "SIGLITE Night",
            "Type": "Semi-Automatic",
            "Weight, oz": "15.2"
        },
        "url": "1800gunsandammo.com//14446414"
    },
    {
        "spec": {
            "\u00a0 Adjustment @ 100 yds, clicks/in \u00a0": "\u00a0 2 \u00a0",
            "\u00a0 Bullet Drop Compensator \u00a0": "\u00a0 Yes \u00a0",
            "\u00a0 Calibration \u00a0": "\u00a0 0.223 \u00a0",
            "\u00a0 Day Reticle Color \u00a0": "\u00a0 Green \u00a0",
            "\u00a0 Exit Pupil, mm \u00a0": "\u00a0 8 \u00a0",
            "\u00a0 Eye Relief, in \u00a0": "\u00a0 1.5\" \u00a0",
            "\u00a0 Field of View (FOV) @ 100yds, ft \u00a0": "\u00a0 36.8 \u00a0",
            "\u00a0 Field of View, deg \u00a0": "\u00a0 7\u00b0 \u00a0",
            "\u00a0 Housing Material \u00a0": "\u00a0 Forged Aluminum \u00a0",
            "\u00a0 Illumination Source \u00a0": "\u00a0 Fiber Optics & Tritium \u00a0",
            "\u00a0 Length, in \u00a0": "\u00a0 5.8\" \u00a0",
            "\u00a0 Magnification \u00a0": "\u00a0 4x \u00a0",
            "\u00a0 Mount Comes With \u00a0": "\u00a0 TA51 \u00a0",
            "\u00a0 Mount \u00a0": "\u00a0 TA51 \u00a0",
            "\u00a0 Night Reticle Color \u00a0": "\u00a0 Green \u00a0",
            "\u00a0 Objective Size, mm \u00a0": "\u00a0 32 \u00a0",
            "\u00a0 Reticle Pattern \u00a0": "\u00a0 Crosshair \u00a0"
        },
        "url": "1800gunsandammo.com//862372"
    },
    {
        "spec": {
            "\u00a0 Barrel \u00a0": "\u00a0 4\" Stainless Steel Match Grade, Fully Supported Ramp, Bull \u00a0",
            "\u00a0 Caliber \u00a0": "\u00a0 9mm \u00a0",
            "\u00a0 Frame \u00a0": "\u00a0 Forged Aluminum Alloy, Black Hardcoat Anodized \u00a0",
            "\u00a0 Grip Type \u00a0": "\u00a0 Compact RO Double Diamond Thin Line Rosewood \u00a0",
            "\u00a0 Height, in \u00a0": "\u00a0 5\" \u00a0",
            "\u00a0 Length, in \u00a0": "\u00a0 7.6\" \u00a0",
            "\u00a0 Magazines \u00a0": "\u00a0 2 \u2013 8 Round, Stainless \u00a0",
            "\u00a0 Recoil System \u00a0": "\u00a0 Dual Spring w/ Full Length Guide Rod \u00a0",
            "\u00a0 Sights \u00a0": "\u00a0 Fiber Optic Front & Low-Profile Combat Rear \u00a0",
            "\u00a0 Slide \u00a0": "\u00a0 Forged Carbon Steel, Parkerized \u00a0",
            "\u00a0 Weight (with Empty Magazine), in \u00a0": "\u00a0 29.5\" \u00a0"
        },
        "url": "1800gunsandammo.com//9071063"
    },
    {
        "spec": {
            "\u00a0 Day Reticle Color \u00a0": "\u00a0 Green \u00a0",
            "\u00a0 Finish \u00a0": "\u00a0 Matte Black \u00a0",
            "\u00a0 Housing Material \u00a0": "\u00a0 Aircraft Grade Aluminum (Anodized coating protects against corrosion and outside elements) \u00a0",
            "\u00a0 Illumination Source \u00a0": "\u00a0 Fiber Optics & Tritium \u00a0",
            "\u00a0 Magnification \u00a0": "\u00a0 1x \u00a0",
            "\u00a0 Mount \u00a0": "\u00a0 Rail grabber style mount base attaches to adjustable mounts equipped with a Weaver or MIL-STD-1913 (Picatinny) rail, including the Trijicon AccuDial adjustable mount and rail adapter \u00a0",
            "\u00a0 Reticle Pattern \u00a0": "\u00a0 Triangle \u00a0",
            "\u00a0 Weight, oz \u00a0": "\u00a0 2.29 \u00a0"
        },
        "url": "1800gunsandammo.com//13542178"
    },
    {
        "spec": {
            "\u00a0 Adjustment @ 100 yds, clicks/in \u00a0": "\u00a0 1 \u00a0",
            "\u00a0 Bindon Aiming Concept \u00a0": "\u00a0 No \u00a0",
            "\u00a0 Bullet Drop Compensator \u00a0": "\u00a0 No \u00a0",
            "\u00a0 Day Reticle Color \u00a0": "\u00a0 Amber \u00a0",
            "\u00a0 Housing Material \u00a0": "\u00a0 Forged Aluminum \u00a0",
            "\u00a0 Illumination Source \u00a0": "\u00a0 Fiber Optics & Tritium \u00a0",
            "\u00a0 Length, in \u00a0": "\u00a0 1.8\" \u00a0",
            "\u00a0 Magnification \u00a0": "\u00a0 1x \u00a0",
            "\u00a0 Mount Comes With \u00a0": "\u00a0 RM36 ACOG \u00a0",
            "\u00a0 Mount \u00a0": "\u00a0 RM36 ACOG \u00a0",
            "\u00a0 Night Reticle Color \u00a0": "\u00a0 Amber \u00a0",
            "\u00a0 Reticle Pattern \u00a0": "\u00a0 12.9 MOA Triangle \u00a0",
            "\u00a0 Weight, oz \u00a0": "\u00a0 1.2 \u00a0"
        },
        "url": "1800gunsandammo.com//624007"
    },
    {
        "spec": {
            "\u00a0 Adjustment @ 100 yds, clicks/in \u00a0": "\u00a0 2 \u00a0",
            "\u00a0 Bindon Aiming Concept \u00a0": "\u00a0 Yes \u00a0",
            "\u00a0 Bullet Drop Compensator \u00a0": "\u00a0 Yes \u00a0",
            "\u00a0 Calibration \u00a0": "\u00a0 6.8 SPC \u00a0",
            "\u00a0 Day Reticle Color \u00a0": "\u00a0 Red \u00a0",
            "\u00a0 Exit Pupil, mm \u00a0": "\u00a0 8 \u00a0",
            "\u00a0 Eye Relief, in \u00a0": "\u00a0 1.5\" \u00a0",
            "\u00a0 Field of View (FOV) @ 100yds, ft \u00a0": "\u00a0 36.8 \u00a0",
            "\u00a0 Field of View, deg \u00a0": "\u00a0 7\u00b0 \u00a0",
            "\u00a0 Housing Material \u00a0": "\u00a0 Forged Aluminum \u00a0",
            "\u00a0 Illumination Source \u00a0": "\u00a0 Fiber Optics & Tritium \u00a0",
            "\u00a0 Length, in \u00a0": "\u00a0 5.8\" \u00a0",
            "\u00a0 Magnification \u00a0": "\u00a0 4x \u00a0",
            "\u00a0 Mount Comes With \u00a0": "\u00a0 TA51 \u00a0",
            "\u00a0 Mount \u00a0": "\u00a0 TA51 \u00a0",
            "\u00a0 Night Reticle Color \u00a0": "\u00a0 Red \u00a0",
            "\u00a0 Objective Size, mm \u00a0": "\u00a0 32 \u00a0",
            "\u00a0 Reticle Pattern \u00a0": "\u00a0 Horseshoe w/ Target Reference System \u00a0",
            "\u00a0 Weight (Without Mount), oz \u00a0": "\u00a0 9.9 \u00a0"
        },
        "url": "1800gunsandammo.com//10239022"
    },
    {
        "spec": {
            "\u00a0 Adjustment @ 100 yds, clicks/in \u00a0": "\u00a0 1 \u00a0",
            "\u00a0 Bullet Drop Compensator \u00a0": "\u00a0 No \u00a0",
            "\u00a0 Day Reticle Color \u00a0": "\u00a0 Amber \u00a0",
            "\u00a0 Housing Material \u00a0": "\u00a0 Cast A356-T6 Aluminum \u00a0",
            "\u00a0 Illumination Source \u00a0": "\u00a0 Fiber Optics & Tritium \u00a0",
            "\u00a0 Length, in \u00a0": "\u00a0 4.9\" \u00a0",
            "\u00a0 Magnification \u00a0": "\u00a0 1x \u00a0",
            "\u00a0 Mount Comes With \u00a0": "\u00a0 Flattop Mounting Adapter \u00a0",
            "\u00a0 Mount \u00a0": "\u00a0 TA51 \u00a0",
            "\u00a0 Night Reticle Color \u00a0": "\u00a0 Amber \u00a0",
            "\u00a0 Objective Size, mm \u00a0": "\u00a0 42 \u00a0",
            "\u00a0 Reticle Pattern \u00a0": "\u00a0 4.5 MOA Dot \u00a0",
            "\u00a0 Weight, oz \u00a0": "\u00a0 8.2 \u00a0"
        },
        "url": "1800gunsandammo.com//14589222"
    },
    {
        "spec": {
            "\u00a0 Adjustment @ 100 yds, clicks/in \u00a0": "\u00a0 3 \u00a0",
            "\u00a0 Bindon Aiming Concept \u00a0": "\u00a0 Yes \u00a0",
            "\u00a0 Bullet Drop Compensator \u00a0": "\u00a0 Yes \u00a0",
            "\u00a0 Calibration \u00a0": "\u00a0 0.308 \u00a0",
            "\u00a0 Day Reticle Color \u00a0": "\u00a0 Green \u00a0",
            "\u00a0 Exit Pupil, mm \u00a0": "\u00a0 10 \u00a0",
            "\u00a0 Eye Relief, in \u00a0": "\u00a0 2.4\" \u00a0",
            "\u00a0 Field of View (FOV) @ 100yds, ft \u00a0": "\u00a0 28.9 \u00a0",
            "\u00a0 Field of View, deg \u00a0": "\u00a0 5.5\u00b0 \u00a0",
            "\u00a0 Housing Material \u00a0": "\u00a0 Forged Aluminum \u00a0",
            "\u00a0 Illumination Source \u00a0": "\u00a0 Fiber Optics & Tritium \u00a0",
            "\u00a0 Length, in \u00a0": "\u00a0 8\" \u00a0",
            "\u00a0 Magnification \u00a0": "\u00a0 3.5x \u00a0",
            "\u00a0 Mount Comes With \u00a0": "\u00a0 TA51 \u00a0",
            "\u00a0 Mount \u00a0": "\u00a0 TA51 \u00a0",
            "\u00a0 Night Reticle Color \u00a0": "\u00a0 Green \u00a0",
            "\u00a0 Objective Size, mm \u00a0": "\u00a0 35 \u00a0",
            "\u00a0 Reticle Pattern \u00a0": "\u00a0 Chevron \u00a0",
            "\u00a0 Weight (Without Mount), oz \u00a0": "\u00a0 14 \u00a0"
        },
        "url": "1800gunsandammo.com//5742620"
    },
    {
        "spec": {
            "\u00a0 Adjustment @ 100 yds, clicks/in \u00a0": "\u00a0 1 \u00a0",
            "\u00a0 Bullet Drop Compensator \u00a0": "\u00a0 No \u00a0",
            "\u00a0 Day Reticle Color \u00a0": "\u00a0 Amber \u00a0",
            "\u00a0 Housing Material \u00a0": "\u00a0 Forged Aluminum \u00a0",
            "\u00a0 Illumination Source \u00a0": "\u00a0 Fiber Optics & Tritium \u00a0",
            "\u00a0 Length, in \u00a0": "\u00a0 1.8\" \u00a0",
            "\u00a0 Magnification \u00a0": "\u00a0 1x \u00a0",
            "\u00a0 Mount Comes With \u00a0": "\u00a0 RM38 \u00a0",
            "\u00a0 Mount \u00a0": "\u00a0 RM38 \u00a0",
            "\u00a0 Night Reticle Color \u00a0": "\u00a0 Amber \u00a0",
            "\u00a0 Reticle Pattern \u00a0": "\u00a0 7.0 MOA Dot \u00a0",
            "\u00a0 Weight, oz \u00a0": "\u00a0 1.2 \u00a0"
        },
        "url": "1800gunsandammo.com//2128925"
    },
    {
        "spec": {
            "\u00a0 Adjustment @ 100 yards, clicks/in \u00a0": "\u00a0 4 \u00a0",
            "\u00a0 Adjustment Range \u00a0": "\u00a0 \u00b1 30 MOA (\u00b1 8.9 mils) Minimum \u00a0",
            "\u00a0 Bullet Drop Compensator \u00a0": "\u00a0 No \u00a0",
            "\u00a0 Day Reticle Color \u00a0": "\u00a0 Green \u00a0",
            "\u00a0 Exit Pupil, mm \u00a0": "\u00a0 16.3\u20135.6 \u00a0",
            "\u00a0 Eye Relief, in \u00a0": "\u00a0 2.8\"\u20134.1\" \u00a0",
            "\u00a0 Field of View (FOV) @ 100yds, ft \u00a0": "\u00a0 37.6\u201310.1 \u00a0",
            "\u00a0 Field of View, deg \u00a0": "\u00a0 7.18\u00b0\u20131.94\u00b0 \u00a0",
            "\u00a0 Housing Material \u00a0": "\u00a0 6061-T6 Aluminum, Hard Coat Anodized per MIL-A-8265, Type III, Class 2 Dull & Non Reflective \u00a0",
            "\u00a0 Illumination Source \u00a0": "\u00a0 Fiber Optics & Tritium \u00a0",
            "\u00a0 Length, in \u00a0": "\u00a0 13.8\" \u00a0",
            "\u00a0 Magnification \u00a0": "\u00a0 2.5x\u201310x \u00a0",
            "\u00a0 Night Reticle Color \u00a0": "\u00a0 Green \u00a0",
            "\u00a0 Objective Lens Diameter, mm \u00a0": "\u00a0 56 \u00a0",
            "\u00a0 Reticle Pattern \u00a0": "\u00a0 Triangle \u00a0",
            "\u00a0 Tube Size, mm \u00a0": "\u00a0 30 \u00a0",
            "\u00a0 Weight, oz \u00a0": "\u00a0 20.7 \u00a0"
        },
        "url": "1800gunsandammo.com//9714471"
    },
    {
        "spec": {
            "\u00a0 Adjustment @ 100 yds, clicks/in \u00a0": "\u00a0 1 \u00a0",
            "\u00a0 Bindon Aiming Concept \u00a0": "\u00a0 No \u00a0",
            "\u00a0 Bullet Drop Compensator \u00a0": "\u00a0 No \u00a0",
            "\u00a0 Day Reticle Color \u00a0": "\u00a0 Red \u00a0",
            "\u00a0 Housing Material \u00a0": "\u00a0 Forged Aluminum \u00a0",
            "\u00a0 Illumination Source \u00a0": "\u00a0 LED \u00a0",
            "\u00a0 Length, in \u00a0": "\u00a0 1.8\" \u00a0",
            "\u00a0 Magnification \u00a0": "\u00a0 1x \u00a0",
            "\u00a0 Mount \u00a0": "\u00a0 RM33 Picatinny Rail \u00a0",
            "\u00a0 Night Reticle Color \u00a0": "\u00a0 Red \u00a0",
            "\u00a0 Reticle Pattern \u00a0": "\u00a0 6.5 MOA Dot \u00a0"
        },
        "url": "1800gunsandammo.com//133868"
    },
    {
        "spec": {
            "Bullet Grains": "240",
            "Bullet Style": "Full Metal Jacket Flat",
            "Caliber": "44 Remington Magnum",
            "Casing": "Factory Brass",
            "Model": "Sport Shooting",
            "Muzzle Energy, ft lbs": "742",
            "Muzzle Velocity, fps": "1180",
            "Rounds per Box": "50",
            "Units per Case": "1000"
        },
        "url": "1800gunsandammo.com//4451621"
    },
    {
        "spec": {
            "Average Weight, lbs": "5.5",
            "Barrel Length, in": "22\"",
            "Chambered for": "2-3/4\" and 3\"",
            "Chokes": "Extended IC, Extended M",
            "Drop at Comb, in": "1-1/2\"",
            "Drop at Heel, in": "2-1/2\"",
            "Finish/Stock": "A-Grade Satin Walnut",
            "Gauge": "20-Gauge",
            "Length of Pull, in": "13\"",
            "Mechanical Extractors": "Shell extractor",
            "Overall Length, in": "36.5\"",
            "Trigger": "Single",
            "Type of Sights": "Brass bead"
        },
        "url": "1800gunsandammo.com//15642059"
    },
    {
        "spec": {
            "Category": "Buckshot Ammunition",
            "Gauge": "12",
            "Muzzle Velocity, fps": "1190",
            "Quantity per Box": "25",
            "Quantity per Case": "250",
            "Shot Size": "00 Buckshot"
        },
        "url": "1800gunsandammo.com//3951942"
    },
    {
        "spec": {
            "Bullet Grains": "115",
            "Bullet Style": "Full Metal Jacket",
            "Caliber": "9mm Luger",
            "Casing": "Factory Brass",
            "Model": "Sport Shooting",
            "Muzzle Energy, ft lbs": "329",
            "Muzzle Velocity, fps": "1135",
            "Rounds per Box": "50",
            "Units per Case": "1000"
        },
        "url": "1800gunsandammo.com//13182660"
    },
    {
        "spec": {
            "Action": "Bolt",
            "Barrel Finish": "Matte Blued",
            "Barrel Length, in": "20\"",
            "Barrel Type": "Medium Bull, Fluted, Threaded",
            "Caliber": "7.62mm NATO (.308 Win)",
            "Capacity": "11",
            "LOP Type": "Fixed",
            "LOP, in": "13.25\"",
            "Overall Length, in": "39.5\"",
            "Sight": "Picatinny Rail",
            "Stock": "Green Textured \u2013 Adj Comb, Benchrest Style",
            "Twist": "1:10",
            "Weight, lbs": "8"
        },
        "url": "1800gunsandammo.com//440267"
    },
    {
        "spec": {
            "Action": "Semi-Automatic",
            "Barrel": "24\" Ported/ Vent Rib",
            "Barrel Finish": "Blued",
            "Capacity": "5",
            "Chamber": "3\"",
            "Choke": "Cylinder Bore",
            "Gauge": "12",
            "Overall Length, in": "44.5\"",
            "Sights": "Fiber Optic Front",
            "Stock Finish": "Synthetic (Black)",
            "Weight, lbs": "7.5"
        },
        "url": "1800gunsandammo.com//12936651"
    },
    {
        "spec": {
            "Action": "DA",
            "Barrel Length, in": "3.2\"",
            "Caliber": ".380 ACP",
            "Grips": "Checkered Polymer",
            "Magazine Capacity": "8+1",
            "Sights": "Fixed",
            "Weight, oz": "16.4"
        },
        "url": "1800gunsandammo.com//14537162"
    },
    {
        "spec": {
            "Action": "DA/SA",
            "Barrel Length, in": "3.5\"",
            "Caliber": ".22 LR",
            "Front Sight": "Blade Integral with Slide",
            "Grips": "Checkered Polymer",
            "Height, in": "4.7\"",
            "Length, in": "6.6\"",
            "Magazine Capacity": "10+1",
            "Rear Sight": "Notched-Bar Dovetailed",
            "Weight, oz": "18.90"
        },
        "url": "1800gunsandammo.com//13701365"
    },
    {
        "spec": {
            "\u00a0 Caliber \u00a0": "\u00a0 32 ACP (7.65 Browning) \u00a0",
            "\u00a0 Muzzle Velocity \u00a0": "\u00a0 980 fps \u00a0",
            "\u00a0 Rounds Per Box \u00a0": "\u00a0 50 \u00a0"
        },
        "url": "1800gunsandammo.com//15707577"
    },
    {
        "spec": {
            "\u00a0 Bullet Style \u00a0": "\u00a0 XTP Jacketed Hollow Point \u00a0",
            "\u00a0 Caliber \u00a0": "\u00a0 380 ACP \u00a0",
            "\u00a0 Muzzle Velocity \u00a0": "\u00a0 1000 fps \u00a0",
            "\u00a0 Rounds Per Box \u00a0": "\u00a0 25 \u00a0"
        },
        "url": "1800gunsandammo.com//402669"
    },
    {
        "spec": {
            "\u00a0 Adjustment @ 100 yards, clicks/in \u00a0": "\u00a0 1/4 (0.25) MOA \u00a0",
            "\u00a0 Adjustment Range \u00a0": "\u00a0 \u00b1 20 MOA (\u00b1 5.9 mils) Minimum \u00a0",
            "\u00a0 Bullet Drop Compensator \u00a0": "\u00a0 No \u00a0",
            "\u00a0 Day Reticle Color \u00a0": "\u00a0 Amber \u00a0",
            "\u00a0 Exit Pupil, mm \u00a0": "\u00a0 10\u20132.5 \u00a0",
            "\u00a0 Eye Relief, in \u00a0": "\u00a0 3.8\"\u20134.1\" \u00a0",
            "\u00a0 Field of View (FOV) @ 100yds, ft \u00a0": "\u00a0 19.1\u20135.1 \u00a0",
            "\u00a0 Housing Material \u00a0": "\u00a0 6061-T6 Aluminum, Hard Coat Anodized per MIL-A-8265, Type III, Class 2 Dull & Non Reflective \u00a0",
            "\u00a0 Illumination Source \u00a0": "\u00a0 Fiber Optics & Tritium \u00a0",
            "\u00a0 Length, in \u00a0": "\u00a0 13.6\" without Sunshade \u00a0 \u00a0 16.6\" with Sunshade \u00a0",
            "\u00a0 Magnification \u00a0": "\u00a0 5x\u201320x \u00a0",
            "\u00a0 Night Reticle Color \u00a0": "\u00a0 Amber \u00a0",
            "\u00a0 Objective Lens Diameter, mm \u00a0": "\u00a0 50 \u00a0",
            "\u00a0 Reticle Pattern \u00a0": "\u00a0 Standard Duplex Crosshair \u00a0",
            "\u00a0 Tube Size, mm \u00a0": "\u00a0 30 \u00a0",
            "\u00a0 Weight, oz \u00a0": "\u00a0 26.9 without Sunshade \u00a0 \u00a0 29.4 with Sunshade \u00a0"
        },
        "url": "1800gunsandammo.com//14004160"
    },
    {
        "spec": {
            "\u00a0 Adjustment @ 100 yds, clicks/in \u00a0": "\u00a0 3 \u00a0",
            "\u00a0 Bindon Aiming Concept \u00a0": "\u00a0 Yes \u00a0",
            "\u00a0 Bullet Drop Compensator \u00a0": "\u00a0 Yes \u00a0",
            "\u00a0 Calibration \u00a0": "\u00a0 0.308 \u00a0",
            "\u00a0 Day Reticle Color \u00a0": "\u00a0 Red \u00a0",
            "\u00a0 Exit Pupil, mm \u00a0": "\u00a0 10 \u00a0",
            "\u00a0 Eye Relief, in \u00a0": "\u00a0 2.39\" \u00a0",
            "\u00a0 Field of View (FOV) @ 100yds, ft \u00a0": "\u00a0 28.9 \u00a0",
            "\u00a0 Field of View, deg \u00a0": "\u00a0 5.5\u00b0 \u00a0",
            "\u00a0 Housing Material \u00a0": "\u00a0 Forged Aluminum \u00a0",
            "\u00a0 Illumination Source \u00a0": "\u00a0 Fiber Optics & Tritium \u00a0",
            "\u00a0 Length, in \u00a0": "\u00a0 8\" \u00a0",
            "\u00a0 Magnification \u00a0": "\u00a0 3.5x \u00a0",
            "\u00a0 Mount Comes With \u00a0": "\u00a0 TA51 \u00a0",
            "\u00a0 Mount \u00a0": "\u00a0 TA51 \u00a0",
            "\u00a0 Night Reticle Color \u00a0": "\u00a0 Red \u00a0",
            "\u00a0 Objective Size, mm \u00a0": "\u00a0 35 \u00a0",
            "\u00a0 Reticle Pattern \u00a0": "\u00a0 Horseshoe w/ Target Reference System \u00a0",
            "\u00a0 Weight (Without Mount), oz \u00a0": "\u00a0 14 \u00a0"
        },
        "url": "1800gunsandammo.com//779679"
    },
    {
        "spec": {
            "Average Weight, lbs": "6.5",
            "Barrel Length, in": "20\"",
            "Chambered for": "2-3/4\" and 3\"",
            "Chokes": "IC, M",
            "Drop at Comb, in": "1-1/2\"",
            "Drop at Heel, in": "2-1/2\"",
            "Finish/Stock": "AA-Grade Gloss Walnut, Blue/Stainless Receiver",
            "Gauge": "12-Gauge",
            "Length of Pull, in": "14-1/2\"",
            "Overall Length, in": "36.5\"",
            "Trigger": "Single",
            "Type of Sights": "Brass bead"
        },
        "url": "1800gunsandammo.com//16764945"
    },
    {
        "spec": {
            "\u00a0 Action \u00a0": "\u00a0 Semi-Automatic \u00a0",
            "\u00a0 Barrel Length, in \u00a0": "\u00a0 3.25\" \u00a0",
            "\u00a0 Caliber \u00a0": "\u00a0 380 A.C.P. \u00a0",
            "\u00a0 Capacity \u00a0": "\u00a0 6 Rd \u00a0",
            "\u00a0 Height, in \u00a0": "\u00a0 4.13\" \u00a0",
            "\u00a0 Length, in \u00a0": "\u00a0 5.94\" \u00a0",
            "\u00a0 Model \u00a0": "\u00a0 Glock 42 \u00a0",
            "\u00a0 Sights \u00a0": "\u00a0 Fixed Sights \u00a0"
        },
        "url": "1800gunsandammo.com//15098715"
    },
    {
        "spec": {
            "\u00a0 Barrel \u00a0": "\u00a0 4.0\" Hammer Forged, Steel, Melonite / 1:16 Twist \u00a0",
            "\u00a0 Caliber \u00a0": "\u00a0 .45ACP \u00a0",
            "\u00a0 Frame \u00a0": "\u00a0 Black Polymer \u00a0",
            "\u00a0 Grip Width, in \u00a0": "\u00a0 .9\" \u00a0",
            "\u00a0 Height, in \u00a0": "\u00a0 4.4\" w/ Compact Mag, 5\" w/ Mid-Mag X-Tension \u00a0",
            "\u00a0 Length, in \u00a0": "\u00a0 7\" \u00a0",
            "\u00a0 Magazines \u00a0": "\u00a0 1 \u2013 5 Round Flush Fitting, 1 \u2013 6 Round With Mid-Mag X-Tension, Stainless Steel \u00a0",
            "\u00a0 Recoil System \u00a0": "\u00a0 Dual Spring w/ Full Length Guide Rod \u00a0",
            "\u00a0 Sights \u00a0": "\u00a0 Fiber Optic Front & Dovetail Rear (Steel) \u00a0",
            "\u00a0 Slide \u00a0": "\u00a0 Forged Stainless Steel \u00a0",
            "\u00a0 Weight (with Empty Magazine), oz \u00a0": "\u00a0 23.5 w/ Compact Mag, 24.5 w/ X-Tension \u00a0"
        },
        "url": "1800gunsandammo.com//3295109"
    },
    {
        "spec": {
            "Action": "Bolt",
            "Barrel Finish": "Matte Blued",
            "Barrel Length, in": "16.25\"",
            "Barrel Type": "Med. Bull, Threaded",
            "Caliber": "5.56mm NATO (.223 Rem.)",
            "Capacity": "11",
            "LOP Type": "Fixed",
            "LOP, in": "13.25\"",
            "Overall Length, in": "35.75\"",
            "Sights": "Rifle Sights/Picatinny Rail",
            "Stock": "Green Textured \u2013 Adj Comb",
            "Twist": "1:7",
            "Weight, lbs": "7"
        },
        "url": "1800gunsandammo.com//16987468"
    },
    {
        "spec": {
            "\u00a0 Barrel \u00a0": "\u00a0 22\"; Twist 1 in 10\"; 6-Groove Douglas Heavy Match; Carbon Steell \u00a0",
            "\u00a0 Caliber \u00a0": "\u00a0 7.62x51mm Nato (.308Win) \u00a0",
            "\u00a0 Capacity \u00a0": "\u00a0 10 Rounds \u00a0",
            "\u00a0 Front Sight \u00a0": "\u00a0 National Match .062\" Blade \u00a0",
            "\u00a0 Length, in \u00a0": "\u00a0 44.33\" \u00a0",
            "\u00a0 Rear Sight \u00a0": "\u00a0 Match Grade Hooded Aperture .0595 w/ 1/2 MOA Adjustment For Both Windage and Elevation \u00a0",
            "\u00a0 Stock \u00a0": "\u00a0 Oversized Walnut \u00a0",
            "\u00a0 Weight (with Empty Magazine), lb / oz \u00a0": "\u00a0 11.2 / 179.2 \u00a0"
        },
        "url": "1800gunsandammo.com//1969350"
    },
    {
        "spec": {
            "\u00a0 Barrel \u00a0": "\u00a0 5\" Stainless Steel Match Grade \u00a0",
            "\u00a0 Caliber \u00a0": "\u00a0 .45ACP \u00a0",
            "\u00a0 Frame \u00a0": "\u00a0 Forged Steel w/ Integral Accessory Rail, Black Armory Kote \u00a0",
            "\u00a0 Grip Type \u00a0": "\u00a0 G-10 \u00a0",
            "\u00a0 Height, in \u00a0": "\u00a0 5.7\" \u00a0",
            "\u00a0 Length, in \u00a0": "\u00a0 8.6\" \u00a0",
            "\u00a0 Magazines \u00a0": "\u00a0 2 \u2013 8 Round, w/ Slam Pad \u00a0",
            "\u00a0 Recoil System \u00a0": "\u00a0 GI Style \u00a0",
            "\u00a0 Sights \u00a0": "\u00a0 Fixed Combat, 3-Dot Tritium \u00a0",
            "\u00a0 Slide \u00a0": "\u00a0 Forged Steel, Black Armory Kote \u00a0",
            "\u00a0 Weight (with Empty Magazine), in \u00a0": "\u00a0 43\" \u00a0"
        },
        "url": "1800gunsandammo.com//15268798"
    },
    {
        "spec": {
            "Action": "Bolt",
            "Barrel Finish": "Matte Blued",
            "Barrel Length, in": "24\"",
            "Barrel Type": "Med. Bull, Fluted",
            "Caliber": ".204 Ruger",
            "Capacity": "11",
            "LOP Type": "Fixed",
            "LOP, in": "13.25\"",
            "Overall Length, in": "43\"",
            "Sight": "None",
            "Stock": "Laminate \u2013 Bench Rest",
            "Twist": "1:12",
            "Weight, lbs": "7.75"
        },
        "url": "1800gunsandammo.com//12634334"
    },
    {
        "spec": {
            "Barrel": "12.5\",\u201d 1:10 medium taper 416SS SBN barrel",
            "Caliber": "308 Win.",
            "Hand Guard": "CMMG RKM11",
            "Muzzle": "A2 compensator, threaded 5/8-24",
            "Receiver": "Billet 6061-T6 AL LR308 type",
            "Trigger": "Single stage mil-spec style trigger"
        },
        "url": "1800gunsandammo.com//11956248"
    },
    {
        "spec": {
            "\u00a0 Barrel \u00a0": "\u00a0 16.25\"; Twist 1 in 11\" RH; 6-Groove Carbon Steel \u00a0",
            "\u00a0 Caliber \u00a0": "\u00a0 7.62x51mm Nato (.308Win) \u00a0",
            "\u00a0 Front Sight \u00a0": "\u00a0 XS Post w/ Tritium Insert, .125 Blade \u00a0",
            "\u00a0 Length, in \u00a0": "\u00a0 37.25\" \u00a0",
            "\u00a0 Magazines \u00a0": "\u00a0 1 \u2013 10 Round, Parkerized Steel \u00a0",
            "\u00a0 Rear Sight \u00a0": "\u00a0 Enlarged Military Aperture .135 w/ MOA Adjustment For Both Windage and Elevation \u00a0",
            "\u00a0 Stock \u00a0": "\u00a0 Black Composite \u00a0",
            "\u00a0 Weight (with Empty Magazine), lb / oz \u00a0": "\u00a0 8.8 / 140.8 \u00a0"
        },
        "url": "1800gunsandammo.com//10571297"
    },
    {
        "spec": {
            "\u00a0 Barrel \u00a0": "\u00a0 22\"; Twist 1 in 11\"; 6-Groove Carbon Steel \u00a0",
            "\u00a0 Caliber \u00a0": "\u00a0 7.62x51mm Nato (.308Win) \u00a0",
            "\u00a0 Capacity \u00a0": "\u00a0 10 Rounds \u00a0",
            "\u00a0 Front Sight \u00a0": "\u00a0 National Match .062\" Blade \u00a0",
            "\u00a0 Length, in \u00a0": "\u00a0 44.33\" \u00a0",
            "\u00a0 Rear Sight \u00a0": "\u00a0 Military Aperture .0690 w/ MOA Adjustment For Both Windage and Elevation \u00a0",
            "\u00a0 Stock \u00a0": "\u00a0 Flat Dark Earth Composite \u00a0",
            "\u00a0 Weight (with Empty Magazine), lb / oz \u00a0": "\u00a0 8.8 / 140.8 \u00a0"
        },
        "url": "1800gunsandammo.com//15717048"
    },
    {
        "spec": {
            "\u00a0 Barrel \u00a0": "\u00a0 4\" Hammer Forged, Steel, Melonite / 1:16 Twist \u00a0",
            "\u00a0 Caliber \u00a0": "\u00a0 .45ACP \u00a0",
            "\u00a0 Capacity \u00a0": "\u00a0 10 Rounds \u00a0",
            "\u00a0 Frame \u00a0": "\u00a0 Black Polymer \u00a0",
            "\u00a0 Grip Width, in \u00a0": "\u00a0 1.22\" \u00a0",
            "\u00a0 Length, in \u00a0": "\u00a0 7.3\" \u00a0",
            "\u00a0 Recoil System \u00a0": "\u00a0 Dual Spring w/ Full Length Guide Rod \u00a0",
            "\u00a0 Sights \u00a0": "\u00a0 Dovetail Front and Rear (Steel) 3-Dot \u00a0",
            "\u00a0 Slide \u00a0": "\u00a0 Forged Stainless Steel \u00a0"
        },
        "url": "1800gunsandammo.com//5449790"
    },
    {
        "spec": {
            "\u00a0 Barrel \u00a0": "\u00a0 3.8\" Hammer Forged, Steel, Melonite / 1:10 Twist \u00a0",
            "\u00a0 Caliber \u00a0": "\u00a0 9mm \u00a0",
            "\u00a0 Frame \u00a0": "\u00a0 Black Polymer \u00a0",
            "\u00a0 Grip Width, in \u00a0": "\u00a0 1.18\" \u00a0",
            "\u00a0 Height, in \u00a0": "\u00a0 5.75\" \u00a0",
            "\u00a0 Length, in \u00a0": "\u00a0 6.75\" \u00a0",
            "\u00a0 Recoil System \u00a0": "\u00a0 Dual Spring w/ Full Length Guide Rod \u00a0",
            "\u00a0 Sights \u00a0": "\u00a0 Dovetail Front and Rear (Steel) 3-Dot \u00a0",
            "\u00a0 Slide \u00a0": "\u00a0 Forged Steel, Melonite Finish \u00a0",
            "\u00a0 Weight (with Empty Magazine), oz \u00a0": "\u00a0 29 \u00a0"
        },
        "url": "1800gunsandammo.com//14793092"
    },
    {
        "spec": {
            "Action": "Bolt",
            "Barrel Finish": "Matte Blued",
            "Barrel Length, in": "20\"",
            "Barrel Type": "Sporter, Fluted, Threaded",
            "Caliber": "5.56mm NATO (.223 Rem.)",
            "Capacity": "11",
            "LOP Type": "Fixed",
            "LOP, in": "13.25\"",
            "Overall Length, in": "39\"",
            "Sight": "None",
            "Stock": "Laminate \u2013 Sporter",
            "Twist": "1:9",
            "Weight, lbs": "7"
        },
        "url": "1800gunsandammo.com//8715747"
    },
    {
        "spec": {
            "Action": "Bolt",
            "Barrel Finish": "Matte Blued",
            "Barrel Length, in": "22\"",
            "Barrel Type": "Fluted",
            "Caliber": ".30\u201306 Sprg",
            "Capacity": "5",
            "LOP Type": "Fixed",
            "LOP, in": "13.75\"",
            "Overall Length, in": "42.75\"",
            "Sight": "None",
            "Stock": "Synthetic (Black)",
            "Twist": "1:10",
            "Weight, lbs": "7.5"
        },
        "url": "1800gunsandammo.com//11615061"
    },
    {
        "spec": {
            "Average Weight, lbs": "7.0",
            "Barrel Length, in": "30\"",
            "Chambered for": "2-3/4\" and 3\"",
            "Chokes": "Extended IC, Extended M",
            "Drop at Comb, in": "1-1/2\"",
            "Drop at Heel, in": "2-1/2\"",
            "Finish/Stock": "A-Grade Satin Walnut",
            "Gauge": "20-Gauge",
            "Length of Pull, in": "14-1/2\"",
            "Mechanical Extractors": "Shell extractor",
            "Overall Length, in": "46\"",
            "Trigger": "Single",
            "Type of Sights": "Brass bead"
        },
        "url": "1800gunsandammo.com//16973851"
    },
    {
        "spec": {
            "Average Weight, lbs": "5.7",
            "Barrel Length, in": "28\"",
            "Chambered for": "2-3/4\" and 3\"",
            "Chokes": "IC, XFT, M",
            "Drop at Comb, in": "1-1/4\"",
            "Drop at Heel, in": "2\"",
            "Finish/Stock": "Realtree Max-5",
            "Gauge": "20-Gauge",
            "Length of Pull, in": "14-1/4\"",
            "Minimum Recommended Load": "2-1/2 dram, 7/8 oz.",
            "Overall Length, in": "49.75\"",
            "Type of Sights": "Red-bar front sight"
        },
        "url": "1800gunsandammo.com//14917180"
    },
    {
        "spec": {
            "Barrel Type": "Heavy Taper Profile",
            "Caliber": "308 Win Chamber",
            "Length, in": "18\";",
            "Material": "416 Stainless Steel",
            "Thread Pitch": "5/8-24",
            "Twist Rate": "1:10"
        },
        "url": "1800gunsandammo.com//10613971"
    },
    {
        "spec": {
            "Action": "Pump",
            "Barrel Finish": "Parkerized",
            "Barrel Length, in": "18.5\"",
            "Capacity": "6",
            "Chamber": "3\"",
            "Chokes": "Cylinder Bore",
            "Gauge": "12",
            "LOP, in": "13\"",
            "Overall Length, in": "38.625\"",
            "Sight": "Ghost Ring",
            "Stock": "Wood with Synthetic Forend",
            "Weight, lbs": "7.25"
        },
        "url": "1800gunsandammo.com//6535029"
    },
    {
        "spec": {
            "Action": "Double/Single",
            "Barrel Length, in": "3.6\"",
            "Finish/Stock": "Nitride-Hardened Matte Black",
            "Magazine Capacity": "15+1",
            "Overall Length, in": "7\"",
            "Type of Sights": "Quick read 3-dot sight"
        },
        "url": "1800gunsandammo.com//1522678"
    },
    {
        "spec": {
            "Action": "Semi-Automatic",
            "Barrel Finish": "Realtree Max-5",
            "Barrel Length, in": "28\"",
            "Barrel Type": "Vent Rib",
            "Capacity": "5",
            "Chamber": "3.5\"",
            "Gauge": "12",
            "Overall Length, in": "49\"",
            "Stock": "Synthetic",
            "Weight, lbs": "7.75"
        },
        "url": "1800gunsandammo.com//17252312"
    },
    {
        "spec": {
            "Boxes Per Case": "90",
            "Bullet Style": "SP",
            "Bullet Weight, gr": "45",
            "Caliber": "22 Hornet",
            "Casing": "Brass",
            "Category": "Rifle Ammunition",
            "Muzzle Energy, ft lbs": "550",
            "Muzzle Velocity, fps": "2346",
            "Rounds Per Box": "20"
        },
        "url": "1800gunsandammo.com//3790943"
    },
    {
        "spec": {
            "Average Weight, lbs": "7.5",
            "Barrel Length, in": "30\"",
            "Chambered For": "2\u20133/4\" and 3\"",
            "Chokes": "Extended IC, Extended M, Extended F",
            "Drop at Comb": "1\u20131/2\"",
            "Drop at Heel": "2\"",
            "Finish": "Polished Stainless Steel",
            "Gauge": "12 Gauge",
            "Length of Pull": "14\u20131/2\"",
            "Overall Length, in": "48.125\"",
            "Stock": "A-Grade Satin Walnut",
            "Type of Sights": "Red Fiber Optic Front Bead"
        },
        "url": "1800gunsandammo.com//17354603"
    },
    {
        "spec": {
            "\u00a0 Barrel \u00a0": "\u00a0 22\"; Twist 1 in 11\"; 6-Groove Carbon Steel \u00a0",
            "\u00a0 Caliber \u00a0": "\u00a0 7.62x51mm Nato (.308Win) \u00a0",
            "\u00a0 Capacity \u00a0": "\u00a0 10 Rounds \u00a0",
            "\u00a0 Front Sight \u00a0": "\u00a0 National Match .062\" Blade \u00a0",
            "\u00a0 Length, in \u00a0": "\u00a0 44.33\" \u00a0",
            "\u00a0 Rear Sight \u00a0": "\u00a0 Military Aperture Adjustable for Windage and Elevation \u00a0",
            "\u00a0 Stock \u00a0": "\u00a0 New Walnut \u00a0",
            "\u00a0 Weight (with Empty Magazine), lb / oz \u00a0": "\u00a0 9.3 / 148.8 \u00a0"
        },
        "url": "1800gunsandammo.com//16928602"
    },
    {
        "spec": {
            "Action": "Pump",
            "Barrel Finish": "Parkerized",
            "Barrel Length, in": "18.5\"",
            "Capacity": "6",
            "Chamber": "3\"",
            "Chokes": "Cylinder Bore",
            "Gauge": "12",
            "LOP, in": "14\"",
            "Overall Length, in": "39.5\"",
            "Sight": "Ghost Ring",
            "Stock": "Synthetic",
            "Weight, lbs": "7.25"
        },
        "url": "1800gunsandammo.com//14401824"
    },
    {
        "spec": {
            "Action": "Semi-Automatic",
            "Barrel Finish": "Blued",
            "Barrel Length, in": "16.25\"",
            "Caliber": ".22LR",
            "Capacity": "26",
            "LOP Type": "Adjustable",
            "LOP, in": "10.5\"\u201314.00\"",
            "Overall Length, in": "33\"",
            "Sight": "Mounted Front/Adj Rear",
            "Stock": "A2-Style Synthetic",
            "Twist": "1:16",
            "Weight, lbs": "5.5"
        },
        "url": "1800gunsandammo.com//4823586"
    },
    {
        "spec": {
            "\u00a0 Barrel \u00a0": "\u00a0 22\"; Twist 1 In 11\"; RH; 6-Groove Carbon Steel \u00a0",
            "\u00a0 Caliber \u00a0": "\u00a0 7.62x51mm Nato (.308Win) \u00a0",
            "\u00a0 Front Sight \u00a0": "\u00a0 National Match .062\" Blade \u00a0",
            "\u00a0 Length, in \u00a0": "\u00a0 44.33\" \u00a0",
            "\u00a0 Magazines \u00a0": "\u00a0 1 \u2013 10 Round, Parkerized Steel \u00a0",
            "\u00a0 Rear Sight \u00a0": "\u00a0 Military Aperture .0690 w/ MOA Adjustment For Both Windage and Elevation \u00a0",
            "\u00a0 Stock \u00a0": "\u00a0 New Walnut \u00a0",
            "\u00a0 Weight (with Empty Magazine), lb / oz \u00a0": "\u00a0 9.3 / 148.8 \u00a0"
        },
        "url": "1800gunsandammo.com//3424193"
    },
    {
        "spec": {
            "Bullet Ballistic Coefficient": "0.483",
            "Bullet Style": "Nosler Partition",
            "Bullet Weight, gr": "180",
            "Caliber": "300 Win Mag",
            "Casing": "Factory Brass",
            "Category": "Rifle Ammunition",
            "Muzzle Energy, ft lbs": "3304",
            "Muzzle Velocity, fps": "2875",
            "Primer Style": "Boxer",
            "Quantity per Box": "20",
            "Quantity per Case": "200"
        },
        "url": "1800gunsandammo.com//14519317"
    },
    {
        "spec": {
            "\u00a0 Barrel \u00a0": "\u00a0 5\" Hammer Forged, Steel, Melonite / 1:16 Twist \u00a0",
            "\u00a0 Caliber \u00a0": "\u00a0 .40SW \u00a0",
            "\u00a0 Frame \u00a0": "\u00a0 Black Polymer \u00a0",
            "\u00a0 Grip Width, in \u00a0": "\u00a0 1.20\" \u00a0",
            "\u00a0 Height, in \u00a0": "\u00a0 5.5\" \u00a0",
            "\u00a0 Length, in \u00a0": "\u00a0 8.3\" \u00a0",
            "\u00a0 Magazines \u00a0": "\u00a0 2 \u2013 12 Round, Stainless Steel \u00a0",
            "\u00a0 Recoil System \u00a0": "\u00a0 One Piece Full Length Guide Rod \u00a0",
            "\u00a0 Sights \u00a0": "\u00a0 Dovetail Front and Rear (Steel) 3-Dot \u00a0",
            "\u00a0 Slide \u00a0": "\u00a0 Forged Steel, Melonite Finish \u00a0",
            "\u00a0 Weight (with Empty Magazine), oz \u00a0": "\u00a0 33 \u00a0"
        },
        "url": "1800gunsandammo.com//12314217"
    },
    {
        "spec": {
            "Barrel Length, in": "4.25\"",
            "Caliber": "9mm",
            "Capacity": "9+1",
            "Grips": "G-10"
        },
        "url": "1800gunsandammo.com//489819"
    },
    {
        "spec": {
            "Average Weight, lbs": "6.4",
            "Barrel Length, in": "20\"",
            "Chambered for": "2-3/4\" and 3\"",
            "Chokes": "IC, M",
            "Drop at Comb, in": "1-1/2\"",
            "Drop at Heel, in": "2-1/2\"",
            "Finish/Stock": "AA-Grade Gloss Walnut, Blue/Stainless Receiver",
            "Gauge": "20-Gauge",
            "Length of Pull, in": "14-1/2\"",
            "Overall Length, in": "36.5\"",
            "Trigger": "Double",
            "Type of Sights": "Brass bead"
        },
        "url": "1800gunsandammo.com//11798744"
    },
    {
        "spec": {
            "Action": "Lever",
            "Barrel Finish": "Blued",
            "Barrel Length, in": "20\"",
            "Caliber": ".30\u201330 Winchester",
            "Capacity": "7",
            "LOP Type": "Fixed",
            "LOP, in": "13.875\"",
            "Overall Length, in": "38.5\"",
            "Sight": "Bead/Adjustable Rear",
            "Stock": "Pistol Grip (Walnut)",
            "Twist": "1:10:00 AM",
            "Weight, lbs": "6.75"
        },
        "url": "1800gunsandammo.com//13493639"
    },
    {
        "spec": {
            "Barrel": "16.1\"\u201d 1:7 twist, heavy taper, 4140CM, SBN",
            "Caliber": "5.56mm",
            "Hand Guard": "CMMG RKM11 KeyMod hand guard",
            "Muzzle": "Thread protector, threaded 1/2-28",
            "Receiver": "Forged 7075-T6 AL M4 type"
        },
        "url": "1800gunsandammo.com//5717068"
    },
    {
        "spec": {
            "\u00a0 Barrel \u00a0": "\u00a0 22\"; Twist 1 In 10\"; RH; 6-Groove Douglas Carbon Heavy Match \u00a0",
            "\u00a0 Caliber \u00a0": "\u00a0 7.62x51mm Nato (.308Win) \u00a0",
            "\u00a0 Front Sight \u00a0": "\u00a0 National Match .062\" Blade \u00a0",
            "\u00a0 Length, in \u00a0": "\u00a0 44.33\" \u00a0",
            "\u00a0 Magazines \u00a0": "\u00a0 1 \u2013 10 Round, Parkerized Steel \u00a0",
            "\u00a0 Rear Sight \u00a0": "\u00a0 Match Grade Hooded Aperture .0595 w/ 1/2 MOA Adjustment For Both Windage and Elevation \u00a0",
            "\u00a0 Stock \u00a0": "\u00a0 Adjustable Cheek Comb Walnut \u00a0",
            "\u00a0 Weight (with Empty Magazine), lb / oz \u00a0": "\u00a0 11.6 / 185.6 \u00a0"
        },
        "url": "1800gunsandammo.com//7310869"
    },
    {
        "spec": {
            "Average Weight, lbs": "6.5",
            "Barrel Length, in": "26\"",
            "Chambered For": "2\u20133/4\", and 3\"",
            "Chokes": "IC, M, F, Wrench",
            "Drop at Comb": "1\u20131/2\"",
            "Drop at Heel": "Adjustable 2\" to 2\u20131/2\"",
            "Gauge": "12 Gauge",
            "Length of Pull": "14\u20133/8\"",
            "Magazine Capacity": "4+1",
            "Minimum Recommended Load": "3-dram, 1\u20131/8 oz.",
            "Overall Length, in": "47.25\"",
            "Stock": "Realtree Max-5",
            "Type of Sights": "Fiber Optic Red-bar Front Sight"
        },
        "url": "1800gunsandammo.com//16884800"
    },
    {
        "spec": {
            "Bullet Grains": "147",
            "Bullet Style": "Full Metal Jacket Flat",
            "Caliber": "9mm Luger",
            "Casing": "Factory Brass",
            "Model": "Sport Shooting",
            "Muzzle Energy, ft lbs": "320",
            "Muzzle Velocity, fps": "990",
            "Rounds per Box": "50",
            "Units per Case": "1000"
        },
        "url": "1800gunsandammo.com//4872901"
    },
    {
        "spec": {
            "Bullet Ballistic Coefficient": "0.505",
            "Bullet Style": "FMJ",
            "Bullet Weight, gr": "180",
            "Caliber": ".303 British",
            "Casing": "Factory Brass",
            "Category": "Rifle Ammunition",
            "Muzzle Energy, ft lbs": "2376",
            "Muzzle Velocity, fps": "2438",
            "Primer Style": "Boxer",
            "Quantity Per Box": "20",
            "Quantity Per Case": "400"
        },
        "url": "1800gunsandammo.com//6438515"
    },
    {
        "spec": {
            "Action": "Pump",
            "Barrel Finish": "Blued",
            "Barrel Length, in": "20\"",
            "Capacity": "9",
            "Chamber": "3\"",
            "Gauge": "12",
            "Overall Length, in": "41\"",
            "Stock": "Synthetic (Black)",
            "Weight, lbs": "7.25"
        },
        "url": "1800gunsandammo.com//15320998"
    },
    {
        "spec": {
            "Average Weight, lbs": "7.5",
            "Barrel Length, in": "28\"",
            "Chambered for": "2-3/4\" and 3\"",
            "Chokes": "IC, XFT, M",
            "Drop at Comb, in": "1-1/2\"",
            "Drop at Heel, in": "2-1/2\"",
            "Finish/Stock": "A-Grade Satin Walnut",
            "Gauge": "12-Gauge",
            "Length of Pull, in": "14-3/8\"",
            "Minimum Recommended Load": "3-dram, 1-1/8 oz.",
            "Overall Length, in": "49.75\"",
            "Type of Sights": "Fiber-optic front sight"
        },
        "url": "1800gunsandammo.com//3768264"
    },
    {
        "spec": {
            "Caliber": "12Ga 2.50\"",
            "Category": "Slug Ammunition",
            "Quantity per Box": "10",
            "Quantity per Case": "250",
            "Type": "Slug"
        },
        "url": "1800gunsandammo.com//16757179"
    },
    {
        "spec": {
            "Average Weight, lbs": "7.0",
            "Barrel Length, in": "26\"",
            "Chambered for": "2-3/4\" and 3\"",
            "Chokes": "IC, XFT, M",
            "Drop at Comb, in": "1-1/4\"",
            "Finish/Stock": "Black Synthetic",
            "Gauge": "12-Gauge",
            "Minimum Recommended Load": "3-dram, 1-1/8 oz.",
            "Overall Length, in": "47\"",
            "Type of Sights": "Fiber-optic front sight"
        },
        "url": "1800gunsandammo.com//13335312"
    },
    {
        "spec": {
            "\u00a0 Barrel \u00a0": "\u00a0 3.3\" Hammer Forged, Steel, Melonite / 1:10 Twist \u00a0",
            "\u00a0 Caliber \u00a0": "\u00a0 9mm \u00a0",
            "\u00a0 Frame \u00a0": "\u00a0 Black Polymer \u00a0",
            "\u00a0 Grip Width, in \u00a0": "\u00a0 .9\" \u00a0",
            "\u00a0 Height, in \u00a0": "\u00a0 4.4\" w/ Compact Mag, 5\" w/ Mid-Mag X-Tension \u00a0",
            "\u00a0 Length, in \u00a0": "\u00a0 6.3\" \u00a0",
            "\u00a0 Magazines \u00a0": "\u00a0 1 \u2013 7 Round Flush Fitting, 1 \u2013 8 Round With Mid-Mag X-Tension, Stainless Steel \u00a0",
            "\u00a0 Recoil System \u00a0": "\u00a0 Dual Spring w/ Full Length Guide Rod \u00a0",
            "\u00a0 Sights \u00a0": "\u00a0 Fiber Optic Front & Dovetail Rear (Steel) \u00a0",
            "\u00a0 Slide \u00a0": "\u00a0 Forged Stainless Steel \u00a0",
            "\u00a0 Weight (with Empty Magazine), oz \u00a0": "\u00a0 23 \u00a0"
        },
        "url": "1800gunsandammo.com//11077221"
    },
    {
        "spec": {
            "Category": "Shotshell Buckshot Loads",
            "Gauge": ".410 Spherical Bullet",
            "Length, in": "3\"",
            "Muzzle Velocity, fps": "1190",
            "Quantity per Box": "25",
            "Quantity per Case": "500",
            "Shot Size": "00 Buck",
            "Type": "Lead"
        },
        "url": "1800gunsandammo.com//6230323"
    },
    {
        "spec": {
            "\u00a0 Barrel \u00a0": "\u00a0 22\" \u00a0",
            "\u00a0 Caliber \u00a0": "\u00a0 7.62x51mm Nato (.308Win) \u00a0",
            "\u00a0 Front Sight \u00a0": "\u00a0 National Match .062\" Blade \u00a0",
            "\u00a0 Length, in \u00a0": "\u00a0 44.33\" \u00a0",
            "\u00a0 Magazines \u00a0": "\u00a0 1 \u2013 10 Round, Parkerized Steel \u00a0",
            "\u00a0 Rear Sight \u00a0": "\u00a0 Match Grade Hooded Aperture .0595 w/ 1/2 MOA Adjustment For Both Windage and Elevation \u00a0",
            "\u00a0 Stock \u00a0": "\u00a0 Adjustable Cheek Comb Walnut \u00a0",
            "\u00a0 Weight (with Empty Magazine), lb / oz \u00a0": "\u00a0 11.6 / 185.6 \u00a0"
        },
        "url": "1800gunsandammo.com//3107682"
    },
    {
        "spec": {
            "\u00a0 Muzzle Velocity \u00a0": "\u00a0 1300 fps \u00a0",
            "\u00a0 Rounds Per Box \u00a0": "\u00a0 10 \u00a0",
            "\u00a0 Shot Size \u00a0": "\u00a0 #5 \u00a0"
        },
        "url": "1800gunsandammo.com//5714872"
    },
    {
        "spec": {
            "\u00a0 Barrel \u00a0": "\u00a0 3\" Hammer Forged, Steel, Melonite / 1:16 Twist \u00a0",
            "\u00a0 Caliber \u00a0": "\u00a0 .40SW \u00a0",
            "\u00a0 Capacity \u00a0": "\u00a0 9 Rounds \u00a0",
            "\u00a0 Frame \u00a0": "\u00a0 Black Polymer \u00a0",
            "\u00a0 Length, in \u00a0": "\u00a0 6.25\" \u00a0",
            "\u00a0 Recoil System \u00a0": "\u00a0 Dual Spring w/ Full Length Guide Rod \u00a0",
            "\u00a0 Sights \u00a0": "\u00a0 Fiber Optic Front, Low Profile Combat Rear \u00a0",
            "\u00a0 Slide \u00a0": "\u00a0 Forged Stainless Steel \u00a0"
        },
        "url": "1800gunsandammo.com//16930354"
    },
    {
        "spec": {
            "Average Weight, lbs": "6.5",
            "Barrel Length, in": "28\"",
            "Chambered For": "2\u20133/4\", and 3\"",
            "Chokes": "IC, M, F, Wrench",
            "Drop at Comb": "1\u20131/2\"",
            "Drop at Heel": "Adjustable 2\" to 2\u20131/2\"",
            "Gauge": "12 Gauge",
            "Length of Pull": "14\u20133/8\"",
            "Magazine Capacity": "4+1",
            "Minimum Recommended Load": "3-dram, 1\u20131/8 oz.",
            "Overall Length, in": "49.25\"",
            "Stock": "Black Synthetic",
            "Type of Sights": "Fiber Optic Red-bar Front Sight"
        },
        "url": "1800gunsandammo.com//12556359"
    },
    {
        "spec": {
            "Action": "Pump",
            "Barrel Finish": "Mossy Oak Obsession",
            "Barrel Length, in": "20\"",
            "Capacity": "6",
            "Chamber": "3\"",
            "Gauge": "12",
            "LOP, in": "10.75\"\u201314.625\"",
            "Overall Length, in": "36.5\"",
            "Sights": "Adjustable Fiber Optic",
            "Stock": "Adjustable Synthetic (Mossy Oak Obsession)",
            "Weight, lbs": "7.25"
        },
        "url": "1800gunsandammo.com//8082507"
    },
    {
        "spec": {
            "Barrel Type": "Heavy Taper Profile",
            "Caliber": "5.56x45 NATO Chamber",
            "Length, in": "16.1\"",
            "Material": "416 Stainless Steel",
            "Thread Pitch": "1/2-28",
            "Twist Rate": "1:7"
        },
        "url": "1800gunsandammo.com//17265865"
    },
    {
        "spec": {
            "Barrel Type": "Medium Taper Profile",
            "Caliber": "308 Win Chamber",
            "Length, in": "16.1\"",
            "Material": "416 Stainless Steel",
            "Thread Pitch": "5/8-24",
            "Twist Rate": "1:10"
        },
        "url": "1800gunsandammo.com//6705711"
    },
    {
        "spec": {
            "Boxes Per Case": "20",
            "Bullet Style": "HPC",
            "Bullet Weight, gr": "158",
            "Caliber": "7X57",
            "Casing": "Brass",
            "Category": "Rifle Ammunition",
            "Muzzle Energy, ft lbs": "2164",
            "Muzzle Velocity, fps": "2483",
            "Rounds per Box": "20"
        },
        "url": "1800gunsandammo.com//9439903"
    },
    {
        "spec": {
            "Barrel Type": "Government Profile",
            "Caliber": "5.56x45 NATO Chamber",
            "Length, in": "20\"",
            "Material": "4150 Chrome Moly Vanadium",
            "Thread Pitch": "1/2-28",
            "Twist Rate": "1:7"
        },
        "url": "1800gunsandammo.com//2573857"
    },
    {
        "spec": {
            "\u00a0 Barrel \u00a0": "\u00a0 16.25\"; Twist 1 in 11\" RH; 6-Groove Carbon Steel \u00a0",
            "\u00a0 Caliber \u00a0": "\u00a0 7.62x51mm Nato (.308Win) \u00a0",
            "\u00a0 Front Sight \u00a0": "\u00a0 XS Post w/ Tritium Insert, .125 Blade \u00a0",
            "\u00a0 Length, in \u00a0": "\u00a0 37.25\" \u00a0",
            "\u00a0 Magazines \u00a0": "\u00a0 1 \u2013 10 Round, Parkerized Steel \u00a0",
            "\u00a0 Rear Sight \u00a0": "\u00a0 Enlarged Military Aperture .135 w/ MOA Adjustment For Both Windage and Elevation \u00a0",
            "\u00a0 Stock \u00a0": "\u00a0 Multi-Cam Composite \u00a0",
            "\u00a0 Weight (with Empty Magazine), lb / oz \u00a0": "\u00a0 8.8 / 140.8 \u00a0"
        },
        "url": "1800gunsandammo.com//16105001"
    },
    {
        "spec": {
            "Boxes Per Case": "20",
            "Bullet Style": "PT",
            "Bullet Weight, gr": "180",
            "Caliber": ".300 Win Mag",
            "Muzzle Energy, ft lbs": "2936",
            "Muzzle Velocity, fps": "3446",
            "Rounds Per Box": "20"
        },
        "url": "1800gunsandammo.com//8092039"
    },
    {
        "spec": {
            "\u00a0 Barrel \u00a0": "\u00a0 3\" Hammer Forged, Steel, Melonite / 1:16 Twist \u00a0",
            "\u00a0 Caliber \u00a0": "\u00a0 .40SW \u00a0",
            "\u00a0 Capacity \u00a0": "\u00a0 9 Rounds \u00a0",
            "\u00a0 Frame \u00a0": "\u00a0 Black Polymer \u00a0",
            "\u00a0 Grip Width, in \u00a0": "\u00a0 1.20\" \u00a0",
            "\u00a0 Height, in \u00a0": "\u00a0 4.75\" \u00a0",
            "\u00a0 Length, in \u00a0": "\u00a0 6.25\" \u00a0",
            "\u00a0 Recoil System \u00a0": "\u00a0 Dual Spring w/ Full Length Guide Rod \u00a0",
            "\u00a0 Sights \u00a0": "\u00a0 Dovetail Front and Rear (Steel) 3-Dot \u00a0",
            "\u00a0 Slide \u00a0": "\u00a0 Forged Steel, Melonite Finish \u00a0",
            "\u00a0 Weight (with Empty Magazine), oz \u00a0": "\u00a0 26 \u00a0"
        },
        "url": "1800gunsandammo.com//14505131"
    },
    {
        "spec": {
            "Average Weight, lbs": "7.3",
            "Barrel Length, in": "24\"",
            "Chambered for": "2-3/4\" and 3\"",
            "Chokes": "Extended C, IC, M",
            "Drop at Comb, in": "1-1/2\"",
            "Drop at Heel, in": "2-1/2\"",
            "Finish/Stock": "Black Synthetic",
            "Gauge": "12-Gauge",
            "Length of Pull, in": "14-3/8\"",
            "Minimum Recommended Load": "3-dram, 1-1/8 oz.",
            "Overall Length, in": "45.75\"",
            "Type of Sights": "Fiber-optic front sight"
        },
        "url": "1800gunsandammo.com//14176415"
    },
    {
        "spec": {
            "Barrel": "16\"\u201d medium weight taper profile, hammer forged, chrome-lined",
            "Caliber": "5.56mm",
            "Hand Guard": "CMMG RKM14 KeyMod hand guard",
            "Muzzle": "A2 compensator, threaded 1/2-28",
            "Receiver": "Forged 7075-T6 AL M4 type"
        },
        "url": "1800gunsandammo.com//16579889"
    },
    {
        "spec": {
            "Bullet Grains": "115",
            "Bullet Style": "Full Metal Jacket",
            "Caliber": "9mm Luger",
            "Casing": "Factory Brass",
            "Model": "Shootin' Size",
            "Muzzle Energy, ft lbs": "329",
            "Muzzle Velocity, fps": "1135",
            "Rounds per Box": "250",
            "Units per Case": "1000"
        },
        "url": "1800gunsandammo.com//16842467"
    },
    {
        "spec": {
            "Action": "Pump",
            "Barrel Finish": "Mossy Oak Infinity",
            "Barrel Length, in": "24\"",
            "Capacity": "6",
            "Chamber": "3\"",
            "Choke": "Cylinder Bore",
            "Gauge": "12",
            "LOP, in": "13.875\"",
            "Overall Length, in": "43.5\"",
            "Stock Finish": "Synthetic (Mossy Oak Infinity)",
            "Weight, lbs": "7"
        },
        "url": "1800gunsandammo.com//11308647"
    },
    {
        "spec": {
            "Bullet Ballistic Coefficient": "0.249",
            "Bullet Style": "SP",
            "Bullet Weight, gr": "100",
            "Caliber": ".243 Winchester",
            "Casing": "Factory Brass",
            "Category": "Rifle Ammunition",
            "Muzzle Energy, ft lbs": "1873",
            "Muzzle Velocity, fps": "2904",
            "Primer Style": "Boxer",
            "Quantity per Box": "20",
            "Quantity per Case": "500"
        },
        "url": "1800gunsandammo.com//4173954"
    },
    {
        "spec": {
            "\u00a0 Barrel \u00a0": "\u00a0 3.8\" Hammer Forged, Steel, Melonite / 1:16 Twist \u00a0",
            "\u00a0 Caliber \u00a0": "\u00a0 .45ACP \u00a0",
            "\u00a0 Frame \u00a0": "\u00a0 Black Polymer \u00a0",
            "\u00a0 Grip Width, in \u00a0": "\u00a0 1.26\" \u00a0",
            "\u00a0 Height, in \u00a0": "\u00a0 4.75\" w/ Compact Mag, 5.75\" w/ X-Tension \u00a0",
            "\u00a0 Length, in \u00a0": "\u00a0 6.9\" \u00a0",
            "\u00a0 Magazines \u00a0": "\u00a0 1 \u2013 9 Round Compact, 1 \u2013 13 Round w/ X-Tension, Stainless Steel \u00a0",
            "\u00a0 Recoil System \u00a0": "\u00a0 Dual Spring w/ Full Length Guide Rod \u00a0",
            "\u00a0 Sights \u00a0": "\u00a0 Dovetail Front and Rear (Steel) 3-Dot \u00a0",
            "\u00a0 Slide \u00a0": "\u00a0 Forged Steel, Melonite Finish \u00a0",
            "\u00a0 Weight (with Empty Magazine), oz \u00a0": "\u00a0 27 w/ Compact Mag, 28 w/ X-Tension \u00a0"
        },
        "url": "1800gunsandammo.com//5894348"
    },
    {
        "spec": {
            "Average Weight, lbs": "6.8",
            "Barrel Length, in": "26\"",
            "Chambered for": "2-3/4\", 3\" and 3-1/2\"",
            "Chokes": "IC, F, XFT, C, M",
            "Drop at Comb, in": "1-3/8\"",
            "Drop at Heel, in": "2\"",
            "Finish/Stock": "Realtree APG",
            "Gauge": "12-Gauge",
            "Length of Pull, in": "14-3/8\"",
            "Overall Length, in": "47.75\"",
            "Type of Sights": "Red-bar front sight"
        },
        "url": "1800gunsandammo.com//3594570"
    },
    {
        "spec": {
            "Average Weight, lbs": "5.4",
            "Barrel Length, in": "26\"",
            "Chambered For": "2\u20133/4\"",
            "Chokes": "IC, M, F",
            "Drop at Comb": "1\u20131/2\"",
            "Drop at Heel": "2\u20131/2\"",
            "Gauge": "28 Gauge",
            "Length of Pull": "14\u20131/4\"",
            "Magazine Capacity": "4+1",
            "Overall Length, in": "46\"",
            "Stock": "A-Grade Satin Walnut",
            "Type of Sights": "Bead"
        },
        "url": "1800gunsandammo.com//17471861"
    },
    {
        "spec": {
            "\u00a0 Barrel \u00a0": "\u00a0 22\"; Twist 1 In 10\"; 6-Groove Douglas Carbon Heavy Match \u00a0",
            "\u00a0 Caliber \u00a0": "\u00a0 7.62x51mm Nato (.308Win) \u00a0",
            "\u00a0 Capacity \u00a0": "\u00a0 10 Rounds \u00a0",
            "\u00a0 Front Sight \u00a0": "\u00a0 National Match .062\" Blade \u00a0",
            "\u00a0 Length, in \u00a0": "\u00a0 44.33\" \u00a0",
            "\u00a0 Rear Sight \u00a0": "\u00a0 Match Grade Hooded Aperture .0595 w/ 1/2 MOA Adjustment For Both Windage and Elevation \u00a0",
            "\u00a0 Stock \u00a0": "\u00a0 Adjustable Cheek Comb Walnut \u00a0",
            "\u00a0 Weight (with Empty Magazine), lb / oz \u00a0": "\u00a0 11.6 / 185.6 \u00a0"
        },
        "url": "1800gunsandammo.com//3288380"
    },
    {
        "spec": {
            "Average Weight, lbs": "7.4",
            "Barrel Length, in": "28\"",
            "Chambered for": "2-3/4\" and 3\"",
            "Chokes": "IC, M",
            "Drop at Comb, in": "1-1/2\"",
            "Drop at Heel, in": "2-1/2\"",
            "Finish/Stock": "AA-Grade Gloss Walnut",
            "Gauge": "12-Gauge",
            "Length of Pull, in": "14-1/2\"",
            "Overall Length, in": "44\"",
            "Trigger": "Single-selective trigger",
            "Type of Sights": "Brass bead with mid-bead"
        },
        "url": "1800gunsandammo.com//6889890"
    },
    {
        "spec": {
            "Barrel Type": "Multi Role Profile",
            "Caliber": "300 AAC Blackout Chamber",
            "Length, in": "16.1\"",
            "Material": "4140 Chrome Moly",
            "Thread Pitch": "5/8-24",
            "Twist Rate": "1:7"
        },
        "url": "1800gunsandammo.com//12648210"
    },
    {
        "spec": {
            "Action": "Pump",
            "Barrel Finish": "Parkerized",
            "Barrel Length, in": "20\"",
            "Barrel Type": "Heavy-walled",
            "Capacity": "9",
            "Chamber": "3\"",
            "Chokes": "Cylinder Bore",
            "Gauge": "12",
            "LOP Type": "Fixed",
            "LOP, in": "14.25\"",
            "Overall Length, in": "41\"",
            "Sight": "XS Ghost Ring",
            "Stock": "Synthetic (Black)",
            "Weight, lbs": "7"
        },
        "url": "1800gunsandammo.com//3096564"
    },
    {
        "spec": {
            "Average Weight, lbs": "7.1",
            "Barrel Length, in": "18.5\"",
            "Chambered for": "2-3/4\", 3\" and 3-1/2\"",
            "Chokes": "Cylinder fixed",
            "Drop at Comb, in": "1-1/2\"",
            "Drop at Heel, in": "2-1/4\"",
            "Finish/Stock": "Black Synthetic, Pistol Grip",
            "Gauge": "12-Gauge",
            "Length of Pull, in": "14-1/2\"",
            "Overall Length, in": "40.25\"",
            "Type of Sights": "Blade front sight"
        },
        "url": "1800gunsandammo.com//7690359"
    },
    {
        "spec": {
            "\u00a0 Barrel \u00a0": "\u00a0 5\" Stainless Steel Match Grade Bull \u00a0",
            "\u00a0 Caliber \u00a0": "\u00a0 .45ACP \u00a0",
            "\u00a0 Frame \u00a0": "\u00a0 Forged Carbon Steel, Black Armory Kote, With Full Length Accessory Rail \u00a0",
            "\u00a0 Grip Type \u00a0": "\u00a0 Black / Grey G-10 \u00a0",
            "\u00a0 Height, in \u00a0": "\u00a0 5.7\" \u00a0",
            "\u00a0 Length, in \u00a0": "\u00a0 8.6\" \u00a0",
            "\u00a0 Magazines \u00a0": "\u00a0 2 \u2013 7 Round, Stainless Steel w/ Slam Pads \u00a0",
            "\u00a0 Recoil System \u00a0": "\u00a0 1 Piece N.M. Full Length Guide Rod \u00a0",
            "\u00a0 Sights \u00a0": "\u00a0 Fully Adjustable, 3-Dot Tritium \u00a0",
            "\u00a0 Slide \u00a0": "\u00a0 Forged Carbon Steel, Black Armory Kote \u00a0",
            "\u00a0 Weight (with Empty Magazine), in \u00a0": "\u00a0 45\" \u00a0"
        },
        "url": "1800gunsandammo.com//15957997"
    },
    {
        "spec": {
            "Action": "Pump",
            "Barrel Finish": "Parkerized",
            "Barrel Length, in": "18.5\"",
            "Capacity": "6",
            "Chamber": "3\"",
            "Chokes": "Cylinder Bore",
            "Gauge": "12",
            "LOP, in": "10.5\"\u201314.25\"",
            "Overall Length, in": "36\"",
            "Sight": "3-Dot",
            "Stock": "6 Position Adjustable Aluminum (Black)",
            "Weight, lbs": "7.5"
        },
        "url": "1800gunsandammo.com//12777929"
    },
    {
        "spec": {
            "Average Weight, lbs": "6.5",
            "Barrel Length, in": "20\"",
            "Chambered for": "2-3/4\" and 3\"",
            "Chokes": "IC, M",
            "Drop at Comb, in": "1-1/2\"",
            "Drop at Heel, in": "2-1/2\"",
            "Finish/Stock": "AA-Grade Gloss Walnut, Blue/Stainless Receiver",
            "Gauge": "12-Gauge",
            "Length of Pull, in": "14-1/2\"",
            "Overall Length, in": "36.5\"",
            "Trigger": "Double",
            "Type of Sights": "Brass bead"
        },
        "url": "1800gunsandammo.com//14480874"
    },
    {
        "spec": {
            "Average Weight, lbs": "6.0",
            "Barrel Length, in": "26\"",
            "Chambered for": "2-3/4\"",
            "Chokes": "IC, M",
            "Drop at Comb, in": "1-1/2\"",
            "Drop at Heel, in": "2-1/2\"",
            "Finish/Stock": "A-Grade Satin Walnut",
            "Gauge": "28-Gauge",
            "Length of Pull, in": "14-1/2\"",
            "Mechanical Extractors": "Shell extractor",
            "Overall Length, in": "42\"",
            "Trigger": "Single",
            "Type of Sights": "Brass bead"
        },
        "url": "1800gunsandammo.com//4448253"
    },
    {
        "spec": {
            "Barrel Length, in": "5\"",
            "Caliber": "45 ACP",
            "Capacity": "8 Rounds",
            "Grips": "Polymer"
        },
        "url": "1800gunsandammo.com//7897626"
    },
    {
        "spec": {
            "Bullet Grains": "240",
            "Bullet Style": "Semi-Jacketed Soft Point Flat",
            "Caliber": "44 Remington Magnum",
            "Casing": "Factory Brass",
            "Model": "Sport Shooting",
            "Muzzle Energy, ft lbs": "742",
            "Muzzle Velocity, fps": "1180",
            "Rounds per Box": "50",
            "Units per Case": "1000"
        },
        "url": "1800gunsandammo.com//10596638"
    },
    {
        "spec": {
            "\u00a0 Barrel \u00a0": "\u00a0 4.0\" Hammer Forged, Steel, Melonite / 1:10 Twist \u00a0",
            "\u00a0 Caliber \u00a0": "\u00a0 9mm \u00a0",
            "\u00a0 Frame \u00a0": "\u00a0 Black Polymer \u00a0",
            "\u00a0 Grip Width, in \u00a0": "\u00a0 .9\" \u00a0",
            "\u00a0 Height, in \u00a0": "\u00a0 4.4\" w/ Compact Mag, 5\" w/ Mid-Mag X-Tension \u00a0",
            "\u00a0 Length, in \u00a0": "\u00a0 7\" \u00a0",
            "\u00a0 Magazines \u00a0": "\u00a0 1 \u2013 7 Round Flush Fitting, 1 \u2013 8 Round With Mid-Mag X-Tension, Stainless Steel \u00a0",
            "\u00a0 Recoil System \u00a0": "\u00a0 Dual Spring w/ Full Length Guide Rod \u00a0",
            "\u00a0 Sights \u00a0": "\u00a0 Fiber Optic Front & Dovetail Rear (Steel) \u00a0",
            "\u00a0 Slide \u00a0": "\u00a0 Forged Stainless Steel \u00a0",
            "\u00a0 Weight (with Empty Magazine), oz \u00a0": "\u00a0 25 w/ Compact Mag, 26 w/ X-Tension \u00a0"
        },
        "url": "1800gunsandammo.com//14150047"
    },
    {
        "spec": {
            "Average Weight, lbs": "7.0",
            "Barrel Length, in": "20\"",
            "Chambered for": "2-3/4\" and 3\"",
            "Chokes": "Fixed IC, Fixed M",
            "Drop at Comb, in": "1-1/2\"",
            "Drop at Heel, in": "2-1/2\"",
            "Finish/Stock": "A-Grade Satin Walnut, Blue",
            "Gauge": "12-Gauge",
            "Length of Pull, in": "14-1/2\"",
            "Overall Length, in": "36.5\"",
            "Trigger": "Double",
            "Type of Sights": "Brass bead"
        },
        "url": "1800gunsandammo.com//9133438"
    },
    {
        "spec": {
            "Average Weight, lbs": "6.7",
            "Barrel Length, in": "26\"",
            "Chambered For": "2\u20133/4\", 3\" and 3\u20131/2\"",
            "Chokes": "IC, M, F, Wrench",
            "Drop at Comb": "1\u20131/2\"",
            "Drop at Heel": "Adjustable 2\" to 2\u20131/2\"",
            "Gauge": "12 Gauge",
            "Length of Pull": "14\u20133/8\"",
            "Magazine Capacity": "4+1",
            "Minimum Recommended Load": "3-dram, 1\u20131/8 oz.",
            "Overall Length, in": "47.5\"",
            "Stock": "Realtree Max-5",
            "Type of Sights": "Fiber Optic Red-bar Front Sight"
        },
        "url": "1800gunsandammo.com//12278880"
    },
    {
        "spec": {
            "Bullet Grains": "147",
            "Bullet Style": "Jacketed Hollow Point Bonded",
            "Caliber": "9mm Luger",
            "Casing": "Factory Brass",
            "Model": "First Defense Bonded",
            "Muzzle Energy, ft lbs": "321",
            "Muzzle Velocity, fps": "991",
            "Rounds per Box": "50"
        },
        "url": "1800gunsandammo.com//13301973"
    }
]