{
    "10519908": [
        "1800gunsandammo.com//11077221"
    ],
    "10561493": [
        "1800gunsandammo.com//15957997"
    ],
    "10749373": [
        "1800gunsandammo.com//3424193"
    ],
    "10839022": [
        "1800gunsandammo.com//14150047"
    ],
    "10998487": [
        "1800gunsandammo.com//9904547"
    ],
    "11352616": [
        "1800gunsandammo.com//14589222"
    ],
    "11657601": [
        "1800gunsandammo.com//13301973"
    ],
    "11791903": [
        "1800gunsandammo.com//11956248"
    ],
    "11977562": [
        "1800gunsandammo.com//8092039"
    ],
    "12245901": [
        "1800gunsandammo.com//17471861"
    ],
    "12249637": [
        "1800gunsandammo.com//12278880"
    ],
    "12250014": [
        "1800gunsandammo.com//12556359"
    ],
    "12250025": [
        "1800gunsandammo.com//17354603"
    ],
    "12250086": [
        "1800gunsandammo.com//16884800"
    ],
    "12452523": [
        "1800gunsandammo.com//3107682"
    ],
    "12452532": [
        "1800gunsandammo.com//7310869"
    ],
    "12769716": [
        "1800gunsandammo.com//16928602"
    ],
    "12773416": [
        "1800gunsandammo.com//15717048"
    ],
    "12887189": [
        "1800gunsandammo.com//9439903"
    ],
    "13155540": [
        "1800gunsandammo.com//10613971"
    ],
    "13185725": [
        "1800gunsandammo.com//6705711"
    ],
    "13249108": [
        "1800gunsandammo.com//7897626"
    ],
    "13254767": [
        "1800gunsandammo.com//489819"
    ],
    "13419371": [
        "1800gunsandammo.com//15121819"
    ],
    "13484518": [
        "1800gunsandammo.com//862372"
    ],
    "14852135": [
        "1800gunsandammo.com//10596638"
    ],
    "15167915": [
        "1800gunsandammo.com//12648210"
    ],
    "15290066": [
        "1800gunsandammo.com//5714872"
    ],
    "15336522": [
        "1800gunsandammo.com//10239022"
    ],
    "15590436": [
        "1800gunsandammo.com//402669"
    ],
    "15646134": [
        "1800gunsandammo.com//4451621"
    ],
    "15723903": [
        "1800gunsandammo.com//13182660"
    ],
    "15929516": [
        "1800gunsandammo.com//14793092"
    ],
    "16139888": [
        "1800gunsandammo.com//14537162"
    ],
    "2119640": [
        "1800gunsandammo.com//16579889"
    ],
    "2166267": [
        "1800gunsandammo.com//5717068"
    ],
    "2598355": [
        "1800gunsandammo.com//13701365"
    ],
    "2655763": [
        "1800gunsandammo.com//5894348"
    ],
    "2918414": [
        "1800gunsandammo.com//2573857"
    ],
    "2991206": [
        "1800gunsandammo.com//14505131"
    ],
    "2992075": [
        "1800gunsandammo.com//5449790"
    ],
    "2995330": [
        "1800gunsandammo.com//17265865"
    ],
    "3046117": [
        "1800gunsandammo.com//779679"
    ],
    "3416480": [
        "1800gunsandammo.com//3951942"
    ],
    "3500163": [
        "1800gunsandammo.com//4173954"
    ],
    "3504927": [
        "1800gunsandammo.com//6230323"
    ],
    "3545897": [
        "1800gunsandammo.com//4872901"
    ],
    "3555764": [
        "1800gunsandammo.com//16842467"
    ],
    "3606918": [
        "1800gunsandammo.com//14519317"
    ],
    "3737426": [
        "1800gunsandammo.com//4544686"
    ],
    "3927178": [
        "1800gunsandammo.com//8715747"
    ],
    "3927188": [
        "1800gunsandammo.com//12634334"
    ],
    "3928467": [
        "1800gunsandammo.com//11615061"
    ],
    "3929591": [
        "1800gunsandammo.com//16987468"
    ],
    "3929592": [
        "1800gunsandammo.com//440267"
    ],
    "4149466": [
        "1800gunsandammo.com//9714471"
    ],
    "4149472": [
        "1800gunsandammo.com//14004160"
    ],
    "4149479": [
        "1800gunsandammo.com//15113876"
    ],
    "4226139": [
        "1800gunsandammo.com//2128925"
    ],
    "4228169": [
        "1800gunsandammo.com//133868"
    ],
    "4244432": [
        "1800gunsandammo.com//16719778"
    ],
    "4280458": [
        "1800gunsandammo.com//9071063"
    ],
    "4327315": [
        "1800gunsandammo.com//4823586"
    ],
    "4386522": [
        "1800gunsandammo.com//13582203"
    ],
    "4604764": [
        "1800gunsandammo.com//624007"
    ],
    "4626712": [
        "1800gunsandammo.com//16757179"
    ],
    "4640695": [
        "1800gunsandammo.com//13493639"
    ],
    "5020005": [
        "1800gunsandammo.com//6535029"
    ],
    "5020018": [
        "1800gunsandammo.com//326449"
    ],
    "5020019": [
        "1800gunsandammo.com//14401824"
    ],
    "5022752": [
        "1800gunsandammo.com//2188851"
    ],
    "5032199": [
        "1800gunsandammo.com//15320998"
    ],
    "5050643": [
        "1800gunsandammo.com//12777929"
    ],
    "5065923": [
        "1800gunsandammo.com//11308647"
    ],
    "5101329": [
        "1800gunsandammo.com//8082507"
    ],
    "5159491": [
        "1800gunsandammo.com//3096564"
    ],
    "5203368": [
        "1800gunsandammo.com//3295109"
    ],
    "5576287": [
        "1800gunsandammo.com//6438515"
    ],
    "5647829": [
        "1800gunsandammo.com//15098715"
    ],
    "6273807": [
        "1800gunsandammo.com//17252312"
    ],
    "6290819": [
        "1800gunsandammo.com//12936651"
    ],
    "6730952": [
        "1800gunsandammo.com//16930354"
    ],
    "6738857": [
        "1800gunsandammo.com//15268798"
    ],
    "7315348": [
        "1800gunsandammo.com//10571297"
    ],
    "7315369": [
        "1800gunsandammo.com//16105001"
    ],
    "7567936": [
        "1800gunsandammo.com//1969350"
    ],
    "7599492": [
        "1800gunsandammo.com//3288380"
    ],
    "7951293": [
        "1800gunsandammo.com//9133438"
    ],
    "7951381": [
        "1800gunsandammo.com//14480874"
    ],
    "7951396": [
        "1800gunsandammo.com//11798744"
    ],
    "7951414": [
        "1800gunsandammo.com//16764945"
    ],
    "7952014": [
        "1800gunsandammo.com//16973851"
    ],
    "7953128": [
        "1800gunsandammo.com//4448253"
    ],
    "7953140": [
        "1800gunsandammo.com//15642059"
    ],
    "7953154": [
        "1800gunsandammo.com//6889890"
    ],
    "7962494": [
        "1800gunsandammo.com//1522678"
    ],
    "7962663": [
        "1800gunsandammo.com//3768264"
    ],
    "7962678": [
        "1800gunsandammo.com//14176415"
    ],
    "7962680": [
        "1800gunsandammo.com//13335312"
    ],
    "7962859": [
        "1800gunsandammo.com//14917180"
    ],
    "7963132": [
        "1800gunsandammo.com//3594570"
    ],
    "7963168": [
        "1800gunsandammo.com//7690359"
    ],
    "8620562": [
        "1800gunsandammo.com//3790943"
    ],
    "9459859": [
        "1800gunsandammo.com//12314217"
    ],
    "9480624": [
        "1800gunsandammo.com//13542178"
    ],
    "9763189": [
        "1800gunsandammo.com//5742620"
    ],
    "9763264": [
        "1800gunsandammo.com//6421488"
    ],
    "9796906": [
        "1800gunsandammo.com//16575247"
    ],
    "9816512": [
        "1800gunsandammo.com//9024359"
    ],
    "9823103": [
        "1800gunsandammo.com//14446414"
    ],
    "9925129": [
        "1800gunsandammo.com//15707577"
    ]
}