[
    {
        "spec": {
            "\u00a0 Bullet Style \u00a0": "\u00a0 V-Max \u00a0",
            "\u00a0 Caliber \u00a0": "\u00a0 243 Winchester \u00a0",
            "\u00a0 Rounds Per Box \u00a0": "\u00a0 20 \u00a0"
        },
        "url": "1800gunsandammo.com//15110023"
    },
    {
        "spec": {
            "Bullet Grains": "240",
            "Bullet Style": "Semi-Jacketed Soft Point Flat",
            "Caliber": "454 Casull",
            "Casing": "Factory Brass",
            "Model": "Sport Shooting",
            "Muzzle Energy, ft lbs": "1672",
            "Muzzle Velocity, fps": "1771",
            "Rounds per Box": "50",
            "Units per Case": "1000"
        },
        "url": "1800gunsandammo.com//1086488"
    },
    {
        "spec": {
            "Bullet Ballistic Coefficient": "0.152",
            "Bullet Diameter, in": "0.4\"",
            "Bullet Sectional Density": "0.1607142375",
            "Bullet Style": "TFMJ",
            "Bullet Weight, gr": "180",
            "Caliber": ".40 S&W \u2013 Nontox",
            "Casing": "Factory Brass",
            "Category": "Handgun Ammunition",
            "Muzzle Energy, ft lbs": "375",
            "Muzzle Velocity, fps": "968",
            "Primer Style": "Boxer",
            "Quantity per Box": "50",
            "Quantity per Case": "1000",
            "Suggested Use": "Target & Match, Range, Plinking"
        },
        "url": "1800gunsandammo.com//2765852"
    },
    {
        "spec": {
            "\u00a0 Blade Count \u00a0": "\u00a0 2 \u00a0",
            "\u00a0 Measures, in \u00a0": "\u00a0 2\" x 7/8\" \u00a0",
            "\u00a0 Quantity \u00a0": "\u00a0 3-Pack \u00a0",
            "\u00a0 Weight, Gr \u00a0": "\u00a0 85 \u00a0"
        },
        "url": "1800gunsandammo.com//8141334"
    },
    {
        "spec": {
            "\u00a0 Blade Count \u00a0": "\u00a0 4 \u00a0",
            "\u00a0 Measures, in \u00a0": "\u00a0 2\" x 7/8\" \u00a0",
            "\u00a0 Quantity \u00a0": "\u00a0 3-Pack \u00a0",
            "\u00a0 Weight, Gr \u00a0": "\u00a0 85 \u00a0"
        },
        "url": "1800gunsandammo.com//4106777"
    },
    {
        "spec": {
            "\u00a0 Blade Count \u00a0": "\u00a0 4 \u00a0",
            "\u00a0 Measures, in \u00a0": "\u00a0 2-3/16\" X 1-1/8\" \u00a0",
            "\u00a0 Quantity \u00a0": "\u00a0 3-Pack \u00a0",
            "\u00a0 Weight, Gr \u00a0": "\u00a0 150 \u00a0"
        },
        "url": "1800gunsandammo.com//14522692"
    },
    {
        "spec": {
            "Bullet Ballistic Coefficient": "0.507",
            "Bullet Diameter, in": "0.308\"",
            "Bullet Sectional Density": "0.271064660988362",
            "Bullet Style": "SPCE",
            "Bullet Weight, gr": "180",
            "Caliber": ".30\u201306 Spr.",
            "Casing": "Factory Brass",
            "Category": "Rifle Ammunition",
            "Muzzle Energy, ft lbs": "2856",
            "Muzzle Velocity, fps": "2673",
            "Primer Style": "Boxer",
            "Rounds Per Box": "20",
            "Suggested Use": "Hunting, Training"
        },
        "url": "1800gunsandammo.com//11425111"
    },
    {
        "spec": {
            "Bullet Grains": "185",
            "Bullet Style": "Jacketed Hollow Point",
            "Caliber": "45 G.A.P.",
            "Model": "Gold",
            "Muzzle Energy, ft lbs": "542",
            "Muzzle Velocity, fps": "1148",
            "Units per Case": "1000"
        },
        "url": "1800gunsandammo.com//13284724"
    },
    {
        "spec": {
            "Bullet Style": "Nosler Partition",
            "Bullet Weight, gr": "180",
            "Caliber": "308 Winchester (7.62 NATO)",
            "Category": "Rifle Ammunition",
            "Muzzle Energy, ft lbs": "2386",
            "Muzzle Velocity, fps": "2444",
            "Primer Style": "Boxer",
            "Quantity per Box": "20",
            "Quantity per Case": "200"
        },
        "url": "1800gunsandammo.com//4179680"
    },
    {
        "spec": {
            "\u00a0 Blade Count \u00a0": "\u00a0 4 \u00a0",
            "\u00a0 Measures, in \u00a0": "\u00a0 2-3/16\" X 1-1/8\" \u00a0",
            "\u00a0 Quantity \u00a0": "\u00a0 3-Pack \u00a0",
            "\u00a0 Weight, Gr \u00a0": "\u00a0 150 \u00a0"
        },
        "url": "1800gunsandammo.com//8922865"
    },
    {
        "spec": {
            "Bullet Style": "FMJ",
            "Bullet Weight, gr": "55",
            "Caliber": "223 Remington/5.56 NATO",
            "Casing": "Brass",
            "Category": "Rifle Ammunition",
            "Muzzle Energy, ft lbs": "1331",
            "Muzzle Velocity, fps": "3301",
            "Rounds per Box": "20"
        },
        "url": "1800gunsandammo.com//6043890"
    },
    {
        "spec": {
            "Bullet Ballistic Coefficient": "0.216",
            "Bullet Diameter, in": "0.317\"",
            "Bullet Sectional Density": "0.142161928171243",
            "Bullet Style": "LRN",
            "Bullet Weight, gr": "100",
            "Caliber": ".32 S&W Long",
            "Casing": "Factory Brass",
            "Category": "Handgun Ammunition",
            "Muzzle Energy, ft lbs": "174",
            "Muzzle Velocity, fps": "886",
            "Primer Style": "Boxer",
            "Quantity per Box": "50",
            "Quantity per Case": "1500",
            "Suggested Use": "Target & Match, Range, Plinking"
        },
        "url": "1800gunsandammo.com//11160016"
    },
    {
        "spec": {
            "Bullet Ballistic Coefficient": "0.162",
            "Bullet Diameter, in": "0.3551170392\"",
            "Bullet Sectional Density": "0.158594032987438",
            "Bullet Style": "FMJ",
            "Bullet Weight, gr": "140",
            "Caliber": "9mm Para \u2013 Subsonic",
            "Casing": "Factory Brass",
            "Category": "Handgun Ammunition",
            "Muzzle Energy, ft lbs": "312",
            "Muzzle Velocity, fps": "1001",
            "Primer Style": "Boxer",
            "Quantity per Box": "50",
            "Quantity per Case": "1000",
            "Suggested Use": "Target & Match, Range, Plinking"
        },
        "url": "1800gunsandammo.com//6492069"
    },
    {
        "spec": {
            "Bullet Grains": "230",
            "Bullet Style": "Jacketed Hollow Point",
            "Caliber": "45 G.A.P.",
            "Model": "Gold",
            "Muzzle Energy, ft lbs": "518",
            "Muzzle Velocity, fps": "1007",
            "Units per Case": "1000"
        },
        "url": "1800gunsandammo.com//3502686"
    },
    {
        "spec": {
            "Bullet Ballistic Coefficient": "0.082",
            "Bullet Diameter, in": "0.251\"",
            "Bullet Sectional Density": "0.113376851161093",
            "Bullet Style": "FMJ",
            "Bullet Weight, gr": "50",
            "Caliber": ".25 Auto",
            "Casing": "Factory Brass",
            "Category": "Handgun Ammunition",
            "Muzzle Energy, ft lbs": "68",
            "Muzzle Velocity, fps": "781",
            "Primer Style": "Boxer",
            "Quantity per Box": "50",
            "Quantity per Case": "2000",
            "Suggested Use": "Target & Match, Range, Plinking"
        },
        "url": "1800gunsandammo.com//8570499"
    },
    {
        "spec": {
            "Muzzle Velocity, fps": "918",
            "Quantity per Box": "25",
            "Quantity per Case": "250"
        },
        "url": "1800gunsandammo.com//16060381"
    }
]