{
    "11140377": [
        "1800gunsandammo.com//8570499"
    ],
    "13091733": [
        "1800gunsandammo.com//16060381"
    ],
    "14018496": [
        "1800gunsandammo.com//1086488"
    ],
    "14366742": [
        "1800gunsandammo.com//8922865"
    ],
    "16348616": [
        "1800gunsandammo.com//15110023"
    ],
    "2169598": [
        "1800gunsandammo.com//11425111"
    ],
    "2723404": [
        "1800gunsandammo.com//2765852"
    ],
    "3771906": [
        "1800gunsandammo.com//11160016"
    ],
    "3923431": [
        "1800gunsandammo.com//6492069"
    ],
    "4634388": [
        "1800gunsandammo.com//4179680"
    ],
    "4975122": [
        "1800gunsandammo.com//6043890"
    ],
    "5979412": [
        "1800gunsandammo.com//8141334"
    ],
    "6770450": [
        "1800gunsandammo.com//14522692"
    ],
    "7634746": [
        "1800gunsandammo.com//4106777"
    ],
    "8766540": [
        "1800gunsandammo.com//13284724"
    ],
    "9203164": [
        "1800gunsandammo.com//3502686"
    ]
}