[
    {
        "spec": {
            "Capacity": "3.6 to 4.2 Cu Ft",
            "Color": "WHITE",
            "MAXIMUM RPM": "700 to 799",
            "MOTOR SPEEDS": "2",
            "Stackable": "No",
            "Steam Cycle": "No",
            "WIDTH": "28 Inches",
            "depth": "27 Inches",
            "height": "42 Inches"
        },
        "url": "abcwarehouse.com//10864939"
    },
    {
        "spec": {
            "Capacity": "3.6 to 4.2 Cu Ft",
            "Color": "WHITE",
            "MAXIMUM RPM": "800 to 899",
            "Stackable": "No",
            "Steam Cycle": "No"
        },
        "url": "abcwarehouse.com//3135589"
    },
    {
        "spec": {
            "Capacity": "4.0 to 4.9 Cu Ft",
            "Color": "WHITE",
            "Power Source": "Gas"
        },
        "url": "abcwarehouse.com//4418228"
    },
    {
        "spec": {
            "Built-In Water Heater": "No",
            "Capacity": "3.6 to 4.2 Cu Ft",
            "Color": "WHITE",
            "MAXIMUM RPM": "800 to 899",
            "Stackable": "No",
            "Steam Cycle": "No",
            "depth": "27 Inches",
            "height": "43 Inches"
        },
        "url": "abcwarehouse.com//5463946"
    },
    {
        "spec": {
            "Built-In Water Heater": "Yes",
            "Capacity": "3.6 to 4.2 Cu Ft",
            "Color": "WHITE",
            "Energy Rating": "Energy Star",
            "MAXIMUM RPM": "1200 to 1299",
            "Stackable": "Yes",
            "Steam Cycle": "Yes",
            "WIDTH": "27 Inches",
            "depth": "30 Inches",
            "height": "36 Inches"
        },
        "url": "abcwarehouse.com//5948409"
    },
    {
        "spec": {
            "Capacity": "3.6 to 4.2 Cu Ft",
            "Color": "WHITE",
            "MAXIMUM RPM": "700 to 799",
            "MOTOR SPEEDS": "1",
            "Stackable": "No",
            "Steam Cycle": "No",
            "WIDTH": "27 Inches",
            "depth": "27 Inches",
            "height": "44 Inches"
        },
        "url": "abcwarehouse.com//13625204"
    },
    {
        "spec": {
            "Capacity": "5.0 to 5.9 Cu Ft",
            "Color": "WHITE",
            "Power Source": "Electric"
        },
        "url": "abcwarehouse.com//16391228"
    },
    {
        "spec": {
            "Capacity": "4.3 & Larger Cu Ft",
            "Color": "WHITE",
            "Energy Rating": "Energy Star",
            "MAXIMUM RPM": "1100 to 1199",
            "Stackable": "No",
            "Steam Cycle": "No",
            "WIDTH": "27 Inches",
            "WiFi Connected": "Yes",
            "depth": "28 Inches",
            "height": "40 Inches"
        },
        "url": "abcwarehouse.com//7132921"
    },
    {
        "spec": {
            "Built-In Water Heater": "No",
            "Capacity": "4.3 & Larger Cu Ft",
            "Color": "WHITE",
            "Energy Rating": "Energy Star",
            "MAXIMUM RPM": "800 to 899",
            "Stackable": "No",
            "Steam Cycle": "No",
            "WIDTH": "27 Inches",
            "WiFi Connected": "No",
            "depth": "29 Inches",
            "height": "43 Inches"
        },
        "url": "abcwarehouse.com//9308529"
    },
    {
        "spec": {
            "Color": "STAINLESS",
            "Power Source": "Electric",
            "WIDTH": "21 Inches"
        },
        "url": "abcwarehouse.com//6858818"
    },
    {
        "spec": {
            "Built-In Water Heater": "Yes",
            "Capacity": "3.6 to 4.2 Cu Ft",
            "Color": "WHITE",
            "Energy Rating": "Energy Star",
            "MAXIMUM RPM": "1200 to 1299",
            "Stackable": "Yes",
            "Steam Cycle": "Yes",
            "WIDTH": "27 Inches",
            "WiFi Connected": "Yes",
            "depth": "33 Inches",
            "height": "38 Inches"
        },
        "url": "abcwarehouse.com//6394071"
    },
    {
        "spec": {
            "Built-In Water Heater": "Yes",
            "Capacity": "4.3 & Larger Cu Ft",
            "Color": "METALLIC SLATE",
            "Energy Rating": "Energy Star",
            "MAXIMUM RPM": "1200 to 1299",
            "Stackable": "Yes",
            "Steam Cycle": "Yes",
            "WIDTH": "27 Inches",
            "depth": "32 Inches",
            "height": "39 Inches"
        },
        "url": "abcwarehouse.com//6732216"
    },
    {
        "spec": {
            "Built-In Water Heater": "No",
            "Capacity": "3.6 to 4.2 Cu Ft",
            "Color": "WHITE",
            "Energy Rating": "Energy Star",
            "MAXIMUM RPM": "1200 to 1299",
            "Stackable": "Yes",
            "Steam Cycle": "No",
            "WIDTH": "27 Inches",
            "WiFi Connected": "Yes",
            "depth": "33 Inches",
            "height": "38 Inches"
        },
        "url": "abcwarehouse.com//14347785"
    },
    {
        "spec": {
            "Built-In Water Heater": "Yes",
            "Capacity": "4.3 & Larger Cu Ft",
            "Color": "WHITE",
            "MAXIMUM RPM": "900 to 999",
            "Stackable": "No",
            "Steam Cycle": "No",
            "WIDTH": "28 Inches",
            "depth": "27 Inches",
            "height": "42 Inches"
        },
        "url": "abcwarehouse.com//9936696"
    },
    {
        "spec": {
            "Capacity": "4.3 & Larger Cu Ft",
            "Color": "WHITE",
            "Energy Rating": "Energy Star",
            "MAXIMUM RPM": "1200 to 1299",
            "Stackable": "Yes",
            "Steam Cycle": "No",
            "WIDTH": "27 Inches",
            "depth": "33 Inches",
            "height": "38 Inches"
        },
        "url": "abcwarehouse.com//6749072"
    },
    {
        "spec": {
            "Capacity": "3.6 to 4.2 Cu Ft",
            "Color": "WHITE",
            "MAXIMUM RPM": "700 to 799",
            "Stackable": "No",
            "Steam Cycle": "No",
            "WIDTH": "27 Inches",
            "depth": "27 Inches",
            "height": "44 Inches"
        },
        "url": "abcwarehouse.com//13240293"
    },
    {
        "spec": {
            "Capacity": "4.3 & Larger Cu Ft",
            "Color": "WHITE",
            "Energy Rating": "Energy Star",
            "MAXIMUM RPM": "1200 to 1299",
            "Stackable": "Yes",
            "Steam Cycle": "Yes",
            "WIDTH": "27 Inches",
            "depth": "32 Inches",
            "height": "39 Inches"
        },
        "url": "abcwarehouse.com//16370615"
    },
    {
        "spec": {
            "Capacity": "4.3 & Larger Cu Ft",
            "Color": "WHITE",
            "Energy Rating": "Energy Star",
            "MAXIMUM RPM": "1200 to 1299",
            "Stackable": "Yes",
            "Steam Cycle": "Yes",
            "WIDTH": "27 Inches",
            "depth": "33 Inches",
            "height": "38 Inches"
        },
        "url": "abcwarehouse.com//15959434"
    },
    {
        "spec": {
            "Built-In Water Heater": "No",
            "Capacity": "4.3 & Larger Cu Ft",
            "Color": "WHITE",
            "Energy Rating": "Energy Star",
            "MAXIMUM RPM": "800 to 899",
            "Stackable": "No",
            "Steam Cycle": "No",
            "WIDTH": "28 Inches",
            "WiFi Connected": "No",
            "depth": "28 Inches",
            "height": "42 Inches"
        },
        "url": "abcwarehouse.com//7855851"
    },
    {
        "spec": {
            "Built-In Water Heater": "No",
            "Capacity": "4.3 & Larger Cu Ft",
            "Color": "WHITE",
            "Energy Rating": "Energy Star",
            "MAXIMUM RPM": "800 to 899",
            "MOTOR SPEEDS": "4",
            "Stackable": "No",
            "Steam Cycle": "No",
            "WIDTH": "27 Inches",
            "WiFi Connected": "Yes",
            "depth": "27 Inches",
            "height": "46 Inches"
        },
        "url": "abcwarehouse.com//3218019"
    },
    {
        "spec": {
            "Built-In Water Heater": "No",
            "Capacity": "4.3 & Larger Cu Ft",
            "Color": "WHITE",
            "MAXIMUM RPM": "600 to 699",
            "MOTOR SPEEDS": "2",
            "Stackable": "No",
            "Steam Cycle": "No",
            "WIDTH": "28 Inches",
            "depth": "28 Inches",
            "height": "42 Inches"
        },
        "url": "abcwarehouse.com//7938382"
    },
    {
        "spec": {
            "Built-In Water Heater": "No",
            "Capacity": "4.3 & Larger Cu Ft",
            "Color": "WHITE",
            "MAXIMUM RPM": "600 to 699",
            "Stackable": "No",
            "Steam Cycle": "No",
            "WIDTH": "28 Inches",
            "depth": "28 Inches",
            "height": "43 Inches"
        },
        "url": "abcwarehouse.com//4281211"
    }
]