{
    "1004043": [
        "abcwarehouse.com//7938382"
    ],
    "1056118": [
        "abcwarehouse.com//10864939"
    ],
    "1071949": [
        "abcwarehouse.com//6749072"
    ],
    "11114832": [
        "abcwarehouse.com//16391228"
    ],
    "13972456": [
        "abcwarehouse.com//16370615"
    ],
    "14363926": [
        "abcwarehouse.com//7855851"
    ],
    "1677034": [
        "abcwarehouse.com//4281211"
    ],
    "1725955": [
        "abcwarehouse.com//6732216"
    ],
    "177852": [
        "abcwarehouse.com//5463946"
    ],
    "2943642": [
        "abcwarehouse.com//14347785"
    ],
    "3721015": [
        "abcwarehouse.com//6394071"
    ],
    "3812865": [
        "abcwarehouse.com//9308529"
    ],
    "3906364": [
        "abcwarehouse.com//13625204"
    ],
    "4038587": [
        "abcwarehouse.com//9936696"
    ],
    "6204214": [
        "abcwarehouse.com//6858818"
    ],
    "7405080": [
        "abcwarehouse.com//15959434"
    ],
    "7862901": [
        "abcwarehouse.com//3135589"
    ],
    "8158960": [
        "abcwarehouse.com//13240293"
    ],
    "8411255": [
        "abcwarehouse.com//5948409"
    ],
    "9197960": [
        "abcwarehouse.com//3218019"
    ],
    "940399": [
        "abcwarehouse.com//7132921"
    ],
    "9433412": [
        "abcwarehouse.com//4418228"
    ]
}