[
    {
        "spec": {
            "Band Colour": "Blue",
            "Band Material": "Belt",
            "Brand": "Armani",
            "Colour Name": "Blue",
            "Item Package Quantity": "1",
            "Manufacturer": "Armani",
            "Model Number": "AR2473",
            "Target Audience": "Men",
            "Warranty": "1 Year seller warranty",
            "Watch Dial Colour": "Blue",
            "Watch Display": "analogue",
            "Watch Movement": "Quartz"
        },
        "url": "abelestore.com//15580519"
    },
    {
        "spec": {
            "Band Colour": "Silver",
            "Band Material": "Stainless Steel",
            "Brand": "Emporio Armani",
            "Colour Name": "Blue",
            "Item Package Quantity": "1",
            "Manufacturer": "Emporio Armani",
            "Model Number": "AR2448",
            "Target Audience": "Men",
            "Warranty": "1 Year (sellers warranty)",
            "Watch Dial Colour": "Blue",
            "Watch Display": "Chronograph",
            "Watch Movement": "Quartz"
        },
        "url": "abelestore.com//14685550"
    },
    {
        "spec": {
            "Band Colour": "Silver",
            "Band Material": "Stainless Steel",
            "Brand": "Casio",
            "Colour Name": "Blue",
            "Item Package Quantity": "1",
            "Manufacturer": "Casio",
            "Model Number": "ED437",
            "Target Audience": "Men",
            "Warranty": "1 Year",
            "Watch Dial Colour": "Blue",
            "Watch Display": "analogue",
            "Watch Movement": "Quartz"
        },
        "url": "abelestore.com//3242953"
    },
    {
        "spec": {
            "Band Material": "Other",
            "Item Package Quantity": "1 \u00a0 \u00a0",
            "Target Audience": "Women",
            "Watch Display": "Analogue"
        },
        "url": "abelestore.com//11284037"
    },
    {
        "spec": {
            "Band Material": "Stainless Steel",
            "Brand": "Best Deals",
            "Colour Name": "Black copper",
            "Item Package Quantity": "1",
            "Manufacturer": "Best Deals",
            "Model Number": "Ar1410",
            "Target Audience": "Boys",
            "Warranty": "1 Year Seller warranty",
            "Watch Display": "Chronograph"
        },
        "url": "abelestore.com//6068159"
    }
]