{
    "ENTITY#035": [
        "www.hardware-planet.it//200"
    ],
    "ENTITY#042": [
        "www.hardware-planet.it//165"
    ],
    "ENTITY#046": [
        "www.hardware-planet.it//270"
    ],
    "ENTITY#080": [
        "www.hardware-planet.it//8"
    ],
    "ENTITY#087": [
        "www.hardware-planet.it//87"
    ],
    "ENTITY#088": [
        "www.hardware-planet.it//180"
    ],
    "ENTITY#089": [
        "www.hardware-planet.it//176"
    ],
    "ENTITY#090": [
        "www.hardware-planet.it//285"
    ],
    "ENTITY#091": [
        "www.hardware-planet.it//94"
    ],
    "ENTITY#099": [
        "www.hardware-planet.it//229"
    ],
    "ENTITY#102": [
        "www.hardware-planet.it//245"
    ],
    "ENTITY#103": [
        "www.hardware-planet.it//5"
    ],
    "ENTITY#116": [
        "www.hardware-planet.it//136",
        "www.hardware-planet.it//193"
    ],
    "ENTITY#117": [
        "www.hardware-planet.it//181"
    ],
    "ENTITY#128": [
        "www.hardware-planet.it//123"
    ],
    "ENTITY#129": [
        "www.hardware-planet.it//63"
    ],
    "ENTITY#130": [
        "www.hardware-planet.it//144"
    ],
    "ENTITY#131": [
        "www.hardware-planet.it//190"
    ],
    "ENTITY#132": [
        "www.hardware-planet.it//313"
    ],
    "ENTITY#133": [
        "www.hardware-planet.it//221"
    ],
    "ENTITY#134": [
        "www.hardware-planet.it//28"
    ],
    "ENTITY#139": [
        "www.hardware-planet.it//172"
    ],
    "ENTITY#140": [
        "www.hardware-planet.it//158"
    ],
    "ENTITY#141": [
        "www.hardware-planet.it//67"
    ],
    "ENTITY#145": [
        "www.hardware-planet.it//273"
    ],
    "ENTITY#168": [
        "www.hardware-planet.it//169"
    ],
    "ENTITY#169": [
        "www.hardware-planet.it//215"
    ],
    "ENTITY#170": [
        "www.hardware-planet.it//309"
    ],
    "ENTITY#171": [
        "www.hardware-planet.it//235"
    ],
    "ENTITY#172": [
        "www.hardware-planet.it//62"
    ],
    "ENTITY#175": [
        "www.hardware-planet.it//208"
    ],
    "ENTITY#183": [
        "www.hardware-planet.it//112"
    ],
    "ENTITY#184": [
        "www.hardware-planet.it//163"
    ],
    "ENTITY#185": [
        "www.hardware-planet.it//53"
    ],
    "ENTITY#186": [
        "www.hardware-planet.it//185"
    ],
    "ENTITY#188": [
        "www.hardware-planet.it//291"
    ],
    "ENTITY#190": [
        "www.hardware-planet.it//156"
    ],
    "ENTITY#193": [
        "www.hardware-planet.it//213"
    ]
}