{
    "15141494": [
        "49thstreetautosales.com//4028297",
        "49thstreetautosales.com//5765784"
    ],
    "3361191": [
        "49thstreetautosales.com//10568460",
        "49thstreetautosales.com//16169076",
        "49thstreetautosales.com//16995505"
    ],
    "6144261": [
        "49thstreetautosales.com//16908112",
        "49thstreetautosales.com//3785056"
    ],
    "7232890": [
        "49thstreetautosales.com//15917894",
        "49thstreetautosales.com//1665484",
        "49thstreetautosales.com//4344135"
    ],
    "8019350": [
        "49thstreetautosales.com//195661",
        "49thstreetautosales.com//3187884"
    ],
    "8957268": [
        "49thstreetautosales.com//12125295",
        "49thstreetautosales.com//15959861"
    ]
}