[
    {
        "spec": {
            "Engine": "2.2l I-4 MPI OHV 2.2l",
            "Exterior Color": "Brown",
            "Fuel": "Gas",
            "Interior Color": "Grey",
            "Mileage": "183017",
            "Stock #": "1830"
        },
        "url": "49thstreetautosales.com//16995505"
    },
    {
        "spec": {
            "Engine": "4.3l V6 MPI 4.3l",
            "Exterior Color": "White",
            "Fuel": "Gas",
            "Interior Color": "Black",
            "Stock #": "1784",
            "Transmission": "Auto"
        },
        "url": "49thstreetautosales.com//14786277"
    },
    {
        "spec": {
            "Engine": "2.4l I-4 MPI Dohc 2.4l",
            "Exterior Color": "Silver",
            "Fuel": "Gas",
            "Interior Color": "Black",
            "Mileage": "148169",
            "Stock #": "1873",
            "Transmission": "Auto"
        },
        "url": "49thstreetautosales.com//5765784"
    },
    {
        "spec": {
            "Engine": "2.4l I-4 MPI Dohc 2.4l",
            "Exterior Color": "Silver",
            "Fuel": "Gas",
            "Interior Color": "Black",
            "Mileage": "148169",
            "Stock #": "1873",
            "Transmission": "Auto"
        },
        "url": "49thstreetautosales.com//4344135"
    },
    {
        "spec": {
            "Engine": "3.4l V6 EFI Dohc 3.4l",
            "Exterior Color": "Gold",
            "Fuel": "Gas",
            "Interior Color": "Beige",
            "Mileage": "220000",
            "Stock #": "1648",
            "Transmission": "Auto"
        },
        "url": "49thstreetautosales.com//15898090"
    },
    {
        "spec": {
            "Engine": "3.4l V6 EFI Dohc 3.4l",
            "Exterior Color": "Gold",
            "Fuel": "Gas",
            "Interior Color": "Beige",
            "Mileage": "220000",
            "Stock #": "1648",
            "Transmission": "Auto"
        },
        "url": "49thstreetautosales.com//9725345"
    },
    {
        "spec": {
            "Engine": "2.0l I-4 FSI Dohc T/C 2.0",
            "Exterior Color": "Black",
            "Fuel": "Gas",
            "Interior Color": "Black",
            "Mileage": "102423",
            "Stock #": "1903",
            "Transmission": "Auto"
        },
        "url": "49thstreetautosales.com//15959861"
    },
    {
        "spec": {
            "Exterior Color": "Red",
            "Fuel": "Gasoline Fuel",
            "Interior Color": "Black",
            "Mileage": "75789",
            "Stock #": "1450",
            "Transmission": "Auto"
        },
        "url": "49thstreetautosales.com//12125295"
    },
    {
        "spec": {
            "Engine": "3.4l V6 EFI Dohc 3.4l",
            "Exterior Color": "Gold",
            "Fuel": "Gas",
            "Interior Color": "Beige",
            "Mileage": "220000",
            "Stock #": "1648",
            "Transmission": "Auto"
        },
        "url": "49thstreetautosales.com//3381833"
    },
    {
        "spec": {
            "Engine": "2.2l I-4 MPI OHV 2.2l",
            "Exterior Color": "Brown",
            "Fuel": "Gas",
            "Interior Color": "Grey",
            "Mileage": "183017",
            "Stock #": "1830"
        },
        "url": "49thstreetautosales.com//10568460"
    },
    {
        "spec": {
            "Engine": "2.0l I-4 FSI Dohc T/C 2.0",
            "Exterior Color": "Black",
            "Fuel": "Gas",
            "Interior Color": "Black",
            "Mileage": "102423",
            "Stock #": "1903",
            "Transmission": "Auto"
        },
        "url": "49thstreetautosales.com//11259692"
    },
    {
        "spec": {
            "Engine": "3.4l V6 EFI Dohc 3.4l",
            "Exterior Color": "Gold",
            "Fuel": "Gas",
            "Interior Color": "Beige",
            "Mileage": "220000",
            "Stock #": "1648",
            "Transmission": "Auto"
        },
        "url": "49thstreetautosales.com//13461538"
    },
    {
        "spec": {
            "Engine": "3.4l V6 EFI Dohc 3.4l",
            "Exterior Color": "Gold",
            "Fuel": "Gas",
            "Interior Color": "Beige",
            "Mileage": "220000",
            "Stock #": "1648",
            "Transmission": "Auto"
        },
        "url": "49thstreetautosales.com//4028297"
    },
    {
        "spec": {
            "Engine": "3.4l V6 EFI Dohc 3.4l",
            "Exterior Color": "Gold",
            "Fuel": "Gas",
            "Interior Color": "Beige",
            "Mileage": "220000",
            "Stock #": "1648",
            "Transmission": "Auto"
        },
        "url": "49thstreetautosales.com//15917894"
    },
    {
        "spec": {
            "Engine": "1.8l I-4 EFI Dohc 1.8l",
            "Exterior Color": "Blue,Light",
            "Fuel": "Gas",
            "Interior Color": "Black",
            "Mileage": "144253",
            "Stock #": "1895",
            "Transmission": "Auto"
        },
        "url": "49thstreetautosales.com//15091825"
    },
    {
        "spec": {
            "Engine": "2.2l I-4 EFI Dohc 2.2l",
            "Exterior Color": "Grey",
            "Fuel": "Gas",
            "Interior Color": "Black",
            "Mileage": "147886",
            "Stock #": "1817",
            "Transmission": "Manual"
        },
        "url": "49thstreetautosales.com//15124962"
    },
    {
        "spec": {
            "Engine": "2.2l I-4 MPI OHV 2.2l",
            "Exterior Color": "Brown",
            "Fuel": "Gas",
            "Interior Color": "Grey",
            "Mileage": "183017",
            "Stock #": "1830"
        },
        "url": "49thstreetautosales.com//16169076"
    },
    {
        "spec": {
            "Engine": "2.2l I-4 EFI Dohc 2.2l",
            "Exterior Color": "Grey",
            "Fuel": "Gas",
            "Interior Color": "Black",
            "Mileage": "147886",
            "Stock #": "1817",
            "Transmission": "Manual"
        },
        "url": "49thstreetautosales.com//10950810"
    },
    {
        "spec": {
            "Engine": "1.8l I-4 EFI Dohc 1.8l",
            "Exterior Color": "Blue,Light",
            "Fuel": "Gas",
            "Interior Color": "Black",
            "Mileage": "144253",
            "Stock #": "1895",
            "Transmission": "Auto"
        },
        "url": "49thstreetautosales.com//195661"
    },
    {
        "spec": {
            "Engine": "3.8l V6 SFI 3.8l",
            "Exterior Color": "Maroon",
            "Fuel": "Gas",
            "Interior Color": "Black",
            "Mileage": "178598",
            "Stock #": "1760",
            "Transmission": "Auto"
        },
        "url": "49thstreetautosales.com//7048082"
    },
    {
        "spec": {
            "Engine": "2.5l I-4 Smpi Dohc Cvtcs",
            "Exterior Color": "Black",
            "Fuel": "Gas",
            "Interior Color": "Black",
            "Mileage": "56704",
            "Stock #": "1908",
            "Transmission": "Auto"
        },
        "url": "49thstreetautosales.com//2297276"
    },
    {
        "spec": {
            "Engine": "3.8l V6 SFI 3.8l",
            "Exterior Color": "Maroon",
            "Fuel": "Gas",
            "Interior Color": "Black",
            "Mileage": "178598",
            "Stock #": "1760",
            "Transmission": "Auto"
        },
        "url": "49thstreetautosales.com//14279476"
    },
    {
        "spec": {
            "Engine": "3.6l V6 MPI Dohc VVT Flex",
            "Exterior Color": "Black",
            "Fuel": "Flex",
            "Interior Color": "Black",
            "Mileage": "489680",
            "Stock #": "1879",
            "Transmission": "Auto"
        },
        "url": "49thstreetautosales.com//10519440"
    },
    {
        "spec": {
            "Engine": "1.8l I-4 EFI Dohc 1.8l",
            "Exterior Color": "White",
            "Fuel": "Gas",
            "Interior Color": "Black",
            "Mileage": "113546",
            "Stock #": "1664",
            "Transmission": "Auto"
        },
        "url": "49thstreetautosales.com//3187884"
    },
    {
        "spec": {
            "Engine": "4.6l V8 SFI 4.6l",
            "Exterior Color": "Silver",
            "Fuel": "Gas",
            "Interior Color": "Black",
            "Mileage": "144585",
            "Stock #": "1791",
            "Transmission": "Auto"
        },
        "url": "49thstreetautosales.com//7161094"
    },
    {
        "spec": {
            "Engine": "2.5l I-4 Smpi Dohc Cvtcs",
            "Exterior Color": "Black",
            "Fuel": "Gas",
            "Interior Color": "Black",
            "Mileage": "56704",
            "Stock #": "1908",
            "Transmission": "Auto"
        },
        "url": "49thstreetautosales.com//8740877"
    },
    {
        "spec": {
            "Engine": "6.8l V10 EFI Sohc 6.8l",
            "Exterior Color": "Brown",
            "Fuel": "Gas",
            "Interior Color": "Black",
            "Mileage": "191436",
            "Stock #": "1790",
            "Transmission": "Auto"
        },
        "url": "49thstreetautosales.com//3785056"
    },
    {
        "spec": {
            "Engine": "6.8l V10 EFI Sohc 6.8l",
            "Exterior Color": "Brown",
            "Fuel": "Gas",
            "Interior Color": "Black",
            "Mileage": "191436",
            "Stock #": "1790",
            "Transmission": "Auto"
        },
        "url": "49thstreetautosales.com//17524659"
    },
    {
        "spec": {
            "Engine": "5.7l V8 SFI Hemi 5.7l",
            "Exterior Color": "Black",
            "Fuel": "Gas",
            "Interior Color": "Black",
            "Mileage": "207292",
            "Stock #": "1768",
            "Transmission": "Auto"
        },
        "url": "49thstreetautosales.com//1665484"
    },
    {
        "spec": {
            "Engine": "1.8l I-4 EFI Dohc 1.8l",
            "Exterior Color": "White",
            "Fuel": "Gas",
            "Interior Color": "Black",
            "Mileage": "113546",
            "Stock #": "1664",
            "Transmission": "Auto"
        },
        "url": "49thstreetautosales.com//13498267"
    },
    {
        "spec": {
            "Engine": "4.3l V8 EFI Sohc 4.3l",
            "Exterior Color": "White",
            "Fuel": "Gas",
            "Interior Color": "Black",
            "Mileage": "221017",
            "Stock #": "1733",
            "Transmission": "Auto"
        },
        "url": "49thstreetautosales.com//12604595"
    },
    {
        "spec": {
            "Engine": "6.8l V10 EFI Sohc 6.8l",
            "Exterior Color": "Brown",
            "Fuel": "Gas",
            "Interior Color": "Black",
            "Stock #": "1790",
            "Transmission": "Auto"
        },
        "url": "49thstreetautosales.com//16908112"
    },
    {
        "spec": {
            "Engine": "2.0l I-4 EFI Dohc 2.0l",
            "Exterior Color": "Red",
            "Fuel": "Gas",
            "Interior Color": "Black",
            "Mileage": "158691",
            "Stock #": "1741",
            "Transmission": "Auto"
        },
        "url": "49thstreetautosales.com//12203193"
    }
]