{
    "10197382": [
        "49thstreetautosales.com//10519440"
    ],
    "10741405": [
        "49thstreetautosales.com//15091825"
    ],
    "14030649": [
        "49thstreetautosales.com//7048082"
    ],
    "14319325": [
        "49thstreetautosales.com//17524659"
    ],
    "14944337": [
        "49thstreetautosales.com//15898090"
    ],
    "15141494": [
        "49thstreetautosales.com//4028297",
        "49thstreetautosales.com//5765784"
    ],
    "15390022": [
        "49thstreetautosales.com//13461538"
    ],
    "15485860": [
        "49thstreetautosales.com//2297276"
    ],
    "15544636": [
        "49thstreetautosales.com//12203193"
    ],
    "15785589": [
        "49thstreetautosales.com//3381833"
    ],
    "2868561": [
        "49thstreetautosales.com//15124962"
    ],
    "3074500": [
        "49thstreetautosales.com//14279476"
    ],
    "3361191": [
        "49thstreetautosales.com//10568460",
        "49thstreetautosales.com//16169076",
        "49thstreetautosales.com//16995505"
    ],
    "3836108": [
        "49thstreetautosales.com//8740877"
    ],
    "3858972": [
        "49thstreetautosales.com//14786277"
    ],
    "5065313": [
        "49thstreetautosales.com//10950810"
    ],
    "5802340": [
        "49thstreetautosales.com//7161094"
    ],
    "6115235": [
        "49thstreetautosales.com//13498267"
    ],
    "6144261": [
        "49thstreetautosales.com//16908112",
        "49thstreetautosales.com//3785056"
    ],
    "7026583": [
        "49thstreetautosales.com//9725345"
    ],
    "7232890": [
        "49thstreetautosales.com//15917894",
        "49thstreetautosales.com//1665484",
        "49thstreetautosales.com//4344135"
    ],
    "8019350": [
        "49thstreetautosales.com//195661",
        "49thstreetautosales.com//3187884"
    ],
    "8029588": [
        "49thstreetautosales.com//12604595"
    ],
    "8957268": [
        "49thstreetautosales.com//12125295",
        "49thstreetautosales.com//15959861"
    ],
    "9662711": [
        "49thstreetautosales.com//11259692"
    ]
}