[
    {
        "spec": {
            "Brand": "3B Scientific",
            "Dimensions": "50 x 67 cm",
            "ISBN": "978-3-82-940307-8",
            "Item No.": "4006654 [VR1123UU]",
            "Weight": "0.075 kg"
        },
        "url": "3bscientific.co.uk//16560950"
    },
    {
        "spec": {
            "Brand": "3B Scientific",
            "Dimensions": "50 x 67 cm",
            "ISBN": "978-3-82-940319-1",
            "Item No.": "4006660 [VR1172UU]",
            "Weight": "0.075 kg"
        },
        "url": "3bscientific.co.uk//12784681"
    },
    {
        "spec": {
            "Brand": "3B Scientific",
            "Dimensions": "50 x 67 cm",
            "ISBN": "978-3-82-940321-4",
            "Item No.": "4006661 [VR1174UU]",
            "Weight": "0.075 kg"
        },
        "url": "3bscientific.co.uk//12453668"
    },
    {
        "spec": {
            "Brand": "3B Scientific",
            "Dimensions": "50 x 67 cm",
            "ISBN": "978-3-82-940305-4",
            "Item No.": "4006653 [VR1121UU]",
            "Weight": "0.075 kg"
        },
        "url": "3bscientific.co.uk//15388720"
    },
    {
        "spec": {
            "Brand": "3B Scientific",
            "Dimensions": "50 x 67 cm",
            "ISBN": "978-3-82-940429-7",
            "Item No.": "4006715 [VR1660UU]",
            "Weight": "0.075 kg"
        },
        "url": "3bscientific.co.uk//4346290"
    },
    {
        "spec": {
            "Brand": "3B Scientific",
            "Dimensions": "50 x 67 cm",
            "ISBN": "978-3-82-940317-7",
            "Item No.": "4006659 [VR1171UU]",
            "Weight": "0.075 kg"
        },
        "url": "3bscientific.co.uk//10891147"
    },
    {
        "spec": {
            "Brand": "3B Scientific",
            "Dimensions": "30.5 x 23 x 0.5 cm",
            "ISBN": "978-3-8294-0007-7",
            "Item No.": "1002492 [S0090]",
            "Weight": "0.25 kg"
        },
        "url": "3bscientific.co.uk//6106940"
    }
]