[
    {
        "spec": {
            "Brand": "3B Scientific",
            "Dimensions": "50 x 67 cm",
            "ISBN": "978-3-82-940603-1",
            "Item No.": "1001592 [VR1628L]",
            "Weight": "0.15 kg"
        },
        "url": "3bscientific.co.uk//2504778"
    },
    {
        "spec": {
            "Brand": "3B Scientific",
            "Dimensions": "50 x 67 cm",
            "ISBN": "978-3-82-940313-9",
            "Item No.": "4006657 [VR1152UU]",
            "Weight": "0.075 kg"
        },
        "url": "3bscientific.co.uk//6593430"
    },
    {
        "spec": {
            "Brand": "3B Scientific",
            "Dimensions": "50 x 67 cm",
            "ISBN": "978-3-82-940403-7",
            "Item No.": "4006712 [VR1627UU]",
            "Weight": "0.075 kg"
        },
        "url": "3bscientific.co.uk//189570"
    },
    {
        "spec": {
            "Brand": "3B Scientific",
            "Dimensions": "50 x 67 cm",
            "ISBN": "978-3-82-940359-7",
            "Item No.": "4006683 [VR1361UU]",
            "Weight": "0.075 kg"
        },
        "url": "3bscientific.co.uk//4258483"
    },
    {
        "spec": {
            "Brand": "3B Scientific",
            "Dimensions": "50 x 67 cm",
            "ISBN": "978-3-82-940409-9",
            "Item No.": "4006719 [VR1714UU]",
            "Weight": "0.075 kg"
        },
        "url": "3bscientific.co.uk//5016843"
    },
    {
        "spec": {
            "Brand": "3B Scientific",
            "Dimensions": "50 x 67 cm",
            "ISBN": "978-3-82-940397-9",
            "Item No.": "4006710 [VR1620UU]",
            "Weight": "0.075 kg"
        },
        "url": "3bscientific.co.uk//14399914"
    },
    {
        "spec": {
            "Brand": "3B Scientific",
            "Dimensions": "50 x 67 cm",
            "ISBN": "978-3-82-940377-1",
            "Item No.": "4006696 [VR1452UU]",
            "Weight": "0.075 kg"
        },
        "url": "3bscientific.co.uk//4649821"
    },
    {
        "spec": {
            "Brand": "3B Scientific",
            "Dimensions": "50 x 67 cm",
            "ISBN": "978-3-82-940453-2",
            "Item No.": "4006664 [VR1188UU]",
            "Weight": "0.075 kg"
        },
        "url": "3bscientific.co.uk//208030"
    }
]