{
    "ENTITY#005": [
        "www.pcconnection.com//2103",
        "www.pcconnection.com//3382"
    ],
    "ENTITY#019": [
        "www.pcconnection.com//1754"
    ],
    "ENTITY#021": [
        "www.pcconnection.com//3682"
    ],
    "ENTITY#030": [
        "www.pcconnection.com//1406"
    ],
    "ENTITY#031": [
        "www.pcconnection.com//410"
    ],
    "ENTITY#046": [
        "www.pcconnection.com//2880"
    ],
    "ENTITY#055": [
        "www.pcconnection.com//399"
    ],
    "ENTITY#066": [
        "www.pcconnection.com//3219"
    ],
    "ENTITY#078": [
        "www.pcconnection.com//79"
    ],
    "ENTITY#087": [
        "www.pcconnection.com//2862"
    ],
    "ENTITY#091": [
        "www.pcconnection.com//1341"
    ],
    "ENTITY#093": [
        "www.pcconnection.com//3164"
    ],
    "ENTITY#094": [
        "www.pcconnection.com//3693"
    ],
    "ENTITY#099": [
        "www.pcconnection.com//247"
    ],
    "ENTITY#104": [
        "www.pcconnection.com//3476"
    ],
    "ENTITY#107": [
        "www.pcconnection.com//3064",
        "www.pcconnection.com//2197"
    ],
    "ENTITY#113": [
        "www.pcconnection.com//859"
    ],
    "ENTITY#114": [
        "www.pcconnection.com//2355",
        "www.pcconnection.com//1914"
    ],
    "ENTITY#116": [
        "www.pcconnection.com//3579",
        "www.pcconnection.com//667"
    ],
    "ENTITY#117": [
        "www.pcconnection.com//3793"
    ],
    "ENTITY#123": [
        "www.pcconnection.com//282"
    ],
    "ENTITY#131": [
        "www.pcconnection.com//2358"
    ],
    "ENTITY#132": [
        "www.pcconnection.com//68"
    ],
    "ENTITY#141": [
        "www.pcconnection.com//435"
    ],
    "ENTITY#145": [
        "www.pcconnection.com//1122"
    ],
    "ENTITY#161": [
        "www.pcconnection.com//525",
        "www.pcconnection.com//1224",
        "www.pcconnection.com//2113",
        "www.pcconnection.com//1841"
    ],
    "ENTITY#162": [
        "www.pcconnection.com//2110",
        "www.pcconnection.com//3431"
    ],
    "ENTITY#163": [
        "www.pcconnection.com//2662",
        "www.pcconnection.com//260"
    ],
    "ENTITY#168": [
        "www.pcconnection.com//1256"
    ],
    "ENTITY#174": [
        "www.pcconnection.com//1776"
    ],
    "ENTITY#175": [
        "www.pcconnection.com//2007"
    ],
    "ENTITY#194": [
        "www.pcconnection.com//3615"
    ],
    "ENTITY#195": [
        "www.pcconnection.com//4023"
    ],
    "ENTITY#198": [
        "www.pcconnection.com//2234"
    ],
    "ENTITY#215": [
        "www.pcconnection.com//414",
        "www.pcconnection.com//2086"
    ]
}