{
    "ENTITY#030": [
        "www.vology.com//2280"
    ],
    "ENTITY#031": [
        "www.vology.com//2315"
    ],
    "ENTITY#076": [
        "www.vology.com//2423",
        "www.vology.com//2447"
    ],
    "ENTITY#077": [
        "www.vology.com//2329"
    ],
    "ENTITY#078": [
        "www.vology.com//2442"
    ],
    "ENTITY#079": [
        "www.vology.com//2257"
    ],
    "ENTITY#081": [
        "www.vology.com//2668",
        "www.vology.com//2485"
    ],
    "ENTITY#085": [
        "www.vology.com//2404"
    ],
    "ENTITY#107": [
        "www.vology.com//2698",
        "www.vology.com//2552",
        "www.vology.com//2581",
        "www.vology.com//2193",
        "www.vology.com//2439"
    ],
    "ENTITY#109": [
        "www.vology.com//2475",
        "www.vology.com//2179"
    ],
    "ENTITY#111": [
        "www.vology.com//2367"
    ],
    "ENTITY#112": [
        "www.vology.com//2261"
    ],
    "ENTITY#113": [
        "www.vology.com//2687"
    ],
    "ENTITY#116": [
        "www.vology.com//2360"
    ],
    "ENTITY#117": [
        "www.vology.com//2446"
    ],
    "ENTITY#118": [
        "www.vology.com//2647",
        "www.vology.com//2251"
    ],
    "ENTITY#119": [
        "www.vology.com//2328"
    ],
    "ENTITY#120": [
        "www.vology.com//2340"
    ],
    "ENTITY#122": [
        "www.vology.com//2653"
    ],
    "ENTITY#123": [
        "www.vology.com//2187",
        "www.vology.com//2332"
    ],
    "ENTITY#124": [
        "www.vology.com//2650"
    ],
    "ENTITY#125": [
        "www.vology.com//2215"
    ],
    "ENTITY#126": [
        "www.vology.com//2651"
    ],
    "ENTITY#128": [
        "www.vology.com//2392"
    ],
    "ENTITY#129": [
        "www.vology.com//2366"
    ],
    "ENTITY#130": [
        "www.vology.com//2158"
    ],
    "ENTITY#132": [
        "www.vology.com//2665"
    ],
    "ENTITY#138": [
        "www.vology.com//2164"
    ],
    "ENTITY#139": [
        "www.vology.com//2507"
    ],
    "ENTITY#141": [
        "www.vology.com//2510"
    ],
    "ENTITY#144": [
        "www.vology.com//2403"
    ],
    "ENTITY#152": [
        "www.vology.com//2590"
    ],
    "ENTITY#153": [
        "www.vology.com//2270"
    ],
    "ENTITY#154": [
        "www.vology.com//2241"
    ],
    "ENTITY#155": [
        "www.vology.com//2630"
    ],
    "ENTITY#156": [
        "www.vology.com//2180"
    ],
    "ENTITY#157": [
        "www.vology.com//2304"
    ],
    "ENTITY#158": [
        "www.vology.com//2336"
    ],
    "ENTITY#165": [
        "www.vology.com//2660"
    ],
    "ENTITY#166": [
        "www.vology.com//2451"
    ],
    "ENTITY#167": [
        "www.vology.com//2444"
    ],
    "ENTITY#168": [
        "www.vology.com//2422"
    ],
    "ENTITY#171": [
        "www.vology.com//2308"
    ],
    "ENTITY#173": [
        "www.vology.com//2634"
    ],
    "ENTITY#174": [
        "www.vology.com//2357"
    ],
    "ENTITY#175": [
        "www.vology.com//2549"
    ],
    "ENTITY#187": [
        "www.vology.com//2398"
    ],
    "ENTITY#189": [
        "www.vology.com//2476"
    ],
    "ENTITY#192": [
        "www.vology.com//2655"
    ],
    "ENTITY#196": [
        "www.vology.com//2679",
        "www.vology.com//2203"
    ],
    "ENTITY#198": [
        "www.vology.com//2551",
        "www.vology.com//2684"
    ],
    "ENTITY#199": [
        "www.vology.com//2516",
        "www.vology.com//2405"
    ],
    "ENTITY#200": [
        "www.vology.com//2542",
        "www.vology.com//2544"
    ]
}