{
    "10305205": [
        "4x4styling.com//16154699"
    ],
    "10975964": [
        "4x4styling.com//3229919"
    ],
    "11140653": [
        "4x4styling.com//8690475"
    ],
    "11848343": [
        "4x4styling.com//3734249"
    ],
    "11902632": [
        "4x4styling.com//14773446"
    ],
    "12015682": [
        "4x4styling.com//12059423"
    ],
    "12300210": [
        "4x4styling.com//5154423"
    ],
    "12440996": [
        "4x4styling.com//14593506"
    ],
    "12485199": [
        "4x4styling.com//1237887"
    ],
    "12738127": [
        "4x4styling.com//1392428"
    ],
    "13143803": [
        "4x4styling.com//16511187"
    ],
    "13262374": [
        "4x4styling.com//4685135"
    ],
    "13951806": [
        "4x4styling.com//13473952"
    ],
    "13954201": [
        "4x4styling.com//5570748"
    ],
    "15124884": [
        "4x4styling.com//2479028"
    ],
    "16078398": [
        "4x4styling.com//17536932"
    ],
    "2501965": [
        "4x4styling.com//2767671"
    ],
    "2802303": [
        "4x4styling.com//17410875"
    ],
    "3633759": [
        "4x4styling.com//2097271"
    ],
    "4385516": [
        "4x4styling.com//4767742"
    ],
    "5892446": [
        "4x4styling.com//6888158"
    ],
    "6091799": [
        "4x4styling.com//4701496"
    ],
    "6802102": [
        "4x4styling.com//6780332"
    ],
    "7107146": [
        "4x4styling.com//10519382"
    ],
    "7342520": [
        "4x4styling.com//11546214"
    ],
    "7475324": [
        "4x4styling.com//3004619"
    ],
    "7671636": [
        "4x4styling.com//10360862"
    ],
    "7728584": [
        "4x4styling.com//4034367"
    ],
    "8574740": [
        "4x4styling.com//14911252"
    ],
    "8829354": [
        "4x4styling.com//529712"
    ],
    "9483591": [
        "4x4styling.com//17241091"
    ],
    "9542058": [
        "4x4styling.com//10827140"
    ]
}