[
    {
        "spec": {
            "\u00a0Bemerkung:": "\u00a0-",
            "\u00a0Einbauzeit:": "\u00a0150\u00a0Min.",
            "\u00a0Federspanner erforderlich:": "Ja",
            "\u00a0Montagesystem:": "\u00a0H\u00f6herlegung\u00a0"
        },
        "url": "4x4styling.com//529712"
    },
    {
        "spec": {
            "Bemerkung:": "+30mm f\u00fcr kurzen und langen Radstand",
            "Einbauzeit:": "120 Min.",
            "Federspanner erforderlich:": "Ja",
            "Montagesystem:": "H\u00f6herlegung",
            "T\u00dcV?": "mit T\u00dcV und RDW"
        },
        "url": "4x4styling.com//2479028"
    },
    {
        "spec": {
            "\u00a0Bemerkung:": "\u00a0+35mm \u00a0nicht f\u00fcr Executive, \u00a0nicht f\u00fcr 3-t\u00fcriges Modell",
            "\u00a0Einbauzeit:": "\u00a0150\u00a0Min.",
            "\u00a0Federspanner erforderlich:": "\u00a0Nein",
            "\u00a0Montagesystem:": "\u00a0H\u00f6herlegung"
        },
        "url": "4x4styling.com//10519382"
    },
    {
        "spec": {
            "Bemerkung:": "ex. 4WD",
            "Einbauzeit:": "120 Min.",
            "Federspanner erforderlich:": "Nein",
            "Montagesystem:": "4 - Luftfeder neben der Hauptfeder",
            "T\u00dcV/RDW?": "R"
        },
        "url": "4x4styling.com//12059423"
    },
    {
        "spec": {
            "\u00a0Bemerkung:": "\u00a0-",
            "\u00a0Einbauzeit:": "\u00a0120 Min.",
            "\u00a0Montagesystem:": "\u00a0Luftfeder neben der Hauptfeder"
        },
        "url": "4x4styling.com//4767742"
    },
    {
        "spec": {
            "Bemerkung:": "-",
            "Einbauzeit:": "150 Min.",
            "Federspanner erforderlich:": "Nein",
            "Montagesystem:": "6 - Luftfeder in der Hauptfeder",
            "T\u00dcV/RDW?": "-"
        },
        "url": "4x4styling.com//13473952"
    },
    {
        "spec": {
            "Bemerkung:": "\u00a0-",
            "\u00a0Einbauzeit:": "\u00a0165\u00a0Min.",
            "\u00a0Federspanner erforderlich:": "\u00a0Ja",
            "\u00a0Montagesystem:": "\u00a0vorne: Ersetzt die vorhandene Federn \u00a0hinten: Zusatzfedern auf den Blattfedern\u00a0"
        },
        "url": "4x4styling.com//6888158"
    },
    {
        "spec": {
            "Bemerkung:": "-",
            "Einbauzeit:": "105\u00a0Min.",
            "Federspanner erforderlich:": "Ja",
            "Montagesystem:": "H\u00f6herlegungsfedern +30mm"
        },
        "url": "4x4styling.com//14593506"
    },
    {
        "spec": {
            "\u00a0Bemerkung:": "\u00a0-",
            "\u00a0Einbauzeit:": "\u00a0120 Min.",
            "\u00a0Federspanner erforderlich:": "\u00a0Nein"
        },
        "url": "4x4styling.com//5154423"
    },
    {
        "spec": {
            "Bemerkung:": "+35mm",
            "Einbauzeit:": "180\u00a0Min.",
            "Federspanner erforderlich:": "Ja",
            "Montagesystem:": "\u00a0H\u00f6herlegung"
        },
        "url": "4x4styling.com//17241091"
    },
    {
        "spec": {
            "Bemerkung:": "Cross Country 20mm, ex. SW, 3.0 V6",
            "Einbauzeit:": "180\u00a0Min.",
            "Federspanner erforderlich:": "Ja",
            "Montagesystem:": "1\u00a0- H\u00f6herlegung",
            "T\u00dcV?": "R-T"
        },
        "url": "4x4styling.com//4685135"
    },
    {
        "spec": {
            "\u00a0Bemerkung:": "\u00a0auch f\u00fcr Fahrzeuge mit Stabilisator",
            "\u00a0Einbauzeit:": "\u00a0120 Min.",
            "\u00a0Montagesystem:": "\u00a0Luftfeder neben der Hauptfeder"
        },
        "url": "4x4styling.com//16511187"
    },
    {
        "spec": {
            "Bemerkung:": "-",
            "Einbauzeit:": "120 Min.",
            "Federspanner erforderlich:": "Nein",
            "Montagesystem:": "6 - Luftfeder in der Hauptfeder",
            "T\u00dcV/RDW?": "-"
        },
        "url": "4x4styling.com//2767671"
    },
    {
        "spec": {
            "\u00a0Bemerkung:": "\u00a0nicht f\u00fcr 3-t\u00fcriges Modell",
            "\u00a0Einbauzeit:": "\u00a0180\u00a0Min.",
            "\u00a0Federspanner erforderlich:": "\u00a0Ja",
            "\u00a0Montagesystem:": "\u00a0H\u00f6herlegung"
        },
        "url": "4x4styling.com//14773446"
    },
    {
        "spec": {
            "Bemerkung:": "Vorne +35 mm",
            "Einbauzeit:": "120\u00a0Min.",
            "Federspanner erforderlich:": "Nein",
            "T\u00dcV?": "mit T\u00dcV und RDW"
        },
        "url": "4x4styling.com//17536932"
    },
    {
        "spec": {
            "Bemerkung:": "Cross Country 30mm",
            "Einbauzeit:": "120\u00a0Min.",
            "Federspanner erforderlich:": "Ja",
            "T\u00dcV?": "mit RDW und T\u00dcV"
        },
        "url": "4x4styling.com//1392428"
    },
    {
        "spec": {
            "Bemerkung:": "kurzer und langer Radstand,\u00a0nur Allradmodelle",
            "Einbauzeit:": "105 Min.",
            "Federspanner erforderlich:": "Nein",
            "T\u00dcV/RDW?": "mit T\u00dcV"
        },
        "url": "4x4styling.com//16154699"
    },
    {
        "spec": {
            "Einbauzeit:": "120 Min.",
            "Federspanner erforderlich:": "Nein",
            "Montagesystem:": "6 - Luftfeder in der Hauptfeder",
            "T\u00dcV/RDW?": "T"
        },
        "url": "4x4styling.com//17410875"
    },
    {
        "spec": {
            "\u00a0Bemerkung:": "\u00a0-",
            "\u00a0Einbauzeit:": "\u00a0120\u00a0Min.",
            "\u00a0Federspanner erforderlich:": "\u00a0Ja",
            "\u00a0Montagesystem:": "\u00a0vorne: Ersetzen die vorhandenen Federn\u00a0 \u00a0hinten: Zusatzfedern\u00a0"
        },
        "url": "4x4styling.com//1237887"
    },
    {
        "spec": {
            "Bemerkung:": "-",
            "Einbauzeit:": "120 min",
            "Federspanner erforderlich:": "Nein",
            "T\u00dcV/RDW?": "\u00a0mit T\u00dcV"
        },
        "url": "4x4styling.com//3229919"
    },
    {
        "spec": {
            "Bemerkung:": "-",
            "Einbauzeit:": "150 Min.",
            "Federspanner erforderlich:": "Nein",
            "Montagesystem:": "6 - Luftfeder in der Hauptfeder",
            "T\u00dcV/RDW?": "-"
        },
        "url": "4x4styling.com//4701496"
    },
    {
        "spec": {
            "Bemerkung:": "\u00a0-",
            "\u00a0Einbauzeit:": "\u00a0120\u00a0Min.",
            "\u00a0Federspanner erforderlich:": "\u00a0Ja",
            "\u00a0Montagesystem:": "\u00a0H\u00f6herlegungs-Niveaufedern"
        },
        "url": "4x4styling.com//10360862"
    },
    {
        "spec": {
            "Einbauzeit:": "120 Min.",
            "Federspanner erforderlich:": "Nein",
            "Montagesystem:": "4 - Luftfeder neben der Hauptfeder",
            "T\u00dcV/RDW?": "mit T\u00dcV"
        },
        "url": "4x4styling.com//2097271"
    },
    {
        "spec": {
            "Bemerkung:": "-",
            "Einbauzeit:": "150 Min.",
            "Federspanner erforderlich:": "Nein",
            "Montagesystem:": "\u00a0Luftfeder neben der Hauptfeder",
            "T\u00dcV/RDW?": "-"
        },
        "url": "4x4styling.com//10827140"
    },
    {
        "spec": {
            "Montagesystem:": "\u00a0Luftfeder in der Hauptfeder\u00a0",
            "\u00a0Bemerkung:": "\u00a0-",
            "\u00a0Einbauzeit:": "\u00a0150 Min.",
            "\u00a0Federspanner erforderlich:": "\u00a0Nein"
        },
        "url": "4x4styling.com//14911252"
    },
    {
        "spec": {
            "\u00a0Bemerkung:": "\u00a0f\u00fcr 2WD und 4WD (4motion)",
            "\u00a0Einbauzeit:": "\u00a0180\u00a0Min.",
            "\u00a0Federspanner erforderlich:": "\u00a0Nein",
            "\u00a0Montagesystem:": "\u00a0Spiral-Ersatzfedern\u00a0vorne \u00a0Spiral-Ersatzfedern\u00a0(in der Hauptfeder)"
        },
        "url": "4x4styling.com//8690475"
    },
    {
        "spec": {
            "\u00a0Bemerkung:": "\u00a0-",
            "\u00a0Einbauzeit:": "\u00a0120 Min.",
            "\u00a0Federspanner erforderlich:": "\u00a0-",
            "\u00a0Montagesystem:": "\u00a0Luftfeder in der Hauptfeder\u00a0"
        },
        "url": "4x4styling.com//6780332"
    },
    {
        "spec": {
            "Bemerkung:": "-",
            "Einbauzeit:": "150 Min.",
            "Federspanner erforderlich:": "Nein",
            "Montagesystem:": "6 - Luftfeder in der Hauptfeder",
            "T\u00dcV/RDW?": "T"
        },
        "url": "4x4styling.com//5570748"
    },
    {
        "spec": {
            "Bemerkung:": "\u00a0-",
            "\u00a0Einbauzeit:": "\u00a0120\u00a0Min.",
            "\u00a0Federspanner erforderlich:": "\u00a0Ja",
            "\u00a0Montagesystem:": "\u00a0Ersatzfedern"
        },
        "url": "4x4styling.com//3004619"
    },
    {
        "spec": {
            "Federspanner erforderlich:": "\u00a0-",
            "\u00a0Bemerkung:": "\u00a0nicht f\u00fcr Executive",
            "\u00a0Einbauzeit:": "\u00a0120 Min.",
            "\u00a0Montagesystem:": "\u00a0Luftfeder in der Hauptfeder"
        },
        "url": "4x4styling.com//11546214"
    },
    {
        "spec": {
            "\u00a0Bemerkung:": "\u00a0incl. 4WD",
            "\u00a0Einbauzeit:": "\u00a0105 Min.",
            "\u00a0Federspanner erforderlich:": "\u00a0Nein",
            "\u00a0Montagesystem:": "\u00a0Luftfeder in der Hauptfeder"
        },
        "url": "4x4styling.com//3734249"
    },
    {
        "spec": {
            "\u00a0Bemerkung:": "\u00a0-",
            "\u00a0Federspanner erforderlich:": "\u00a0Ja",
            "\u00a0Montagesystem:": "\u00a0H\u00f6herlegung"
        },
        "url": "4x4styling.com//4034367"
    }
]