{
    "ENTITY#023": [
        "www.mrhightech.com//110"
    ],
    "ENTITY#025": [
        "www.mrhightech.com//164"
    ],
    "ENTITY#026": [
        "www.mrhightech.com//1"
    ],
    "ENTITY#027": [
        "www.mrhightech.com//6"
    ],
    "ENTITY#028": [
        "www.mrhightech.com//84"
    ],
    "ENTITY#039": [
        "www.mrhightech.com//125"
    ],
    "ENTITY#040": [
        "www.mrhightech.com//55"
    ],
    "ENTITY#041": [
        "www.mrhightech.com//62"
    ],
    "ENTITY#042": [
        "www.mrhightech.com//82"
    ],
    "ENTITY#080": [
        "www.mrhightech.com//118"
    ],
    "ENTITY#082": [
        "www.mrhightech.com//139"
    ],
    "ENTITY#088": [
        "www.mrhightech.com//7"
    ],
    "ENTITY#090": [
        "www.mrhightech.com//134"
    ],
    "ENTITY#095": [
        "www.mrhightech.com//173"
    ],
    "ENTITY#103": [
        "www.mrhightech.com//81"
    ],
    "ENTITY#133": [
        "www.mrhightech.com//64"
    ],
    "ENTITY#143": [
        "www.mrhightech.com//90"
    ],
    "ENTITY#157": [
        "www.mrhightech.com//97"
    ],
    "ENTITY#164": [
        "www.mrhightech.com//61"
    ],
    "ENTITY#167": [
        "www.mrhightech.com//98"
    ],
    "ENTITY#185": [
        "www.mrhightech.com//129"
    ],
    "ENTITY#186": [
        "www.mrhightech.com//127"
    ],
    "ENTITY#189": [
        "www.mrhightech.com//153"
    ],
    "ENTITY#196": [
        "www.mrhightech.com//66"
    ],
    "ENTITY#200": [
        "www.mrhightech.com//11"
    ]
}