{
    "ENTITY#16": [
        "http:///www.flipkart.com/2297"
    ],
    "ENTITY#18": [
        "http:///www.flipkart.com/2284"
    ],
    "ENTITY#19": [
        "http:///www.flipkart.com/2166",
        "http:///www.flipkart.com/2180",
        "http:///www.flipkart.com/2307"
    ],
    "ENTITY#21": [
        "http:///www.flipkart.com/2203",
        "http:///www.flipkart.com/2211"
    ],
    "ENTITY#30": [
        "http:///www.flipkart.com/2201"
    ],
    "ENTITY#44": [
        "http:///www.flipkart.com/2273",
        "http:///www.flipkart.com/2282",
        "http:///www.flipkart.com/2299"
    ],
    "ENTITY#59": [
        "http:///www.flipkart.com/2174",
        "http:///www.flipkart.com/2178",
        "http:///www.flipkart.com/2199",
        "http:///www.flipkart.com/2217",
        "http:///www.flipkart.com/2236",
        "http:///www.flipkart.com/2243",
        "http:///www.flipkart.com/2269",
        "http:///www.flipkart.com/2270",
        "http:///www.flipkart.com/2323"
    ],
    "ENTITY#6": [
        "http:///www.flipkart.com/2244",
        "http:///www.flipkart.com/2319"
    ],
    "ENTITY#66": [
        "http:///www.flipkart.com/2176",
        "http:///www.flipkart.com/2182",
        "http:///www.flipkart.com/2193",
        "http:///www.flipkart.com/2240"
    ],
    "ENTITY#73": [
        "http:///www.flipkart.com/2200"
    ],
    "ENTITY#75": [
        "http:///www.flipkart.com/2300"
    ]
}