{
    "6": [
        "http:///www.flipkart.com/2165",
        "http:///www.flipkart.com/2190",
        "http:///www.flipkart.com/2237",
        "http:///www.flipkart.com/2250",
        "http:///www.flipkart.com/2290",
        "http:///www.flipkart.com/2313",
        "http:///www.flipkart.com/318"
    ],
    "7": [
        "http:///www.flipkart.com/2216"
    ],
    "13": [
        "http:///www.flipkart.com/2202",
        "http:///www.flipkart.com/2227",
        "http:///www.flipkart.com/2265"
    ],
    "22": [
        "http:///www.flipkart.com/2212",
        "http:///www.flipkart.com/2292",
        "http:///www.flipkart.com/2310"
    ],
    "34": [
        "http:///www.flipkart.com/2201",
        "http:///www.flipkart.com/2276"
    ],
    "41": [
        "http:///www.flipkart.com/2273",
        "http:///www.flipkart.com/2282",
        "http:///www.flipkart.com/2299"
    ],
    "43": [
        "http:///www.flipkart.com/2284"
    ],
    "49": [
        "http:///www.flipkart.com/2244",
        "http:///www.flipkart.com/2319"
    ],
    "50": [
        "http:///www.flipkart.com/2184",
        "http:///www.flipkart.com/2246",
        "http:///www.flipkart.com/2261"
    ],
    "55": [
        "http:///www.flipkart.com/2208",
        "http:///www.flipkart.com/2230",
        "http:///www.flipkart.com/2248",
        "http:///www.flipkart.com/2254"
    ],
    "56": [
        "http:///www.flipkart.com/2176",
        "http:///www.flipkart.com/2182",
        "http:///www.flipkart.com/2193",
        "http:///www.flipkart.com/2240"
    ],
    "57": [
        "http:///www.flipkart.com/2181",
        "http:///www.flipkart.com/2255"
    ],
    "60": [
        "http:///www.flipkart.com/2174",
        "http:///www.flipkart.com/2178",
        "http:///www.flipkart.com/2199",
        "http:///www.flipkart.com/2217",
        "http:///www.flipkart.com/2236",
        "http:///www.flipkart.com/2243",
        "http:///www.flipkart.com/2269",
        "http:///www.flipkart.com/2270",
        "http:///www.flipkart.com/2323"
    ],
    "62": [
        "http:///www.flipkart.com/2233",
        "http:///www.flipkart.com/2241",
        "http:///www.flipkart.com/2247",
        "http:///www.flipkart.com/2253",
        "http:///www.flipkart.com/2259",
        "http:///www.flipkart.com/2268",
        "http:///www.flipkart.com/2301",
        "http:///www.flipkart.com/2315",
        "http:///www.flipkart.com/2321",
        "http:///www.flipkart.com/322"
    ],
    "66": [
        "http:///www.flipkart.com/2322"
    ],
    "75": [
        "http:///www.flipkart.com/2200"
    ],
    "76": [
        "http:///www.flipkart.com/2206",
        "http:///www.flipkart.com/2262"
    ],
    "77": [
        "http:///www.flipkart.com/317"
    ],
    "99": [
        "http:///www.flipkart.com/2173"
    ],
    "103": [
        "http:///www.flipkart.com/2177",
        "http:///www.flipkart.com/2188",
        "http:///www.flipkart.com/2191",
        "http:///www.flipkart.com/2210",
        "http:///www.flipkart.com/2224",
        "http:///www.flipkart.com/2242",
        "http:///www.flipkart.com/2271"
    ],
    "104": [
        "http:///www.flipkart.com/2228",
        "http:///www.flipkart.com/2296"
    ],
    "106": [
        "http:///www.flipkart.com/2166",
        "http:///www.flipkart.com/2180",
        "http:///www.flipkart.com/2307"
    ],
    "110": [
        "http:///www.flipkart.com/2295"
    ],
    "113": [
        "http:///www.flipkart.com/2223",
        "http:///www.flipkart.com/2260"
    ],
    "127": [
        "http:///www.flipkart.com/2170",
        "http:///www.flipkart.com/2196",
        "http:///www.flipkart.com/2205",
        "http:///www.flipkart.com/2258"
    ],
    "130": [
        "http:///www.flipkart.com/2300"
    ],
    "133": [
        "http:///www.flipkart.com/2297"
    ],
    "156": [
        "http:///www.flipkart.com/2203",
        "http:///www.flipkart.com/2211"
    ],
    "177": [
        "http:///www.flipkart.com/2252"
    ],
    "186": [
        "http:///www.flipkart.com/2231"
    ],
    "189": [
        "http:///www.flipkart.com/2311"
    ],
    "193": [
        "http:///www.flipkart.com/2225"
    ],
    "268": [
        "http:///www.flipkart.com/2195"
    ],
    "281": [
        "http:///www.flipkart.com/2171",
        "http:///www.flipkart.com/2209",
        "http:///www.flipkart.com/2226",
        "http:///www.flipkart.com/2263",
        "http:///www.flipkart.com/2279",
        "http:///www.flipkart.com/2291",
        "http:///www.flipkart.com/2302",
        "http:///www.flipkart.com/2309"
    ],
    "284": [
        "http:///www.flipkart.com/2264",
        "http:///www.flipkart.com/2320"
    ],
    "490": [
        "http:///www.flipkart.com/2251",
        "http:///www.flipkart.com/2285",
        "http:///www.flipkart.com/2286",
        "http:///www.flipkart.com/315"
    ],
    "546": [
        "http:///www.flipkart.com/2172",
        "http:///www.flipkart.com/2214",
        "http:///www.flipkart.com/2235",
        "http:///www.flipkart.com/2312"
    ]
}