{
    "ENTITY#002": [
        "www.officedepot.com//255",
        "www.officedepot.com//289"
    ],
    "ENTITY#013": [
        "www.officedepot.com//8"
    ],
    "ENTITY#030": [
        "www.officedepot.com//319"
    ],
    "ENTITY#043": [
        "www.officedepot.com//134"
    ],
    "ENTITY#082": [
        "www.officedepot.com//173"
    ],
    "ENTITY#083": [
        "www.officedepot.com//284"
    ],
    "ENTITY#085": [
        "www.officedepot.com//180"
    ],
    "ENTITY#087": [
        "www.officedepot.com//139"
    ],
    "ENTITY#092": [
        "www.officedepot.com//320"
    ],
    "ENTITY#095": [
        "www.officedepot.com//247"
    ],
    "ENTITY#104": [
        "www.officedepot.com//266"
    ],
    "ENTITY#107": [
        "www.officedepot.com//309"
    ],
    "ENTITY#108": [
        "www.officedepot.com//124"
    ],
    "ENTITY#117": [
        "www.officedepot.com//167"
    ],
    "ENTITY#118": [
        "www.officedepot.com//196"
    ],
    "ENTITY#128": [
        "www.officedepot.com//179"
    ],
    "ENTITY#130": [
        "www.officedepot.com//178"
    ],
    "ENTITY#139": [
        "www.officedepot.com//157"
    ],
    "ENTITY#143": [
        "www.officedepot.com//244"
    ],
    "ENTITY#144": [
        "www.officedepot.com//269"
    ],
    "ENTITY#146": [
        "www.officedepot.com//198"
    ],
    "ENTITY#151": [
        "www.officedepot.com//312"
    ],
    "ENTITY#155": [
        "www.officedepot.com//204"
    ],
    "ENTITY#156": [
        "www.officedepot.com//256"
    ],
    "ENTITY#157": [
        "www.officedepot.com//219"
    ],
    "ENTITY#158": [
        "www.officedepot.com//194"
    ],
    "ENTITY#160": [
        "www.officedepot.com//191",
        "www.officedepot.com//231",
        "www.officedepot.com//293"
    ],
    "ENTITY#161": [
        "www.officedepot.com//136",
        "www.officedepot.com//215",
        "www.officedepot.com//304"
    ],
    "ENTITY#162": [
        "www.officedepot.com//254",
        "www.officedepot.com//172"
    ],
    "ENTITY#163": [
        "www.officedepot.com//317",
        "www.officedepot.com//315"
    ],
    "ENTITY#164": [
        "www.officedepot.com//274"
    ],
    "ENTITY#165": [
        "www.officedepot.com//263"
    ],
    "ENTITY#166": [
        "www.officedepot.com//169"
    ],
    "ENTITY#167": [
        "www.officedepot.com//330"
    ],
    "ENTITY#170": [
        "www.officedepot.com//145"
    ],
    "ENTITY#171": [
        "www.officedepot.com//303"
    ],
    "ENTITY#177": [
        "www.officedepot.com//329"
    ],
    "ENTITY#178": [
        "www.officedepot.com//276"
    ],
    "ENTITY#179": [
        "www.officedepot.com//14"
    ],
    "ENTITY#180": [
        "www.officedepot.com//195"
    ],
    "ENTITY#181": [
        "www.officedepot.com//232"
    ],
    "ENTITY#182": [
        "www.officedepot.com//168"
    ],
    "ENTITY#184": [
        "www.officedepot.com//153"
    ],
    "ENTITY#185": [
        "www.officedepot.com//183"
    ],
    "ENTITY#189": [
        "www.officedepot.com//322"
    ],
    "ENTITY#192": [
        "www.officedepot.com//245"
    ],
    "ENTITY#196": [
        "www.officedepot.com//282"
    ],
    "ENTITY#198": [
        "www.officedepot.com//267"
    ]
}