{
    "ENTITY#12": [
        "http:///www.henrys.com/32",
        "http:///www.henrys.com/41"
    ],
    "ENTITY#17": [
        "http:///www.henrys.com/1"
    ],
    "ENTITY#20": [
        "http:///www.henrys.com/221"
    ],
    "ENTITY#29": [
        "http:///www.henrys.com/126",
        "http:///www.henrys.com/129"
    ],
    "ENTITY#30": [
        "http:///www.henrys.com/123",
        "http:///www.henrys.com/154"
    ],
    "ENTITY#35": [
        "http:///www.henrys.com/160",
        "http:///www.henrys.com/72"
    ],
    "ENTITY#4": [
        "http:///www.henrys.com/24",
        "http:///www.henrys.com/40"
    ],
    "ENTITY#42": [
        "http:///www.henrys.com/120"
    ],
    "ENTITY#50": [
        "http:///www.henrys.com/64"
    ],
    "ENTITY#59": [
        "http:///www.henrys.com/130",
        "http:///www.henrys.com/142"
    ],
    "ENTITY#64": [
        "http:///www.henrys.com/96"
    ],
    "ENTITY#73": [
        "http:///www.henrys.com/173"
    ],
    "ENTITY#86": [
        "http:///www.henrys.com/172",
        "http:///www.henrys.com/46"
    ],
    "ENTITY#87": [
        "http:///www.henrys.com/217"
    ],
    "ENTITY#89": [
        "http:///www.henrys.com/188",
        "http:///www.henrys.com/212"
    ],
    "ENTITY#92": [
        "http:///www.henrys.com/210",
        "http:///www.henrys.com/30"
    ],
    "ENTITY#93": [
        "http:///www.henrys.com/115"
    ]
}