{
    "1": [
        "http:///www.henrys.com/199",
        "http:///www.henrys.com/206",
        "http:///www.henrys.com/240"
    ],
    "2": [
        "http:///www.henrys.com/246",
        "http:///www.henrys.com/54"
    ],
    "4": [
        "http:///www.henrys.com/210",
        "http:///www.henrys.com/30"
    ],
    "5": [
        "http:///www.henrys.com/160",
        "http:///www.henrys.com/72"
    ],
    "6": [
        "http:///www.henrys.com/113"
    ],
    "7": [
        "http:///www.henrys.com/244",
        "http:///www.henrys.com/93"
    ],
    "8": [
        "http:///www.henrys.com/220"
    ],
    "9": [
        "http:///www.henrys.com/190",
        "http:///www.henrys.com/211"
    ],
    "10": [
        "http:///www.henrys.com/166",
        "http:///www.henrys.com/71"
    ],
    "12": [
        "http:///www.henrys.com/135",
        "http:///www.henrys.com/27"
    ],
    "15": [
        "http:///www.henrys.com/188",
        "http:///www.henrys.com/212"
    ],
    "16": [
        "http:///www.henrys.com/172",
        "http:///www.henrys.com/46"
    ],
    "18": [
        "http:///www.henrys.com/109",
        "http:///www.henrys.com/58"
    ],
    "20": [
        "http:///www.henrys.com/219"
    ],
    "21": [
        "http:///www.henrys.com/24",
        "http:///www.henrys.com/40"
    ],
    "22": [
        "http:///www.henrys.com/116",
        "http:///www.henrys.com/31"
    ],
    "23": [
        "http:///www.henrys.com/132",
        "http:///www.henrys.com/76"
    ],
    "24": [
        "http:///www.henrys.com/34",
        "http:///www.henrys.com/7",
        "http:///www.henrys.com/81"
    ],
    "25": [
        "http:///www.henrys.com/184"
    ],
    "26": [
        "http:///www.henrys.com/200"
    ],
    "27": [
        "http:///www.henrys.com/13",
        "http:///www.henrys.com/139",
        "http:///www.henrys.com/35",
        "http:///www.henrys.com/99"
    ],
    "28": [
        "http:///www.henrys.com/78",
        "http:///www.henrys.com/92"
    ],
    "29": [
        "http:///www.henrys.com/32",
        "http:///www.henrys.com/41"
    ],
    "32": [
        "http:///www.henrys.com/101",
        "http:///www.henrys.com/17",
        "http:///www.henrys.com/57"
    ],
    "33": [
        "http:///www.henrys.com/215"
    ],
    "34": [
        "http:///www.henrys.com/123",
        "http:///www.henrys.com/154"
    ],
    "35": [
        "http:///www.henrys.com/124",
        "http:///www.henrys.com/239"
    ],
    "36": [
        "http:///www.henrys.com/129"
    ],
    "37": [
        "http:///www.henrys.com/164",
        "http:///www.henrys.com/6",
        "http:///www.henrys.com/67"
    ],
    "38": [
        "http:///www.henrys.com/33",
        "http:///www.henrys.com/52"
    ],
    "40": [
        "http:///www.henrys.com/217"
    ],
    "46": [
        "http:///www.henrys.com/43"
    ],
    "47": [
        "http:///www.henrys.com/197"
    ],
    "48": [
        "http:///www.henrys.com/221"
    ],
    "52": [
        "http:///www.henrys.com/241"
    ],
    "53": [
        "http:///www.henrys.com/115"
    ],
    "55": [
        "http:///www.henrys.com/226",
        "http:///www.henrys.com/243"
    ],
    "60": [
        "http:///www.henrys.com/130",
        "http:///www.henrys.com/142"
    ],
    "62": [
        "http:///www.henrys.com/82"
    ],
    "65": [
        "http:///www.henrys.com/26"
    ],
    "74": [
        "http:///www.henrys.com/228"
    ],
    "75": [
        "http:///www.henrys.com/173"
    ],
    "76": [
        "http:///www.henrys.com/227"
    ],
    "77": [
        "http:///www.henrys.com/65"
    ],
    "79": [
        "http:///www.henrys.com/134"
    ],
    "82": [
        "http:///www.henrys.com/214"
    ],
    "83": [
        "http:///www.henrys.com/66"
    ],
    "84": [
        "http:///www.henrys.com/176"
    ],
    "86": [
        "http:///www.henrys.com/168"
    ],
    "88": [
        "http:///www.henrys.com/231"
    ],
    "90": [
        "http:///www.henrys.com/111"
    ],
    "92": [
        "http:///www.henrys.com/1"
    ],
    "94": [
        "http:///www.henrys.com/120"
    ],
    "97": [
        "http:///www.henrys.com/140",
        "http:///www.henrys.com/53"
    ],
    "98": [
        "http:///www.henrys.com/64"
    ],
    "100": [
        "http:///www.henrys.com/216"
    ],
    "101": [
        "http:///www.henrys.com/198"
    ],
    "104": [
        "http:///www.henrys.com/143",
        "http:///www.henrys.com/224"
    ],
    "109": [
        "http:///www.henrys.com/175"
    ],
    "110": [
        "http:///www.henrys.com/238"
    ],
    "120": [
        "http:///www.henrys.com/126"
    ],
    "127": [
        "http:///www.henrys.com/19"
    ],
    "154": [
        "http:///www.henrys.com/96"
    ],
    "158": [
        "http:///www.henrys.com/104",
        "http:///www.henrys.com/91"
    ],
    "159": [
        "http:///www.henrys.com/213"
    ],
    "163": [
        "http:///www.henrys.com/138",
        "http:///www.henrys.com/36"
    ],
    "171": [
        "http:///www.henrys.com/141"
    ],
    "172": [
        "http:///www.henrys.com/18"
    ],
    "202": [
        "http:///www.henrys.com/194"
    ],
    "204": [
        "http:///www.henrys.com/94"
    ],
    "243": [
        "http:///www.henrys.com/0"
    ],
    "261": [
        "http:///www.henrys.com/162"
    ],
    "272": [
        "http:///www.henrys.com/144"
    ],
    "286": [
        "http:///www.henrys.com/147"
    ],
    "290": [
        "http:///www.henrys.com/108"
    ],
    "296": [
        "http:///www.henrys.com/68"
    ],
    "306": [
        "http:///www.henrys.com/205"
    ],
    "314": [
        "http:///www.henrys.com/161",
        "http:///www.henrys.com/174"
    ],
    "317": [
        "http:///www.henrys.com/145"
    ],
    "336": [
        "http:///www.henrys.com/155"
    ],
    "363": [
        "http:///www.henrys.com/195"
    ],
    "367": [
        "http:///www.henrys.com/233"
    ],
    "382": [
        "http:///www.henrys.com/237"
    ],
    "410": [
        "http:///www.henrys.com/170"
    ],
    "428": [
        "http:///www.henrys.com/14"
    ],
    "465": [
        "http:///www.henrys.com/245"
    ],
    "527": [
        "http:///www.henrys.com/125"
    ],
    "567": [
        "http:///www.henrys.com/122"
    ],
    "569": [
        "http:///www.henrys.com/117"
    ],
    "604": [
        "http:///www.henrys.com/48",
        "http:///www.henrys.com/77"
    ],
    "605": [
        "http:///www.henrys.com/50"
    ],
    "606": [
        "http:///www.henrys.com/42"
    ],
    "607": [
        "http:///www.henrys.com/203"
    ],
    "608": [
        "http:///www.henrys.com/20"
    ],
    "609": [
        "http:///www.henrys.com/15"
    ],
    "610": [
        "http:///www.henrys.com/146"
    ]
}