{
    "11620131": [
        "abdofficesolutions.com//14329324"
    ],
    "2948710": [
        "abdofficesolutions.com//4703955"
    ],
    "4018472": [
        "abdofficesolutions.com//2202294"
    ],
    "4020786": [
        "abdofficesolutions.com//1822278"
    ],
    "4034148": [
        "abdofficesolutions.com//10388522"
    ],
    "4059927": [
        "abdofficesolutions.com//17387590"
    ],
    "6979361": [
        "abdofficesolutions.com//17018898"
    ],
    "6979365": [
        "abdofficesolutions.com//500147"
    ]
}