[
    {
        "spec": {
            "Automatic Two-sided Printing": "Standard",
            "Configuration": "Copy, Print, Scan, 2 Trays, Cabinet",
            "Connectivity": "Standard: 10/100/1000Base-TX, USB 2.0 Option: Wireless LAN (IEEE 802.1x)",
            "Dimensions (W x D x H) / Weight": "48\" x 25-3/8\" x 30-3/8\" / 522.5 lb.",
            "Energy Standards": "ENERGY STAR\u00ae qualified",
            "Functions": "Copy, Print, B/W & Color Scan, Network Print/Scan, Store, Send",
            "Hard Disk Drive": "250 GB",
            "Maximum Duty Cycle": "-",
            "Maximum Print Resolution": "1200 x 1200 dpi",
            "Maximum Print Speed": "55 ppm",
            "Memory (RAM)": "1.5 GB",
            "Model Number": "Canon ImageRunner Advance 6055, Canon IR 6055, Canon IR ADV 6055, Canon Image Runner Advance 6055",
            "Output": "Black",
            "Power Requirements": "120-127V AC, 60Hz, 16A/NEMA 5-20P",
            "Print Languages": "Standard: UFR II Option: PCL 5e, PCL 6, Adobe PS 3",
            "Processor": "-",
            "Supplies Yield": "Toner: 56,000 pages @ 6%",
            "Technology": "Laser"
        },
        "url": "abdofficesolutions.com//500147"
    },
    {
        "spec": {
            "Dimensions (W x D x H) / Weight": "23.1\" x 27.0\" x 35.9\"\u00a0/ Approx. 205.1 lbs.",
            "Energy Standards": "ENERGY STAR Qualified",
            "Intended Users": "Medium to large workgroups (less than 20 users)",
            "Item Model Number": "C5503, MPC 5503, MPC5503, C5503, Ricoh C5503",
            "Maximum Duty Cycle": "-",
            "Maximum Print Resolution": "1200 x 1200 dpi",
            "Maximum Print Speed": "55 ppm",
            "Power Requirements": "120V \u2013 127V, 60Hz, 12A",
            "Print Languages": "PCL5c, PCL6, PDF Direct Print, Media Print & XPS",
            "Recommended Monthly Volume": "-",
            "Supplies Yield": "BK - 29,500 pages @ 5% CYM - 18,000 pages @ 5%"
        },
        "url": "abdofficesolutions.com//17387590"
    },
    {
        "spec": {
            "Maximum Duty Cycle": "-",
            "Maximum Print Resolution": "1200 x 1200 dpi",
            "Maximum Print Speed": "40 ppm b/w, 35 ppm color",
            "Print Languages": "UFRII (Standard), Optional PCL 5c / PCL 6 / Adobe PS 3",
            "Recommended Monthly Volume": "13,000 pages"
        },
        "url": "abdofficesolutions.com//4703955"
    },
    {
        "spec": {
            "Automatic Two-sided Printing": "Standard",
            "Configuration": "Copy, Print, Scan, 2 Trays, Cabinet",
            "Connectivity": "Standard: 10/100/1000Base-TX, USB 2.0 Option: Wireless LAN (IEEE 802.1x)",
            "Dimensions (W x D x H) / Weight": "48\" x 25-3/8\" x 30-3/8\" / 522.5 lb.",
            "Energy Standards": "ENERGY STAR\u00ae qualified",
            "Functions": "Copy, Print, B/W & Color Scan, Network Print/Scan, Store, Send",
            "Hard Disk Drive": "250 GB",
            "Maximum Duty Cycle": "-",
            "Maximum Print Resolution": "1200 x 1200 dpi",
            "Maximum Print Speed": "65 ppm",
            "Memory (RAM)": "1.5 GB",
            "Model Number": "Canon ImageRunner Advance 6065, Canon IR 6065, Canon IR ADV 6065, Canon Image Runner Advance 6065",
            "Output": "Black",
            "Power Requirements": "120-127V AC, 60Hz, 16A/NEMA 5-20P",
            "Print Languages": "Standard: UFR II Option: PCL 5e, PCL 6, Adobe PS 3",
            "Processor": "-",
            "Supplies Yield": "Toner: 56,000 pages @ 6%",
            "Technology": "Laser"
        },
        "url": "abdofficesolutions.com//17018898"
    },
    {
        "spec": {
            "Automatic Two-sided Printing": "Standard",
            "Dimensions (W x D x H) / Weight": "25.6\u201d x 25.9\u201d x 29.1\u201d / 264.5 lb.",
            "Energy Standards": "Energy Star Qualified",
            "Maximum Duty Cycle": "-",
            "Maximum Print Resolution": "2400 x 1200 dpi",
            "Maximum Print Speed": "45 ppm black / color",
            "Model Number": "MP C4500, Ricoh MPC4500, Ricoh MPC 4500, MPC4500",
            "Power Requirements": "120V, 12A, 60Hz",
            "Print Languages": "PCL5c, PCL6, RPCS",
            "Supplies Yield": "Black Toner: 20,000 pages @ 5% Cyan, Magenta, Yellow Toners: 15,000 pages each @ 5%"
        },
        "url": "abdofficesolutions.com//10388522"
    },
    {
        "spec": {
            "Dimensions (W x D x H) / Weight": "23.1\" x 27.0\" x 35.9\"\u00a0/ Approx. 205.1 lbs.",
            "Energy Standards": "ENERGY STAR Qualified",
            "Intended Users": "Medium workgroups (less than 15 users)",
            "Item Model Number": "C3003, MPC 3003, MPC3003, C3003, Ricoh C3003",
            "Maximum Duty Cycle": "-",
            "Maximum Print Resolution": "1200 x 1200 dpi",
            "Maximum Print Speed": "30 ppm",
            "Power Requirements": "120V \u2013 127V, 60Hz, 12A",
            "Print Languages": "PCL5c, PCL6, PDF Direct Print, Media Print & XPS",
            "Recommended Monthly Volume": "-",
            "Supplies Yield": "BK - 29,500 pages @ 5% CYM - 18,000 pages @ 5%"
        },
        "url": "abdofficesolutions.com//1822278"
    },
    {
        "spec": {
            "Dimensions (W x D x H) / Weight": "23.1\" x 27.0\" x 35.9\"\u00a0/ Approx. 205.1 lbs.",
            "Energy Standards": "ENERGY STAR Qualified",
            "Intended Users": "Medium workgroups (less than 15 users)",
            "Item Model Number": "C3503, MPC 3503, MPC3503, C3503, Ricoh C3503",
            "Maximum Duty Cycle": "-",
            "Maximum Print Resolution": "1200 x 1200 dpi",
            "Maximum Print Speed": "35 ppm",
            "Power Requirements": "120V \u2013 127V, 60Hz, 12A",
            "Print Languages": "PCL5c, PCL6, PDF Direct Print, Media Print & XPS",
            "Recommended Monthly Volume": "-",
            "Supplies Yield": "BK - 29,500 pages @ 5% CYM - 18,000 pages @ 5%"
        },
        "url": "abdofficesolutions.com//2202294"
    },
    {
        "spec": {
            "Configuration": "Copy, Print, Scan, Fax, 1 Tray",
            "Connectivity": "Standard: Ethernet (RJ-45 network port: 10Base-T/ 100Base-TX/1000Base-T), USB 2.0 Type A x 2, SD",
            "Dimensions (W x D x H) / Weight": "13.78\" x 19.41\" x 19.88\"\u00a0 / 70.55 lbs",
            "Energy Standards": "Energy Star certified",
            "Functions": "Copy, Print, Scan",
            "Hard Disk Drive": "320 GB",
            "Intended Users": "Small to medium workgroups (less than 15 users)",
            "Maximum Duty Cycle": "-",
            "Maximum Print Resolution": "600 x 600 dpi",
            "Maximum Print Speed": "Up to 30 ppm",
            "Memory (RAM)": "2 GB",
            "Model Number": "Ricoh Aficio MP 305SPF, Ricoh 305, Ricoh MP 305 SPF",
            "Output": "Black",
            "Power Requirements": "120\u2013127V, 60Hz",
            "Print Languages": "Standard: PCL5e/6, Genuine Adobe\u00ae PostScript\u00ae3\u2122/PDF Option: XPS Direct",
            "Processor": "RM7035C \u2013 533L MHz",
            "Supplies Yield": "Toner: 9,000 pages at 6% coverage",
            "Technology": "Laser"
        },
        "url": "abdofficesolutions.com//14329324"
    }
]