[
    {
        "spec": {
            "Maximum Duty Cycle": "300,000 pages / month",
            "Maximum Print Resolution": "600 x 600 dpi",
            "Maximum Print Speed": "60 ppm black / 55 ppm color",
            "Print Languages": "10/100/1000 Base-TX Ethernet",
            "Recommended Monthly Volume": "-"
        },
        "url": "abdofficesolutions.com//788544"
    },
    {
        "spec": {
            "Maximum Duty Cycle": "150,000 pages / month",
            "Maximum Print Resolution": "1200 x 1200 dpi",
            "Maximum Print Speed": "up to 47 ppm",
            "Print Languages": "Adobe\u00ae PostScript\u00ae 3\u2122, PDF, PCL\u00ae 5c / PCL 6, XML Paper Specification (XPS\u00ae",
            "Recommended Monthly Volume": "-"
        },
        "url": "abdofficesolutions.com//2365790"
    },
    {
        "spec": {
            "Maximum Duty Cycle": "150,000 pages / month",
            "Maximum Print Resolution": "1200 x 1200 dpi",
            "Maximum Print Speed": "up to 47 ppm",
            "Print Languages": "Adobe\u00ae PostScript\u00ae 3\u2122, PDF, PCL\u00ae 5c / PCL 6, XML Paper Specification (XPS\u00ae",
            "Recommended Monthly Volume": "-"
        },
        "url": "abdofficesolutions.com//15516585"
    }
]