[
    {
        "spec": {
            "Dimensions (W x D x H) / Weight": "19.09\" x 17.72\" x 18.94\" / 59.53 lbs.",
            "Energy Standards": "Energy Star Qualified",
            "Functions": "Copy, Print, Scan",
            "Hard Disk Drive": "80 GB",
            "Maximum Duty Cycle": "5,000 pages / month",
            "Maximum Print Resolution": "600 x 600 dpi",
            "Maximum Print Speed": "17 ppm",
            "Memory (RAM)": "640 MB (128 MB Resident + 512 MB DIMM)",
            "Model Number": "MP 171SPF, Ricoh 171 SPF, Ricoh MP 171 SPF, MP171 SPF",
            "Output": "Black",
            "Power Requirements": "120V, 60Hz, 8A",
            "Print Languages": "PCL5e/6, Genuine Adobe, PostScript",
            "Supplies Yield": "7,000 pages @ 6% (85531)",
            "Technology": "Laser"
        },
        "url": "abdofficesolutions.com//11965322"
    },
    {
        "spec": {
            "Automatic Two-sided Output": "Standard, Copy/Print",
            "Dimensions (W x D x H) / Weight": "51 x 26 x 45 in. / 273 lbs.",
            "Energy Standards": "ENERGY STAR\u00ae qualified",
            "Maximum Duty Cycle": "400,000 pages / month",
            "Maximum Print Resolution": "1200 x 1200 dpi",
            "Maximum Print Speed": "90 ppm",
            "Model Number": "WC5790, WorkCentre 5790",
            "Power Requirements": "110-140 Volt Nominal, 60 Hz, 15A",
            "Print Languages": "PCL 6, PCL 5e emulation, PostScript 3 emulation, LCDS, SCS, XES and IPDS via third party transforms, Direct print TIFF, PDF, A/400 support via WorkStation Customization Objects",
            "Supplies Yield": "006R01046 BK - 30,000 pages @ 6%\u00a0"
        },
        "url": "abdofficesolutions.com//5157166"
    },
    {
        "spec": {
            "Automatic Two-sided Output": "Standard, Copy/Print",
            "Dimensions (W x D x H) / Weight": "25.1 x 23.5 x 43.9 in. / 220 lbs.",
            "Energy Standards": "ENERGY STAR\u00ae qualified",
            "Maximum Duty Cycle": "125,000 pages / month",
            "Maximum Print Resolution": "1200 x 1200 dpi",
            "Maximum Print Speed": "30 ppm",
            "Model Number": "WC5330, WorkCentre 5330",
            "Power Requirements": "110-127 VAC, 50/60 Hz",
            "Print Languages": "PCL 5e, PCL 6, HP-GL/HP-GL2, TIFF/PDF, XPS; Optional Adobe PostScript 3",
            "Supplies Yield": "006R01159 - 30,000 pages @ 5%\u00a0"
        },
        "url": "abdofficesolutions.com//13575317"
    },
    {
        "spec": {
            "Automatic Two-sided Output": "Standard, Copy/Print",
            "Dimensions (W x D x H) / Weight": "51 x 26 x 45 in. / 273 lbs.",
            "Energy Standards": "ENERGY STAR\u00ae qualified",
            "Maximum Duty Cycle": "250,000 pages / month",
            "Maximum Print Resolution": "1200 x 1200 dpi",
            "Maximum Print Speed": "65 ppm",
            "Model Number": "WC5765, WorkCentre 5765",
            "Power Requirements": "110-140 Volt Nominal, 60 Hz, 15A",
            "Print Languages": "PCL 6, PCL 5e emulation, PostScript 3 emulation, LCDS, SCS, XES and IPDS via third party transforms, Direct print TIFF, PDF, A/400 support via WorkStation Customization Objects",
            "Supplies Yield": "006R01046 BK - 30,000 pages @ 6%\u00a0"
        },
        "url": "abdofficesolutions.com//6112058"
    },
    {
        "spec": {
            "Dimensions (W x D x H) / Weight": "24\" x 27\" x 33\" / Approx. 167.5 lbs.",
            "Energy Standards": "ENERGY STAR\u00ae qualified",
            "Intended Users": "Small to medium workgroups",
            "Maximum Duty Cycle": "150,000 pages / month",
            "Maximum Print Resolution": "600 x 600 dpi",
            "Maximum Print Speed": "36 ppm",
            "Model Number": "MX-3640N, MX 3640N, Sharp MX 3640 N, 3640",
            "Power Requirements": "AC 100-127 VAC, 60 HZ, 12 Amps",
            "Print Languages": "Standard: PCL6/PCL5c compatible Optional: Adobe PostScript 3,\u00a0 XPS",
            "Recommended Monthly Volume": "17,500 pages",
            "Supplies Yield": "MX-36NTBA BK - 24,000 pages @ 5% MX-36NTCA, MX-36NTMA, MX-36NTY CYM - 15,000 pages @ 5%"
        },
        "url": "abdofficesolutions.com//14611201"
    },
    {
        "spec": {
            "Dimensions (W x D x H) / Weight": "25\" x 27\" x 37\" / Approx. 263 lbs. (base model)",
            "Energy Standards": "International Energy Star Program, European RoHS",
            "Intended Users": "Small to medium workgroups (less than 15 users)",
            "Maximum Duty Cycle": "-",
            "Maximum Print Resolution": "1200 x 1200 dpi",
            "Maximum Print Speed": "50 ppm",
            "Model Number": "MX-5001N, MX 5001 N, Sharp MX 5001, 5001",
            "Power Requirements": "AC 100-127 VAC, 60 HZ, 12 Amps",
            "Print Languages": "Standard: PCL6/PCL5c compatible Optional: Postscript 3, optional XPS",
            "Supplies Yield": "BK - 36,000 pages at 5% coverage CYMK - 15,000 pages at 5% coverage"
        },
        "url": "abdofficesolutions.com//16764226"
    },
    {
        "spec": {
            "Dimensions (W x D x H) / Weight": "24\" x 26\" x 33\" / Approx. 180 lbs. (base model)",
            "Energy Standards": "International Energy Star Program Ver. 2.0, European RoHS, Blue Angel (RAL-UZ171)",
            "Intended Users": "Medium to large workgroups (less than 20 users)",
            "Maximum Duty Cycle": "-",
            "Maximum Print Resolution": "1200 x 1200 dpi",
            "Maximum Print Speed": "50 ppm",
            "Model Number": "MX-5070N, MX 5070N, Sharp MX 5070 N, 5070",
            "Power Requirements": "110-127 V AC, 60 HZ, 20 A Receptacle",
            "Print Languages": "Standard: PCL\u00ae 6 compatible Optional: Adobe PostScript 3",
            "Recommended Monthly Volume": "-",
            "Supplies Yield": "BK - 40,000 pages @ 5% CYM - 24,000 pages @ 5%"
        },
        "url": "abdofficesolutions.com//2258964"
    },
    {
        "spec": {
            "Automatic Two-sided Output": "Standard, Copy/Print",
            "Dimensions (W x D x H) / Weight": "25.1 x 23.5 x 43.9 in. / 220 lbs.",
            "Energy Standards": "ENERGY STAR\u00ae qualified",
            "Maximum Duty Cycle": "100,000 pages / month",
            "Maximum Print Resolution": "1200 x 1200 dpi",
            "Maximum Print Speed": "25 ppm",
            "Model Number": "WC5325, WorkCentre 5325",
            "Power Requirements": "110-127 VAC, 50/60 Hz",
            "Print Languages": "PCL 5e, PCL 6, HP-GL/HP-GL2, TIFF/PDF, XPS; Optional Adobe PostScript 3",
            "Supplies Yield": "006R01159 - 30,000 pages @ 5%\u00a0"
        },
        "url": "abdofficesolutions.com//15679949"
    },
    {
        "spec": {
            "Automatic Two-sided Output": "Standard, Copy/Print",
            "Dimensions (W x D x H) / Weight": "-",
            "Energy Standards": "ENERGY STAR\u00ae qualified",
            "Maximum Duty Cycle": "175,000 pages / month",
            "Maximum Print Resolution": "Up to 1200 x 1200 dpi",
            "Maximum Print Speed": "45 ppm",
            "Model Number": "WC5945, WorkCentre 5945",
            "Power Requirements": "110-127 VAC +/- 10%, 50/60 Hz, 10A",
            "Print Languages": "Adobe\u00ae PostScript\u00ae 3\u2122, PDF, PCL\u00ae 5c / PCL 6, XML Paper Specification (XPS\u00ae) (Optional)",
            "Supplies Yield": "006R01605 BK - 44,000 pages @ 5%"
        },
        "url": "abdofficesolutions.com//3947345"
    },
    {
        "spec": {
            "Functions": "Copy, Print, Network Print, Network Scan, Document Filing",
            "Hard Disk Drive": "80 GB",
            "Maximum Duty Cycle": "-",
            "Maximum Print Resolution": "1200 dpi",
            "Maximum Print Speed": "31 ppm",
            "Memory (RAM)": "512 MB",
            "Output": "Black, Color",
            "Print Languages": "Standard: PCL6/PCL5c compatible Optional: Adobe PostScript 3,\u00a0 XPS",
            "Recommended Monthly Volume": "-",
            "Technology": "Laser"
        },
        "url": "abdofficesolutions.com//9686094"
    },
    {
        "spec": {
            "Dimensions (W x D x H) / Weight": "24\" x 25\" x 33\" / Approx. 166.7 lbs.",
            "Energy Standards": "ENERGY STAR\u00ae qualified",
            "Intended Users": "Small to medium workgroups",
            "Maximum Duty Cycle": "-",
            "Maximum Print Resolution": "600 x 600 dpi",
            "Maximum Print Speed": "26 ppm",
            "Model Number": "MX-2615N, MX 2615N, Sharp MX 2615 N, 2615",
            "Power Requirements": "AC100-127 VAC, 60 HZ, 12 Amps",
            "Print Languages": "Standard: PCL6/PCL5c compatible Optional: Adobe PostScript 3,\u00a0 XPS",
            "Recommended Monthly Volume": "-",
            "Supplies Yield": "MX-36NTBA BK - 24,000 pages @ 5% MX-36NTCA, MX-36NTMA, MX-36NTY CYM - 15,000 pages @ 5%"
        },
        "url": "abdofficesolutions.com//4220229"
    },
    {
        "spec": {
            "Dimensions (W x D x H) / Weight": "26.4\u201d x 26.5\u201d x 30\u201d / 264 lbs",
            "Energy Standards": "Energy Star Qualified",
            "Functions": "Copy, Print, Scan",
            "Hard Disk Drive": "160 GB",
            "Maximum Duty Cycle": "-",
            "Maximum Print Resolution": "1200 x 1200 dpi",
            "Maximum Print Speed": "35 ppm black / color",
            "Memory (RAM)": "1.5 GB",
            "Model Number": "MP C3501, Ricoh MPC3501, Ricoh MPC 3501, MPC3501",
            "Output": "Black, Color",
            "Power Requirements": "120V \u2013 127V, 60Hz",
            "Print Languages": "Standard: PCL 5c, PCL 6 (XL), XPS via download Optional: Adobe Postscript 3",
            "Supplies Yield": "Black Toner Cartridge -\u00a0 22,500 Pages Cyan, Magenta & Yellow - 16,000 Pages",
            "Technology": "Laser"
        },
        "url": "abdofficesolutions.com//10699128"
    },
    {
        "spec": {
            "Maximum Duty Cycle": "300,000 pages\u00a0 / month",
            "Maximum Paper Size": "13 x 19.2 in. or A3+",
            "Maximum Paper Weight": "up to 300 gsm.",
            "Maximum Print Resolution": "1200 x 4800 dpi",
            "Maximum Print Speed": "65 ppm",
            "Media Types": "Plain Paper, Transparencies, Letterhead, Color Paper, Pre-Punched Paper, Labels, Envelopes, Cardstock, Recycled",
            "Paper Capacity (std / max.)": "3,350 sheets / 8,350 sheets with options",
            "Paper Trays": "2 x 1,250-sheets Tray 1 & 2, 2 x 550-sheet Tray 3 & 4",
            "Print Languages": "Standard Adobe PostScript 3, PCL5/5c",
            "Recommended Monthly Volume": "150,000 pages / month"
        },
        "url": "abdofficesolutions.com//4092785"
    },
    {
        "spec": {
            "Automatic Two-sided Output": "Standard, Copy/Print",
            "Dimensions (W x D x H) / Weight": "-",
            "Energy Standards": "ENERGY STAR\u00ae qualified",
            "Maximum Duty Cycle": "60,000 pages / month",
            "Maximum Print Resolution": "600 x 600 dpi",
            "Maximum Print Speed": "25 ppm",
            "Model Number": "WC7125, WorkCentre 7125",
            "Power Requirements": "110-127 VAC +/- 10%, 50/60 Hz, 10A",
            "Print Languages": "Standard: PDF, XPS\u00ae, PCL\u00ae 6 emulation, HP-GL2 (direct submission) Optional: Adobe\u00ae PostScript\u00ae 3\u2122",
            "Supplies Yield": "006R01457 BK - 22,000 pages @ 5% 006R01458, 006R01459, 006R01460 CYM - 15,000 pages @ 5%"
        },
        "url": "abdofficesolutions.com//17554628"
    },
    {
        "spec": {
            "Dimensions (W x D x H) / Weight": "-",
            "Energy Standards": "ENERGY STAR\u00ae qualified",
            "Model Number": "WC7232, WorkCentre 7232",
            "Power Requirements": "220\u2013240 V Nominal, 50/60 Hz, 10A",
            "Supplies Yield": "6R1318 BK - 24,300 pages 6R1269, 6R1267, 6R1268 CYM - 8,000 pages"
        },
        "url": "abdofficesolutions.com//3598827"
    },
    {
        "spec": {
            "Automatic Two-sided Output": "Standard, Copy/Print",
            "Dimensions (W x D x H) / Weight": "-",
            "Energy Standards": "ENERGY STAR\u00ae qualified",
            "Maximum Duty Cycle": "110,000 pages / month",
            "Maximum Print Resolution": "1200 x 2400 dpi",
            "Maximum Print Speed": "35 ppm black / 35 ppm color",
            "Model Number": "WC7835i, WorkCentre 7835i, 7835 i",
            "Power Requirements": "110 -127 VAC 50/60 Hz 15A",
            "Print Languages": "Adobe PostScript 3, PDF, PCL 5c / PCL 6 emulations, XML Paper Specification (XPS) (Optional)",
            "Supplies Yield": "6R1513 Black Toner (26,000 Pages) 13R662 Black Drum (125,000 Pages) 6R1516, 6R1515, 6R1514 Cyan, Magenta, Yellow Toner (15,000 Pages each)"
        },
        "url": "abdofficesolutions.com//7785161"
    },
    {
        "spec": {
            "Maximum Duty Cycle": "300,000 pages / month",
            "Maximum Paper Size": "13\" x 19\" or A3+",
            "Maximum Paper Weight": "60 to 216 gsm",
            "Maximum Print Resolution": "2400 x 2400 dpi",
            "Maximum Print Speed": "Up to 75 ppm black-and-white / 40 ppm color",
            "Media Types": "Bond, Custom, Extra heavyweight, Glossy, Heavyweight, Heavyweight glossy, Labels, Plain paper, Transparencies",
            "Paper Capacity (std / max.)": "3,010 sheets / 5,260 sheets with options",
            "Paper Trays": "2 x 500 sheets Trays 1 & 2, 1 x 870 sheets Tray 3, 1 x 1140 sheets Tray 4, 100-sheets Bypass Tray",
            "Print Languages": "PCL\u00ae 5c, PCL 6 emulation, Adobe\u00ae PostScript\u00ae 3\u2122, PDF v1.6",
            "Recommended Monthly Volume": "-"
        },
        "url": "abdofficesolutions.com//1745208"
    },
    {
        "spec": {
            "Automatic Two-sided Output": "Standard, Copy/Print",
            "Dimensions (W x D x H) / Weight": "650 x 699 x 1149 mm. / 151 kg.",
            "Energy Standards": "ENERGY STAR\u00ae qualified",
            "Maximum Duty Cycle": "300,000 pages / month",
            "Maximum Print Resolution": "1200 x 2400 dpi",
            "Maximum Print Speed": "70 ppm black / color",
            "Model Number": "WC7970, WorkCentre 7970, Xerox 7970",
            "Power Requirements": "110 -127 VAC 50/60 Hz 10A",
            "Print Languages": "Adobe\u00ae PostScript\u00ae 3\u2122, PDF, PCL\u00ae 5c / PCL 6, XML Paper Specification (XPS\u00ae) (Optional)",
            "Supplies Yield": "006R01513 BK - 26,000 pages @ 5% 006R01516, 006R01514, 006R01515 CYM - 15,000 pages @ 5%"
        },
        "url": "abdofficesolutions.com//3966316"
    },
    {
        "spec": {
            "Energy Standards": "Energy Star",
            "Functions": "Copy, Print, Scan",
            "Hard Disk Drive": "80 GB",
            "Memory (RAM)": "256 MB",
            "Model Number": "DC242, Docucolor 242, DC 242",
            "Output": "Color",
            "Technology": "VCSEL technology with 32-beam laser"
        },
        "url": "abdofficesolutions.com//9205126"
    },
    {
        "spec": {
            "Energy Standards": "ENERGY STAR\u00ae qualified",
            "Maximum Paper Size": "8.5\" x 14\" or A4",
            "Maximum Paper Weight": "129-280g/m2",
            "Media Types": "Plain, pre-printed, recycled, pre-punched, letterhead, label paper, gloss paper, color paper",
            "Paper Capacity (std / max.)": "1,100 sheets / 2,100 sheets with opt",
            "Paper Trays": "2 x 500-sheet drawers + 100-sheet bypass tray"
        },
        "url": "abdofficesolutions.com//13908201"
    },
    {
        "spec": {
            "Dimensions (W x D x H) / Weight": "25\" x 27\" x 37\" / Approx. 263 lbs. (base model)",
            "Energy Standards": "International Energy Star Program, European RoHS",
            "Intended Users": "Small to medium workgroups (less than 15 users)",
            "Maximum Duty Cycle": "-",
            "Maximum Print Resolution": "1200 x 1200 dpi",
            "Maximum Print Speed": "41 ppm",
            "Model Number": "MX-4101N, MX 4101 N, Sharp MX 4101 N, 4101",
            "Power Requirements": "AC 100-127 VAC, 60 HZ, 12 Amps",
            "Print Languages": "Standard: PCL6/PCL5c compatible Optional: Postscript 3, optional XPS",
            "Supplies Yield": "BK - 36,000 pages at 5% coverage CYMK - 15,000 pages at 5% coverage"
        },
        "url": "abdofficesolutions.com//13615637"
    }
]