{
    "10299697": [
        "abdofficesolutions.com//13908201"
    ],
    "15786432": [
        "abdofficesolutions.com//4220229"
    ],
    "16132331": [
        "abdofficesolutions.com//9686094"
    ],
    "16184824": [
        "abdofficesolutions.com//14611201"
    ],
    "1955212": [
        "abdofficesolutions.com//13615637"
    ],
    "2008990": [
        "abdofficesolutions.com//4092785"
    ],
    "2298126": [
        "abdofficesolutions.com//16764226"
    ],
    "4018471": [
        "abdofficesolutions.com//10699128"
    ],
    "4076051": [
        "abdofficesolutions.com//11965322"
    ],
    "4594098": [
        "abdofficesolutions.com//2258964"
    ],
    "6183733": [
        "abdofficesolutions.com//9205126"
    ],
    "7598410": [
        "abdofficesolutions.com//7785161"
    ],
    "9501011": [
        "abdofficesolutions.com//3947345"
    ],
    "9501688": [
        "abdofficesolutions.com//6112058"
    ],
    "9501731": [
        "abdofficesolutions.com//5157166"
    ],
    "9503552": [
        "abdofficesolutions.com//15679949"
    ],
    "9503555": [
        "abdofficesolutions.com//13575317"
    ],
    "9530180": [
        "abdofficesolutions.com//3966316"
    ],
    "9537833": [
        "abdofficesolutions.com//1745208"
    ],
    "9538804": [
        "abdofficesolutions.com//3598827"
    ],
    "9539804": [
        "abdofficesolutions.com//17554628"
    ]
}