[
    {
        "spec": {
            "Adjustable Pressure Output": "Yes",
            "Autonomy": "Continuous Operation",
            "Boiler Capacity": "3.6 Litre",
            "Boiler Material": "RVS AISI 304",
            "Cable Length": "5 Metres",
            "Certification/Marking": "CE IPX4",
            "Detergent Facility": "Yes",
            "Detergent Tank Capacity": "External 2 x 5 Litres",
            "Heating Up Time": "Approx. 6 minutes",
            "Indicator for lack of water": "Yes",
            "Machine Dimensions (cm)": "50 x 82.5 x 100",
            "Max. Boiler Temperature": "185C",
            "Maximum Power": "5,500 W",
            "Net Weight": "32Kg",
            "Power Requirement": "400 volt 50Hz",
            "Shipping Weight": "39Kg",
            "Steam Pressure": "10 Bar",
            "Variable Steam Output Volume": "Yes"
        },
        "url": "a3machines.co.uk//16596478"
    },
    {
        "spec": {
            "Adjustable Pressure Output": "Yes",
            "Autonomy": "Continuous operation",
            "Boiler Capacity": "n/a",
            "Boiler Material": "n/a",
            "Cable Length": "5m",
            "Certification/Marking": "CE IPX4",
            "Detergent Facility": "Yes",
            "Detergent Tank Capacity": "5 litres",
            "Heating Up Time": "4-5 Minutes",
            "Incorporated Vacuum Unit": "No",
            "Indicator for lack of water": "Yes",
            "Machine Dimensions (cm)": "120 x 80 x 110",
            "Max. Boiler Temperature": "n/a",
            "Maximum Power": "18,5 kW 25A",
            "Net Weight": "110 Kg",
            "Power Requirement": "400V 3AC 50Hz",
            "Shipping Weight": "120 Kg",
            "Steam Pressure": "10 bar",
            "Variable Steam Output Volume": "23 kg/h\u00a0"
        },
        "url": "a3machines.co.uk//4915505"
    },
    {
        "spec": {
            "Adjustable Pressure Output": "yes",
            "Autonomy": "Continuous refill",
            "Boiler Capacity": "6 litres",
            "Boiler Material": "RVS AISI 304",
            "Cable Length": "4 m",
            "Certification/Marking": "CE, IPX4",
            "Detergent Facility": "yes",
            "Detergent Tank Capacity": "2 x 5 litres",
            "Heating Up Time": "Approx. 7 min",
            "Incorporated Vacuum Unit": "Optional",
            "Indicator for lack of water": "yes",
            "Machine Dimensions (cm)": "57 x 89 x 104",
            "Max. Boiler Temperature": "185 C",
            "Maximum Power": "10kW",
            "Net Weight": "56 Kg",
            "Power Requirement": "400v 50Hz",
            "Shipping Weight": "108 Kg",
            "Steam Pressure": "10 Bar"
        },
        "url": "a3machines.co.uk//4863874"
    },
    {
        "spec": {
            "Adjustable Pressure Output": "Yes",
            "Autonomy": "Continuous operation",
            "Boiler Capacity": "n/a",
            "Boiler Material": "n/a",
            "Cable Length": "5m",
            "Certification/Marking": "CE IPX4",
            "Detergent Facility": "Yes",
            "Detergent Tank Capacity": "5 litres",
            "Heating Up Time": "4-5 Minutes",
            "Incorporated Vacuum Unit": "No",
            "Indicator for lack of water": "Yes",
            "Machine Dimensions (cm)": "120 x 80 x 110",
            "Max. Boiler Temperature": "n/a",
            "Maximum Power": "18,5 kW 25A",
            "Net Weight": "110 Kg",
            "Power Requirement": "400V 3AC 50Hz",
            "Shipping Weight": "120 Kg",
            "Steam Pressure": "10 bar",
            "Variable Steam Output Volume": "\u00a048kg/h"
        },
        "url": "a3machines.co.uk//4700733"
    }
]