[
    {
        "spec": {
            "Aanbevolen printtemperatuur:": "~195\u00b0C to 220\u00b0C",
            "Diameter:": "1,75 mm / 2,85 mm",
            "Diametertolerantie:": "\u00b1 0.05 mm",
            "Dichtheid (21,5\u00b0C):": "1.210-1.430 g/cm3",
            "Elasticiteit:": "-",
            "Gewicht op de spoel:": "\u00b1 0,750 kg",
            "Glasovergangstemperatuur:": "~ 55\u00b0C",
            "Kleur:": "White",
            "Materiaal:": "Poly-Lactic Acid",
            "Ovaalheidstolerantie:": "-",
            "Printsnelheid:": "-",
            "Rekgrens:": "-",
            "Slagsterkte:": "16 KJ/m\u00b2",
            "Smelttemperatuur:": "~195\u00b0C to 220\u00b0C",
            "Transparantie:": "-"
        },
        "url": "3dprintingwinkel.be//24895934"
    },
    {
        "spec": {
            "Aanbevolen printtemperatuur:": "~195\u00b0C to 220\u00b0C",
            "Diameter:": "1,75 mm / 2,85 mm",
            "Diametertolerantie:": "\u00b1 0.05 mm",
            "Dichtheid (21,5\u00b0C):": "1.210-1.430 g/cm3",
            "Elasticiteit:": "-",
            "Gewicht op de spoel:": "\u00b1 0,750 kg",
            "Glasovergangstemperatuur:": "~ 55\u00b0C",
            "Kleur:": "Wood",
            "Materiaal:": "Poly-Lactic Acid",
            "Ovaalheidstolerantie:": "-",
            "Printsnelheid:": "-",
            "Rekgrens:": "-",
            "Slagsterkte:": "16 KJ/m\u00b2",
            "Smelttemperatuur:": "~195\u00b0C to 220\u00b0C",
            "Transparantie:": "-"
        },
        "url": "3dprintingwinkel.be//26574850"
    },
    {
        "spec": {
            "Aanbevolen printtemperatuur:": "~195\u00b0C to 220\u00b0C",
            "Diameter:": "1,75 mm / 2,85 mm",
            "Diametertolerantie:": "\u00b1 0.05 mm",
            "Dichtheid (21,5\u00b0C):": "1.210-1.430 g/cm3",
            "Elasticiteit:": "-",
            "Gewicht op de spoel:": "\u00b1 0,750 kg",
            "Glasovergangstemperatuur:": "~ 55\u00b0C",
            "Kleur:": "Sky Blue",
            "Materiaal:": "Poly-Lactic Acid",
            "Ovaalheidstolerantie:": "-",
            "Printsnelheid:": "-",
            "Rekgrens:": "-",
            "Slagsterkte:": "16 KJ/m\u00b2",
            "Smelttemperatuur:": "~195\u00b0C to 220\u00b0C",
            "Transparantie:": "-"
        },
        "url": "3dprintingwinkel.be//25965977"
    },
    {
        "spec": {
            "Aanbevolen printtemperatuur:": "~195\u00b0C to 220\u00b0C",
            "Diameter:": "1,75 mm / 2,85 mm",
            "Diametertolerantie:": "\u00b1 0.05 mm",
            "Dichtheid (21,5\u00b0C):": "1.210-1.430 g/cm3",
            "Elasticiteit:": "-",
            "Gewicht op de spoel:": "\u00b1 0,750 kg",
            "Glasovergangstemperatuur:": "~ 55\u00b0C",
            "Kleur:": "Leaf Green",
            "Materiaal:": "Poly-Lactic Acid",
            "Ovaalheidstolerantie:": "-",
            "Printsnelheid:": "-",
            "Rekgrens:": "-",
            "Slagsterkte:": "16 KJ/m\u00b2",
            "Smelttemperatuur:": "~195\u00b0C to 220\u00b0C",
            "Transparantie:": "-"
        },
        "url": "3dprintingwinkel.be//22539652"
    }
]