{
    "10033367": [
        "4starelectronics.com//5836023"
    ],
    "10082612": [
        "4starelectronics.com//5319445"
    ],
    "10148136": [
        "4starelectronics.com//15364360"
    ],
    "10175646": [
        "4starelectronics.com//2689217"
    ],
    "10229258": [
        "4starelectronics.com//3453285"
    ],
    "10288815": [
        "4starelectronics.com//8235160"
    ],
    "10338788": [
        "4starelectronics.com//16136612"
    ],
    "10345584": [
        "4starelectronics.com//15211694"
    ],
    "10377249": [
        "4starelectronics.com//17241965"
    ],
    "10387661": [
        "4starelectronics.com//11711011"
    ],
    "10426891": [
        "4starelectronics.com//7712867"
    ],
    "10483948": [
        "4starelectronics.com//3648256"
    ],
    "10509410": [
        "4starelectronics.com//12175137"
    ],
    "10523052": [
        "4starelectronics.com//13083643"
    ],
    "10565503": [
        "4starelectronics.com//11926854"
    ],
    "10589157": [
        "4starelectronics.com//14376952"
    ],
    "10592493": [
        "4starelectronics.com//5544430"
    ],
    "10636189": [
        "4starelectronics.com//17134675"
    ],
    "10658452": [
        "4starelectronics.com//9560625"
    ],
    "10693447": [
        "4starelectronics.com//17102221"
    ],
    "10781567": [
        "4starelectronics.com//7091312"
    ],
    "10798799": [
        "4starelectronics.com//8261133"
    ],
    "10820739": [
        "4starelectronics.com//14497609"
    ],
    "10830881": [
        "4starelectronics.com//7688767"
    ],
    "10858568": [
        "4starelectronics.com//16072984"
    ],
    "10989512": [
        "4starelectronics.com//9537750"
    ],
    "11112257": [
        "4starelectronics.com//2049935"
    ],
    "11143544": [
        "4starelectronics.com//3197022"
    ],
    "11296679": [
        "4starelectronics.com//6511871"
    ],
    "11312200": [
        "4starelectronics.com//9059292"
    ],
    "11396434": [
        "4starelectronics.com//15453279"
    ],
    "11537594": [
        "4starelectronics.com//12996061"
    ],
    "11540175": [
        "4starelectronics.com//10787909"
    ],
    "11644867": [
        "4starelectronics.com//2504373"
    ],
    "11654681": [
        "4starelectronics.com//16687669"
    ],
    "11664557": [
        "4starelectronics.com//16541397"
    ],
    "11735127": [
        "4starelectronics.com//1439423"
    ],
    "11762870": [
        "4starelectronics.com//10720827"
    ],
    "11867564": [
        "4starelectronics.com//2515035"
    ],
    "11869078": [
        "4starelectronics.com//8347718"
    ],
    "11873474": [
        "4starelectronics.com//7782272"
    ],
    "11920845": [
        "4starelectronics.com//8734333"
    ],
    "11945246": [
        "4starelectronics.com//9209449"
    ],
    "11996064": [
        "4starelectronics.com//7648955"
    ],
    "12024931": [
        "4starelectronics.com//2569524"
    ],
    "12033858": [
        "4starelectronics.com//10343521"
    ],
    "12036167": [
        "4starelectronics.com//5518877"
    ],
    "12061292": [
        "4starelectronics.com//8653767"
    ],
    "12084204": [
        "4starelectronics.com//343382"
    ],
    "12149754": [
        "4starelectronics.com//3227008"
    ],
    "12177282": [
        "4starelectronics.com//6510498"
    ],
    "12216501": [
        "4starelectronics.com//11019013"
    ],
    "12344202": [
        "4starelectronics.com//2744190"
    ],
    "12386704": [
        "4starelectronics.com//16258777"
    ],
    "12432753": [
        "4starelectronics.com//11365814"
    ],
    "12508290": [
        "4starelectronics.com//9860677"
    ],
    "12576756": [
        "4starelectronics.com//1546630"
    ],
    "12699754": [
        "4starelectronics.com//13526588"
    ],
    "12732942": [
        "4starelectronics.com//6461895"
    ],
    "12759150": [
        "4starelectronics.com//4116788"
    ],
    "12838077": [
        "4starelectronics.com//8750819"
    ],
    "12840215": [
        "4starelectronics.com//5817298"
    ],
    "12859546": [
        "4starelectronics.com//550238"
    ],
    "12871197": [
        "4starelectronics.com//15700490"
    ],
    "12968226": [
        "4starelectronics.com//9877646"
    ],
    "12969615": [
        "4starelectronics.com//12094446"
    ],
    "12985040": [
        "4starelectronics.com//6647603"
    ],
    "13003047": [
        "4starelectronics.com//8207332"
    ],
    "13017982": [
        "4starelectronics.com//2001282"
    ],
    "13054253": [
        "4starelectronics.com//5591537"
    ],
    "13057505": [
        "4starelectronics.com//6785031"
    ],
    "13067618": [
        "4starelectronics.com//11669877"
    ],
    "13172152": [
        "4starelectronics.com//6793768"
    ],
    "13213878": [
        "4starelectronics.com//15143803"
    ],
    "13221976": [
        "4starelectronics.com//2422091"
    ],
    "13230799": [
        "4starelectronics.com//3483554"
    ],
    "13231812": [
        "4starelectronics.com//4278605"
    ],
    "13255074": [
        "4starelectronics.com//3265693"
    ],
    "13255086": [
        "4starelectronics.com//10315624"
    ],
    "13270798": [
        "4starelectronics.com//12958664"
    ],
    "13312642": [
        "4starelectronics.com//14383045"
    ],
    "13322501": [
        "4starelectronics.com//16683704"
    ],
    "13340797": [
        "4starelectronics.com//15100741"
    ],
    "13350451": [
        "4starelectronics.com//1524485"
    ],
    "13353575": [
        "4starelectronics.com//8008474"
    ],
    "13358790": [
        "4starelectronics.com//10410181"
    ],
    "13431107": [
        "4starelectronics.com//2014779"
    ],
    "13495418": [
        "4starelectronics.com//6650"
    ],
    "13550064": [
        "4starelectronics.com//5917476"
    ],
    "13571967": [
        "4starelectronics.com//3713661"
    ],
    "13594372": [
        "4starelectronics.com//10946185"
    ],
    "13630521": [
        "4starelectronics.com//16876146"
    ],
    "13643105": [
        "4starelectronics.com//9684001"
    ],
    "13667596": [
        "4starelectronics.com//12800105"
    ],
    "13688109": [
        "4starelectronics.com//2751466"
    ],
    "13704587": [
        "4starelectronics.com//4639066"
    ],
    "13717640": [
        "4starelectronics.com//896297"
    ],
    "137309": [
        "4starelectronics.com//8696102"
    ],
    "13731009": [
        "4starelectronics.com//14111746"
    ],
    "13766559": [
        "4starelectronics.com//8664207"
    ],
    "13798718": [
        "4starelectronics.com//3063538"
    ],
    "13825111": [
        "4starelectronics.com//2466863"
    ],
    "13852112": [
        "4starelectronics.com//17325788"
    ],
    "13878738": [
        "4starelectronics.com//1534115"
    ],
    "13952604": [
        "4starelectronics.com//810265"
    ],
    "13977633": [
        "4starelectronics.com//17496813"
    ],
    "13979395": [
        "4starelectronics.com//10604160"
    ],
    "13979454": [
        "4starelectronics.com//6143906"
    ],
    "14017995": [
        "4starelectronics.com//6825252"
    ],
    "14035600": [
        "4starelectronics.com//7990673"
    ],
    "14095885": [
        "4starelectronics.com//14887487"
    ],
    "14154206": [
        "4starelectronics.com//1264534"
    ],
    "14269321": [
        "4starelectronics.com//7772951"
    ],
    "14297367": [
        "4starelectronics.com//861840"
    ],
    "14305274": [
        "4starelectronics.com//2956963"
    ],
    "14331440": [
        "4starelectronics.com//12787728"
    ],
    "14365766": [
        "4starelectronics.com//7169925"
    ],
    "14477626": [
        "4starelectronics.com//10071098"
    ],
    "14525364": [
        "4starelectronics.com//2129114"
    ],
    "14578994": [
        "4starelectronics.com//14914065"
    ],
    "14673629": [
        "4starelectronics.com//9155312"
    ],
    "14723073": [
        "4starelectronics.com//458935"
    ],
    "14740166": [
        "4starelectronics.com//2194508"
    ],
    "14809627": [
        "4starelectronics.com//5135637"
    ],
    "14834590": [
        "4starelectronics.com//8299064"
    ],
    "14871472": [
        "4starelectronics.com//10984507"
    ],
    "14949766": [
        "4starelectronics.com//4083642"
    ],
    "14958309": [
        "4starelectronics.com//8236064"
    ],
    "14979669": [
        "4starelectronics.com//9614762"
    ],
    "15011017": [
        "4starelectronics.com//11706492"
    ],
    "15061927": [
        "4starelectronics.com//15528802"
    ],
    "15064338": [
        "4starelectronics.com//7717425"
    ],
    "15114062": [
        "4starelectronics.com//10364203"
    ],
    "15229673": [
        "4starelectronics.com//3640217"
    ],
    "15286128": [
        "4starelectronics.com//16975826"
    ],
    "15326559": [
        "4starelectronics.com//14546734"
    ],
    "15391740": [
        "4starelectronics.com//6816524"
    ],
    "15451181": [
        "4starelectronics.com//1821251"
    ],
    "15451276": [
        "4starelectronics.com//792679"
    ],
    "15462347": [
        "4starelectronics.com//9527444"
    ],
    "15477180": [
        "4starelectronics.com//2662129"
    ],
    "15478506": [
        "4starelectronics.com//3474444"
    ],
    "15527366": [
        "4starelectronics.com//129789"
    ],
    "15535206": [
        "4starelectronics.com//11978660"
    ],
    "15571731": [
        "4starelectronics.com//1014168"
    ],
    "15605621": [
        "4starelectronics.com//3614578"
    ],
    "15608180": [
        "4starelectronics.com//13436612"
    ],
    "15650742": [
        "4starelectronics.com//2095198"
    ],
    "15809173": [
        "4starelectronics.com//9572107"
    ],
    "15884487": [
        "4starelectronics.com//3929228"
    ],
    "15888274": [
        "4starelectronics.com//2636613"
    ],
    "15892940": [
        "4starelectronics.com//7400803"
    ],
    "16008365": [
        "4starelectronics.com//2629484"
    ],
    "16067983": [
        "4starelectronics.com//9002636"
    ],
    "16142365": [
        "4starelectronics.com//11965735"
    ],
    "16154904": [
        "4starelectronics.com//11907840"
    ],
    "16280844": [
        "4starelectronics.com//15888551"
    ],
    "16280847": [
        "4starelectronics.com//2980052"
    ],
    "16363560": [
        "4starelectronics.com//12918344"
    ],
    "16383041": [
        "4starelectronics.com//16188223"
    ],
    "16383042": [
        "4starelectronics.com//7854876"
    ],
    "16386828": [
        "4starelectronics.com//16676313"
    ],
    "1913255": [
        "4starelectronics.com//5880219"
    ],
    "1997156": [
        "4starelectronics.com//11292381"
    ],
    "2000245": [
        "4starelectronics.com//3766023"
    ],
    "2117989": [
        "4starelectronics.com//2826571"
    ],
    "2177336": [
        "4starelectronics.com//8708388"
    ],
    "2205742": [
        "4starelectronics.com//1967795"
    ],
    "2219276": [
        "4starelectronics.com//16992695"
    ],
    "2425310": [
        "4starelectronics.com//14441176"
    ],
    "2517898": [
        "4starelectronics.com//5730874"
    ],
    "2600476": [
        "4starelectronics.com//15394100"
    ],
    "2602006": [
        "4starelectronics.com//14791178"
    ],
    "2624719": [
        "4starelectronics.com//8212865"
    ],
    "2702820": [
        "4starelectronics.com//10515288"
    ],
    "2839171": [
        "4starelectronics.com//9183542"
    ],
    "2868733": [
        "4starelectronics.com//3128989"
    ],
    "2888417": [
        "4starelectronics.com//2467481"
    ],
    "2934919": [
        "4starelectronics.com//13008699"
    ],
    "2939957": [
        "4starelectronics.com//13300014"
    ],
    "2945764": [
        "4starelectronics.com//14720723"
    ],
    "2946530": [
        "4starelectronics.com//3011108"
    ],
    "2997156": [
        "4starelectronics.com//12351460"
    ],
    "3005278": [
        "4starelectronics.com//14422582"
    ],
    "3039616": [
        "4starelectronics.com//6828161"
    ],
    "3175703": [
        "4starelectronics.com//4438587"
    ],
    "3205094": [
        "4starelectronics.com//13881913"
    ],
    "3257251": [
        "4starelectronics.com//7624322"
    ],
    "3514287": [
        "4starelectronics.com//10041245"
    ],
    "3609616": [
        "4starelectronics.com//13587552"
    ],
    "3655539": [
        "4starelectronics.com//11952483"
    ],
    "3656062": [
        "4starelectronics.com//3933979"
    ],
    "3735826": [
        "4starelectronics.com//5547120"
    ],
    "3745580": [
        "4starelectronics.com//2678044"
    ],
    "3860732": [
        "4starelectronics.com//4186110"
    ],
    "3919635": [
        "4starelectronics.com//760719"
    ],
    "3933365": [
        "4starelectronics.com//11292918"
    ],
    "4037826": [
        "4starelectronics.com//13291372"
    ],
    "4060604": [
        "4starelectronics.com//7861321"
    ],
    "4102125": [
        "4starelectronics.com//16228143"
    ],
    "4137850": [
        "4starelectronics.com//3183810"
    ],
    "4141523": [
        "4starelectronics.com//11110341"
    ],
    "4142922": [
        "4starelectronics.com//8466277"
    ],
    "4146703": [
        "4starelectronics.com//14439364"
    ],
    "4165799": [
        "4starelectronics.com//13466910"
    ],
    "4170291": [
        "4starelectronics.com//5864833"
    ],
    "4186885": [
        "4starelectronics.com//17071521"
    ],
    "4208527": [
        "4starelectronics.com//13164181"
    ],
    "4212775": [
        "4starelectronics.com//2595475"
    ],
    "4254029": [
        "4starelectronics.com//5734976"
    ],
    "4362570": [
        "4starelectronics.com//2181601"
    ],
    "4443504": [
        "4starelectronics.com//8805684"
    ],
    "4466628": [
        "4starelectronics.com//1395868"
    ],
    "4586939": [
        "4starelectronics.com//14985936"
    ],
    "4611743": [
        "4starelectronics.com//2714560"
    ],
    "4622294": [
        "4starelectronics.com//11681316"
    ],
    "4632987": [
        "4starelectronics.com//1906465"
    ],
    "4649996": [
        "4starelectronics.com//3933465"
    ],
    "4680902": [
        "4starelectronics.com//11897102"
    ],
    "4689073": [
        "4starelectronics.com//17124913"
    ],
    "4720153": [
        "4starelectronics.com//4141373"
    ],
    "4779720": [
        "4starelectronics.com//9563191"
    ],
    "4780510": [
        "4starelectronics.com//11089566"
    ],
    "4816329": [
        "4starelectronics.com//11598671"
    ],
    "4882757": [
        "4starelectronics.com//13789211"
    ],
    "4902309": [
        "4starelectronics.com//8347376"
    ],
    "4934654": [
        "4starelectronics.com//3394907"
    ],
    "5079229": [
        "4starelectronics.com//16115182"
    ],
    "5090272": [
        "4starelectronics.com//13049583"
    ],
    "5106041": [
        "4starelectronics.com//12821093"
    ],
    "5107724": [
        "4starelectronics.com//11799591"
    ],
    "5112499": [
        "4starelectronics.com//12239188"
    ],
    "5123402": [
        "4starelectronics.com//9130185"
    ],
    "5127641": [
        "4starelectronics.com//7645832"
    ],
    "5217189": [
        "4starelectronics.com//12883490"
    ],
    "5309224": [
        "4starelectronics.com//4429515"
    ],
    "5376561": [
        "4starelectronics.com//7405352"
    ],
    "5377690": [
        "4starelectronics.com//5318413"
    ],
    "5411592": [
        "4starelectronics.com//13958835"
    ],
    "5512897": [
        "4starelectronics.com//5865861"
    ],
    "5553208": [
        "4starelectronics.com//723032"
    ],
    "5561062": [
        "4starelectronics.com//13064162"
    ],
    "5576463": [
        "4starelectronics.com//7152169"
    ],
    "5614895": [
        "4starelectronics.com//9246007"
    ],
    "5711065": [
        "4starelectronics.com//2612233"
    ],
    "5730077": [
        "4starelectronics.com//5824894"
    ],
    "5754484": [
        "4starelectronics.com//4113186"
    ],
    "5787353": [
        "4starelectronics.com//5829277"
    ],
    "5792223": [
        "4starelectronics.com//4524202"
    ],
    "6016838": [
        "4starelectronics.com//12322855"
    ],
    "6057956": [
        "4starelectronics.com//8420940"
    ],
    "6060889": [
        "4starelectronics.com//12685965"
    ],
    "6216822": [
        "4starelectronics.com//4406060"
    ],
    "6225269": [
        "4starelectronics.com//2721510"
    ],
    "6243940": [
        "4starelectronics.com//14487630"
    ],
    "6273799": [
        "4starelectronics.com//2322580"
    ],
    "6307777": [
        "4starelectronics.com//16111680"
    ],
    "631831": [
        "4starelectronics.com//13820875"
    ],
    "6487773": [
        "4starelectronics.com//533781"
    ],
    "6513727": [
        "4starelectronics.com//9930733"
    ],
    "6568891": [
        "4starelectronics.com//2981471"
    ],
    "6580395": [
        "4starelectronics.com//10543598"
    ],
    "6604745": [
        "4starelectronics.com//7456467"
    ],
    "6767725": [
        "4starelectronics.com//11287055"
    ],
    "6791172": [
        "4starelectronics.com//557661"
    ],
    "6813799": [
        "4starelectronics.com//12870706"
    ],
    "6880064": [
        "4starelectronics.com//12729046"
    ],
    "6902792": [
        "4starelectronics.com//16410249"
    ],
    "6909833": [
        "4starelectronics.com//5448306"
    ],
    "6971712": [
        "4starelectronics.com//5402577"
    ],
    "7029738": [
        "4starelectronics.com//12820540"
    ],
    "7041565": [
        "4starelectronics.com//8341831"
    ],
    "7068294": [
        "4starelectronics.com//10790674"
    ],
    "7081975": [
        "4starelectronics.com//4080375"
    ],
    "7091712": [
        "4starelectronics.com//441753"
    ],
    "7128368": [
        "4starelectronics.com//15718674"
    ],
    "7260075": [
        "4starelectronics.com//6946696"
    ],
    "7260813": [
        "4starelectronics.com//1120371"
    ],
    "7293014": [
        "4starelectronics.com//8014206"
    ],
    "7378647": [
        "4starelectronics.com//5100155"
    ],
    "7380964": [
        "4starelectronics.com//9243723"
    ],
    "7397500": [
        "4starelectronics.com//14273770"
    ],
    "7470164": [
        "4starelectronics.com//13170011"
    ],
    "7643347": [
        "4starelectronics.com//12776174"
    ],
    "7747330": [
        "4starelectronics.com//6583071"
    ],
    "7763708": [
        "4starelectronics.com//14044468"
    ],
    "7807116": [
        "4starelectronics.com//4057857"
    ],
    "7851779": [
        "4starelectronics.com//11020402"
    ],
    "7876559": [
        "4starelectronics.com//17506177"
    ],
    "7907772": [
        "4starelectronics.com//3907828"
    ],
    "7943994": [
        "4starelectronics.com//7112514"
    ],
    "7954775": [
        "4starelectronics.com//15164553"
    ],
    "7981390": [
        "4starelectronics.com//6629031"
    ],
    "8016081": [
        "4starelectronics.com//17101651"
    ],
    "8021580": [
        "4starelectronics.com//5277396"
    ],
    "8035362": [
        "4starelectronics.com//7336384"
    ],
    "8035634": [
        "4starelectronics.com//6887660"
    ],
    "8113075": [
        "4starelectronics.com//15627477"
    ],
    "8128732": [
        "4starelectronics.com//2294259"
    ],
    "8131237": [
        "4starelectronics.com//18768"
    ],
    "8132592": [
        "4starelectronics.com//7597525"
    ],
    "8251452": [
        "4starelectronics.com//10865229"
    ],
    "8251454": [
        "4starelectronics.com//7360979"
    ],
    "8260374": [
        "4starelectronics.com//802240"
    ],
    "8326753": [
        "4starelectronics.com//13445190"
    ],
    "8331633": [
        "4starelectronics.com//16007199"
    ],
    "8340633": [
        "4starelectronics.com//2534109"
    ],
    "8403725": [
        "4starelectronics.com//4638858"
    ],
    "8422054": [
        "4starelectronics.com//16104949"
    ],
    "8453473": [
        "4starelectronics.com//5428153"
    ],
    "8465404": [
        "4starelectronics.com//14921894"
    ],
    "8530602": [
        "4starelectronics.com//9100803"
    ],
    "8539832": [
        "4starelectronics.com//14385503"
    ],
    "8572956": [
        "4starelectronics.com//1305855"
    ],
    "8581717": [
        "4starelectronics.com//7450888"
    ],
    "8588436": [
        "4starelectronics.com//1434446"
    ],
    "8612453": [
        "4starelectronics.com//5968029"
    ],
    "8618085": [
        "4starelectronics.com//8758664"
    ],
    "8618896": [
        "4starelectronics.com//11957381"
    ],
    "8698598": [
        "4starelectronics.com//16611274"
    ],
    "8767862": [
        "4starelectronics.com//10629578"
    ],
    "8867308": [
        "4starelectronics.com//17247433"
    ],
    "8902463": [
        "4starelectronics.com//8307139"
    ],
    "8910755": [
        "4starelectronics.com//7195952"
    ],
    "9003691": [
        "4starelectronics.com//11419821"
    ],
    "9030082": [
        "4starelectronics.com//9094515"
    ],
    "9075365": [
        "4starelectronics.com//5499922"
    ],
    "9078627": [
        "4starelectronics.com//10960705"
    ],
    "9114711": [
        "4starelectronics.com//6242478"
    ],
    "9142928": [
        "4starelectronics.com//7425738"
    ],
    "9195485": [
        "4starelectronics.com//407471"
    ],
    "9199803": [
        "4starelectronics.com//17431417"
    ],
    "9206337": [
        "4starelectronics.com//13843279"
    ],
    "9218419": [
        "4starelectronics.com//11767440"
    ],
    "9219806": [
        "4starelectronics.com//11979612"
    ],
    "9225055": [
        "4starelectronics.com//17241234"
    ],
    "9231096": [
        "4starelectronics.com//9616597"
    ],
    "9233419": [
        "4starelectronics.com//14219247"
    ],
    "9278792": [
        "4starelectronics.com//8702605"
    ],
    "9313229": [
        "4starelectronics.com//1440907"
    ],
    "9382308": [
        "4starelectronics.com//4924400"
    ],
    "9436595": [
        "4starelectronics.com//4996226"
    ],
    "9460243": [
        "4starelectronics.com//15995606"
    ],
    "9461372": [
        "4starelectronics.com//11015010"
    ],
    "9507341": [
        "4starelectronics.com//9339625"
    ],
    "9566705": [
        "4starelectronics.com//10267271"
    ],
    "9671417": [
        "4starelectronics.com//16310709"
    ],
    "9675873": [
        "4starelectronics.com//4574960"
    ],
    "9712901": [
        "4starelectronics.com//17210368"
    ],
    "9847214": [
        "4starelectronics.com//6875645"
    ],
    "9869906": [
        "4starelectronics.com//4590001"
    ],
    "9902344": [
        "4starelectronics.com//6761539"
    ]
}