{
    "10148136": [
        "4starelectronics.com//15364360"
    ],
    "10636189": [
        "4starelectronics.com//17134675"
    ],
    "10781567": [
        "4starelectronics.com//7091312"
    ],
    "11644867": [
        "4starelectronics.com//2504373"
    ],
    "11762870": [
        "4starelectronics.com//10720827"
    ],
    "11869078": [
        "4starelectronics.com//8347718"
    ],
    "12177282": [
        "4starelectronics.com//6510498"
    ],
    "13213878": [
        "4starelectronics.com//15143803"
    ],
    "13358790": [
        "4starelectronics.com//10410181"
    ],
    "13571967": [
        "4starelectronics.com//3713661"
    ],
    "13952604": [
        "4starelectronics.com//810265"
    ],
    "13977633": [
        "4starelectronics.com//17496813"
    ],
    "13979395": [
        "4starelectronics.com//10604160"
    ],
    "13979454": [
        "4starelectronics.com//6143906"
    ],
    "14095885": [
        "4starelectronics.com//14887487"
    ],
    "14673629": [
        "4starelectronics.com//9155312"
    ],
    "14740166": [
        "4starelectronics.com//2194508"
    ],
    "14834590": [
        "4starelectronics.com//8299064"
    ],
    "14871472": [
        "4starelectronics.com//10984507"
    ],
    "15064338": [
        "4starelectronics.com//7717425"
    ],
    "15114062": [
        "4starelectronics.com//10364203"
    ],
    "15451181": [
        "4starelectronics.com//1821251"
    ],
    "15451276": [
        "4starelectronics.com//792679"
    ],
    "15605621": [
        "4starelectronics.com//3614578"
    ],
    "2934919": [
        "4starelectronics.com//13008699"
    ],
    "3514287": [
        "4starelectronics.com//10041245"
    ],
    "3609616": [
        "4starelectronics.com//13587552"
    ],
    "4137850": [
        "4starelectronics.com//3183810"
    ],
    "4466628": [
        "4starelectronics.com//1395868"
    ],
    "4632987": [
        "4starelectronics.com//1906465"
    ],
    "4680902": [
        "4starelectronics.com//11897102"
    ],
    "4816329": [
        "4starelectronics.com//11598671"
    ],
    "5107724": [
        "4starelectronics.com//11799591"
    ],
    "5553208": [
        "4starelectronics.com//723032"
    ],
    "6016838": [
        "4starelectronics.com//12322855"
    ],
    "6568891": [
        "4starelectronics.com//2981471"
    ],
    "7128368": [
        "4starelectronics.com//15718674"
    ],
    "7293014": [
        "4starelectronics.com//8014206"
    ],
    "7876559": [
        "4starelectronics.com//17506177"
    ],
    "8128732": [
        "4starelectronics.com//2294259"
    ],
    "8572956": [
        "4starelectronics.com//1305855"
    ],
    "8698598": [
        "4starelectronics.com//16611274"
    ],
    "8867308": [
        "4starelectronics.com//17247433"
    ],
    "9206337": [
        "4starelectronics.com//13843279"
    ],
    "9218419": [
        "4starelectronics.com//11767440"
    ],
    "9219806": [
        "4starelectronics.com//11979612"
    ],
    "9461372": [
        "4starelectronics.com//11015010"
    ]
}