[
    {
        "spec": {
            "Last Updated:": "11/17/2017",
            "Manufacturer:": "Intel",
            "Mfg Part#": "P28F020-70",
            "Part ID#": "P28F02070",
            "Part Type:": "Flash Memory",
            "Price:": "Request Quote",
            "Qty In-Stock": "Request a Quote or Call."
        },
        "url": "4starelectronics.com//12911563"
    },
    {
        "spec": {
            "Last Updated:": "11/18/2017",
            "Manufacturer:": "TDK Components",
            "Mfg Part#": "ZJYS81R5-2PL25-G01",
            "Part ID#": "ZJYS81R52PL25G01",
            "Part Type:": "Filters",
            "Price:": "Request Quote",
            "Qty In-Stock": "Request a Quote or Call."
        },
        "url": "4starelectronics.com//3826394"
    },
    {
        "spec": {
            "Last Updated:": "11/18/2017",
            "Manufacturer:": "Advanced Micro Devices",
            "Mfg Part#": "AM29F010B-120JC",
            "Part ID#": "AM29F010B120JC",
            "Part Type:": "Flash Memory",
            "Price:": "Request Quote",
            "Qty In-Stock": "Request a Quote or Call."
        },
        "url": "4starelectronics.com//5408374"
    },
    {
        "spec": {
            "Last Updated:": "11/19/2017",
            "Mfg Part#": "720-000037",
            "Part ID#": "720000037",
            "Part Type:": "Unclassified",
            "Price:": "Request Quote",
            "Qty In-Stock": "Request a Quote or Call."
        },
        "url": "4starelectronics.com//7511931"
    },
    {
        "spec": {
            "Last Updated:": "11/19/2017",
            "Manufacturer:": "Advanced Micro Devices",
            "Mfg Part#": "AM29F002BT-90EC",
            "Part ID#": "AM29F002BT90EC",
            "Part Type:": "Flash Memory",
            "Price:": "Request Quote",
            "Qty In-Stock": "Request a Quote or Call."
        },
        "url": "4starelectronics.com//9123644"
    },
    {
        "spec": {
            "Last Updated:": "11/20/2017",
            "Manufacturer:": "Intel",
            "Mfg Part#": "RC28F320C3BA-100",
            "Part ID#": "RC28F320C3BA100",
            "Part Type:": "Flash Memory",
            "Price:": "Request Quote",
            "Qty In-Stock": "Request a Quote or Call."
        },
        "url": "4starelectronics.com//11098101"
    },
    {
        "spec": {
            "Last Updated:": "11/20/2017",
            "Manufacturer:": "Intel",
            "Mfg Part#": "E28F016SV-70",
            "Part ID#": "E28F016SV70",
            "Part Type:": "Flash Memory",
            "Price:": "Request Quote",
            "Qty In-Stock": "Request a Quote or Call."
        },
        "url": "4starelectronics.com//237961"
    },
    {
        "spec": {
            "Last Updated:": "11/21/2017",
            "Manufacturer:": "Siliconix",
            "Mfg Part#": "SI2302DS-T1",
            "Part ID#": "SI2302DST1",
            "Part Type:": "Unclassified",
            "Price:": "Request Quote",
            "Qty In-Stock": "Request a Quote or Call."
        },
        "url": "4starelectronics.com//9501544"
    },
    {
        "spec": {
            "Last Updated:": "11/21/2017",
            "Manufacturer:": "Sealectro",
            "Mfg Part#": "052-053-0000-220",
            "Part ID#": "0520530000220",
            "Part Type:": "Filters",
            "Price:": "Request Quote",
            "Qty In-Stock": "Request a Quote or Call."
        },
        "url": "4starelectronics.com//2752197"
    },
    {
        "spec": {
            "Last Updated:": "11/21/2017",
            "Manufacturer:": "Alliance Semiconductor",
            "Mfg Part#": "M1543CA1",
            "Part ID#": "M1543CA1",
            "Part Type:": "Unclassified",
            "Price:": "Request Quote",
            "Qty In-Stock": "Request a Quote or Call."
        },
        "url": "4starelectronics.com//8072884"
    },
    {
        "spec": {
            "Last Updated:": "11/22/2017",
            "Mfg Part#": "AGR19090EF",
            "Part ID#": "AGR19090EF",
            "Part Type:": "Unclassified",
            "Price:": "Request Quote",
            "Qty In-Stock": "Request a Quote or Call."
        },
        "url": "4starelectronics.com//7041666"
    },
    {
        "spec": {
            "Last Updated:": "11/23/2017",
            "Manufacturer:": "Onan",
            "Mfg Part#": "C0149190805",
            "Part ID#": "C0149190805",
            "Part Type:": "Filters",
            "Price:": "Request Quote",
            "Qty In-Stock": "Request a Quote or Call."
        },
        "url": "4starelectronics.com//14611694"
    },
    {
        "spec": {
            "Last Updated:": "11/23/2017",
            "Manufacturer:": "Suttle",
            "Mfg Part#": "900LC4-50BS",
            "Part ID#": "900LC450BS",
            "Part Type:": "Filters",
            "Price:": "Request Quote",
            "Qty In-Stock": "Request a Quote or Call."
        },
        "url": "4starelectronics.com//6637288"
    },
    {
        "spec": {
            "Last Updated:": "11/23/2017",
            "Manufacturer:": "Coilcraft",
            "Mfg Part#": "0805USB-901MLB",
            "Part ID#": "0805USB901MLB",
            "Part Type:": "Filters",
            "Price:": "Request Quote",
            "Qty In-Stock": "Request a Quote or Call."
        },
        "url": "4starelectronics.com//6472797"
    },
    {
        "spec": {
            "Last Updated:": "11/23/2017",
            "Manufacturer:": "Unknown",
            "Mfg Part#": "M15733/23-0014",
            "Part ID#": "M15733230014",
            "Part Type:": "Filters",
            "Price:": "Request Quote",
            "Qty In-Stock": "Request a Quote or Call."
        },
        "url": "4starelectronics.com//16609804"
    },
    {
        "spec": {
            "Last Updated:": "11/23/2017",
            "Manufacturer:": "Advanced Micro Devices",
            "Mfg Part#": "7201-50JC",
            "Part ID#": "720150JC",
            "Part Type:": "Unclassified",
            "Price:": "Request Quote",
            "Qty In-Stock": "Request a Quote or Call."
        },
        "url": "4starelectronics.com//4406930"
    },
    {
        "spec": {
            "Last Updated:": "11/23/2017",
            "Manufacturer:": "TT ELECTRONICS",
            "Mfg Part#": "J3620-328K-1K-6124",
            "Part ID#": "J3620328K1K6124",
            "Part Type:": "Filters",
            "Price:": "Request Quote",
            "Qty In-Stock": "Request a Quote or Call."
        },
        "url": "4starelectronics.com//10512813"
    },
    {
        "spec": {
            "Last Updated:": "11/24/2017",
            "Manufacturer:": "Epcos",
            "Mfg Part#": "B39181-B4864-Z710",
            "Part ID#": "B39181B4864Z710",
            "Part Type:": "Filters",
            "Price:": "Request Quote",
            "Qty In-Stock": "Request a Quote or Call."
        },
        "url": "4starelectronics.com//11137139"
    },
    {
        "spec": {
            "Last Updated:": "11/24/2017",
            "Manufacturer:": "Allegro Microsystems",
            "Mfg Part#": "AS7C16420PC",
            "Part ID#": "AS7C16420PC",
            "Part Type:": "Unclassified",
            "Price:": "Request Quote",
            "Qty In-Stock": "Request a Quote or Call."
        },
        "url": "4starelectronics.com//2253206"
    },
    {
        "spec": {
            "Last Updated:": "11/24/2017",
            "Manufacturer:": "Allen Bradley",
            "Mfg Part#": "700-HN100",
            "Part ID#": "700HN100",
            "Part Type:": "Unclassified",
            "Price:": "Request Quote",
            "Qty In-Stock": "Request a Quote or Call."
        },
        "url": "4starelectronics.com//5955644"
    },
    {
        "spec": {
            "Last Updated:": "11/25/2017",
            "Manufacturer:": "P&B - Potter & Brumfield",
            "Mfg Part#": "E0M-1DA72-3/32",
            "Part ID#": "E0M1DA72332",
            "Part Type:": "Filters",
            "Price:": "Request Quote",
            "Qty In-Stock": "Request a Quote or Call."
        },
        "url": "4starelectronics.com//6749408"
    },
    {
        "spec": {
            "Last Updated:": "11/25/2017",
            "Manufacturer:": "Intel",
            "Mfg Part#": "E28F020-150",
            "Part ID#": "E28F020150",
            "Part Type:": "Flash Memory",
            "Price:": "Request Quote",
            "Qty In-Stock": "Request a Quote or Call."
        },
        "url": "4starelectronics.com//1531199"
    }
]