{
    "10253439": [
        "4starelectronics.com//14611694"
    ],
    "10772608": [
        "4starelectronics.com//237961"
    ],
    "12301029": [
        "4starelectronics.com//9123644"
    ],
    "13464563": [
        "4starelectronics.com//2253206"
    ],
    "14315644": [
        "4starelectronics.com//7041666"
    ],
    "14575943": [
        "4starelectronics.com//9501544"
    ],
    "15026725": [
        "4starelectronics.com//6749408"
    ],
    "15083129": [
        "4starelectronics.com//5408374"
    ],
    "15655685": [
        "4starelectronics.com//11098101"
    ],
    "2183882": [
        "4starelectronics.com//2752197"
    ],
    "2410380": [
        "4starelectronics.com//1531199"
    ],
    "3740658": [
        "4starelectronics.com//16609804"
    ],
    "4248405": [
        "4starelectronics.com//10512813"
    ],
    "4291316": [
        "4starelectronics.com//8072884"
    ],
    "4540803": [
        "4starelectronics.com//5955644"
    ],
    "4806690": [
        "4starelectronics.com//3826394"
    ],
    "4913253": [
        "4starelectronics.com//6637288"
    ],
    "5367481": [
        "4starelectronics.com//7511931"
    ],
    "5540490": [
        "4starelectronics.com//6472797"
    ],
    "8904970": [
        "4starelectronics.com//11137139"
    ],
    "9495723": [
        "4starelectronics.com//4406930"
    ],
    "9640987": [
        "4starelectronics.com//12911563"
    ]
}