{
    "12301029": [
        "4starelectronics.com//9123644"
    ],
    "13464563": [
        "4starelectronics.com//2253206"
    ],
    "14315644": [
        "4starelectronics.com//7041666"
    ],
    "14575943": [
        "4starelectronics.com//9501544"
    ],
    "15083129": [
        "4starelectronics.com//5408374"
    ],
    "4291316": [
        "4starelectronics.com//8072884"
    ],
    "4540803": [
        "4starelectronics.com//5955644"
    ],
    "9495723": [
        "4starelectronics.com//4406930"
    ]
}