[
    {
        "spec": {
            "Last Updated:": "11/18/2017",
            "Mfg Part#": "SAA4945H/V1.",
            "Part ID#": "SAA4945HV1",
            "Part Type:": "Unclassified",
            "Price:": "Request Quote",
            "Qty In-Stock": "Request a Quote or Call."
        },
        "url": "4starelectronics.com//15751526"
    },
    {
        "spec": {
            "Last Updated:": "11/19/2017",
            "Mfg Part#": "0-0054010-1-AMP",
            "Part ID#": "000540101AMP",
            "Part Type:": "Unclassified",
            "Price:": "Request Quote",
            "Qty In-Stock": "Request a Quote or Call."
        },
        "url": "4starelectronics.com//7535739"
    },
    {
        "spec": {
            "Last Updated:": "11/21/2017",
            "Mfg Part#": "SO-28WOR343S1092",
            "Part ID#": "SO28WOR343S1092",
            "Part Type:": "Unclassified",
            "Price:": "Request Quote",
            "Qty In-Stock": "Request a Quote or Call."
        },
        "url": "4starelectronics.com//11349516"
    },
    {
        "spec": {
            "Last Updated:": "11/21/2017",
            "Mfg Part#": "4144000-126",
            "Part ID#": "4144000126",
            "Part Type:": "Unclassified",
            "Price:": "Request Quote",
            "Qty In-Stock": "Request a Quote or Call."
        },
        "url": "4starelectronics.com//1037818"
    },
    {
        "spec": {
            "Last Updated:": "11/22/2017",
            "Mfg Part#": "GH3-A3-DU-30-480-1",
            "Part ID#": "GH3A3DU304801",
            "Part Type:": "Unclassified",
            "Price:": "Request Quote",
            "Qty In-Stock": "Request a Quote or Call."
        },
        "url": "4starelectronics.com//4861709"
    },
    {
        "spec": {
            "Last Updated:": "11/25/2017",
            "Mfg Part#": "5935-01-126-9573",
            "Part ID#": "5935011269573",
            "Part Type:": "Unclassified",
            "Price:": "Request Quote",
            "Qty In-Stock": "Request a Quote or Call."
        },
        "url": "4starelectronics.com//3739339"
    }
]