[
    {
        "spec": {
            "Last Updated:": "11/19/2017",
            "Mfg Part#": "101487001",
            "Part ID#": "101487001",
            "Price:": "Request Quote",
            "Qty In-Stock": "Request a Quote or Call."
        },
        "url": "4starelectronics.com//14719202"
    },
    {
        "spec": {
            "Last Updated:": "11/20/2017",
            "Mfg Part#": "903222-55",
            "Part ID#": "90322255",
            "Part Type:": "Unclassified",
            "Price:": "Request Quote",
            "Qty In-Stock": "Request a Quote or Call."
        },
        "url": "4starelectronics.com//3779483"
    },
    {
        "spec": {
            "Last Updated:": "11/22/2017",
            "Mfg Part#": "11-07-0080",
            "Part ID#": "11070080",
            "Part Type:": "Unclassified",
            "Price:": "Request Quote",
            "Qty In-Stock": "Request a Quote or Call."
        },
        "url": "4starelectronics.com//7859033"
    },
    {
        "spec": {
            "Last Updated:": "11/22/2017",
            "Mfg Part#": "50125-8100",
            "Part ID#": "501258100",
            "Part Type:": "PINs",
            "Price:": "Request Quote",
            "Qty In-Stock": "Request a Quote or Call."
        },
        "url": "4starelectronics.com//1834151"
    },
    {
        "spec": {
            "Last Updated:": "11/25/2017",
            "Mfg Part#": "180006009",
            "Part ID#": "180006009",
            "Price:": "Request Quote",
            "Qty In-Stock": "Request a Quote or Call."
        },
        "url": "4starelectronics.com//11585353"
    }
]