{
    "10051650": [
        "4starelectronics.com//1150783"
    ],
    "10053061": [
        "4starelectronics.com//11988873"
    ],
    "10355142": [
        "4starelectronics.com//804443"
    ],
    "10426918": [
        "4starelectronics.com//16411768"
    ],
    "10639224": [
        "4starelectronics.com//9851260"
    ],
    "10729333": [
        "4starelectronics.com//10336746"
    ],
    "10818255": [
        "4starelectronics.com//11294593"
    ],
    "10925302": [
        "4starelectronics.com//10063263"
    ],
    "11021782": [
        "4starelectronics.com//10459220"
    ],
    "11021831": [
        "4starelectronics.com//6899190"
    ],
    "11349298": [
        "4starelectronics.com//4065621"
    ],
    "11374745": [
        "4starelectronics.com//4531172"
    ],
    "11427796": [
        "4starelectronics.com//14457428"
    ],
    "11440642": [
        "4starelectronics.com//3096145"
    ],
    "12176619": [
        "4starelectronics.com//9185936"
    ],
    "12374335": [
        "4starelectronics.com//10837720"
    ],
    "12374370": [
        "4starelectronics.com//9941193"
    ],
    "12457176": [
        "4starelectronics.com//2109712"
    ],
    "12587817": [
        "4starelectronics.com//13492503"
    ],
    "12824831": [
        "4starelectronics.com//6160135"
    ],
    "12962927": [
        "4starelectronics.com//1382432"
    ],
    "13253572": [
        "4starelectronics.com//14941036"
    ],
    "13619814": [
        "4starelectronics.com//820383"
    ],
    "13655200": [
        "4starelectronics.com//9497538"
    ],
    "13664808": [
        "4starelectronics.com//12035440"
    ],
    "14066621": [
        "4starelectronics.com//9439849"
    ],
    "14367332": [
        "4starelectronics.com//17100248"
    ],
    "14368501": [
        "4starelectronics.com//328448"
    ],
    "14554263": [
        "4starelectronics.com//331359"
    ],
    "15016082": [
        "4starelectronics.com//888498"
    ],
    "15083131": [
        "4starelectronics.com//2459101"
    ],
    "15228747": [
        "4starelectronics.com//15556279"
    ],
    "15265318": [
        "4starelectronics.com//6916054"
    ],
    "15484149": [
        "4starelectronics.com//15443111"
    ],
    "15826198": [
        "4starelectronics.com//308522"
    ],
    "16026181": [
        "4starelectronics.com//10446146"
    ],
    "16040050": [
        "4starelectronics.com//8006953"
    ],
    "16140573": [
        "4starelectronics.com//15284119"
    ],
    "16193678": [
        "4starelectronics.com//29405"
    ],
    "16238907": [
        "4starelectronics.com//9420656"
    ],
    "1894159": [
        "4starelectronics.com//9299668"
    ],
    "1896521": [
        "4starelectronics.com//8349883"
    ],
    "2026980": [
        "4starelectronics.com//15397477"
    ],
    "2034805": [
        "4starelectronics.com//3110538"
    ],
    "2155772": [
        "4starelectronics.com//13387579"
    ],
    "2341188": [
        "4starelectronics.com//11940866"
    ],
    "2509632": [
        "4starelectronics.com//8949848"
    ],
    "2805276": [
        "4starelectronics.com//4756486"
    ],
    "2812925": [
        "4starelectronics.com//11413019"
    ],
    "2814282": [
        "4starelectronics.com//2797062"
    ],
    "2815634": [
        "4starelectronics.com//3407728"
    ],
    "2815997": [
        "4starelectronics.com//3121645"
    ],
    "2824763": [
        "4starelectronics.com//5051990"
    ],
    "3542617": [
        "4starelectronics.com//16095011"
    ],
    "3679796": [
        "4starelectronics.com//16549656"
    ],
    "3767309": [
        "4starelectronics.com//9990348"
    ],
    "3879083": [
        "4starelectronics.com//3178616"
    ],
    "4183182": [
        "4starelectronics.com//8023774"
    ],
    "4431072": [
        "4starelectronics.com//3485637"
    ],
    "4472247": [
        "4starelectronics.com//13946611"
    ],
    "4523234": [
        "4starelectronics.com//6255454"
    ],
    "4539442": [
        "4starelectronics.com//2637020"
    ],
    "5166928": [
        "4starelectronics.com//6927356"
    ],
    "5452257": [
        "4starelectronics.com//7543259"
    ],
    "5912856": [
        "4starelectronics.com//16063514"
    ],
    "6048375": [
        "4starelectronics.com//8671989"
    ],
    "6410638": [
        "4starelectronics.com//9048256"
    ],
    "6460415": [
        "4starelectronics.com//658144"
    ],
    "695915": [
        "4starelectronics.com//14017263"
    ],
    "7052580": [
        "4starelectronics.com//4426714"
    ],
    "7221608": [
        "4starelectronics.com//13327241"
    ],
    "7543672": [
        "4starelectronics.com//12744992"
    ],
    "7816095": [
        "4starelectronics.com//8649305"
    ],
    "7830955": [
        "4starelectronics.com//1902964"
    ],
    "7834240": [
        "4starelectronics.com//8998143"
    ],
    "7846568": [
        "4starelectronics.com//12287961"
    ],
    "8150633": [
        "4starelectronics.com//13997284"
    ],
    "8268571": [
        "4starelectronics.com//12794594"
    ],
    "8277702": [
        "4starelectronics.com//8716350"
    ],
    "8290939": [
        "4starelectronics.com//5352398"
    ],
    "8437031": [
        "4starelectronics.com//7974128"
    ],
    "9411127": [
        "4starelectronics.com//6437225"
    ],
    "9468572": [
        "4starelectronics.com//10935851"
    ],
    "9508825": [
        "4starelectronics.com//5855186"
    ],
    "9639988": [
        "4starelectronics.com//2281161"
    ],
    "9935188": [
        "4starelectronics.com//16190901"
    ],
    "9962709": [
        "4starelectronics.com//11561895"
    ],
    "9963967": [
        "4starelectronics.com//8053087"
    ]
}