[
    {
        "spec": {
            "Last Updated:": "11/17/2017",
            "Manufacturer:": "Intel",
            "Mfg Part#": "E28F320J3A110",
            "Part ID#": "E28F320J3A110",
            "Part Type:": "Flash Memory",
            "Price:": "Request Quote",
            "Qty In-Stock": "Request a Quote or Call."
        },
        "url": "4starelectronics.com//8023774"
    },
    {
        "spec": {
            "Last Updated:": "11/17/2017",
            "Manufacturer:": "Samsung Semiconductor",
            "Mfg Part#": "K4S641632K-UC75T",
            "Part ID#": "K4S641632KUC75T",
            "Part Type:": "Memory",
            "Price:": "Request Quote",
            "Qty In-Stock": "Request a Quote or Call."
        },
        "url": "4starelectronics.com//2281161"
    },
    {
        "spec": {
            "Last Updated:": "11/17/2017",
            "Manufacturer:": "Atmel",
            "Mfg Part#": "AT29C010A-90-TCSL383",
            "Part ID#": "AT29C010A90TCSL383",
            "Part Type:": "Flash Memory",
            "Price:": "Request Quote",
            "Qty In-Stock": "Request a Quote or Call."
        },
        "url": "4starelectronics.com//8716350"
    },
    {
        "spec": {
            "Last Updated:": "11/18/2017",
            "Mfg Part#": "4609S-101-472",
            "Part ID#": "4609S101472",
            "Part Type:": "Unclassified",
            "Price:": "Request Quote",
            "Qty In-Stock": "Request a Quote or Call."
        },
        "url": "4starelectronics.com//9439849"
    },
    {
        "spec": {
            "Last Updated:": "11/17/2017",
            "Mfg Part#": "AM29F010B-120JD",
            "Part ID#": "AM29F010B120JD",
            "Part Type:": "Flash Memory",
            "Price:": "Request Quote",
            "Qty In-Stock": "Request a Quote or Call."
        },
        "url": "4starelectronics.com//2459101"
    },
    {
        "spec": {
            "Last Updated:": "11/18/2017",
            "Manufacturer:": "Molex",
            "Mfg Part#": "4250107-PC-3303",
            "Part ID#": "4250107PC3303",
            "Part Type:": "Unclassified",
            "Price:": "Request Quote",
            "Qty In-Stock": "Request a Quote or Call."
        },
        "url": "4starelectronics.com//15443111"
    },
    {
        "spec": {
            "Last Updated:": "11/18/2017",
            "Manufacturer:": "IMC Magnetics",
            "Mfg Part#": "WS2107FL-1009",
            "Part ID#": "WS2107FL1009",
            "Part Type:": "Fans",
            "Price:": "Request Quote",
            "Qty In-Stock": "Request a Quote or Call."
        },
        "url": "4starelectronics.com//1382432"
    },
    {
        "spec": {
            "Last Updated:": "11/18/2017",
            "Manufacturer:": "Seagate Technology",
            "Mfg Part#": "ST34520W",
            "Part ID#": "ST34520W",
            "Part Type:": "Unclassified",
            "Price:": "Request Quote",
            "Qty In-Stock": "Request a Quote or Call."
        },
        "url": "4starelectronics.com//6927356"
    },
    {
        "spec": {
            "Last Updated:": "11/18/2017",
            "Manufacturer:": "Intel",
            "Mfg Part#": "E28F016SC-120",
            "Part ID#": "E28F016SC120",
            "Part Type:": "Flash Memory",
            "Price:": "Request Quote",
            "Qty In-Stock": "Request a Quote or Call."
        },
        "url": "4starelectronics.com//15397477"
    },
    {
        "spec": {
            "Last Updated:": "11/19/2017",
            "Manufacturer:": "Intel",
            "Mfg Part#": "E28F004BVB80",
            "Part ID#": "E28F004BVB80",
            "Part Type:": "Flash Memory",
            "Price:": "Request Quote",
            "Qty In-Stock": "Request a Quote or Call."
        },
        "url": "4starelectronics.com//8649305"
    },
    {
        "spec": {
            "Last Updated:": "11/18/2017",
            "Manufacturer:": "Atmel",
            "Mfg Part#": "AT29C010A-70PC",
            "Part ID#": "AT29C010A70PC",
            "Part Type:": "Flash Memory",
            "Price:": "Request Quote",
            "Qty In-Stock": "Request a Quote or Call."
        },
        "url": "4starelectronics.com//10459220"
    },
    {
        "spec": {
            "Last Updated:": "11/19/2017",
            "Manufacturer:": "mountain switch",
            "Mfg Part#": "101-TS3724T1600-EV",
            "Part ID#": "101TS3724T1600EV",
            "Part Type:": "Switches",
            "Price:": "Request Quote",
            "Qty In-Stock": "Request a Quote or Call."
        },
        "url": "4starelectronics.com//1150783"
    },
    {
        "spec": {
            "Last Updated:": "11/19/2017",
            "Manufacturer:": "Samsung Semiconductor",
            "Mfg Part#": "K9F2808U0B-YCB0",
            "Part ID#": "K9F2808U0BYCB0",
            "Part Type:": "Flash Memory",
            "Price:": "Request Quote",
            "Qty In-Stock": "Request a Quote or Call."
        },
        "url": "4starelectronics.com//10336746"
    },
    {
        "spec": {
            "Last Updated:": "11/19/2017",
            "Manufacturer:": "Advanced Micro Devices",
            "Mfg Part#": "AM29F080B-85EC",
            "Part ID#": "AM29F080B85EC",
            "Part Type:": "Flash Memory",
            "Price:": "Request Quote",
            "Qty In-Stock": "Request a Quote or Call."
        },
        "url": "4starelectronics.com//16063514"
    },
    {
        "spec": {
            "Last Updated:": "11/19/2017",
            "Manufacturer:": "P&B - Potter & Brumfield",
            "Mfg Part#": "112-215-101",
            "Part ID#": "112215101",
            "Part Type:": "Switches",
            "Price:": "Request Quote",
            "Qty In-Stock": "Request a Quote or Call."
        },
        "url": "4starelectronics.com//3178616"
    },
    {
        "spec": {
            "Last Updated:": "11/19/2017",
            "Manufacturer:": "Spansion",
            "Mfg Part#": "S29GL512N11TAIV20",
            "Part ID#": "S29GL512N11TAIV20",
            "Part Type:": "Flash Memory",
            "Price:": "Request Quote",
            "Qty In-Stock": "Request a Quote or Call."
        },
        "url": "4starelectronics.com//16190901"
    },
    {
        "spec": {
            "Last Updated:": "11/19/2017",
            "Manufacturer:": "Intel",
            "Mfg Part#": "P28F020-200",
            "Part ID#": "P28F020200",
            "Part Type:": "Flash Memory",
            "Price:": "Request Quote",
            "Qty In-Stock": "Request a Quote or Call."
        },
        "url": "4starelectronics.com//11294593"
    },
    {
        "spec": {
            "Last Updated:": "11/19/2017",
            "Mfg Part#": "AM29F040B-120JD",
            "Part ID#": "AM29F040B120JD",
            "Part Type:": "Flash Memory",
            "Price:": "Request Quote",
            "Qty In-Stock": "Request a Quote or Call."
        },
        "url": "4starelectronics.com//2109712"
    },
    {
        "spec": {
            "Last Updated:": "11/19/2017",
            "Manufacturer:": "Atmel",
            "Mfg Part#": "AT29LV020-10JC",
            "Part ID#": "AT29LV02010JC",
            "Part Type:": "Flash Memory",
            "Price:": "Request Quote",
            "Qty In-Stock": "Request a Quote or Call."
        },
        "url": "4starelectronics.com//10935851"
    },
    {
        "spec": {
            "Last Updated:": "11/19/2017",
            "Manufacturer:": "Atmel",
            "Mfg Part#": "AT29BV010A-12TC",
            "Part ID#": "AT29BV010A12TC",
            "Part Type:": "Flash Memory",
            "Price:": "Request Quote",
            "Qty In-Stock": "Request a Quote or Call."
        },
        "url": "4starelectronics.com//4065621"
    },
    {
        "spec": {
            "Last Updated:": "11/19/2017",
            "Manufacturer:": "STMicroelectronics",
            "Mfg Part#": "M28W160CT-90N1",
            "Part ID#": "M28W160CT90N1",
            "Part Type:": "Flash Memory",
            "Price:": "Request Quote",
            "Qty In-Stock": "Request a Quote or Call."
        },
        "url": "4starelectronics.com//15556279"
    },
    {
        "spec": {
            "Last Updated:": "11/19/2017",
            "Manufacturer:": "ORION",
            "Mfg Part#": "OD1238-48HB",
            "Part ID#": "OD123848HB",
            "Part Type:": "Fans",
            "Price:": "Request Quote",
            "Qty In-Stock": "Request a Quote or Call."
        },
        "url": "4starelectronics.com//6916054"
    },
    {
        "spec": {
            "Last Updated:": "11/19/2017",
            "Manufacturer:": "mountain switch",
            "Mfg Part#": "101-0219-EV",
            "Part ID#": "1010219EV",
            "Part Type:": "Switches",
            "Price:": "Request Quote",
            "Qty In-Stock": "Request a Quote or Call."
        },
        "url": "4starelectronics.com//2797062"
    },
    {
        "spec": {
            "Last Updated:": "11/19/2017",
            "Manufacturer:": "Mechatronics",
            "Mfg Part#": "B1232H12B-BSR",
            "Part ID#": "B1232H12BBSR",
            "Part Type:": "Fans",
            "Price:": "Request Quote",
            "Qty In-Stock": "Request a Quote or Call."
        },
        "url": "4starelectronics.com//888498"
    },
    {
        "spec": {
            "Last Updated:": "11/20/2017",
            "Manufacturer:": "QLogic",
            "Mfg Part#": "QLA2200F/66",
            "Part ID#": "QLA2200F66",
            "Part Type:": "Memory",
            "Price:": "Request Quote",
            "Qty In-Stock": "Request a Quote or Call."
        },
        "url": "4starelectronics.com//9048256"
    },
    {
        "spec": {
            "Last Updated:": "11/20/2017",
            "Manufacturer:": "Samsung Semiconductor",
            "Mfg Part#": "KM416C1204CT-45",
            "Part ID#": "KM416C1204CT45",
            "Part Type:": "Memory",
            "Price:": "Request Quote",
            "Qty In-Stock": "Request a Quote or Call."
        },
        "url": "4starelectronics.com//3096145"
    },
    {
        "spec": {
            "Last Updated:": "11/20/2017",
            "Manufacturer:": "Atmel",
            "Mfg Part#": "AT29C040A-15PC",
            "Part ID#": "AT29C040A15PC",
            "Part Type:": "Flash Memory",
            "Price:": "Request Quote",
            "Qty In-Stock": "Request a Quote or Call."
        },
        "url": "4starelectronics.com//8006953"
    },
    {
        "spec": {
            "Last Updated:": "11/20/2017",
            "Manufacturer:": "Spansion",
            "Mfg Part#": "S29AL016D70TF101",
            "Part ID#": "S29AL016D70TF101",
            "Part Type:": "Flash Memory",
            "Price:": "Request Quote",
            "Qty In-Stock": "Request a Quote or Call."
        },
        "url": "4starelectronics.com//9497538"
    },
    {
        "spec": {
            "Last Updated:": "11/20/2017",
            "Manufacturer:": "Atmel",
            "Mfg Part#": "AT29C010-12PI",
            "Part ID#": "AT29C01012PI",
            "Part Type:": "Flash Memory",
            "Price:": "Request Quote",
            "Qty In-Stock": "Request a Quote or Call."
        },
        "url": "4starelectronics.com//11561895"
    },
    {
        "spec": {
            "Last Updated:": "11/20/2017",
            "Manufacturer:": "mountain switch",
            "Mfg Part#": "101-0214-EV",
            "Part ID#": "1010214EV",
            "Part Type:": "Accessories",
            "Price:": "Request Quote",
            "Qty In-Stock": "Request a Quote or Call."
        },
        "url": "4starelectronics.com//3407728"
    },
    {
        "spec": {
            "Last Updated:": "11/20/2017",
            "Manufacturer:": "Hitachi Semiconductor",
            "Mfg Part#": "HTC426060G9AT00",
            "Part ID#": "HTC426060G9AT00",
            "Part Type:": "Unclassified",
            "Price:": "Request Quote",
            "Qty In-Stock": "Request a Quote or Call."
        },
        "url": "4starelectronics.com//11988873"
    },
    {
        "spec": {
            "Last Updated:": "11/20/2017",
            "Manufacturer:": "Atmel",
            "Mfg Part#": "AT29C040A-90JC",
            "Part ID#": "AT29C040A90JC",
            "Part Type:": "Flash Memory",
            "Price:": "Request Quote",
            "Qty In-Stock": "Request a Quote or Call."
        },
        "url": "4starelectronics.com//15284119"
    },
    {
        "spec": {
            "Last Updated:": "11/20/2017",
            "Manufacturer:": "Atmel",
            "Mfg Part#": "AT29C020-10TI",
            "Part ID#": "AT29C02010TI",
            "Part Type:": "Flash Memory",
            "Price:": "Request Quote",
            "Qty In-Stock": "Request a Quote or Call."
        },
        "url": "4starelectronics.com//1902964"
    },
    {
        "spec": {
            "Last Updated:": "11/20/2017",
            "Manufacturer:": "Advanced Micro Devices",
            "Mfg Part#": "AM29F400AB-120",
            "Part ID#": "AM29F400AB120",
            "Part Type:": "Flash Memory",
            "Price:": "Request Quote",
            "Qty In-Stock": "Request a Quote or Call."
        },
        "url": "4starelectronics.com//7974128"
    },
    {
        "spec": {
            "Last Updated:": "11/20/2017",
            "Manufacturer:": "Atmel",
            "Mfg Part#": "AT29C1024-12VC",
            "Part ID#": "AT29C102412VC",
            "Part Type:": "Flash Memory",
            "Price:": "Request Quote",
            "Qty In-Stock": "Request a Quote or Call."
        },
        "url": "4starelectronics.com//804443"
    },
    {
        "spec": {
            "Last Updated:": "11/20/2017",
            "Manufacturer:": "Atmel",
            "Mfg Part#": "AT29C020-12PC",
            "Part ID#": "AT29C02012PC",
            "Part Type:": "Flash Memory",
            "Price:": "Request Quote",
            "Qty In-Stock": "Request a Quote or Call."
        },
        "url": "4starelectronics.com//8998143"
    },
    {
        "spec": {
            "Last Updated:": "11/20/2017",
            "Manufacturer:": "Samsung Semiconductor",
            "Mfg Part#": "KM416S4020CT-GL",
            "Part ID#": "KM416S4020CTGL",
            "Part Type:": "Memory",
            "Price:": "Request Quote",
            "Qty In-Stock": "Request a Quote or Call."
        },
        "url": "4starelectronics.com//658144"
    },
    {
        "spec": {
            "Last Updated:": "11/20/2017",
            "Manufacturer:": "Advanced Micro Devices",
            "Mfg Part#": "AM29F400BT-90EC",
            "Part ID#": "AM29F400BT90EC",
            "Part Type:": "Flash Memory",
            "Price:": "Request Quote",
            "Qty In-Stock": "Request a Quote or Call."
        },
        "url": "4starelectronics.com//4426714"
    },
    {
        "spec": {
            "Last Updated:": "11/20/2017",
            "Manufacturer:": "Atmel",
            "Mfg Part#": "AT29C1024-90TC",
            "Part ID#": "AT29C102490TC",
            "Part Type:": "Flash Memory",
            "Price:": "Request Quote",
            "Qty In-Stock": "Request a Quote or Call."
        },
        "url": "4starelectronics.com//16411768"
    },
    {
        "spec": {
            "Last Updated:": "11/20/2017",
            "Manufacturer:": "mountain switch",
            "Mfg Part#": "101-0215-EV",
            "Part ID#": "1010215EV",
            "Part Type:": "Accessories",
            "Price:": "Request Quote",
            "Qty In-Stock": "Request a Quote or Call."
        },
        "url": "4starelectronics.com//3121645"
    },
    {
        "spec": {
            "Last Updated:": "11/21/2017",
            "Manufacturer:": "Atmel",
            "Mfg Part#": "AT29C512-15TC",
            "Part ID#": "AT29C51215TC",
            "Part Type:": "Flash Memory",
            "Price:": "Request Quote",
            "Qty In-Stock": "Request a Quote or Call."
        },
        "url": "4starelectronics.com//328448"
    },
    {
        "spec": {
            "Last Updated:": "11/20/2017",
            "Manufacturer:": "Atmel",
            "Mfg Part#": "AT29C010A-70TC",
            "Part ID#": "AT29C010A70TC",
            "Part Type:": "Flash Memory",
            "Price:": "Request Quote",
            "Qty In-Stock": "Request a Quote or Call."
        },
        "url": "4starelectronics.com//6899190"
    },
    {
        "spec": {
            "Last Updated:": "11/21/2017",
            "Manufacturer:": "Atmel",
            "Mfg Part#": "AT29BV020-25JC",
            "Part ID#": "AT29BV02025JC",
            "Part Type:": "Flash Memory",
            "Price:": "Request Quote",
            "Qty In-Stock": "Request a Quote or Call."
        },
        "url": "4starelectronics.com//2637020"
    },
    {
        "spec": {
            "Last Updated:": "11/21/2017",
            "Manufacturer:": "Samsung Semiconductor",
            "Mfg Part#": "K4J52324KI-JC14",
            "Part ID#": "K4J52324KIJC14",
            "Part Type:": "Memory",
            "Price:": "Request Quote",
            "Qty In-Stock": "Request a Quote or Call."
        },
        "url": "4starelectronics.com//7543259"
    },
    {
        "spec": {
            "Last Updated:": "11/21/2017",
            "Manufacturer:": "Unknown",
            "Mfg Part#": "01-11100-PH12-HP",
            "Part ID#": "0111100PH12HP",
            "Part Type:": "Unclassified",
            "Price:": "Request Quote",
            "Qty In-Stock": "Request a Quote or Call."
        },
        "url": "4starelectronics.com//16549656"
    },
    {
        "spec": {
            "Last Updated:": "11/21/2017",
            "Manufacturer:": "Compaq",
            "Mfg Part#": "201693B21",
            "Part ID#": "201693B21",
            "Part Type:": "Unclassified",
            "Price:": "Request Quote",
            "Qty In-Stock": "Request a Quote or Call."
        },
        "url": "4starelectronics.com//6437225"
    },
    {
        "spec": {
            "Last Updated:": "11/21/2017",
            "Manufacturer:": "Omron",
            "Mfg Part#": "3G2A3-PS221",
            "Part ID#": "3G2A3PS221",
            "Part Type:": "Unclassified",
            "Price:": "Request Quote",
            "Qty In-Stock": "Request a Quote or Call."
        },
        "url": "4starelectronics.com//12744992"
    },
    {
        "spec": {
            "Last Updated:": "11/21/2017",
            "Manufacturer:": "Atmel",
            "Mfg Part#": "AT29C010-15TC",
            "Part ID#": "AT29C01015TC",
            "Part Type:": "Flash Memory",
            "Price:": "Request Quote",
            "Qty In-Stock": "Request a Quote or Call."
        },
        "url": "4starelectronics.com//8053087"
    },
    {
        "spec": {
            "Last Updated:": "11/21/2017",
            "Manufacturer:": "Intel",
            "Mfg Part#": "N28F001BX-T150",
            "Part ID#": "N28F001BXT150",
            "Part Type:": "Flash Memory",
            "Price:": "Request Quote",
            "Qty In-Stock": "Request a Quote or Call."
        },
        "url": "4starelectronics.com//10837720"
    },
    {
        "spec": {
            "Last Updated:": "11/21/2017",
            "Manufacturer:": "Bourns",
            "Mfg Part#": "4309R-101-103",
            "Part ID#": "4309R101103",
            "Part Type:": "Resistors",
            "Price:": "Request Quote",
            "Qty In-Stock": "Request a Quote or Call."
        },
        "url": "4starelectronics.com//308522"
    },
    {
        "spec": {
            "Last Updated:": "11/21/2017",
            "Manufacturer:": "Orion Fans",
            "Mfg Part#": "OD6025-24HB",
            "Part ID#": "OD602524HB",
            "Part Type:": "Fans",
            "Price:": "Request Quote",
            "Qty In-Stock": "Request a Quote or Call."
        },
        "url": "4starelectronics.com//14941036"
    },
    {
        "spec": {
            "Last Updated:": "11/21/2017",
            "Manufacturer:": "Intel",
            "Mfg Part#": "E28F320J5-120",
            "Part ID#": "E28F320J5120",
            "Part Type:": "Flash Memory",
            "Price:": "Request Quote",
            "Qty In-Stock": "Request a Quote or Call."
        },
        "url": "4starelectronics.com//331359"
    },
    {
        "spec": {
            "Last Updated:": "11/21/2017",
            "Manufacturer:": "mountain switch",
            "Mfg Part#": "101-0209-EV",
            "Part ID#": "1010209EV",
            "Part Type:": "Switches",
            "Price:": "Request Quote",
            "Qty In-Stock": "Request a Quote or Call."
        },
        "url": "4starelectronics.com//4756486"
    },
    {
        "spec": {
            "Last Updated:": "11/21/2017",
            "Manufacturer:": "Atmel",
            "Mfg Part#": "AT29C512-12PC",
            "Part ID#": "AT29C51212PC",
            "Part Type:": "Flash Memory",
            "Price:": "Request Quote",
            "Qty In-Stock": "Request a Quote or Call."
        },
        "url": "4starelectronics.com//17100248"
    },
    {
        "spec": {
            "Last Updated:": "11/22/2017",
            "Manufacturer:": "Samsung Semiconductor",
            "Mfg Part#": "K9F5608U0D-PCB0",
            "Part ID#": "K9F5608U0DPCB0",
            "Part Type:": "Flash Memory",
            "Price:": "Request Quote",
            "Qty In-Stock": "Request a Quote or Call."
        },
        "url": "4starelectronics.com//9185936"
    },
    {
        "spec": {
            "Last Updated:": "11/22/2017",
            "Manufacturer:": "mountain switch",
            "Mfg Part#": "101-0621-EV",
            "Part ID#": "1010621EV",
            "Part Type:": "Switches",
            "Price:": "Request Quote",
            "Qty In-Stock": "Request a Quote or Call."
        },
        "url": "4starelectronics.com//3485637"
    },
    {
        "spec": {
            "Last Updated:": "11/22/2017",
            "Manufacturer:": "Microswitch",
            "Mfg Part#": "V3L-101-D8",
            "Part ID#": "V3L101D8",
            "Part Type:": "Switches",
            "Price:": "Request Quote",
            "Qty In-Stock": "Request a Quote or Call."
        },
        "url": "4starelectronics.com//13327241"
    },
    {
        "spec": {
            "Last Updated:": "11/22/2017",
            "Manufacturer:": "Atmel",
            "Mfg Part#": "AT29BV010A-30JC",
            "Part ID#": "AT29BV010A30JC",
            "Part Type:": "Flash Memory",
            "Price:": "Request Quote",
            "Qty In-Stock": "Request a Quote or Call."
        },
        "url": "4starelectronics.com//4531172"
    },
    {
        "spec": {
            "Last Updated:": "11/22/2017",
            "Manufacturer:": "ORION",
            "Mfg Part#": "OD8015-12HB",
            "Part ID#": "OD801512HB",
            "Part Type:": "Fans",
            "Price:": "Request Quote",
            "Qty In-Stock": "Request a Quote or Call."
        },
        "url": "4starelectronics.com//820383"
    },
    {
        "spec": {
            "Last Updated:": "11/22/2017",
            "Manufacturer:": "mountain switch",
            "Mfg Part#": "101-0216-EV",
            "Part ID#": "1010216EV",
            "Part Type:": "Accessories",
            "Price:": "Request Quote",
            "Qty In-Stock": "Request a Quote or Call."
        },
        "url": "4starelectronics.com//11413019"
    },
    {
        "spec": {
            "Last Updated:": "11/22/2017",
            "Mfg Part#": "ST3120023A",
            "Part ID#": "ST3120023A",
            "Part Type:": "Unclassified",
            "Price:": "Request Quote",
            "Qty In-Stock": "Request a Quote or Call."
        },
        "url": "4starelectronics.com//9420656"
    },
    {
        "spec": {
            "Last Updated:": "11/23/2017",
            "Manufacturer:": "Xicor",
            "Mfg Part#": "X24C00SI2.7T2",
            "Part ID#": "X24C00SI27T2",
            "Part Type:": "Memory",
            "Price:": "Request Quote",
            "Qty In-Stock": "Request a Quote or Call."
        },
        "url": "4starelectronics.com//12287961"
    },
    {
        "spec": {
            "Last Updated:": "11/23/2017",
            "Manufacturer:": "Intel",
            "Mfg Part#": "E28F640J3A120",
            "Part ID#": "E28F640J3A120",
            "Part Type:": "Flash Memory",
            "Price:": "Request Quote",
            "Qty In-Stock": "Request a Quote or Call."
        },
        "url": "4starelectronics.com//5352398"
    },
    {
        "spec": {
            "Last Updated:": "11/23/2017",
            "Manufacturer:": "Atmel",
            "Mfg Part#": "AT29C256-250DC",
            "Part ID#": "AT29C256250DC",
            "Part Type:": "Flash Memory",
            "Price:": "Request Quote",
            "Qty In-Stock": "Request a Quote or Call."
        },
        "url": "4starelectronics.com//9990348"
    },
    {
        "spec": {
            "Last Updated:": "11/23/2017",
            "Manufacturer:": "Atmel",
            "Mfg Part#": "AT29LV1024-25JC",
            "Part ID#": "AT29LV102425JC",
            "Part Type:": "Flash Memory",
            "Price:": "Request Quote",
            "Qty In-Stock": "Request a Quote or Call."
        },
        "url": "4starelectronics.com//8949848"
    },
    {
        "spec": {
            "Last Updated:": "11/23/2017",
            "Manufacturer:": "Atmel",
            "Mfg Part#": "AT29BV040A-20TI",
            "Part ID#": "AT29BV040A20TI",
            "Part Type:": "Flash Memory",
            "Price:": "Request Quote",
            "Qty In-Stock": "Request a Quote or Call."
        },
        "url": "4starelectronics.com//8349883"
    },
    {
        "spec": {
            "Last Updated:": "11/23/2017",
            "Manufacturer:": "Microdot",
            "Mfg Part#": "086-0101-00X1",
            "Part ID#": "086010100X1",
            "Part Type:": "Memory",
            "Price:": "Request Quote",
            "Qty In-Stock": "Request a Quote or Call."
        },
        "url": "4starelectronics.com//13492503"
    },
    {
        "spec": {
            "Last Updated:": "11/23/2017",
            "Manufacturer:": "Spansion",
            "Mfg Part#": "S29AL008D70TAI020",
            "Part ID#": "S29AL008D70TAI020",
            "Part Type:": "Flash Memory",
            "Price:": "Request Quote",
            "Qty In-Stock": "Request a Quote or Call."
        },
        "url": "4starelectronics.com//29405"
    },
    {
        "spec": {
            "Last Updated:": "11/23/2017",
            "Manufacturer:": "Atmel",
            "Mfg Part#": "AT29BV040A-25TC",
            "Part ID#": "AT29BV040A25TC",
            "Part Type:": "Flash Memory",
            "Price:": "Request Quote",
            "Qty In-Stock": "Request a Quote or Call."
        },
        "url": "4starelectronics.com//9299668"
    },
    {
        "spec": {
            "Last Updated:": "11/23/2017",
            "Manufacturer:": "Advanced Micro Devices",
            "Mfg Part#": "AM29F040B-120JCJ",
            "Part ID#": "AM29F040B120JCJ",
            "Part Type:": "Flash Memory",
            "Price:": "Request Quote",
            "Qty In-Stock": "Request a Quote or Call."
        },
        "url": "4starelectronics.com//14457428"
    },
    {
        "spec": {
            "Last Updated:": "11/24/2017",
            "Manufacturer:": "Bourns",
            "Mfg Part#": "4614X-101-101",
            "Part ID#": "4614X101101",
            "Part Type:": "Unclassified",
            "Price:": "Request Quote",
            "Qty In-Stock": "Request a Quote or Call."
        },
        "url": "4starelectronics.com//5855186"
    },
    {
        "spec": {
            "Last Updated:": "11/24/2017",
            "Manufacturer:": "mountain switch",
            "Mfg Part#": "101-0210-EV",
            "Part ID#": "1010210EV",
            "Part Type:": "Switches",
            "Price:": "Request Quote",
            "Qty In-Stock": "Request a Quote or Call."
        },
        "url": "4starelectronics.com//5051990"
    },
    {
        "spec": {
            "Last Updated:": "11/24/2017",
            "Manufacturer:": "Sunon",
            "Mfg Part#": "KD1208PTB2132.F.GN",
            "Part ID#": "KD1208PTB2132FGN",
            "Part Type:": "Fans",
            "Price:": "Request Quote",
            "Qty In-Stock": "Request a Quote or Call."
        },
        "url": "4starelectronics.com//12794594"
    },
    {
        "spec": {
            "Last Updated:": "11/24/2017",
            "Manufacturer:": "Atmel",
            "Mfg Part#": "AT29C010A-12JC",
            "Part ID#": "AT29C010A12JC",
            "Part Type:": "Flash Memory",
            "Price:": "Request Quote",
            "Qty In-Stock": "Request a Quote or Call."
        },
        "url": "4starelectronics.com//10063263"
    },
    {
        "spec": {
            "Last Updated:": "11/24/2017",
            "Manufacturer:": "Bourns",
            "Mfg Part#": "4308R-101-103",
            "Part ID#": "4308R101103",
            "Part Type:": "Resistors",
            "Price:": "Request Quote",
            "Qty In-Stock": "Request a Quote or Call."
        },
        "url": "4starelectronics.com//13387579"
    },
    {
        "spec": {
            "Last Updated:": "11/24/2017",
            "Manufacturer:": "Intel",
            "Mfg Part#": "N28F001BX-T120",
            "Part ID#": "N28F001BXT120",
            "Part Type:": "Flash Memory",
            "Price:": "Request Quote",
            "Qty In-Stock": "Request a Quote or Call."
        },
        "url": "4starelectronics.com//9941193"
    },
    {
        "spec": {
            "Last Updated:": "11/24/2017",
            "Mfg Part#": "308-614GY",
            "Part ID#": "308614GY",
            "Part Type:": "Unclassified",
            "Price:": "Request Quote",
            "Qty In-Stock": "Request a Quote or Call."
        },
        "url": "4starelectronics.com//14017263"
    },
    {
        "spec": {
            "Last Updated:": "11/24/2017",
            "Manufacturer:": "Hitachi Semiconductor",
            "Mfg Part#": "HDS721616PLAT80",
            "Part ID#": "HDS721616PLAT80",
            "Part Type:": "Drives",
            "Price:": "Request Quote",
            "Qty In-Stock": "Request a Quote or Call."
        },
        "url": "4starelectronics.com//13997284"
    },
    {
        "spec": {
            "Last Updated:": "11/24/2017",
            "Manufacturer:": "Samsung Semiconductor",
            "Mfg Part#": "K4S561632E-UC75",
            "Part ID#": "K4S561632EUC75",
            "Part Type:": "Memory",
            "Price:": "Request Quote",
            "Qty In-Stock": "Request a Quote or Call."
        },
        "url": "4starelectronics.com//6160135"
    },
    {
        "spec": {
            "Last Updated:": "11/24/2017",
            "Manufacturer:": "Delta",
            "Mfg Part#": "AFB0948L",
            "Part ID#": "AFB0948L",
            "Part Type:": "Fans",
            "Price:": "Request Quote",
            "Qty In-Stock": "Request a Quote or Call."
        },
        "url": "4starelectronics.com//3110538"
    },
    {
        "spec": {
            "Last Updated:": "11/24/2017",
            "Manufacturer:": "interfan",
            "Mfg Part#": "P001412D2B3",
            "Part ID#": "P001412D2B3",
            "Part Type:": "Fans",
            "Price:": "Request Quote",
            "Qty In-Stock": "Request a Quote or Call."
        },
        "url": "4starelectronics.com//11940866"
    },
    {
        "spec": {
            "Last Updated:": "11/24/2017",
            "Manufacturer:": "Unknown",
            "Mfg Part#": "101-09216",
            "Part ID#": "10109216",
            "Part Type:": "Switches",
            "Price:": "Request Quote",
            "Qty In-Stock": "Request a Quote or Call."
        },
        "url": "4starelectronics.com//12035440"
    },
    {
        "spec": {
            "Last Updated:": "11/24/2017",
            "Manufacturer:": "Sunon",
            "Mfg Part#": "B0502AFB2-8",
            "Part ID#": "B0502AFB28",
            "Part Type:": "Fans",
            "Price:": "Request Quote",
            "Qty In-Stock": "Request a Quote or Call."
        },
        "url": "4starelectronics.com//8671989"
    },
    {
        "spec": {
            "Last Updated:": "11/25/2017",
            "Manufacturer:": "Atmel",
            "Mfg Part#": "AT29BV020-15TC",
            "Part ID#": "AT29BV02015TC",
            "Part Type:": "Flash Memory",
            "Price:": "Request Quote",
            "Qty In-Stock": "Request a Quote or Call."
        },
        "url": "4starelectronics.com//6255454"
    },
    {
        "spec": {
            "Last Updated:": "11/25/2017",
            "Manufacturer:": "Atmel",
            "Mfg Part#": "AT29L323B",
            "Part ID#": "AT29L323B",
            "Part Type:": "Flash Memory",
            "Price:": "Request Quote",
            "Qty In-Stock": "Request a Quote or Call."
        },
        "url": "4starelectronics.com//16095011"
    },
    {
        "spec": {
            "Last Updated:": "11/24/2017",
            "Manufacturer:": "Samsung Semiconductor",
            "Mfg Part#": "K6T0808C1D-DL70",
            "Part ID#": "K6T0808C1DDL70",
            "Part Type:": "Memory",
            "Price:": "Request Quote",
            "Qty In-Stock": "Request a Quote or Call."
        },
        "url": "4starelectronics.com//9851260"
    },
    {
        "spec": {
            "Last Updated:": "11/25/2017",
            "Manufacturer:": "Atmel",
            "Mfg Part#": "AT29C040A-15JC",
            "Part ID#": "AT29C040A15JC",
            "Part Type:": "Flash Memory",
            "Price:": "Request Quote",
            "Qty In-Stock": "Request a Quote or Call."
        },
        "url": "4starelectronics.com//10446146"
    },
    {
        "spec": {
            "Last Updated:": "11/25/2017",
            "Manufacturer:": "mountain switch",
            "Mfg Part#": "101-0664-EV",
            "Part ID#": "1010664EV",
            "Part Type:": "Switches",
            "Price:": "Request Quote",
            "Qty In-Stock": "Request a Quote or Call."
        },
        "url": "4starelectronics.com//13946611"
    }
]