[
    {
        "spec": {
            "Last Updated:": "11/17/2017",
            "Manufacturer:": "Panduit",
            "Mfg Part#": "100-000-003",
            "Part ID#": "100000003",
            "Part Type:": "Unclassified",
            "Price:": "Request Quote",
            "Qty In-Stock": "Request a Quote or Call."
        },
        "url": "4starelectronics.com//3046858"
    },
    {
        "spec": {
            "Last Updated:": "11/18/2017",
            "Manufacturer:": "ITW",
            "Mfg Part#": "100-000-043",
            "Part ID#": "100000043",
            "Part Type:": "Connectors",
            "Price:": "Request Quote",
            "Qty In-Stock": "Request a Quote or Call."
        },
        "url": "4starelectronics.com//16127136"
    },
    {
        "spec": {
            "Last Updated:": "11/18/2017",
            "Mfg Part#": "96-LB-025-02",
            "Part ID#": "96LB02502",
            "Part Type:": "Unclassified",
            "Price:": "Request Quote",
            "Qty In-Stock": "Request a Quote or Call."
        },
        "url": "4starelectronics.com//9423818"
    },
    {
        "spec": {
            "Last Updated:": "11/19/2017",
            "Manufacturer:": "Concord Electronics",
            "Mfg Part#": "30-3120-11",
            "Part ID#": "30312011",
            "Part Type:": "Accessories",
            "Price:": "Request Quote",
            "Qty In-Stock": "Request a Quote or Call."
        },
        "url": "4starelectronics.com//15154798"
    },
    {
        "spec": {
            "Last Updated:": "11/19/2017",
            "Manufacturer:": "National Semiconductor",
            "Mfg Part#": "400-000030",
            "Part ID#": "400000030",
            "Part Type:": "Unclassified",
            "Price:": "Request Quote",
            "Qty In-Stock": "Request a Quote or Call."
        },
        "url": "4starelectronics.com//13870288"
    },
    {
        "spec": {
            "Last Updated:": "11/21/2017",
            "Mfg Part#": "CSF250-LM-5/24-5/5M-12/12",
            "Part ID#": "CSF250LM52455M1212",
            "Part Type:": "Unclassified",
            "Price:": "Request Quote",
            "Qty In-Stock": "Request a Quote or Call."
        },
        "url": "4starelectronics.com//4926927"
    },
    {
        "spec": {
            "Last Updated:": "11/22/2017",
            "Manufacturer:": "Raltron",
            "Mfg Part#": "A-12.000-18",
            "Part ID#": "A1200018",
            "Part Type:": "Unclassified",
            "Price:": "Request Quote",
            "Qty In-Stock": "Request a Quote or Call."
        },
        "url": "4starelectronics.com//10936173"
    },
    {
        "spec": {
            "Last Updated:": "11/23/2017",
            "Mfg Part#": "24-5605-030-000-829H+",
            "Part ID#": "245605030000829H",
            "Part Type:": "Unclassified",
            "Price:": "Request Quote",
            "Qty In-Stock": "Request a Quote or Call."
        },
        "url": "4starelectronics.com//8970446"
    }
]