{
    "10044760": [
        "4starelectronics.com//3046858"
    ],
    "10044842": [
        "4starelectronics.com//16127136"
    ],
    "14307587": [
        "4starelectronics.com//8970446"
    ],
    "15152818": [
        "4starelectronics.com//9423818"
    ],
    "15858581": [
        "4starelectronics.com//13870288"
    ],
    "1851632": [
        "4starelectronics.com//4926927"
    ],
    "4995165": [
        "4starelectronics.com//10936173"
    ],
    "8017196": [
        "4starelectronics.com//15154798"
    ]
}