[
    {
        "spec": {
            "Last Updated:": "11/18/2017",
            "Manufacturer:": "Amphenol",
            "Mfg Part#": "1-647168-0",
            "Part ID#": "16471680",
            "Part Type:": "Unclassified",
            "Price:": "Request Quote",
            "Qty In-Stock": "Request a Quote or Call."
        },
        "url": "4starelectronics.com//5182884"
    },
    {
        "spec": {
            "Last Updated:": "11/18/2017",
            "Manufacturer:": "ABB",
            "Mfg Part#": "0176.740.11",
            "Part ID#": "017674011",
            "Part Type:": "Unclassified",
            "Price:": "Request Quote",
            "Qty In-Stock": "Request a Quote or Call."
        },
        "url": "4starelectronics.com//1313400"
    },
    {
        "spec": {
            "Last Updated:": "11/19/2017",
            "Mfg Part#": "200348-12",
            "Part ID#": "20034812",
            "Part Type:": "Unclassified",
            "Price:": "Request Quote",
            "Qty In-Stock": "Request a Quote or Call."
        },
        "url": "4starelectronics.com//13753264"
    },
    {
        "spec": {
            "Last Updated:": "11/19/2017",
            "Manufacturer:": "Molex",
            "Mfg Part#": "15-06-0140",
            "Part ID#": "15060140",
            "Part Type:": "Connectors",
            "Price:": "Request Quote",
            "Qty In-Stock": "Request a Quote or Call."
        },
        "url": "4starelectronics.com//15913153"
    },
    {
        "spec": {
            "Last Updated:": "11/21/2017",
            "Manufacturer:": "Molex",
            "Mfg Part#": "10-01-5042",
            "Part ID#": "10015042",
            "Part Type:": "Connectors",
            "Price:": "Request Quote",
            "Qty In-Stock": "Request a Quote or Call."
        },
        "url": "4starelectronics.com//15621036"
    },
    {
        "spec": {
            "Last Updated:": "11/21/2017",
            "Mfg Part#": "SCQ-1427-1217BK-S",
            "Part ID#": "SCQ14271217BKS",
            "Part Type:": "Unclassified",
            "Price:": "Request Quote",
            "Qty In-Stock": "Request a Quote or Call."
        },
        "url": "4starelectronics.com//7958683"
    },
    {
        "spec": {
            "Last Updated:": "11/23/2017",
            "Mfg Part#": "10-01-4054",
            "Part ID#": "10014054",
            "Part Type:": "Unclassified",
            "Price:": "Request Quote",
            "Qty In-Stock": "Request a Quote or Call."
        },
        "url": "4starelectronics.com//10529055"
    },
    {
        "spec": {
            "Last Updated:": "11/23/2017",
            "Manufacturer:": "Molex",
            "Mfg Part#": "15-05-8147",
            "Part ID#": "15058147",
            "Part Type:": "Unclassified",
            "Price:": "Request Quote",
            "Qty In-Stock": "Request a Quote or Call."
        },
        "url": "4starelectronics.com//7201180"
    },
    {
        "spec": {
            "Last Updated:": "11/24/2017",
            "Mfg Part#": "10809001",
            "Part ID#": "10809001",
            "Part Type:": "Unclassified",
            "Price:": "Request Quote",
            "Qty In-Stock": "Request a Quote or Call."
        },
        "url": "4starelectronics.com//870478"
    },
    {
        "spec": {
            "Last Updated:": "11/25/2017",
            "Manufacturer:": "Molex",
            "Mfg Part#": "10161041",
            "Part ID#": "10161041",
            "Part Type:": "Unclassified",
            "Price:": "Request Quote",
            "Qty In-Stock": "Request a Quote or Call."
        },
        "url": "4starelectronics.com//12846064"
    }
]