{
    "1070299": [
        "4starelectronics.com//10529055"
    ],
    "13263800": [
        "4starelectronics.com//870478"
    ],
    "1462003": [
        "4starelectronics.com//5182884"
    ],
    "15996742": [
        "4starelectronics.com//12846064"
    ],
    "16082719": [
        "4starelectronics.com//13753264"
    ],
    "16179819": [
        "4starelectronics.com//15621036"
    ],
    "1690734": [
        "4starelectronics.com//7201180"
    ],
    "4301055": [
        "4starelectronics.com//7958683"
    ],
    "7192071": [
        "4starelectronics.com//15913153"
    ],
    "7936897": [
        "4starelectronics.com//1313400"
    ]
}