{
    "11591131": [
        "4starelectronics.com//4964366"
    ],
    "11834309": [
        "4starelectronics.com//8331517"
    ],
    "12448548": [
        "4starelectronics.com//12003981"
    ],
    "12454662": [
        "4starelectronics.com//354356"
    ],
    "13748325": [
        "4starelectronics.com//6263435"
    ],
    "14497471": [
        "4starelectronics.com//14207142"
    ],
    "2690809": [
        "4starelectronics.com//10400234"
    ],
    "5423185": [
        "4starelectronics.com//10252767"
    ],
    "671615": [
        "4starelectronics.com//1664025"
    ],
    "7314627": [
        "4starelectronics.com//7283149"
    ],
    "9580896": [
        "4starelectronics.com//106771"
    ]
}