[
    {
        "spec": {
            "Last Updated:": "11/18/2017",
            "Mfg Part#": "RC32GF116J",
            "Part ID#": "RC32GF116J",
            "Part Type:": "Unclassified",
            "Price:": "Request Quote",
            "Qty In-Stock": "Request a Quote or Call."
        },
        "url": "4starelectronics.com//12003981"
    },
    {
        "spec": {
            "Last Updated:": "11/18/2017",
            "Mfg Part#": "RC32GF136J",
            "Part ID#": "RC32GF136J",
            "Part Type:": "Unclassified",
            "Price:": "Request Quote",
            "Qty In-Stock": "Request a Quote or Call."
        },
        "url": "4starelectronics.com//354356"
    },
    {
        "spec": {
            "Last Updated:": "11/19/2017",
            "Mfg Part#": "NBSV1000",
            "Part ID#": "NBSV1000",
            "Part Type:": "Unclassified",
            "Price:": "Request Quote",
            "Qty In-Stock": "Request a Quote or Call."
        },
        "url": "4starelectronics.com//1664025"
    },
    {
        "spec": {
            "Last Updated:": "11/18/2017",
            "Manufacturer:": "Yageo",
            "Mfg Part#": "RC0603FR-07100KL",
            "Part ID#": "RC0603FR07100KL",
            "Part Type:": "Resistors",
            "Price:": "Request Quote",
            "Qty In-Stock": "Request a Quote or Call."
        },
        "url": "4starelectronics.com//8331517"
    },
    {
        "spec": {
            "Last Updated:": "11/19/2017",
            "Manufacturer:": "Molex",
            "Mfg Part#": "22-01-2205",
            "Part ID#": "22012205",
            "Part Type:": "Unclassified",
            "Price:": "Request Quote",
            "Qty In-Stock": "Request a Quote or Call."
        },
        "url": "4starelectronics.com//6263435"
    },
    {
        "spec": {
            "Last Updated:": "11/21/2017",
            "Manufacturer:": "Panasonic",
            "Mfg Part#": "MN1584532KLF",
            "Part ID#": "MN1584532KLF",
            "Part Type:": "Unclassified",
            "Price:": "Request Quote",
            "Qty In-Stock": "Request a Quote or Call."
        },
        "url": "4starelectronics.com//10252767"
    },
    {
        "spec": {
            "Last Updated:": "11/21/2017",
            "Mfg Part#": "RC0603FR-071RL",
            "Part ID#": "RC0603FR071RL",
            "Part Type:": "Unclassified",
            "Price:": "Request Quote",
            "Qty In-Stock": "Request a Quote or Call."
        },
        "url": "4starelectronics.com//10400234"
    },
    {
        "spec": {
            "Last Updated:": "11/21/2017",
            "Manufacturer:": "Panasonic",
            "Mfg Part#": "70380A08",
            "Part ID#": "70380A08",
            "Part Type:": "Unclassified",
            "Price:": "Request Quote",
            "Qty In-Stock": "Request a Quote or Call."
        },
        "url": "4starelectronics.com//7283149"
    },
    {
        "spec": {
            "Last Updated:": "11/22/2017",
            "Manufacturer:": "Panasonic",
            "Mfg Part#": "MN101C35DYC2",
            "Part ID#": "MN101C35DYC2",
            "Part Type:": "Microcontrollers",
            "Price:": "Request Quote",
            "Qty In-Stock": "Request a Quote or Call."
        },
        "url": "4starelectronics.com//106771"
    },
    {
        "spec": {
            "Last Updated:": "11/22/2017",
            "Manufacturer:": "Panasonic",
            "Mfg Part#": "MN1876478JL1",
            "Part ID#": "MN1876478JL1",
            "Part Type:": "Unclassified",
            "Price:": "Request Quote",
            "Qty In-Stock": "Request a Quote or Call."
        },
        "url": "4starelectronics.com//14207142"
    },
    {
        "spec": {
            "Last Updated:": "11/24/2017",
            "Mfg Part#": "RC42GF163J",
            "Part ID#": "RC42GF163J",
            "Part Type:": "Unclassified",
            "Price:": "Request Quote",
            "Qty In-Stock": "Request a Quote or Call."
        },
        "url": "4starelectronics.com//4964366"
    }
]