{
    "10979792": [
        "4starelectronics.com//15632055",
        "4starelectronics.com//5537791"
    ],
    "11158772": [
        "4starelectronics.com//1790345"
    ],
    "12304338": [
        "4starelectronics.com//6078183"
    ],
    "13012538": [
        "4starelectronics.com//927034"
    ],
    "14412261": [
        "4starelectronics.com//6075325"
    ],
    "6476920": [
        "4starelectronics.com//15877273"
    ],
    "7791808": [
        "4starelectronics.com//12869439"
    ],
    "9023514": [
        "4starelectronics.com//10974184",
        "4starelectronics.com//15134039"
    ],
    "9424270": [
        "4starelectronics.com//14043213"
    ]
}