[
    {
        "spec": {
            "Last Updated:": "11/17/2017",
            "Manufacturer:": "Texas Instruments",
            "Mfg Part#": "UCC383T-5",
            "Part ID#": "UCC383T5",
            "Part Type:": "Unclassified",
            "Price:": "Request Quote",
            "Qty In-Stock": "Request a Quote or Call."
        },
        "url": "4starelectronics.com//318785"
    },
    {
        "spec": {
            "Last Updated:": "11/17/2017",
            "Manufacturer:": "Texas Instruments",
            "Mfg Part#": "TL3695DR",
            "Part ID#": "TL3695DR",
            "Part Type:": "Unclassified",
            "Price:": "Request Quote",
            "Qty In-Stock": "Request a Quote or Call."
        },
        "url": "4starelectronics.com//17494611"
    },
    {
        "spec": {
            "Last Updated:": "11/17/2017",
            "Manufacturer:": "Texas Instruments",
            "Mfg Part#": "UCC3960D",
            "Part ID#": "UCC3960D",
            "Part Type:": "Unclassified",
            "Price:": "Request Quote",
            "Qty In-Stock": "Request a Quote or Call."
        },
        "url": "4starelectronics.com//3735598"
    },
    {
        "spec": {
            "Last Updated:": "11/18/2017",
            "Manufacturer:": "Texas Instruments",
            "Mfg Part#": "UC2715DP",
            "Part ID#": "UC2715DP",
            "Part Type:": "Unclassified",
            "Price:": "Request Quote",
            "Qty In-Stock": "Request a Quote or Call."
        },
        "url": "4starelectronics.com//5650372"
    },
    {
        "spec": {
            "Last Updated:": "11/18/2017",
            "Manufacturer:": "Texas Instruments",
            "Mfg Part#": "DAC7612U",
            "Part ID#": "DAC7612U",
            "Part Type:": "Unclassified",
            "Price:": "Request Quote",
            "Qty In-Stock": "Request a Quote or Call."
        },
        "url": "4starelectronics.com//15632055"
    },
    {
        "spec": {
            "Last Updated:": "11/18/2017",
            "Manufacturer:": "Microsemi",
            "Mfg Part#": "UC2843D8",
            "Part ID#": "UC2843D8",
            "Part Type:": "Unclassified",
            "Price:": "Request Quote",
            "Qty In-Stock": "Request a Quote or Call."
        },
        "url": "4starelectronics.com//15026653"
    },
    {
        "spec": {
            "Last Updated:": "11/18/2017",
            "Manufacturer:": "Texas Instruments",
            "Mfg Part#": "SN65HVD1794D",
            "Part ID#": "SN65HVD1794D",
            "Part Type:": "Unclassified",
            "Price:": "Request Quote",
            "Qty In-Stock": "Request a Quote or Call."
        },
        "url": "4starelectronics.com//16775361"
    },
    {
        "spec": {
            "Last Updated:": "11/18/2017",
            "Manufacturer:": "Texas Instruments",
            "Mfg Part#": "OPA656NB/250",
            "Part ID#": "OPA656NB250",
            "Part Type:": "Unclassified",
            "Price:": "Request Quote",
            "Qty In-Stock": "Request a Quote or Call."
        },
        "url": "4starelectronics.com//14898174"
    },
    {
        "spec": {
            "Last Updated:": "11/19/2017",
            "Manufacturer:": "Texas Instruments",
            "Mfg Part#": "SN75176BDR",
            "Part ID#": "SN75176BDR",
            "Part Type:": "Integrated Circuits",
            "Price:": "Request Quote",
            "Qty In-Stock": "Request a Quote or Call."
        },
        "url": "4starelectronics.com//3230513"
    },
    {
        "spec": {
            "Last Updated:": "11/19/2017",
            "Manufacturer:": "Harris Semiconductor",
            "Mfg Part#": "CD4536BE",
            "Part ID#": "CD4536BE",
            "Part Type:": "Unclassified",
            "Price:": "Request Quote",
            "Qty In-Stock": "Request a Quote or Call."
        },
        "url": "4starelectronics.com//13652787"
    },
    {
        "spec": {
            "Last Updated:": "11/19/2017",
            "Mfg Part#": "UCC2807D-2",
            "Part ID#": "UCC2807D2",
            "Part Type:": "Unclassified",
            "Price:": "Request Quote",
            "Qty In-Stock": "Request a Quote or Call."
        },
        "url": "4starelectronics.com//2600402"
    },
    {
        "spec": {
            "Last Updated:": "11/19/2017",
            "Manufacturer:": "Texas Instruments",
            "Mfg Part#": "OPA2343EA/250",
            "Part ID#": "OPA2343EA250",
            "Part Type:": "OP Amps",
            "Price:": "Request Quote",
            "Qty In-Stock": "Request a Quote or Call."
        },
        "url": "4starelectronics.com//11454190"
    },
    {
        "spec": {
            "Last Updated:": "11/19/2017",
            "Manufacturer:": "Texas Instruments",
            "Mfg Part#": "BQ24315EVM",
            "Part ID#": "BQ24315EVM",
            "Part Type:": "Unclassified",
            "Price:": "Request Quote",
            "Qty In-Stock": "Request a Quote or Call."
        },
        "url": "4starelectronics.com//15920219"
    },
    {
        "spec": {
            "Last Updated:": "11/19/2017",
            "Manufacturer:": "Burr Brown",
            "Mfg Part#": "ADS1250U",
            "Part ID#": "ADS1250U",
            "Part Type:": "Unclassified",
            "Price:": "Request Quote",
            "Qty In-Stock": "Request a Quote or Call."
        },
        "url": "4starelectronics.com//1790345"
    },
    {
        "spec": {
            "Last Updated:": "11/19/2017",
            "Manufacturer:": "Texas Instruments",
            "Mfg Part#": "INA2128U/1KE4",
            "Part ID#": "INA2128U1KE4",
            "Part Type:": "Unclassified",
            "Price:": "Request Quote",
            "Qty In-Stock": "Request a Quote or Call."
        },
        "url": "4starelectronics.com//13611218"
    },
    {
        "spec": {
            "Last Updated:": "11/19/2017",
            "Manufacturer:": "Texas Instruments",
            "Mfg Part#": "UCC28019AD",
            "Part ID#": "UCC28019AD",
            "Part Type:": "Unclassified",
            "Price:": "Request Quote",
            "Qty In-Stock": "Request a Quote or Call."
        },
        "url": "4starelectronics.com//7558791"
    },
    {
        "spec": {
            "Last Updated:": "11/19/2017",
            "Manufacturer:": "Burr Brown",
            "Mfg Part#": "OPA344NA/250",
            "Part ID#": "OPA344NA250",
            "Part Type:": "Unclassified",
            "Price:": "Request Quote",
            "Qty In-Stock": "Request a Quote or Call."
        },
        "url": "4starelectronics.com//17231767"
    },
    {
        "spec": {
            "Last Updated:": "11/20/2017",
            "Manufacturer:": "Unitrode",
            "Mfg Part#": "UCC2895N",
            "Part ID#": "UCC2895N",
            "Part Type:": "Unclassified",
            "Price:": "Request Quote",
            "Qty In-Stock": "Request a Quote or Call."
        },
        "url": "4starelectronics.com//3822185"
    },
    {
        "spec": {
            "Last Updated:": "11/20/2017",
            "Manufacturer:": "Unimax",
            "Mfg Part#": "M22885/9-65",
            "Part ID#": "M22885965",
            "Part Type:": "Switches",
            "Price:": "Request Quote",
            "Qty In-Stock": "Request a Quote or Call."
        },
        "url": "4starelectronics.com//8863313"
    },
    {
        "spec": {
            "Last Updated:": "11/20/2017",
            "Manufacturer:": "Analog Devices",
            "Mfg Part#": "OP-77AZ/883",
            "Part ID#": "OP77AZ883",
            "Part Type:": "OP Amps",
            "Price:": "Request Quote",
            "Qty In-Stock": "Request a Quote or Call."
        },
        "url": "4starelectronics.com//9796587"
    },
    {
        "spec": {
            "Last Updated:": "11/20/2017",
            "Manufacturer:": "Texas Instruments",
            "Mfg Part#": "ADS8321E/2K5",
            "Part ID#": "ADS8321E2K5",
            "Part Type:": "Unclassified",
            "Price:": "Request Quote",
            "Qty In-Stock": "Request a Quote or Call."
        },
        "url": "4starelectronics.com//7257016"
    },
    {
        "spec": {
            "Last Updated:": "11/21/2017",
            "Manufacturer:": "Honeywell",
            "Mfg Part#": "M22885/16-19",
            "Part ID#": "M228851619",
            "Part Type:": "Switches",
            "Price:": "Request Quote",
            "Qty In-Stock": "Request a Quote or Call."
        },
        "url": "4starelectronics.com//14380333"
    },
    {
        "spec": {
            "Last Updated:": "11/21/2017",
            "Manufacturer:": "Texas Instruments",
            "Mfg Part#": "OPA2228P",
            "Part ID#": "OPA2228P",
            "Part Type:": "Unclassified",
            "Price:": "Request Quote",
            "Qty In-Stock": "Request a Quote or Call."
        },
        "url": "4starelectronics.com//11945358"
    },
    {
        "spec": {
            "Last Updated:": "11/21/2017",
            "Manufacturer:": "Texas Instruments",
            "Mfg Part#": "ADS1254E/2K5",
            "Part ID#": "ADS1254E2K5",
            "Part Type:": "Unclassified",
            "Price:": "Request Quote",
            "Qty In-Stock": "Request a Quote or Call."
        },
        "url": "4starelectronics.com//15877273"
    },
    {
        "spec": {
            "Last Updated:": "11/21/2017",
            "Manufacturer:": "Burr Brown",
            "Mfg Part#": "DCR012405U",
            "Part ID#": "DCR012405U",
            "Part Type:": "Unclassified",
            "Price:": "Request Quote",
            "Qty In-Stock": "Request a Quote or Call."
        },
        "url": "4starelectronics.com//9772914"
    },
    {
        "spec": {
            "Last Updated:": "11/21/2017",
            "Manufacturer:": "Texas Instruments",
            "Mfg Part#": "UCC3808AN-2",
            "Part ID#": "UCC3808AN2",
            "Part Type:": "Unclassified",
            "Price:": "Request Quote",
            "Qty In-Stock": "Request a Quote or Call."
        },
        "url": "4starelectronics.com//13017554"
    },
    {
        "spec": {
            "Last Updated:": "11/21/2017",
            "Manufacturer:": "Texas Instruments",
            "Mfg Part#": "TMS320F2806PZA",
            "Part ID#": "TMS320F2806PZA",
            "Part Type:": "Unclassified",
            "Price:": "Request Quote",
            "Qty In-Stock": "Request a Quote or Call."
        },
        "url": "4starelectronics.com//12869439"
    },
    {
        "spec": {
            "Last Updated:": "11/21/2017",
            "Manufacturer:": "Texas Instruments",
            "Mfg Part#": "SN74CB3T16211DL",
            "Part ID#": "SN74CB3T16211DL",
            "Part Type:": "Unclassified",
            "Price:": "Request Quote",
            "Qty In-Stock": "Request a Quote or Call."
        },
        "url": "4starelectronics.com//15159008"
    },
    {
        "spec": {
            "Last Updated:": "11/21/2017",
            "Mfg Part#": "UCC2913D",
            "Part ID#": "UCC2913D",
            "Part Type:": "Unclassified",
            "Price:": "Request Quote",
            "Qty In-Stock": "Request a Quote or Call."
        },
        "url": "4starelectronics.com//6720430"
    },
    {
        "spec": {
            "Last Updated:": "11/22/2017",
            "Manufacturer:": "Texas Instruments",
            "Mfg Part#": "DAC7612U",
            "Part ID#": "DAC7612U",
            "Part Type:": "Unclassified",
            "Price:": "Request Quote",
            "Qty In-Stock": "Request a Quote or Call."
        },
        "url": "4starelectronics.com//5537791"
    },
    {
        "spec": {
            "Last Updated:": "11/22/2017",
            "Manufacturer:": "Burr Brown",
            "Mfg Part#": "OPA2336U",
            "Part ID#": "OPA2336U",
            "Part Type:": "OP Amps",
            "Price:": "Request Quote",
            "Qty In-Stock": "Request a Quote or Call."
        },
        "url": "4starelectronics.com//4205782"
    },
    {
        "spec": {
            "Last Updated:": "11/22/2017",
            "Manufacturer:": "Texas Instruments",
            "Mfg Part#": "UA9638CD",
            "Part ID#": "UA9638CD",
            "Part Type:": "Transistors",
            "Price:": "Request Quote",
            "Qty In-Stock": "Request a Quote or Call."
        },
        "url": "4starelectronics.com//16737009"
    },
    {
        "spec": {
            "Last Updated:": "11/22/2017",
            "Manufacturer:": "Texas Instruments",
            "Mfg Part#": "CD4025BM96",
            "Part ID#": "CD4025BM96",
            "Part Type:": "Unclassified",
            "Price:": "Request Quote",
            "Qty In-Stock": "Request a Quote or Call."
        },
        "url": "4starelectronics.com//9764896"
    },
    {
        "spec": {
            "Last Updated:": "11/22/2017",
            "Manufacturer:": "Harris Semiconductor",
            "Mfg Part#": "CD74HCT541M96",
            "Part ID#": "CD74HCT541M96",
            "Part Type:": "Integrated Circuits",
            "Price:": "Request Quote",
            "Qty In-Stock": "Request a Quote or Call."
        },
        "url": "4starelectronics.com//31867"
    },
    {
        "spec": {
            "Last Updated:": "11/22/2017",
            "Manufacturer:": "Unitrode",
            "Mfg Part#": "UC2856DW",
            "Part ID#": "UC2856DW",
            "Part Type:": "Unclassified",
            "Price:": "Request Quote",
            "Qty In-Stock": "Request a Quote or Call."
        },
        "url": "4starelectronics.com//5904942"
    },
    {
        "spec": {
            "Last Updated:": "11/22/2017",
            "Manufacturer:": "Texas Instruments",
            "Mfg Part#": "TL7726IP",
            "Part ID#": "TL7726IP",
            "Part Type:": "Unclassified",
            "Price:": "Request Quote",
            "Qty In-Stock": "Request a Quote or Call."
        },
        "url": "4starelectronics.com//11079744"
    },
    {
        "spec": {
            "Last Updated:": "11/22/2017",
            "Mfg Part#": "UC3526AN",
            "Part ID#": "UC3526AN",
            "Part Type:": "Unclassified",
            "Price:": "Request Quote",
            "Qty In-Stock": "Request a Quote or Call."
        },
        "url": "4starelectronics.com//10974184"
    },
    {
        "spec": {
            "Last Updated:": "11/23/2017",
            "Manufacturer:": "Texas Instruments",
            "Mfg Part#": "74LVTH162244ZRDR",
            "Part ID#": "74LVTH162244ZRDR",
            "Part Type:": "Unclassified",
            "Price:": "Request Quote",
            "Qty In-Stock": "Request a Quote or Call."
        },
        "url": "4starelectronics.com//455154"
    },
    {
        "spec": {
            "Last Updated:": "11/23/2017",
            "Manufacturer:": "Texas Instruments",
            "Mfg Part#": "CD4543BE",
            "Part ID#": "CD4543BE",
            "Part Type:": "Unclassified",
            "Price:": "Request Quote",
            "Qty In-Stock": "Request a Quote or Call."
        },
        "url": "4starelectronics.com//9912331"
    },
    {
        "spec": {
            "Last Updated:": "11/22/2017",
            "Manufacturer:": "Texas Instruments",
            "Mfg Part#": "LM3302DR",
            "Part ID#": "LM3302DR",
            "Part Type:": "Unclassified",
            "Price:": "Request Quote",
            "Qty In-Stock": "Request a Quote or Call."
        },
        "url": "4starelectronics.com//9882321"
    },
    {
        "spec": {
            "Last Updated:": "11/23/2017",
            "Manufacturer:": "Texas Instruments",
            "Mfg Part#": "UC2637DW",
            "Part ID#": "UC2637DW",
            "Part Type:": "Unclassified",
            "Price:": "Request Quote",
            "Qty In-Stock": "Request a Quote or Call."
        },
        "url": "4starelectronics.com//1218518"
    },
    {
        "spec": {
            "Last Updated:": "11/23/2017",
            "Manufacturer:": "Texas Instruments",
            "Mfg Part#": "UCC2808N-2",
            "Part ID#": "UCC2808N2",
            "Part Type:": "Unclassified",
            "Price:": "Request Quote",
            "Qty In-Stock": "Request a Quote or Call."
        },
        "url": "4starelectronics.com//15028326"
    },
    {
        "spec": {
            "Last Updated:": "11/23/2017",
            "Manufacturer:": "Burr Brown",
            "Mfg Part#": "ADS1286U",
            "Part ID#": "ADS1286U",
            "Part Type:": "Unclassified",
            "Price:": "Request Quote",
            "Qty In-Stock": "Request a Quote or Call."
        },
        "url": "4starelectronics.com//6138845"
    },
    {
        "spec": {
            "Last Updated:": "11/23/2017",
            "Manufacturer:": "Texas Instruments",
            "Mfg Part#": "SN74CB3Q16811DLR",
            "Part ID#": "SN74CB3Q16811DLR",
            "Part Type:": "Unclassified",
            "Price:": "Request Quote",
            "Qty In-Stock": "Request a Quote or Call."
        },
        "url": "4starelectronics.com//17195956"
    },
    {
        "spec": {
            "Last Updated:": "11/23/2017",
            "Mfg Part#": "UC3526AN",
            "Part ID#": "UC3526AN",
            "Part Type:": "Unclassified",
            "Price:": "Request Quote",
            "Qty In-Stock": "Request a Quote or Call."
        },
        "url": "4starelectronics.com//15134039"
    },
    {
        "spec": {
            "Last Updated:": "11/23/2017",
            "Manufacturer:": "Texas Instruments",
            "Mfg Part#": "OPA2227U",
            "Part ID#": "OPA2227U",
            "Part Type:": "Unclassified",
            "Price:": "Request Quote",
            "Qty In-Stock": "Request a Quote or Call."
        },
        "url": "4starelectronics.com//10116269"
    },
    {
        "spec": {
            "Last Updated:": "11/23/2017",
            "Mfg Part#": "UC3625DW",
            "Part ID#": "UC3625DW",
            "Part Type:": "Unclassified",
            "Price:": "Request Quote",
            "Qty In-Stock": "Request a Quote or Call."
        },
        "url": "4starelectronics.com//14043213"
    },
    {
        "spec": {
            "Last Updated:": "11/23/2017",
            "Manufacturer:": "Burr Brown",
            "Mfg Part#": "OPA2544T",
            "Part ID#": "OPA2544T",
            "Part Type:": "Unclassified",
            "Price:": "Request Quote",
            "Qty In-Stock": "Request a Quote or Call."
        },
        "url": "4starelectronics.com//6075325"
    },
    {
        "spec": {
            "Last Updated:": "11/23/2017",
            "Mfg Part#": "UCC283T-3",
            "Part ID#": "UCC283T3",
            "Part Type:": "Unclassified",
            "Price:": "Request Quote",
            "Qty In-Stock": "Request a Quote or Call."
        },
        "url": "4starelectronics.com//7465008"
    },
    {
        "spec": {
            "Last Updated:": "11/23/2017",
            "Manufacturer:": "Texas Instruments",
            "Mfg Part#": "BQ24064EVM005",
            "Part ID#": "BQ24064EVM005",
            "Part Type:": "Unclassified",
            "Price:": "Request Quote",
            "Qty In-Stock": "Request a Quote or Call."
        },
        "url": "4starelectronics.com//10727715"
    },
    {
        "spec": {
            "Last Updated:": "11/23/2017",
            "Manufacturer:": "Analog Devices",
            "Mfg Part#": "ADS8321E/250",
            "Part ID#": "ADS8321E250",
            "Part Type:": "Unclassified",
            "Price:": "Request Quote",
            "Qty In-Stock": "Request a Quote or Call."
        },
        "url": "4starelectronics.com//15578732"
    },
    {
        "spec": {
            "Last Updated:": "11/23/2017",
            "Manufacturer:": "Texas Instruments",
            "Mfg Part#": "SN75196DWR",
            "Part ID#": "SN75196DWR",
            "Part Type:": "Unclassified",
            "Price:": "Request Quote",
            "Qty In-Stock": "Request a Quote or Call."
        },
        "url": "4starelectronics.com//9513521"
    },
    {
        "spec": {
            "Last Updated:": "11/23/2017",
            "Manufacturer:": "Burr Brown",
            "Mfg Part#": "OPA2277P",
            "Part ID#": "OPA2277P",
            "Part Type:": "OP Amps",
            "Price:": "Request Quote",
            "Qty In-Stock": "Request a Quote or Call."
        },
        "url": "4starelectronics.com//7822570"
    },
    {
        "spec": {
            "Last Updated:": "11/24/2017",
            "Manufacturer:": "Texas Instruments",
            "Mfg Part#": "CD74HC4050M96",
            "Part ID#": "CD74HC4050M96",
            "Part Type:": "Integrated Circuits",
            "Price:": "Request Quote",
            "Qty In-Stock": "Request a Quote or Call."
        },
        "url": "4starelectronics.com//16000523"
    },
    {
        "spec": {
            "Last Updated:": "11/24/2017",
            "Manufacturer:": "Texas Instruments",
            "Mfg Part#": "74ACT11244DW",
            "Part ID#": "74ACT11244DW",
            "Part Type:": "Integrated Circuits",
            "Price:": "Request Quote",
            "Qty In-Stock": "Request a Quote or Call."
        },
        "url": "4starelectronics.com//17415634"
    },
    {
        "spec": {
            "Last Updated:": "11/24/2017",
            "Manufacturer:": "Texas Instruments",
            "Mfg Part#": "UC2825BN",
            "Part ID#": "UC2825BN",
            "Part Type:": "Unclassified",
            "Price:": "Request Quote",
            "Qty In-Stock": "Request a Quote or Call."
        },
        "url": "4starelectronics.com//6078183"
    },
    {
        "spec": {
            "Last Updated:": "11/24/2017",
            "Manufacturer:": "Bendix",
            "Mfg Part#": "10-87332-15P",
            "Part ID#": "108733215P",
            "Part Type:": "Unclassified",
            "Price:": "Request Quote",
            "Qty In-Stock": "Request a Quote or Call."
        },
        "url": "4starelectronics.com//927034"
    },
    {
        "spec": {
            "Last Updated:": "11/24/2017",
            "Manufacturer:": "National Semiconductor",
            "Mfg Part#": "UA9638CP",
            "Part ID#": "UA9638CP",
            "Part Type:": "Unclassified",
            "Price:": "Request Quote",
            "Qty In-Stock": "Request a Quote or Call."
        },
        "url": "4starelectronics.com//3250350"
    },
    {
        "spec": {
            "Last Updated:": "11/24/2017",
            "Manufacturer:": "Burr Brown",
            "Mfg Part#": "OPA2277UA/2K5",
            "Part ID#": "OPA2277UA2K5",
            "Part Type:": "Unclassified",
            "Price:": "Request Quote",
            "Qty In-Stock": "Request a Quote or Call."
        },
        "url": "4starelectronics.com//16105190"
    },
    {
        "spec": {
            "Last Updated:": "11/25/2017",
            "Manufacturer:": "Burr Brown",
            "Mfg Part#": "OPA4137U",
            "Part ID#": "OPA4137U",
            "Part Type:": "Unclassified",
            "Price:": "Request Quote",
            "Qty In-Stock": "Request a Quote or Call."
        },
        "url": "4starelectronics.com//11627751"
    },
    {
        "spec": {
            "Last Updated:": "11/25/2017",
            "Manufacturer:": "Motorola Semiconductor",
            "Mfg Part#": "SN74HC132N",
            "Part ID#": "SN74HC132N",
            "Part Type:": "Integrated Circuits",
            "Price:": "Request Quote",
            "Qty In-Stock": "Request a Quote or Call."
        },
        "url": "4starelectronics.com//6773606"
    },
    {
        "spec": {
            "Last Updated:": "11/24/2017",
            "Manufacturer:": "Motorola Semiconductor",
            "Mfg Part#": "UC3842AN",
            "Part ID#": "UC3842AN",
            "Part Type:": "Integrated Circuits",
            "Price:": "Request Quote",
            "Qty In-Stock": "Request a Quote or Call."
        },
        "url": "4starelectronics.com//918398"
    }
]