{
    "10244554": [
        "4starelectronics.com//918398"
    ],
    "10360875": [
        "4starelectronics.com//17195956"
    ],
    "10477553": [
        "4starelectronics.com//16105190"
    ],
    "10979792": [
        "4starelectronics.com//15632055",
        "4starelectronics.com//5537791"
    ],
    "11039581": [
        "4starelectronics.com//17494611"
    ],
    "11146936": [
        "4starelectronics.com//6138845"
    ],
    "11158772": [
        "4starelectronics.com//1790345"
    ],
    "11245240": [
        "4starelectronics.com//10727715"
    ],
    "11537860": [
        "4starelectronics.com//1218518"
    ],
    "11773056": [
        "4starelectronics.com//7558791"
    ],
    "11891556": [
        "4starelectronics.com//5650372"
    ],
    "12062784": [
        "4starelectronics.com//7257016"
    ],
    "12063461": [
        "4starelectronics.com//15578732"
    ],
    "12304338": [
        "4starelectronics.com//6078183"
    ],
    "12328345": [
        "4starelectronics.com//15026653"
    ],
    "12341978": [
        "4starelectronics.com//5904942"
    ],
    "12607326": [
        "4starelectronics.com//3250350"
    ],
    "12607337": [
        "4starelectronics.com//16737009"
    ],
    "12988695": [
        "4starelectronics.com//455154"
    ],
    "13012538": [
        "4starelectronics.com//927034"
    ],
    "13073231": [
        "4starelectronics.com//14380333"
    ],
    "13087704": [
        "4starelectronics.com//6773606"
    ],
    "14022615": [
        "4starelectronics.com//16000523"
    ],
    "14313439": [
        "4starelectronics.com//31867"
    ],
    "14385639": [
        "4starelectronics.com//7822570"
    ],
    "14387698": [
        "4starelectronics.com//11945358"
    ],
    "14387759": [
        "4starelectronics.com//10116269"
    ],
    "14412261": [
        "4starelectronics.com//6075325"
    ],
    "14429699": [
        "4starelectronics.com//4205782"
    ],
    "14615315": [
        "4starelectronics.com//13652787"
    ],
    "14710694": [
        "4starelectronics.com//16775361"
    ],
    "15199450": [
        "4starelectronics.com//11627751"
    ],
    "1715010": [
        "4starelectronics.com//9912331"
    ],
    "2805285": [
        "4starelectronics.com//11079744"
    ],
    "3148694": [
        "4starelectronics.com//3230513"
    ],
    "3868187": [
        "4starelectronics.com//13017554"
    ],
    "3944000": [
        "4starelectronics.com//9513521"
    ],
    "4548655": [
        "4starelectronics.com//15159008"
    ],
    "5144431": [
        "4starelectronics.com//9764896"
    ],
    "5263539": [
        "4starelectronics.com//17415634"
    ],
    "5337316": [
        "4starelectronics.com//13611218"
    ],
    "6476920": [
        "4starelectronics.com//15877273"
    ],
    "6658689": [
        "4starelectronics.com//11454190"
    ],
    "7241482": [
        "4starelectronics.com//3822185"
    ],
    "7243185": [
        "4starelectronics.com//7465008"
    ],
    "7253994": [
        "4starelectronics.com//6720430"
    ],
    "7414174": [
        "4starelectronics.com//14898174"
    ],
    "7628832": [
        "4starelectronics.com//3735598"
    ],
    "7648294": [
        "4starelectronics.com//318785"
    ],
    "7756771": [
        "4starelectronics.com//17231767"
    ],
    "7791808": [
        "4starelectronics.com//12869439"
    ],
    "7862124": [
        "4starelectronics.com//8863313"
    ],
    "8296671": [
        "4starelectronics.com//15028326"
    ],
    "8297700": [
        "4starelectronics.com//2600402"
    ],
    "8338971": [
        "4starelectronics.com//15920219"
    ],
    "8736347": [
        "4starelectronics.com//9882321"
    ],
    "9023514": [
        "4starelectronics.com//10974184",
        "4starelectronics.com//15134039"
    ],
    "9424270": [
        "4starelectronics.com//14043213"
    ],
    "9551257": [
        "4starelectronics.com//9772914"
    ],
    "9588917": [
        "4starelectronics.com//9796587"
    ]
}