[
    {
        "spec": {
            "Last Updated:": "11/19/2017",
            "Manufacturer:": "Altera Semiconductors",
            "Mfg Part#": "EP220LI-12",
            "Part ID#": "EP220LI12",
            "Part Type:": "Unclassified",
            "Price:": "Request Quote",
            "Qty In-Stock": "Request a Quote or Call."
        },
        "url": "4starelectronics.com//7265464"
    },
    {
        "spec": {
            "Last Updated:": "11/20/2017",
            "Mfg Part#": "M200X100Y7T",
            "Part ID#": "M200X100Y7T",
            "Part Type:": "Unclassified",
            "Price:": "Request Quote",
            "Qty In-Stock": "Request a Quote or Call."
        },
        "url": "4starelectronics.com//5586147"
    },
    {
        "spec": {
            "Last Updated:": "11/22/2017",
            "Manufacturer:": "Epson Electronics",
            "Mfg Part#": "SG615P-10.240MC",
            "Part ID#": "SG615P10240MC",
            "Part Type:": "Unclassified",
            "Price:": "Request Quote",
            "Qty In-Stock": "Request a Quote or Call."
        },
        "url": "4starelectronics.com//7720228"
    },
    {
        "spec": {
            "Last Updated:": "11/23/2017",
            "Mfg Part#": "10078033",
            "Part ID#": "10078033",
            "Price:": "Request Quote",
            "Qty In-Stock": "Request a Quote or Call."
        },
        "url": "4starelectronics.com//7552103"
    },
    {
        "spec": {
            "Last Updated:": "11/23/2017",
            "Mfg Part#": "166502-02",
            "Part ID#": "16650202",
            "Part Type:": "Unclassified",
            "Price:": "Request Quote",
            "Qty In-Stock": "Request a Quote or Call."
        },
        "url": "4starelectronics.com//11891476"
    },
    {
        "spec": {
            "Last Updated:": "11/24/2017",
            "Manufacturer:": "Epson Electronics",
            "Mfg Part#": "SG-615PCV-55.0000MC",
            "Part ID#": "SG615PCV550000MC",
            "Part Type:": "Unclassified",
            "Price:": "Request Quote",
            "Qty In-Stock": "Request a Quote or Call."
        },
        "url": "4starelectronics.com//17518804"
    },
    {
        "spec": {
            "Last Updated:": "11/24/2017",
            "Mfg Part#": "16087682",
            "Part ID#": "16087682",
            "Part Type:": "Unclassified",
            "Price:": "Request Quote",
            "Qty In-Stock": "Request a Quote or Call."
        },
        "url": "4starelectronics.com//4887013"
    },
    {
        "spec": {
            "Last Updated:": "11/25/2017",
            "Manufacturer:": "Teledyne Relays",
            "Mfg Part#": "601-10053",
            "Part ID#": "60110053",
            "Part Type:": "Relays",
            "Price:": "Request Quote",
            "Qty In-Stock": "Request a Quote or Call."
        },
        "url": "4starelectronics.com//4434759"
    }
]