{
    "10130861": [
        "4starelectronics.com//7720228"
    ],
    "11780963": [
        "4starelectronics.com//17518804"
    ],
    "14605064": [
        "4starelectronics.com//4887013"
    ],
    "15043484": [
        "4starelectronics.com//11891476"
    ],
    "296837": [
        "4starelectronics.com//4434759"
    ],
    "564220": [
        "4starelectronics.com//7552103"
    ],
    "6520676": [
        "4starelectronics.com//7265464"
    ],
    "9419729": [
        "4starelectronics.com//5586147"
    ]
}