[
    {
        "spec": {
            "Last Updated:": "11/18/2017",
            "Mfg Part#": "211025-001",
            "Part ID#": "211025001",
            "Part Type:": "Unclassified",
            "Price:": "Request Quote",
            "Qty In-Stock": "Request a Quote or Call."
        },
        "url": "4starelectronics.com//2069183"
    },
    {
        "spec": {
            "Last Updated:": "11/19/2017",
            "Mfg Part#": "47745-001",
            "Part ID#": "47745001",
            "Part Type:": "Unclassified",
            "Price:": "Request Quote",
            "Qty In-Stock": "Request a Quote or Call."
        },
        "url": "4starelectronics.com//11498738"
    },
    {
        "spec": {
            "Last Updated:": "11/20/2017",
            "Mfg Part#": "G6B-2214P-1-US-6001",
            "Part ID#": "G6B2214P1US6001",
            "Part Type:": "Unclassified",
            "Price:": "Request Quote",
            "Qty In-Stock": "Request a Quote or Call."
        },
        "url": "4starelectronics.com//16983000"
    }
]