[
    {
        "spec": {
            "Last Updated:": "11/18/2017",
            "Mfg Part#": "6005/6AQ5W",
            "Part ID#": "60056AQ5W",
            "Part Type:": "Tubes",
            "Price:": "Request Quote",
            "Qty In-Stock": "Request a Quote or Call."
        },
        "url": "4starelectronics.com//3552351"
    },
    {
        "spec": {
            "Last Updated:": "11/22/2017",
            "Mfg Part#": "457996-01",
            "Part ID#": "45799601",
            "Part Type:": "Unclassified",
            "Price:": "Request Quote",
            "Qty In-Stock": "Request a Quote or Call."
        },
        "url": "4starelectronics.com//8212191"
    },
    {
        "spec": {
            "Last Updated:": "11/22/2017",
            "Mfg Part#": "465425-01",
            "Part ID#": "46542501",
            "Part Type:": "Unclassified",
            "Price:": "Request Quote",
            "Qty In-Stock": "Request a Quote or Call."
        },
        "url": "4starelectronics.com//833929"
    }
]