{
    "10029892": [
        "4starelectronics.com//5040997"
    ],
    "10029895": [
        "4starelectronics.com//16166267"
    ],
    "10035712": [
        "4starelectronics.com//17042005"
    ],
    "10063115": [
        "4starelectronics.com//6515558"
    ],
    "10125741": [
        "4starelectronics.com//2474895"
    ],
    "10127892": [
        "4starelectronics.com//15952578"
    ],
    "10142299": [
        "4starelectronics.com//1744138"
    ],
    "10157694": [
        "4starelectronics.com//16062155"
    ],
    "10188360": [
        "4starelectronics.com//13393883"
    ],
    "10219826": [
        "4starelectronics.com//2367263"
    ],
    "10258693": [
        "4starelectronics.com//4421724"
    ],
    "10272356": [
        "4starelectronics.com//5579952"
    ],
    "10287226": [
        "4starelectronics.com//6975712"
    ],
    "10295622": [
        "4starelectronics.com//2774219"
    ],
    "10346064": [
        "4starelectronics.com//99358"
    ],
    "10346082": [
        "4starelectronics.com//16388978"
    ],
    "10371247": [
        "4starelectronics.com//2306309"
    ],
    "10372883": [
        "4starelectronics.com//16155709"
    ],
    "10393908": [
        "4starelectronics.com//14420635"
    ],
    "10403767": [
        "4starelectronics.com//10343174"
    ],
    "10406098": [
        "4starelectronics.com//7192935"
    ],
    "10471799": [
        "4starelectronics.com//11155230"
    ],
    "10488651": [
        "4starelectronics.com//15011540"
    ],
    "10495205": [
        "4starelectronics.com//7995804"
    ],
    "10501180": [
        "4starelectronics.com//6957399"
    ],
    "10606751": [
        "4starelectronics.com//9979340"
    ],
    "10711587": [
        "4starelectronics.com//7862689"
    ],
    "10716590": [
        "4starelectronics.com//17435688"
    ],
    "10767051": [
        "4starelectronics.com//9641019"
    ],
    "10767861": [
        "4starelectronics.com//7417820"
    ],
    "10778691": [
        "4starelectronics.com//12538727"
    ],
    "10778778": [
        "4starelectronics.com//16005213"
    ],
    "10832094": [
        "4starelectronics.com//12714036"
    ],
    "10887803": [
        "4starelectronics.com//3425817"
    ],
    "10895347": [
        "4starelectronics.com//759820"
    ],
    "10896907": [
        "4starelectronics.com//541690"
    ],
    "10898492": [
        "4starelectronics.com//438045"
    ],
    "10899027": [
        "4starelectronics.com//14044947"
    ],
    "10939352": [
        "4starelectronics.com//6090215"
    ],
    "11011193": [
        "4starelectronics.com//7894802"
    ],
    "11104872": [
        "4starelectronics.com//2612891"
    ],
    "11108331": [
        "4starelectronics.com//12380587"
    ],
    "1115648": [
        "4starelectronics.com//12765622"
    ],
    "11162876": [
        "4starelectronics.com//14649237"
    ],
    "11166192": [
        "4starelectronics.com//13728631"
    ],
    "11185581": [
        "4starelectronics.com//10291599"
    ],
    "11281520": [
        "4starelectronics.com//5667842"
    ],
    "11365223": [
        "4starelectronics.com//11672382"
    ],
    "11398984": [
        "4starelectronics.com//16813494"
    ],
    "11401763": [
        "4starelectronics.com//8687287"
    ],
    "11408018": [
        "4starelectronics.com//13402776"
    ],
    "11442073": [
        "4starelectronics.com//5606173"
    ],
    "11478872": [
        "4starelectronics.com//4425090"
    ],
    "11510067": [
        "4starelectronics.com//15281267"
    ],
    "11517863": [
        "4starelectronics.com//3647798"
    ],
    "11561763": [
        "4starelectronics.com//9960653"
    ],
    "11572915": [
        "4starelectronics.com//15814026"
    ],
    "11579623": [
        "4starelectronics.com//13771689"
    ],
    "11674529": [
        "4starelectronics.com//2905783"
    ],
    "11718774": [
        "4starelectronics.com//16486893"
    ],
    "11748570": [
        "4starelectronics.com//3712323"
    ],
    "11774515": [
        "4starelectronics.com//12343760"
    ],
    "1178686": [
        "4starelectronics.com//7071234"
    ],
    "11787931": [
        "4starelectronics.com//14895419"
    ],
    "11790199": [
        "4starelectronics.com//12523712"
    ],
    "11852066": [
        "4starelectronics.com//12289709"
    ],
    "11899275": [
        "4starelectronics.com//2583733"
    ],
    "12086187": [
        "4starelectronics.com//11318946"
    ],
    "12112984": [
        "4starelectronics.com//2642931"
    ],
    "12169564": [
        "4starelectronics.com//5946328"
    ],
    "12174794": [
        "4starelectronics.com//16131519"
    ],
    "12201349": [
        "4starelectronics.com//13535457"
    ],
    "12211737": [
        "4starelectronics.com//11850424"
    ],
    "12225507": [
        "4starelectronics.com//7701891"
    ],
    "12244856": [
        "4starelectronics.com//16893734"
    ],
    "12270275": [
        "4starelectronics.com//14641224"
    ],
    "12333765": [
        "4starelectronics.com//5812119"
    ],
    "12343583": [
        "4starelectronics.com//6292066"
    ],
    "12467603": [
        "4starelectronics.com//454822"
    ],
    "1248030": [
        "4starelectronics.com//9566826"
    ],
    "12784183": [
        "4starelectronics.com//10004921"
    ],
    "12797323": [
        "4starelectronics.com//6772767"
    ],
    "12826544": [
        "4starelectronics.com//13534287"
    ],
    "12835077": [
        "4starelectronics.com//16680308"
    ],
    "12867157": [
        "4starelectronics.com//4285814"
    ],
    "12870560": [
        "4starelectronics.com//1302333"
    ],
    "12911832": [
        "4starelectronics.com//17387974"
    ],
    "1303086": [
        "4starelectronics.com//104021"
    ],
    "13070623": [
        "4starelectronics.com//6706709"
    ],
    "13070644": [
        "4starelectronics.com//6118470"
    ],
    "13070704": [
        "4starelectronics.com//292682"
    ],
    "13071935": [
        "4starelectronics.com//13602081"
    ],
    "13073226": [
        "4starelectronics.com//17097485"
    ],
    "13073540": [
        "4starelectronics.com//14940877"
    ],
    "13073545": [
        "4starelectronics.com//7005949"
    ],
    "13073829": [
        "4starelectronics.com//11332723"
    ],
    "13085845": [
        "4starelectronics.com//11687152"
    ],
    "13152166": [
        "4starelectronics.com//899892"
    ],
    "13160682": [
        "4starelectronics.com//10051655"
    ],
    "13160719": [
        "4starelectronics.com//14183172"
    ],
    "13192238": [
        "4starelectronics.com//12837408"
    ],
    "13218893": [
        "4starelectronics.com//2911866"
    ],
    "13240207": [
        "4starelectronics.com//3140619"
    ],
    "13289404": [
        "4starelectronics.com//11674030"
    ],
    "13308996": [
        "4starelectronics.com//13576924"
    ],
    "13471606": [
        "4starelectronics.com//12405534"
    ],
    "13482231": [
        "4starelectronics.com//2581919"
    ],
    "13547039": [
        "4starelectronics.com//2761632"
    ],
    "13549856": [
        "4starelectronics.com//1848891"
    ],
    "13563488": [
        "4starelectronics.com//2038154"
    ],
    "13604419": [
        "4starelectronics.com//12879325"
    ],
    "13613463": [
        "4starelectronics.com//14675800"
    ],
    "13615092": [
        "4starelectronics.com//1768376"
    ],
    "13635011": [
        "4starelectronics.com//15245180"
    ],
    "13697447": [
        "4starelectronics.com//17256927"
    ],
    "13718732": [
        "4starelectronics.com//11751653"
    ],
    "13744733": [
        "4starelectronics.com//5056274"
    ],
    "13793676": [
        "4starelectronics.com//4184116"
    ],
    "13823643": [
        "4starelectronics.com//10281663"
    ],
    "13843875": [
        "4starelectronics.com//8576601"
    ],
    "13918795": [
        "4starelectronics.com//12412842"
    ],
    "13944097": [
        "4starelectronics.com//8741678"
    ],
    "14029338": [
        "4starelectronics.com//9579602"
    ],
    "14040499": [
        "4starelectronics.com//15190575"
    ],
    "14062188": [
        "4starelectronics.com//13040085"
    ],
    "14074337": [
        "4starelectronics.com//3436190"
    ],
    "14172827": [
        "4starelectronics.com//6413647"
    ],
    "14195986": [
        "4starelectronics.com//14368605"
    ],
    "14238584": [
        "4starelectronics.com//14300818"
    ],
    "14321553": [
        "4starelectronics.com//14874241"
    ],
    "14338249": [
        "4starelectronics.com//1899501"
    ],
    "14350792": [
        "4starelectronics.com//10662459"
    ],
    "14363388": [
        "4starelectronics.com//11341950"
    ],
    "14413650": [
        "4starelectronics.com//14628564"
    ],
    "14471963": [
        "4starelectronics.com//7495392"
    ],
    "14472970": [
        "4starelectronics.com//11662191"
    ],
    "14500446": [
        "4starelectronics.com//3024030"
    ],
    "14547797": [
        "4starelectronics.com//8466929"
    ],
    "14555295": [
        "4starelectronics.com//9761966"
    ],
    "14579953": [
        "4starelectronics.com//11891231"
    ],
    "14602877": [
        "4starelectronics.com//13936029"
    ],
    "1461336": [
        "4starelectronics.com//4271211"
    ],
    "14617749": [
        "4starelectronics.com//17115181"
    ],
    "14618236": [
        "4starelectronics.com//10526656"
    ],
    "14621628": [
        "4starelectronics.com//11592983"
    ],
    "14792687": [
        "4starelectronics.com//1376677"
    ],
    "14823033": [
        "4starelectronics.com//7345045"
    ],
    "14827498": [
        "4starelectronics.com//86451"
    ],
    "14827856": [
        "4starelectronics.com//16937545"
    ],
    "14839279": [
        "4starelectronics.com//1922223"
    ],
    "14908466": [
        "4starelectronics.com//14844425"
    ],
    "14908468": [
        "4starelectronics.com//13778036"
    ],
    "14908475": [
        "4starelectronics.com//11029465"
    ],
    "14941177": [
        "4starelectronics.com//12786585"
    ],
    "14941299": [
        "4starelectronics.com//14283533"
    ],
    "14968353": [
        "4starelectronics.com//17312966"
    ],
    "14973520": [
        "4starelectronics.com//5383672"
    ],
    "14987224": [
        "4starelectronics.com//9888964"
    ],
    "14987226": [
        "4starelectronics.com//2863383"
    ],
    "15031026": [
        "4starelectronics.com//11115725"
    ],
    "15085823": [
        "4starelectronics.com//10019186"
    ],
    "15090314": [
        "4starelectronics.com//2632742"
    ],
    "15121018": [
        "4starelectronics.com//13224033"
    ],
    "1520249": [
        "4starelectronics.com//9402447"
    ],
    "15219329": [
        "4starelectronics.com//9548417"
    ],
    "15249136": [
        "4starelectronics.com//1684695"
    ],
    "15259442": [
        "4starelectronics.com//11716166"
    ],
    "15268704": [
        "4starelectronics.com//5873931"
    ],
    "15298412": [
        "4starelectronics.com//5431655"
    ],
    "15345525": [
        "4starelectronics.com//13316300"
    ],
    "15394097": [
        "4starelectronics.com//3124445"
    ],
    "15425356": [
        "4starelectronics.com//9309641"
    ],
    "15469034": [
        "4starelectronics.com//6644624"
    ],
    "15554417": [
        "4starelectronics.com//4071325"
    ],
    "15590696": [
        "4starelectronics.com//9804756"
    ],
    "15598362": [
        "4starelectronics.com//11500073"
    ],
    "1564919": [
        "4starelectronics.com//652060"
    ],
    "15759222": [
        "4starelectronics.com//7759136"
    ],
    "15800514": [
        "4starelectronics.com//879151"
    ],
    "15808360": [
        "4starelectronics.com//4980494"
    ],
    "15824443": [
        "4starelectronics.com//12976168"
    ],
    "15827228": [
        "4starelectronics.com//9314835"
    ],
    "15834577": [
        "4starelectronics.com//8078031"
    ],
    "15885443": [
        "4starelectronics.com//6919578"
    ],
    "15898870": [
        "4starelectronics.com//12200983"
    ],
    "15925187": [
        "4starelectronics.com//181500"
    ],
    "15945826": [
        "4starelectronics.com//3074949"
    ],
    "15954090": [
        "4starelectronics.com//9235673"
    ],
    "15983586": [
        "4starelectronics.com//12853979"
    ],
    "15996042": [
        "4starelectronics.com//2062745"
    ],
    "16024257": [
        "4starelectronics.com//3472878"
    ],
    "16081149": [
        "4starelectronics.com//16047331"
    ],
    "16111305": [
        "4starelectronics.com//1535022"
    ],
    "1613112": [
        "4starelectronics.com//10908453"
    ],
    "16176401": [
        "4starelectronics.com//8849235"
    ],
    "16186855": [
        "4starelectronics.com//5529440"
    ],
    "16205887": [
        "4starelectronics.com//8613430"
    ],
    "16231462": [
        "4starelectronics.com//5878728"
    ],
    "16265527": [
        "4starelectronics.com//11657678"
    ],
    "16341266": [
        "4starelectronics.com//4171188"
    ],
    "16352687": [
        "4starelectronics.com//10874018"
    ],
    "176912": [
        "4starelectronics.com//10036524"
    ],
    "1823127": [
        "4starelectronics.com//2217686"
    ],
    "1836946": [
        "4starelectronics.com//14639793"
    ],
    "1862056": [
        "4starelectronics.com//13332464"
    ],
    "1878171": [
        "4starelectronics.com//394104"
    ],
    "1974243": [
        "4starelectronics.com//12371802"
    ],
    "1995632": [
        "4starelectronics.com//4976926"
    ],
    "2055920": [
        "4starelectronics.com//1606533"
    ],
    "2088468": [
        "4starelectronics.com//813916"
    ],
    "2120425": [
        "4starelectronics.com//11661331"
    ],
    "2124894": [
        "4starelectronics.com//10199094"
    ],
    "2129037": [
        "4starelectronics.com//15033476"
    ],
    "2137702": [
        "4starelectronics.com//962294"
    ],
    "2188027": [
        "4starelectronics.com//5030921"
    ],
    "2194100": [
        "4starelectronics.com//3819501"
    ],
    "2231171": [
        "4starelectronics.com//11847218"
    ],
    "2306100": [
        "4starelectronics.com//14558458"
    ],
    "2462743": [
        "4starelectronics.com//6262295"
    ],
    "2490789": [
        "4starelectronics.com//9401596"
    ],
    "2502014": [
        "4starelectronics.com//2054714"
    ],
    "2546490": [
        "4starelectronics.com//17548381"
    ],
    "2609600": [
        "4starelectronics.com//6836365"
    ],
    "260982": [
        "4starelectronics.com//6801566"
    ],
    "2628286": [
        "4starelectronics.com//16899881"
    ],
    "2642539": [
        "4starelectronics.com//7503320"
    ],
    "2674876": [
        "4starelectronics.com//7224644"
    ],
    "272752": [
        "4starelectronics.com//12393962"
    ],
    "2778876": [
        "4starelectronics.com//5611629"
    ],
    "2798151": [
        "4starelectronics.com//9967263"
    ],
    "2858218": [
        "4starelectronics.com//1941782"
    ],
    "2954018": [
        "4starelectronics.com//17142533"
    ],
    "2966398": [
        "4starelectronics.com//651865"
    ],
    "2973352": [
        "4starelectronics.com//193473"
    ],
    "2989765": [
        "4starelectronics.com//759463"
    ],
    "2994936": [
        "4starelectronics.com//7277957"
    ],
    "2995217": [
        "4starelectronics.com//776486"
    ],
    "3021392": [
        "4starelectronics.com//2630802"
    ],
    "3035079": [
        "4starelectronics.com//7833417"
    ],
    "3046081": [
        "4starelectronics.com//7026310"
    ],
    "305032": [
        "4starelectronics.com//11691515"
    ],
    "3060211": [
        "4starelectronics.com//2651158"
    ],
    "3132366": [
        "4starelectronics.com//5584077"
    ],
    "3256982": [
        "4starelectronics.com//8422914"
    ],
    "3318691": [
        "4starelectronics.com//5396471"
    ],
    "3381796": [
        "4starelectronics.com//15391283"
    ],
    "3421930": [
        "4starelectronics.com//663428"
    ],
    "3422693": [
        "4starelectronics.com//9359970"
    ],
    "3441942": [
        "4starelectronics.com//9667565"
    ],
    "3453435": [
        "4starelectronics.com//6137954"
    ],
    "3534578": [
        "4starelectronics.com//6757074"
    ],
    "3561892": [
        "4starelectronics.com//14672871"
    ],
    "3625851": [
        "4starelectronics.com//10990663"
    ],
    "3680566": [
        "4starelectronics.com//6318465"
    ],
    "3728375": [
        "4starelectronics.com//5030976"
    ],
    "3751710": [
        "4starelectronics.com//3977985"
    ],
    "3788536": [
        "4starelectronics.com//12996863"
    ],
    "3876315": [
        "4starelectronics.com//716407"
    ],
    "4064673": [
        "4starelectronics.com//5978374"
    ],
    "4072431": [
        "4starelectronics.com//8953241"
    ],
    "4082851": [
        "4starelectronics.com//12320563"
    ],
    "4113085": [
        "4starelectronics.com//8999776"
    ],
    "411375": [
        "4starelectronics.com//2318085"
    ],
    "4151677": [
        "4starelectronics.com//15294019"
    ],
    "4170073": [
        "4starelectronics.com//3706287"
    ],
    "4220771": [
        "4starelectronics.com//1507978"
    ],
    "4233149": [
        "4starelectronics.com//12033139"
    ],
    "4272086": [
        "4starelectronics.com//13740507"
    ],
    "4320339": [
        "4starelectronics.com//13527432"
    ],
    "4381445": [
        "4starelectronics.com//4520034"
    ],
    "4394721": [
        "4starelectronics.com//8035518"
    ],
    "4425206": [
        "4starelectronics.com//5184965"
    ],
    "4491309": [
        "4starelectronics.com//15772050"
    ],
    "4540757": [
        "4starelectronics.com//17127152"
    ],
    "467390": [
        "4starelectronics.com//14251229"
    ],
    "4691420": [
        "4starelectronics.com//3418310"
    ],
    "4754978": [
        "4starelectronics.com//15290391"
    ],
    "4769150": [
        "4starelectronics.com//1296168"
    ],
    "4898064": [
        "4starelectronics.com//13614682"
    ],
    "4922645": [
        "4starelectronics.com//4994764"
    ],
    "4922668": [
        "4starelectronics.com//9884440"
    ],
    "4922690": [
        "4starelectronics.com//10657040"
    ],
    "4944068": [
        "4starelectronics.com//11190292"
    ],
    "5011480": [
        "4starelectronics.com//7633068"
    ],
    "5014624": [
        "4starelectronics.com//2275986"
    ],
    "5065163": [
        "4starelectronics.com//4899692"
    ],
    "5076246": [
        "4starelectronics.com//6227264"
    ],
    "5095584": [
        "4starelectronics.com//14181921"
    ],
    "5096783": [
        "4starelectronics.com//5386456"
    ],
    "5104490": [
        "4starelectronics.com//14500783"
    ],
    "5152121": [
        "4starelectronics.com//8141589"
    ],
    "5187095": [
        "4starelectronics.com//3944775"
    ],
    "5191469": [
        "4starelectronics.com//4846208"
    ],
    "5213374": [
        "4starelectronics.com//15713684"
    ],
    "5225266": [
        "4starelectronics.com//8240443"
    ],
    "5225761": [
        "4starelectronics.com//11554874"
    ],
    "5313893": [
        "4starelectronics.com//16838515"
    ],
    "5347334": [
        "4starelectronics.com//5326254"
    ],
    "5362613": [
        "4starelectronics.com//5630150"
    ],
    "5478375": [
        "4starelectronics.com//16838836"
    ],
    "5537091": [
        "4starelectronics.com//6598860"
    ],
    "5538752": [
        "4starelectronics.com//10157857"
    ],
    "5541160": [
        "4starelectronics.com//9943660"
    ],
    "5567995": [
        "4starelectronics.com//13790567"
    ],
    "5595365": [
        "4starelectronics.com//1032790"
    ],
    "5601422": [
        "4starelectronics.com//15579800"
    ],
    "5617522": [
        "4starelectronics.com//3798424"
    ],
    "5628927": [
        "4starelectronics.com//11248714"
    ],
    "5632897": [
        "4starelectronics.com//7706041"
    ],
    "5639239": [
        "4starelectronics.com//13882724"
    ],
    "5717828": [
        "4starelectronics.com//12719090"
    ],
    "5722600": [
        "4starelectronics.com//6933671"
    ],
    "5731870": [
        "4starelectronics.com//595642"
    ],
    "5859390": [
        "4starelectronics.com//16863120"
    ],
    "5864212": [
        "4starelectronics.com//2154482"
    ],
    "5874678": [
        "4starelectronics.com//7341060"
    ],
    "6095581": [
        "4starelectronics.com//17528995"
    ],
    "6117757": [
        "4starelectronics.com//10880166"
    ],
    "6265580": [
        "4starelectronics.com//1338583"
    ],
    "6267207": [
        "4starelectronics.com//1286199"
    ],
    "6306951": [
        "4starelectronics.com//5268246"
    ],
    "6307386": [
        "4starelectronics.com//15623104"
    ],
    "6350200": [
        "4starelectronics.com//10839632"
    ],
    "6381662": [
        "4starelectronics.com//9818956"
    ],
    "6533998": [
        "4starelectronics.com//3494724"
    ],
    "6534001": [
        "4starelectronics.com//8871578"
    ],
    "6534034": [
        "4starelectronics.com//12144081"
    ],
    "6556400": [
        "4starelectronics.com//9163477"
    ],
    "6561812": [
        "4starelectronics.com//670565"
    ],
    "6561813": [
        "4starelectronics.com//1562854"
    ],
    "6676509": [
        "4starelectronics.com//8605993"
    ],
    "6723161": [
        "4starelectronics.com//4026970"
    ],
    "6750303": [
        "4starelectronics.com//1904311"
    ],
    "6750708": [
        "4starelectronics.com//3533245"
    ],
    "6752944": [
        "4starelectronics.com//1206744"
    ],
    "6835812": [
        "4starelectronics.com//2067680"
    ],
    "6835883": [
        "4starelectronics.com//7391938"
    ],
    "7089175": [
        "4starelectronics.com//4186598"
    ],
    "7105134": [
        "4starelectronics.com//2853645"
    ],
    "7118944": [
        "4starelectronics.com//8766741"
    ],
    "7124829": [
        "4starelectronics.com//3074990"
    ],
    "7137185": [
        "4starelectronics.com//2731738"
    ],
    "7176702": [
        "4starelectronics.com//2011670"
    ],
    "7182538": [
        "4starelectronics.com//942765"
    ],
    "7197115": [
        "4starelectronics.com//14541671"
    ],
    "7215382": [
        "4starelectronics.com//10856993"
    ],
    "7230697": [
        "4starelectronics.com//5287928"
    ],
    "7266367": [
        "4starelectronics.com//11539766"
    ],
    "7293775": [
        "4starelectronics.com//1220721"
    ],
    "7294361": [
        "4starelectronics.com//13378825"
    ],
    "7463714": [
        "4starelectronics.com//4288674"
    ],
    "7468879": [
        "4starelectronics.com//12257969"
    ],
    "7470930": [
        "4starelectronics.com//6634935"
    ],
    "7472959": [
        "4starelectronics.com//15419019"
    ],
    "7496678": [
        "4starelectronics.com//13678270"
    ],
    "7514457": [
        "4starelectronics.com//5899206"
    ],
    "7538596": [
        "4starelectronics.com//17487232"
    ],
    "7559483": [
        "4starelectronics.com//10471446"
    ],
    "7574518": [
        "4starelectronics.com//7909870"
    ],
    "7599442": [
        "4starelectronics.com//6745434"
    ],
    "7721652": [
        "4starelectronics.com//7054582"
    ],
    "7745664": [
        "4starelectronics.com//917121"
    ],
    "7779681": [
        "4starelectronics.com//1010738"
    ],
    "7906729": [
        "4starelectronics.com//17276920"
    ],
    "791197": [
        "4starelectronics.com//9119237"
    ],
    "7919540": [
        "4starelectronics.com//6259609"
    ],
    "7945544": [
        "4starelectronics.com//7599969"
    ],
    "797431": [
        "4starelectronics.com//3194785"
    ],
    "8025575": [
        "4starelectronics.com//15491146"
    ],
    "8026139": [
        "4starelectronics.com//10937987"
    ],
    "8030592": [
        "4starelectronics.com//13530898"
    ],
    "8054686": [
        "4starelectronics.com//4672867"
    ],
    "8136995": [
        "4starelectronics.com//8786472"
    ],
    "8151223": [
        "4starelectronics.com//11208249"
    ],
    "8181982": [
        "4starelectronics.com//16979009"
    ],
    "8238280": [
        "4starelectronics.com//16067767"
    ],
    "8285600": [
        "4starelectronics.com//6887629"
    ],
    "8348617": [
        "4starelectronics.com//4823287"
    ],
    "8373053": [
        "4starelectronics.com//9706573"
    ],
    "8409441": [
        "4starelectronics.com//4006023"
    ],
    "8416504": [
        "4starelectronics.com//15440492"
    ],
    "8566558": [
        "4starelectronics.com//2728728"
    ],
    "8580060": [
        "4starelectronics.com//2621299"
    ],
    "8612761": [
        "4starelectronics.com//4721386"
    ],
    "8619648": [
        "4starelectronics.com//12275216"
    ],
    "8632290": [
        "4starelectronics.com//8265915"
    ],
    "8715182": [
        "4starelectronics.com//9063349"
    ],
    "8756824": [
        "4starelectronics.com//7063395"
    ],
    "8778820": [
        "4starelectronics.com//14270234"
    ],
    "8824815": [
        "4starelectronics.com//5156939"
    ],
    "8881768": [
        "4starelectronics.com//14373370"
    ],
    "8917285": [
        "4starelectronics.com//1821386"
    ],
    "9095327": [
        "4starelectronics.com//11284875"
    ],
    "9103287": [
        "4starelectronics.com//13984934"
    ],
    "9130866": [
        "4starelectronics.com//5391935"
    ],
    "9146430": [
        "4starelectronics.com//767364"
    ],
    "9194428": [
        "4starelectronics.com//3799078"
    ],
    "9194952": [
        "4starelectronics.com//14168615"
    ],
    "9211763": [
        "4starelectronics.com//7573608"
    ],
    "9218639": [
        "4starelectronics.com//6738884"
    ],
    "9318759": [
        "4starelectronics.com//7493868"
    ],
    "9366643": [
        "4starelectronics.com//14822197"
    ],
    "943503": [
        "4starelectronics.com//1859127"
    ],
    "9447271": [
        "4starelectronics.com//13562728"
    ],
    "9570806": [
        "4starelectronics.com//15907960"
    ],
    "9616541": [
        "4starelectronics.com//16556985"
    ],
    "9718498": [
        "4starelectronics.com//540945"
    ],
    "9731730": [
        "4starelectronics.com//10434123"
    ],
    "9733966": [
        "4starelectronics.com//14727032"
    ],
    "9757706": [
        "4starelectronics.com//10176447"
    ],
    "9767531": [
        "4starelectronics.com//2497780"
    ],
    "9769759": [
        "4starelectronics.com//2236044"
    ],
    "9828972": [
        "4starelectronics.com//14013788"
    ],
    "9828984": [
        "4starelectronics.com//16710878"
    ],
    "9899323": [
        "4starelectronics.com//4951815"
    ],
    "9915707": [
        "4starelectronics.com//7421987"
    ],
    "9937296": [
        "4starelectronics.com//7832438"
    ],
    "995": [
        "4starelectronics.com//4867654"
    ]
}