{
    "1178686": [
        "4starelectronics.com//7071234"
    ],
    "1248030": [
        "4starelectronics.com//9566826"
    ],
    "1303086": [
        "4starelectronics.com//104021"
    ],
    "15031026": [
        "4starelectronics.com//11115725"
    ],
    "1823127": [
        "4starelectronics.com//2217686"
    ],
    "260982": [
        "4starelectronics.com//6801566"
    ],
    "305032": [
        "4starelectronics.com//11691515"
    ],
    "3561892": [
        "4starelectronics.com//14672871"
    ],
    "3625851": [
        "4starelectronics.com//10990663"
    ],
    "467390": [
        "4starelectronics.com//14251229"
    ],
    "5567995": [
        "4starelectronics.com//13790567"
    ],
    "5639239": [
        "4starelectronics.com//13882724"
    ],
    "7463714": [
        "4starelectronics.com//4288674"
    ],
    "8151223": [
        "4starelectronics.com//11208249"
    ],
    "8756824": [
        "4starelectronics.com//7063395"
    ],
    "9103287": [
        "4starelectronics.com//13984934"
    ],
    "9318759": [
        "4starelectronics.com//7493868"
    ]
}