{
    "11869816": [
        "4starelectronics.com//7221794"
    ],
    "12279632": [
        "4starelectronics.com//12057283"
    ],
    "12404253": [
        "4starelectronics.com//11945261"
    ],
    "1369580": [
        "4starelectronics.com//2550961"
    ],
    "13780796": [
        "4starelectronics.com//15712991"
    ],
    "1778596": [
        "4starelectronics.com//5234796"
    ],
    "3503329": [
        "4starelectronics.com//3641214"
    ],
    "8062400": [
        "4starelectronics.com//1458667"
    ],
    "8075978": [
        "4starelectronics.com//3577115"
    ],
    "8412183": [
        "4starelectronics.com//6231224"
    ]
}