[
    {
        "spec": {
            "Last Updated:": "11/19/2017",
            "Mfg Part#": "0452005.MR",
            "Part ID#": "0452005MR",
            "Part Type:": "Unclassified",
            "Price:": "Request Quote",
            "Qty In-Stock": "Request a Quote or Call."
        },
        "url": "4starelectronics.com//11945261"
    },
    {
        "spec": {
            "Last Updated:": "11/20/2017",
            "Mfg Part#": "AS-4.194304-124.194304MH",
            "Part ID#": "AS4194304124194304MH",
            "Part Type:": "Unclassified",
            "Price:": "Request Quote",
            "Qty In-Stock": "Request a Quote or Call."
        },
        "url": "4starelectronics.com//6231224"
    },
    {
        "spec": {
            "Last Updated:": "11/20/2017",
            "Mfg Part#": "101072247P",
            "Part ID#": "101072247P",
            "Price:": "Request Quote",
            "Qty In-Stock": "Request a Quote or Call."
        },
        "url": "4starelectronics.com//1458667"
    },
    {
        "spec": {
            "Last Updated:": "11/21/2017",
            "Mfg Part#": "040008000",
            "Part ID#": "040008000",
            "Price:": "Request Quote",
            "Qty In-Stock": "Request a Quote or Call."
        },
        "url": "4starelectronics.com//5234796"
    },
    {
        "spec": {
            "Last Updated:": "11/21/2017",
            "Mfg Part#": "301-15K-RC",
            "Part ID#": "30115KRC",
            "Part Type:": "Unclassified",
            "Price:": "Request Quote",
            "Qty In-Stock": "Request a Quote or Call."
        },
        "url": "4starelectronics.com//12057283"
    },
    {
        "spec": {
            "Last Updated:": "11/22/2017",
            "Mfg Part#": "315-93-124-41-0030000",
            "Part ID#": "31593124410030000",
            "Part Type:": "Unclassified",
            "Price:": "Request Quote",
            "Qty In-Stock": "Request a Quote or Call."
        },
        "url": "4starelectronics.com//3641214"
    },
    {
        "spec": {
            "Last Updated:": "11/22/2017",
            "Mfg Part#": "101072147P",
            "Part ID#": "101072147P",
            "Price:": "Request Quote",
            "Qty In-Stock": "Request a Quote or Call."
        },
        "url": "4starelectronics.com//3577115"
    },
    {
        "spec": {
            "Last Updated:": "11/23/2017",
            "Mfg Part#": "051-124-3187-220",
            "Part ID#": "0511243187220",
            "Part Type:": "Unclassified",
            "Price:": "Request Quote",
            "Qty In-Stock": "Request a Quote or Call."
        },
        "url": "4starelectronics.com//7221794"
    },
    {
        "spec": {
            "Last Updated:": "11/24/2017",
            "Mfg Part#": "RM5345-RC",
            "Part ID#": "RM5345RC",
            "Part Type:": "Unclassified",
            "Price:": "Request Quote",
            "Qty In-Stock": "Request a Quote or Call."
        },
        "url": "4starelectronics.com//15712991"
    },
    {
        "spec": {
            "Last Updated:": "11/24/2017",
            "Mfg Part#": "30027841",
            "Part ID#": "30027841",
            "Price:": "Request Quote",
            "Qty In-Stock": "Request a Quote or Call."
        },
        "url": "4starelectronics.com//2550961"
    }
]