{
    "12273058": [
        "4starelectronics.com//17081807"
    ],
    "13431832": [
        "4starelectronics.com//16142174"
    ],
    "13815060": [
        "4starelectronics.com//13257094"
    ],
    "14086459": [
        "4starelectronics.com//10988437"
    ],
    "14744897": [
        "4starelectronics.com//8285541"
    ],
    "15077459": [
        "4starelectronics.com//381588"
    ],
    "15107465": [
        "4starelectronics.com//2351037"
    ],
    "16107390": [
        "4starelectronics.com//6641947"
    ],
    "2731151": [
        "4starelectronics.com//12212819"
    ],
    "3934211": [
        "4starelectronics.com//13956232"
    ],
    "5132058": [
        "4starelectronics.com//9934314"
    ],
    "7604835": [
        "4starelectronics.com//1348208"
    ]
}