[
    {
        "spec": {
            "Last Updated:": "11/17/2017",
            "Manufacturer:": "Zilog",
            "Mfg Part#": "Z8523016VSC",
            "Part ID#": "Z8523016VSC",
            "Part Type:": "Controllers",
            "Price:": "Request Quote",
            "Qty In-Stock": "Request a Quote or Call."
        },
        "url": "4starelectronics.com//8285541"
    },
    {
        "spec": {
            "Last Updated:": "11/17/2017",
            "Manufacturer:": "Motorola Semiconductor",
            "Mfg Part#": "MC33065DW-HR2",
            "Part ID#": "MC33065DWHR2",
            "Part Type:": "Controllers",
            "Price:": "Request Quote",
            "Qty In-Stock": "Request a Quote or Call."
        },
        "url": "4starelectronics.com//13956232"
    },
    {
        "spec": {
            "Last Updated:": "11/17/2017",
            "Manufacturer:": "Texas Instruments",
            "Mfg Part#": "UC1525AJ/883B",
            "Part ID#": "UC1525AJ883B",
            "Part Type:": "Controllers",
            "Price:": "Request Quote",
            "Qty In-Stock": "Request a Quote or Call."
        },
        "url": "4starelectronics.com//6641947"
    },
    {
        "spec": {
            "Last Updated:": "11/18/2017",
            "Mfg Part#": "2011-1X02GS",
            "Part ID#": "20111X02GS",
            "Part Type:": "Controllers",
            "Price:": "Request Quote",
            "Qty In-Stock": "Request a Quote or Call."
        },
        "url": "4starelectronics.com//13257094"
    },
    {
        "spec": {
            "Last Updated:": "11/18/2017",
            "Manufacturer:": "Spectrum Controls",
            "Mfg Part#": "5012280-002",
            "Part ID#": "5012280002",
            "Part Type:": "Controllers",
            "Price:": "Request Quote",
            "Qty In-Stock": "Request a Quote or Call."
        },
        "url": "4starelectronics.com//16142174"
    },
    {
        "spec": {
            "Last Updated:": "11/18/2017",
            "Manufacturer:": "Sanken Electric",
            "Mfg Part#": "STRS6708",
            "Part ID#": "STRS6708",
            "Part Type:": "Linear Regulators",
            "Price:": "Request Quote",
            "Qty In-Stock": "Request a Quote or Call."
        },
        "url": "4starelectronics.com//17081807"
    },
    {
        "spec": {
            "Last Updated:": "11/19/2017",
            "Manufacturer:": "Zilog",
            "Mfg Part#": "Z16C3010VSC",
            "Part ID#": "Z16C3010VSC",
            "Part Type:": "Controllers",
            "Price:": "Request Quote",
            "Qty In-Stock": "Request a Quote or Call."
        },
        "url": "4starelectronics.com//12212819"
    },
    {
        "spec": {
            "Last Updated:": "11/20/2017",
            "Manufacturer:": "ON Semiconductor",
            "Mfg Part#": "NCP1216P133G",
            "Part ID#": "NCP1216P133G",
            "Part Type:": "Controllers",
            "Price:": "Request Quote",
            "Qty In-Stock": "Request a Quote or Call."
        },
        "url": "4starelectronics.com//9934314"
    },
    {
        "spec": {
            "Last Updated:": "11/21/2017",
            "Manufacturer:": "STMicroelectronics",
            "Mfg Part#": "UC2843BD1013TR",
            "Part ID#": "UC2843BD1013TR",
            "Part Type:": "Controllers",
            "Price:": "Request Quote",
            "Qty In-Stock": "Request a Quote or Call."
        },
        "url": "4starelectronics.com//1348208"
    },
    {
        "spec": {
            "Last Updated:": "11/22/2017",
            "Manufacturer:": "STMicroelectronics",
            "Mfg Part#": "L6219DSA",
            "Part ID#": "L6219DSA",
            "Part Type:": "Controllers",
            "Price:": "Request Quote",
            "Qty In-Stock": "Request a Quote or Call."
        },
        "url": "4starelectronics.com//10988437"
    },
    {
        "spec": {
            "Last Updated:": "11/23/2017",
            "Manufacturer:": "Zilog",
            "Mfg Part#": "Z8523020VSC",
            "Part ID#": "Z8523020VSC",
            "Part Type:": "Controllers",
            "Price:": "Request Quote",
            "Qty In-Stock": "Request a Quote or Call."
        },
        "url": "4starelectronics.com//381588"
    },
    {
        "spec": {
            "Last Updated:": "11/23/2017",
            "Manufacturer:": "Zilog",
            "Mfg Part#": "Z85C3008VSC",
            "Part ID#": "Z85C3008VSC",
            "Part Type:": "Controllers",
            "Price:": "Request Quote",
            "Qty In-Stock": "Request a Quote or Call."
        },
        "url": "4starelectronics.com//2351037"
    }
]