{
    "12945009": [
        "abcoffice.com//13194332"
    ],
    "13273533": [
        "abcoffice.com//10343566"
    ],
    "13273534": [
        "abcoffice.com//873674"
    ],
    "1534164": [
        "abcoffice.com//9063880"
    ],
    "15765041": [
        "abcoffice.com//5803403"
    ],
    "15885411": [
        "abcoffice.com//8755620"
    ],
    "2561710": [
        "abcoffice.com//12489995"
    ],
    "2707990": [
        "abcoffice.com//6979755"
    ],
    "2707992": [
        "abcoffice.com//10078846"
    ],
    "2708006": [
        "abcoffice.com//13535221"
    ],
    "3220685": [
        "abcoffice.com//12404533"
    ],
    "4261308": [
        "abcoffice.com//6539007"
    ],
    "5053733": [
        "abcoffice.com//16845511"
    ],
    "6327812": [
        "abcoffice.com//15167381"
    ],
    "6845746": [
        "abcoffice.com//12450117"
    ],
    "7778083": [
        "abcoffice.com//12580918"
    ],
    "9138362": [
        "abcoffice.com//2148601"
    ]
}