[
    {
        "spec": {
            "Dimensions": "--",
            "Power": "115 VAC",
            "Product Code": "SHKEMPV18",
            "Seal Length": "17.5\" ( 444 mm )",
            "Seal Width": ".25\" ( 6 mm )",
            "Shipping Weight": "60 lbs. ( 27 kg )",
            "Warranty": "Free from defects in materials and workmanship for 2 years"
        },
        "url": "abcoffice.com//2148601"
    },
    {
        "spec": {
            "Product Code": "DISSPPH40",
            "Size": "340\" (1016 mm)",
            "Weight": "3 1/3lbs (1.5kg)"
        },
        "url": "abcoffice.com//10078846"
    },
    {
        "spec": {
            "Dimensions": "--",
            "Power": "115 VAC",
            "Product Code": "SHKEGVS3100R-M",
            "Seal Length": "1/4\" (6 mm)",
            "Shipping Weight": "130 lbs. (59 kgs.)",
            "Warranty": "6 Month Limited Warranty"
        },
        "url": "abcoffice.com//12580918"
    },
    {
        "spec": {
            "Power": "120V",
            "Seal Width": ".25 in ( 6 mm )",
            "Warranty": "Free from defects in materials and workmanship for 2 years"
        },
        "url": "abcoffice.com//9063880"
    },
    {
        "spec": {
            "Dimensions": "14\" x 5\" x 3\" (356 x 127 x 76 mm)",
            "Power": "115 VAC",
            "Product Code": "SHKEDZ280A",
            "Seal Length": "Dual Line 1/16\" (2 mm)",
            "Shipping Weight": "7 lbs. (3.2 kgs.)",
            "Warranty": "6 Month Limited Warranty"
        },
        "url": "abcoffice.com//12404533"
    },
    {
        "spec": {
            "Dimensions": "26 x 12 x 8.5 in. ( 660 x 305 x 216 mm )",
            "Power": "120V",
            "Product Code": "SHKEE2000V",
            "Seal Length": "20\" ( 508 mm )",
            "Seal Width": ".25\" ( 6 mm )",
            "Shipping Weight": "44 lbs.",
            "Warranty": "Free from defects in materials and workmanship for 2 years"
        },
        "url": "abcoffice.com//8755620"
    },
    {
        "spec": {
            "Dimensions": "--",
            "Power": "115 VAC",
            "Product Code": "SHKEGVS2100R-M",
            "Seal Length": "1/4\" (6 mm)",
            "Shipping Weight": "85 lbs. (38.5 kgs.)",
            "Warranty": "6 Month Limited Warranty"
        },
        "url": "abcoffice.com//16845511"
    },
    {
        "spec": {
            "Product Code": "SHKEPRO110",
            "Shipping Weight": "6 lbs.",
            "Warranty": "1-year limited warranty"
        },
        "url": "abcoffice.com//6539007"
    },
    {
        "spec": {
            "Product Code": "DISSPPH20",
            "Size": "20\" (508 mm)",
            "Weight": "2lbs (.9kg)"
        },
        "url": "abcoffice.com//6979755"
    },
    {
        "spec": {
            "Dimensions": "18.5\" x 13\" x 7\" (470mm x 330mm x 178mm)",
            "Power": "115V / 4A",
            "Product Code": "SHKEMINI2010",
            "Seal Length": "16.5\" (419 mm)",
            "Seal Width": "--",
            "Shipping Weight": "45 lbs. (20 kg)",
            "Warranty": "1 year parts only"
        },
        "url": "abcoffice.com//5803403"
    },
    {
        "spec": {
            "Dimensions": "26 x 12 x 8.5 in. ( 660 x 305 x 216 mm )",
            "Power": "120V",
            "Product Code": "SHKET2000G",
            "Seal Length": "20\" ( 508 mm )",
            "Seal Width": ".25\" ( 6 mm )",
            "Shipping Weight": "39 lbs. ( 17.7 kg )",
            "Warranty": "Free from defects in materials and workmanship for 2 years"
        },
        "url": "abcoffice.com//13194332"
    },
    {
        "spec": {
            "Dimensions": "--",
            "Power": "120 V",
            "Product Code": "SHKEVV1600",
            "Seal Length": "15.5 in. ( 394 mm )",
            "Seal Width": ".25 in ( 6 mm )",
            "Shipping Weight": "approx. 52 lbs. ( 22.6 kg )",
            "Warranty": "Free from defects in materials and workmanship for 2 years"
        },
        "url": "abcoffice.com//12450117"
    },
    {
        "spec": {
            "Dimensions": "14.6\" x 6\" x 3.2\" (371mm x 152mm x 81mm)",
            "Power": "120V / 60Hz",
            "Product Code": "SHKEFS500",
            "Seal Length": "Max Seal: 11\" (279mm) wide",
            "Seal Width": "2mm thick",
            "Shipping Weight": "6 lbs.",
            "Warranty": "One Year"
        },
        "url": "abcoffice.com//15167381"
    },
    {
        "spec": {
            "Product Code": "DISSPF438",
            "Size": "4 3/8\" x 2 7/8\" (111 mm x 73 mm)",
            "Weight": "2lbs (.9kg)"
        },
        "url": "abcoffice.com//12489995"
    },
    {
        "spec": {
            "Product Code": "DISSPPH30",
            "Size": "30\" (762 mm)",
            "Weight": "3lbs (1.4kg)"
        },
        "url": "abcoffice.com//13535221"
    },
    {
        "spec": {
            "Dimensions": "14\" x 5\" x 3\" (356 x 127 x 76 mm)",
            "Power": "115 VAC",
            "Product Code": "SHKEDZ2802SE",
            "Seal Length": "1/8\" (4 mm)",
            "Shipping Weight": "8 lbs. (3.6 kgs.)",
            "Warranty": "6 Month Limited Warranty"
        },
        "url": "abcoffice.com//10343566"
    },
    {
        "spec": {
            "Dimensions": "14\" x 5\" x 3\" (356 x 127 x 76 mm)",
            "Power": "115 VAC",
            "Product Code": "SHKEDZ2802SD",
            "Seal Length": "1/8\" (4 mm)",
            "Shipping Weight": "8 lbs. (3.6 kgs.)",
            "Warranty": "6 Month Limited Warranty"
        },
        "url": "abcoffice.com//873674"
    }
]