[
    {
        "spec": {
            "Product Code": "WHSEPP615402",
            "Shipping Weight": "275 lbs. **Must Ship Via Truck Class 92.5",
            "Warranty": "Free from defects in materials and workmanship for 2 years"
        },
        "url": "abcoffice.com//13791510"
    },
    {
        "spec": {
            "Product Code": "WHSEPP620405",
            "Shipping Weight": "285 lbs. **Must Ship Via Truck Class 92.5",
            "Warranty": "Free from defects in materials and workmanship for 2 years"
        },
        "url": "abcoffice.com//26225"
    },
    {
        "spec": {
            "Product Code": "SHKEAIE400BO",
            "Shipping Weight": "32 lbs.",
            "Warranty": "90 Day Parts Only"
        },
        "url": "abcoffice.com//11712032"
    }
]