{
    "10054365": [
        "abcoffice.com//4527838"
    ],
    "10382403": [
        "abcoffice.com//1681807"
    ],
    "10382439": [
        "abcoffice.com//3958150"
    ],
    "10477990": [
        "abcoffice.com//8327986"
    ],
    "108521": [
        "abcoffice.com//2071491"
    ],
    "10919206": [
        "abcoffice.com//11107962"
    ],
    "109538": [
        "abcoffice.com//9034501"
    ],
    "11020663": [
        "abcoffice.com//3329483"
    ],
    "11193095": [
        "abcoffice.com//12185340"
    ],
    "11472846": [
        "abcoffice.com//986786"
    ],
    "11517277": [
        "abcoffice.com//5374825"
    ],
    "1154868": [
        "abcoffice.com//766541"
    ],
    "11587979": [
        "abcoffice.com//9253550"
    ],
    "11588015": [
        "abcoffice.com//5154096"
    ],
    "11588194": [
        "abcoffice.com//12505062",
        "abcoffice.com//15918864"
    ],
    "11589346": [
        "abcoffice.com//15213163"
    ],
    "11958112": [
        "abcoffice.com//14742755"
    ],
    "12073566": [
        "abcoffice.com//1049491"
    ],
    "12076607": [
        "abcoffice.com//7477296"
    ],
    "12076617": [
        "abcoffice.com//7740113"
    ],
    "12076630": [
        "abcoffice.com//11277199"
    ],
    "12086610": [
        "abcoffice.com//2979069"
    ],
    "12087881": [
        "abcoffice.com//7134713"
    ],
    "12087882": [
        "abcoffice.com//6681342"
    ],
    "12087883": [
        "abcoffice.com//12876728"
    ],
    "12087884": [
        "abcoffice.com//6038639"
    ],
    "12190285": [
        "abcoffice.com//10593818"
    ],
    "12190447": [
        "abcoffice.com//16615804"
    ],
    "12486299": [
        "abcoffice.com//15362926"
    ],
    "12649740": [
        "abcoffice.com//7959377"
    ],
    "12649841": [
        "abcoffice.com//2600507"
    ],
    "12653063": [
        "abcoffice.com//3049719"
    ],
    "12685991": [
        "abcoffice.com//7501371"
    ],
    "13116733": [
        "abcoffice.com//14108700"
    ],
    "13600429": [
        "abcoffice.com//10009110"
    ],
    "13766236": [
        "abcoffice.com//12384382"
    ],
    "13775123": [
        "abcoffice.com//3215259"
    ],
    "13779976": [
        "abcoffice.com//5325732"
    ],
    "13780114": [
        "abcoffice.com//7785343"
    ],
    "13781168": [
        "abcoffice.com//2081475"
    ],
    "13798651": [
        "abcoffice.com//13177651"
    ],
    "13801468": [
        "abcoffice.com//4531951"
    ],
    "13801470": [
        "abcoffice.com//650106"
    ],
    "13882469": [
        "abcoffice.com//11257438"
    ],
    "13903223": [
        "abcoffice.com//12787362"
    ],
    "13912066": [
        "abcoffice.com//15227650"
    ],
    "14021226": [
        "abcoffice.com//13631481"
    ],
    "14599135": [
        "abcoffice.com//2500602"
    ],
    "1539981": [
        "abcoffice.com//11884715"
    ],
    "15544144": [
        "abcoffice.com//11306576"
    ],
    "15761377": [
        "abcoffice.com//15342226"
    ],
    "15969799": [
        "abcoffice.com//6066499"
    ],
    "162681": [
        "abcoffice.com//16381413"
    ],
    "1676946": [
        "abcoffice.com//2564576"
    ],
    "1844519": [
        "abcoffice.com//14555875"
    ],
    "1974784": [
        "abcoffice.com//9850773"
    ],
    "2968559": [
        "abcoffice.com//1174771"
    ],
    "3040451": [
        "abcoffice.com//2731397"
    ],
    "3352230": [
        "abcoffice.com//16638128"
    ],
    "3753325": [
        "abcoffice.com//15628936"
    ],
    "3762343": [
        "abcoffice.com//11689059"
    ],
    "383924": [
        "abcoffice.com//3415273"
    ],
    "4153415": [
        "abcoffice.com//13726245"
    ],
    "4210011": [
        "abcoffice.com//7961271"
    ],
    "4488331": [
        "abcoffice.com//99795"
    ],
    "4756848": [
        "abcoffice.com//15275077"
    ],
    "491934": [
        "abcoffice.com//12015279"
    ],
    "5051615": [
        "abcoffice.com//13922550"
    ],
    "5083490": [
        "abcoffice.com//8861005"
    ],
    "5407660": [
        "abcoffice.com//12177222"
    ],
    "5452824": [
        "abcoffice.com//12056884"
    ],
    "5501943": [
        "abcoffice.com//14308383"
    ],
    "554222": [
        "abcoffice.com//16999470"
    ],
    "5543307": [
        "abcoffice.com//16443814"
    ],
    "5797145": [
        "abcoffice.com//3473437"
    ],
    "5870108": [
        "abcoffice.com//9569283"
    ],
    "5901318": [
        "abcoffice.com//3380563"
    ],
    "6040792": [
        "abcoffice.com//13680018"
    ],
    "6040793": [
        "abcoffice.com//8379222"
    ],
    "6040794": [
        "abcoffice.com//16706465"
    ],
    "6040795": [
        "abcoffice.com//514890"
    ],
    "6040797": [
        "abcoffice.com//12266988"
    ],
    "6306834": [
        "abcoffice.com//3261436"
    ],
    "6323270": [
        "abcoffice.com//385546"
    ],
    "6621283": [
        "abcoffice.com//5918177"
    ],
    "7031826": [
        "abcoffice.com//3438806"
    ],
    "7078924": [
        "abcoffice.com//9325255"
    ],
    "7132899": [
        "abcoffice.com//3099374"
    ],
    "7562509": [
        "abcoffice.com//8009639"
    ],
    "7605189": [
        "abcoffice.com//4225044"
    ],
    "7731489": [
        "abcoffice.com//8240310"
    ],
    "7770211": [
        "abcoffice.com//16212619"
    ],
    "77859": [
        "abcoffice.com//9213698"
    ],
    "7836917": [
        "abcoffice.com//14677257"
    ],
    "7877787": [
        "abcoffice.com//13574125"
    ],
    "8492921": [
        "abcoffice.com//3767313"
    ],
    "8525128": [
        "abcoffice.com//14095422"
    ],
    "8526964": [
        "abcoffice.com//11976813"
    ],
    "8827677": [
        "abcoffice.com//13189257"
    ],
    "8871808": [
        "abcoffice.com//1446249"
    ],
    "8994556": [
        "abcoffice.com//6472799"
    ],
    "9222572": [
        "abcoffice.com//2666327"
    ],
    "9243643": [
        "abcoffice.com//10014293"
    ],
    "9272591": [
        "abcoffice.com//1201245"
    ],
    "932142": [
        "abcoffice.com//13690395"
    ],
    "9620928": [
        "abcoffice.com//11409688"
    ]
}