[
    {
        "spec": {
            "Accepts Paper Clips / Staples": "No",
            "Auto On/Off": "Yes",
            "Auto Reverse": "No",
            "Cutting Block Warranty": "5 years",
            "Security Level": "5",
            "Shred Size": "1/32\" x 7/16\" (.79 x 11.11 mm)",
            "Shredder Warranty": "Click here for warranty information"
        },
        "url": "abcoffice.com//16381413"
    },
    {
        "spec": {
            "Dimensions": "23.62\" x 18.9\" x 36.61\" (599.95 x 480.06 x 929.89 mm)",
            "Feed Opening": "16\" (406.4 mm)",
            "Security Level": "3",
            "Shred Speed": "22 ft./min. (6.71 m./min.)",
            "Warranty": "Click here for warranty information"
        },
        "url": "abcoffice.com//12015279"
    },
    {
        "spec": {
            "Accepted Paper Sizes": "4.5\" x 8.25\" to 13\" x 19\" (114mm x 209mm to 330 x 482mm)",
            "Accepted Paper Types": "Glossy Finish and Non-Glossy Finish",
            "Accepted Paper Weights": "16 to 80 lbs",
            "Additional Features": "Optional Micro-Perforator, and Scorer",
            "Dimensions (L,W,H)": "24\" x 49\" x 23\" (61cm x 124cm x 584cm)",
            "Fold Types": "6 presets - Letter fold, Z fold, Single fold, Gate fold, Double Parallel fold, Half Accordion fold",
            "Folding Speed": "15,000 sheets/hour (may vary due to variations in paper and power supply)",
            "Input Capacity": "Up to 500 sheets, 20 lbs, bond",
            "Jam Detection": "Yes",
            "Page Counter": "4-digit counter",
            "Paper Feed": "Automatic",
            "Power Requirements": "120 V, 60 Hz",
            "Product Code": "FOLE1500S",
            "Setup": "Automatic",
            "Shipping Weight": "189 lbs. (86 kgs) Must Ship Via Truck - Class 85",
            "Warranty": "1 year limited warranty, excluding wearables"
        },
        "url": "abcoffice.com//14095422"
    },
    {
        "spec": {
            "Dimensions": "8.75\" x 13.5\" x 21\" (222mm x 343mm x 533mm)",
            "Feed Opening": "8.75\" (222mm)",
            "Model": "Strip Cut",
            "Product Code": "SHDED2270SC",
            "Security Level": "2",
            "Sheet Capacity": "10-12 Sheets",
            "Shipping Weight": "32 lbs. (14.5 kgs.)",
            "Shred Size": "3/16\" (4mm)",
            "Shredder Speed": "12 ft./min.",
            "Warranty": "Lifetime warranty on the cutting shafts"
        },
        "url": "abcoffice.com//11107962"
    },
    {
        "spec": {
            "Dimensions": "11.25D x 14W x 27.5H inches",
            "Feed Opening": "8 3/4\"",
            "Model": "Cross Cut",
            "Product Code": "SHDESBS12C",
            "Security Level": "3",
            "Sheet Capacity": "12 sheets",
            "Shipping Weight": "30 lbs.",
            "Shred Size": "5/32 x 1 3/8 inch",
            "Shredder Speed": "--",
            "Warranty": "2 Year Limited"
        },
        "url": "abcoffice.com//16615804"
    },
    {
        "spec": {
            "Dimensions": "20\"W x 20\"D x 34\"\"H (508 x 508 x 864 mm)",
            "Feed Opening": "12.2\"",
            "Shipping Weight": "178 lbs. (80.7 kg.) Ships via Truck",
            "Warranty": "10-year limited on cross-cut and strip cut cutting head (wheels/shafts only) and 1-year on all other parts (excluding wearables)"
        },
        "url": "abcoffice.com//3415273"
    },
    {
        "spec": {
            "Dimensions": "22.25\" x 15.5\" x 11.25\"\u00a0(565mm x 394mm x 286mm)",
            "Feed Opening": "9\" (229mm)",
            "Model": "Cross Cut",
            "Product Code": "SHDEF3011001",
            "Security Level": "3",
            "Sheet Capacity": "11 Sheets",
            "Shipping Weight": "30 lbs. (13.6 kgs.)",
            "Shred Size": "5/32\" x 1 3/8''\u00a0 (4mm x 35mm)",
            "Shredder Speed": "12 feet per minute",
            "Warranty": "5 Years"
        },
        "url": "abcoffice.com//13631481"
    },
    {
        "spec": {
            "Product Code": "P-FOLEDF1200",
            "Shipping Weight": "180 lbs.** Must Ship Via Truck Class 85",
            "Warranty": "90 day"
        },
        "url": "abcoffice.com//14742755"
    },
    {
        "spec": {
            "Feed Opening": "9.2\" (234mm)",
            "Model": "Cross-Cut",
            "Product Code": "SHDEKPLUS1CC4",
            "Security Level": "3",
            "Sheet Capacity": "Up to 14",
            "Shipping Weight": "35 lbs. (15.9 kgs)",
            "Shred Size": "1/8\" x 1 5/8\" (4.2mm x 41.3mm)",
            "Shredder Speed": "7 ft/min.",
            "Warranty": "Click here for warranty information"
        },
        "url": "abcoffice.com//11257438"
    },
    {
        "spec": {
            "Dimensions": "10\"l x 7\"w x 7 3/8\"h",
            "Power": "115V",
            "Warranty": "90-day warranty, does not include consumable parts, labor, and shipping."
        },
        "url": "abcoffice.com//11884715"
    },
    {
        "spec": {
            "Dimensions": "7 1/4\"h x 4 9/16\"w x 10\"w",
            "Power": "115V 60 Hz",
            "Warranty": "90-day warranty, does not include consumable parts, labor, and shipping."
        },
        "url": "abcoffice.com//986786"
    },
    {
        "spec": {
            "Dimensions": "24in x 20in x 35in",
            "Feed Opening": "16in",
            "Product Code": "SHDEFFD8502CC",
            "Security Level": "level 3",
            "Shipping Weight": "242 lbs.** Must Ship Via Truck Class 92.5",
            "Shred Capacity": "23-25 sheets",
            "Shred Size": "5/32in x 1 1/5",
            "Speed": "Up to 35 fpm",
            "Weight": "242 lds"
        },
        "url": "abcoffice.com//16212619"
    },
    {
        "spec": {
            "Accepted Paper Sizes": "2.5\" x 5.2\" to 12\" x 18\" (63 x 132mm to 305 x 457mm)",
            "Accepted Paper Types": "Non-Glossy Finish",
            "Accepted Paper Weights": "18 lb. bond to 90 lb. index",
            "Additional Features": "Capable of feeding a wide range of paper weights WITHOUT having to adjust the feed system. Fully enclosed manually adjusted fold tables for quieter operation and improved operator safety.",
            "Dimensions (L,W,H)": "43.2\" x 22.2\" x 17.8\" (109 x 56 x 45cm)",
            "Fold Types": "C, V, Z, Gate, Half Accordion, Double Parallel and Church folds",
            "Folding Speed": "Variable speed ranges from 5,000 to 12,000 sheets per hour",
            "Input Capacity": "500 Sheets of 20# Paper",
            "Page Counter": "No",
            "Paper Feed": "Automatic",
            "Power Requirements": "115 VAC, 60 HZ",
            "Product Code": "FOLE1812",
            "Setup": "Manual",
            "Shipping Weight": "102 lbs. (46.3 kgs.) Must Ship Truck Freight Class 85",
            "Volume Rating": "Medium",
            "Warranty": "Martin Yale warrants all component parts of its products to be free of manufacturing defects for a period of one year from the date of purchase by the user.\u00a0"
        },
        "url": "abcoffice.com//14108700"
    },
    {
        "spec": {
            "Accepts Paper Clips / Staples": "No",
            "Auto On / Off": "Yes",
            "Auto Reverse": "Yes",
            "Bag Full Auto Off": "Yes",
            "Cutting Block Warranty": "Lifetime guarantee",
            "Dimensions": "34 1/2\" x 29\" x 20\"",
            "Feed Opening": "12\"",
            "Motor": "1.2 HP",
            "Product Code": "SHDEH40534",
            "Security Level": "Level 6 ( P-7 )",
            "Shipping Weight": "195 lbs. *Must Ship Via Truck",
            "Shred Capacity": "Up to 12 sheets",
            "Shred Size": "1mm x 4.7mm",
            "Shredder Speed": "232 feet per minute",
            "Warranty": "2 year warranty",
            "Waste Volume": "38 gal"
        },
        "url": "abcoffice.com//3380563"
    },
    {
        "spec": {
            "Accepted Paper Sizes": "2.36\" x 2.76\" - 11.82\" x 17.73\" (60x70mm - 300x450mm)",
            "Accepted Paper Types": "Non-Glossy Finish",
            "Accepted Paper Weights": "13# Bond to 83# Index (45 gsm to 150 gsm)",
            "Additional Features": "N/A",
            "Dimensions (L,W,H)": "41.5\" x 20.3\" x 475\" (1,055mm x 515mm x 475mm)",
            "Fold Types": "16 fold types possible, including the single fold, half accordion fold , double parallel fold, Z fold, letter fold and gate fold.",
            "Folding Speed": "12,000 pieces/hr for 80#, A4 size, Single Fold",
            "Input Capacity": "Up to 500 Sheets",
            "Page Counter": "Yes",
            "Paper Feed": "Automatic",
            "Power Requirements": "110V 60 Hz",
            "Product Code": "FOLEIF304VC",
            "Setup": "Manual",
            "Shipping Weight": "124 lbs.",
            "Volume Rating": "High",
            "Warranty": "1 Year Limited"
        },
        "url": "abcoffice.com//7961271"
    },
    {
        "spec": {
            "Dimensions": "36.9\" x 21.7\" x 21.7\" (937 x 550 x 550mm)",
            "Feed Opening": "13\"",
            "Model": "Strip Cut",
            "Product Code": "SHDESECP36S",
            "Security Level": "2",
            "Sheet Capacity": "37-39",
            "Shipping Weight": "160 lbs. (72.6 kg) **Must Ship Via Truck Class 92.5",
            "Shred Size": "1/8\"",
            "Shred Speed": "18ft/min",
            "Warranty": "3 year parts and labor/ lifetime on cutting rollers"
        },
        "url": "abcoffice.com//6472799"
    },
    {
        "spec": {
            "Accepted Paper Sizes": "Up to 8.5\" x 14\" (216mm x 356mm)",
            "Accepted Paper Types": "Non-Glossy Finish",
            "Accepted Paper Weights": "\u00a0",
            "Additional Features": "\u00a0",
            "Dimensions (L,W,H)": "24\" x 14\" x 16.5\" (610mm x 356mm x 419mm)",
            "Fold Types": "Single fold, Letter fold, Z fold, Double Parallel fold",
            "Folding Speed": "Up to 7,400 pieces per hour",
            "Input Capacity": "Up to 200 Sheets of 20 lb bond",
            "Page Counter": "Yes",
            "Paper Feed": "Automatic",
            "Power Requirements": "120V AC, 60Hz",
            "Product Code": "FOLEFD300",
            "Setup": "Manual",
            "Shipping Weight": "30 lbs.",
            "Volume Rating": "Medium",
            "Warranty": "90-day warranty, does not include consumable parts, labor, or shipping."
        },
        "url": "abcoffice.com//1681807"
    },
    {
        "spec": {
            "Accepted Paper Sizes": "3.5\" x 5\" (89mm x127mm) to 8.5\" x 14\" (216mm x 355mm)",
            "Accepted Paper Types": "Non-Glossy Finish",
            "Accepted Paper Weights": "16# Bond to 50# Index (60 gsm to 90 gsm)",
            "Additional Features": "Exit Conveyor System keeps folded papers in order.",
            "Dimensions (L,W,H)": "29\" x 17 3/4\" x 17\" (740mm x 450mm x 430mm)",
            "Fold Types": "Single fold, Half Accordion fold, Double Parallel fold, Z fold, Letter fold, Gate fold",
            "Folding Speed": "Up to 6,000 pieces/hr (8.5\" x 11\")",
            "Input Capacity": "Up to 500 Sheets",
            "Page Counter": "Available",
            "Paper Feed": "Automatic",
            "Power Requirements": "110V, 60 Hz",
            "Product Code": "FOLEIF112",
            "Setup": "Manual",
            "Shipping Weight": "57 lbs.",
            "Volume Rating": "Medium",
            "Warranty": "1 Year Limited"
        },
        "url": "abcoffice.com//9253550"
    },
    {
        "spec": {
            "Dimensions": "21d x 24.5 w x 34.25h inches",
            "Feed Opening": "15.75 in.",
            "Model": "Cross Cut",
            "Product Code": "SHDESHSM1923",
            "Security Level": "3",
            "Sheet Capacity": "24 - 26 sheets",
            "Shipping Weight": "120 lbs",
            "Shred Size": "3/16 x 1 1/8 inches",
            "Shred Speed": "--",
            "Warranty": "3-year parts; Lifetime on cutters"
        },
        "url": "abcoffice.com//7477296"
    },
    {
        "spec": {
            "Dimensions": "36 3/4\" x 21 1/2\" x 17 1/2\"",
            "Feed Opening": "10 1/4\"",
            "Model": "Strip Cut",
            "Product Code": "SHDEH40406",
            "Security Level": "Level 2 ( P-2 )",
            "Sheet Capacity": "30 sheets (20#) / 34 sheets (16#)",
            "Shipping Weight": "162 lbs.",
            "Shred Size": "1/4\" Strip Cut",
            "Shredder Speed": "22 feet per minute",
            "Warranty": "2 year warranty and lifetime guarantee on the cutting cylinders"
        },
        "url": "abcoffice.com//12056884"
    },
    {
        "spec": {
            "Accepted Paper Sizes": "2.36\" x 2.76\" - 11.82\" x 17.73\" (60x70mm - 300x450mm)",
            "Accepted Paper Types": "Non-Glossy Finish",
            "Accepted Paper Weights": "13# Bond to 66# Index (45 -120gsm)",
            "Additional Features": "N/A",
            "Dimensions (L,W,H)": "41.5\" x 20.3\" x 18.75\" (1,055mm x 515mm x 475mm)",
            "Fold Types": "Single fold, Half Accordion fold, Double Parallel fold, Z fold, Letter fold, Gate fold",
            "Folding Speed": "12,000 pieces/hr for 80#, A4 size, Single Fold",
            "Input Capacity": "Up to 500 Sheets",
            "Page Counter": "No",
            "Paper Feed": "Automatic",
            "Power Requirements": "110V 60 Hz",
            "Product Code": "FOLEIF302C",
            "Setup": "Manual",
            "Shipping Weight": "96 lbs.",
            "Volume Rating": "High",
            "Warranty": "1 Year Limited"
        },
        "url": "abcoffice.com//13177651"
    },
    {
        "spec": {
            "Dimensions": "approx 20w x 16d x 27h inches",
            "Feed Opening": "11 in",
            "Model": "Cross Cut",
            "Product Code": "SHDESHSM1803",
            "Security Level": "3",
            "Sheet Capacity": "17 - 19",
            "Shipping Weight": "59",
            "Shred Size": "3/16 x 1 1/8 in",
            "Shred Speed": "--",
            "Warranty": "3-year parts; Lifetime on cutters"
        },
        "url": "abcoffice.com//1049491"
    },
    {
        "spec": {
            "Accepted Paper Sizes": "8 1/2\" x 11\" / A4",
            "Accepted Paper Types": "Non-Glossy Finish",
            "Accepted Paper Weights": "16# Bond to 50# Index (60 gsm to 90 gsm)",
            "Additional Features": "\u00a0",
            "Dimensions (L,W,H)": "16\" x 12\" x 14\" (410 x 300 x 360mm)",
            "Fold Types": "Half Fold, Z Fold, Letter Fold, Double Parallel Fold",
            "Folding Speed": "Up to 3,600 pieces/hr (20g)",
            "Input Capacity": "Up to 100 Sheets",
            "Page Counter": "Yes - Digital Display",
            "Paper Feed": "Automatic",
            "Power Requirements": "100-125V / 60Hz",
            "Product Code": "FOLEIF300",
            "Setup": "Manual",
            "Shipping Weight": "25 lbs. (11 kg)",
            "Volume Rating": "Low",
            "Warranty": "1 Year Limited"
        },
        "url": "abcoffice.com//15213163"
    },
    {
        "spec": {
            "Accepted Paper Sizes": "2.36\" x 2.76\" - 11.82\" x 17.73\" (60x70mm - 300x450mm)",
            "Accepted Paper Types": "Non-Glossy Finish",
            "Accepted Paper Weights": "13# Bond to 83# Index (45 gsm to 150 gsm)",
            "Additional Features": "N/A",
            "Dimensions (L,W,H)": "41.5\" x 20.3\" x 18.75\" (1,055mm x 515mm x 475mm)",
            "Fold Types": "16 fold types possible, including the single fold, half accordion fold , double parallel fold, Z fold, letter fold and gate fold.",
            "Folding Speed": "12,000 pieces/hr for 80#, A4 size, Single Fold",
            "Input Capacity": "Up to 500 Sheets",
            "Page Counter": "Yes",
            "Paper Feed": "Automatic",
            "Power Requirements": "110V 60 Hz",
            "Product Code": "FOLEIF304C",
            "Setup": "Manual",
            "Shipping Weight": "124 lbs.",
            "Volume Rating": "High",
            "Warranty": "1 Year Limited"
        },
        "url": "abcoffice.com//8009639"
    },
    {
        "spec": {
            "Dimensions": "34 1/2\" x 29\" x 20\"",
            "Feed Opening": "12\"",
            "Model": "Strip Cut",
            "Product Code": "SHDEH40506",
            "Security Level": "Level 2 ( P-2 )",
            "Sheet Capacity": "31 sheets (20#) / 36 sheets (16#)",
            "Shipping Weight": "195 lbs. *Must Ship Via Truck",
            "Shred Size": "1/4\" Strip Cut",
            "Shredder Speed": "16 feet per minute",
            "Warranty": "2 year warranty and lifetime guarantee on the cutting cylinders"
        },
        "url": "abcoffice.com//9569283"
    },
    {
        "spec": {
            "Accepted Paper Sizes": "From 3 1/2\" x 5\" (66mm x 86mm) to 8 1/2\" x 14\" (216 mm x 356 mm)",
            "Accepted Paper Types": "Non-Glossy Finish",
            "Accepted Paper Weights": "16# bond to 70# index",
            "Additional Features": "\u00a0",
            "Dimensions (L,W,H)": "15.5\" x 32.5\" x 13.2\" (394 x 826 x 335 mm)",
            "Fold Types": "Letter fold, z fold, double parallel fold, half fold, right-angle fold",
            "Folding Speed": "Up to 9,000 sheets/hr",
            "Input Capacity": "150 sheets",
            "Page Counter": "N/A",
            "Paper Feed": "Automatic",
            "Power Requirements": "115V 60Hz",
            "Product Code": "FOLE1611",
            "Setup": "Manual",
            "Shipping Weight": "47 lbs. (21.3 kg )",
            "Volume Rating": "Medium",
            "Warranty": "90-day warranty, does not include consumable parts, labor, or shipping."
        },
        "url": "abcoffice.com//7959377"
    },
    {
        "spec": {
            "Dimensions": "20\" (508 mm) W x 20\" (508 mm) D x 36\" (914.4 mm) H",
            "Feed Opening": "9.4\" (238.8 mm)",
            "Product Code": "SHDEFFD8704CC",
            "Security Level": "3",
            "Sheet Capacity": "40-45",
            "Shipping Weight": "201 lbs. (91.2 kg) **Must Ship Via Truck Class 92.5",
            "Shred Size": "5/32\" (3.97 mm) x 1-5/8\" (41.3 mm)",
            "Shredder Speed": "12 ft./min. (3.4 m)",
            "Warranty": "Lifetime Limited warranty on cutting head, 1-year on all other parts"
        },
        "url": "abcoffice.com//3099374"
    },
    {
        "spec": {
            "Accepted Paper Sizes": "From 3.5\" x 5\" (89mm x 127mm) to 11\" x 17\" (215mm x 355mm)",
            "Accepted Paper Types": "Non-Glossy Finish",
            "Accepted Paper Weights": "16# to 40#",
            "Additional Features": "\u00a0",
            "Dimensions (L,W,H)": "29.5\" x 17\" x 17\" (749mm x 432mm x 432mm)",
            "Fold Types": "Single fold, Half Accordion fold, Double Parallel fold, Z fold, Letter fold, Gate fold",
            "Folding Speed": "Up to 6,000 pieces/hr (8.5\" x 11\" copy paper, single fold)",
            "Input Capacity": "Up to 500 Sheets",
            "Page Counter": "Available",
            "Paper Feed": "Automatic",
            "Power Requirements": "110V, 220V, 240V, 50/60 Hz",
            "Setup": "Manual",
            "Shipping Weight": "52 lbs.",
            "Volume Rating": "Medium",
            "Warranty": "90-day warranty, does not include consumable parts, labor, or shipping."
        },
        "url": "abcoffice.com//9034501"
    },
    {
        "spec": {
            "Accepts Paper Clips / Staples": "No, detected for removal",
            "Auto On / Off": "Yes",
            "Auto Reverse": "Yes",
            "Bag Full Auto Off": "Yes",
            "Cutting Block Warranty": "",
            "Dimensions": "(WxDxH): 21.2\"x17.2\"x35.2\"",
            "Feed Opening": "10.6\"",
            "Motor": "115/60 v/Hz Power: 3/4 HP",
            "Product Code": "SHDEK260TSHS6",
            "Security Level": "P-7, F-3",
            "Shipping Weight": "103 lbs, Ships Truck Class 92.5",
            "Shred Capacity": "Up to 6 Sheets",
            "Shred Size": "0,8x5 mm",
            "Shredder Speed": "17 FPM",
            "Warranty": "",
            "Waste Volume": "29 gal."
        },
        "url": "abcoffice.com//10014293"
    },
    {
        "spec": {
            "Accepted Paper Sizes": "From 3 \u00bd\" x 5\" (89mm x 127mm) to 11\" x 17\" (279mm x 432mm)",
            "Accepted Paper Types": "Non-Glossy Finish",
            "Accepted Paper Weights": "12# Bond to 80# Cover",
            "Additional Features": "N/A",
            "Fold Types": "Single fold, Letter fold, Z fold, Double Parallel fold, Half Accordion folding",
            "Folding Speed": "11,520 sheets/hr.",
            "Input Capacity": "Up to 450 sheets",
            "Page Counter": "LED 4 digit counter with batch and total functions",
            "Paper Feed": "Automatic",
            "Power Requirements": "120 V, 60 Hz",
            "Product Code": "FOLE407A",
            "Setup": "Automatic",
            "Shipping Weight": "118 lbs. (53 \u00bd kg.)",
            "Volume Rating": "High",
            "Warranty": "1 year limited warranty, excluding wearables"
        },
        "url": "abcoffice.com//7501371"
    },
    {
        "spec": {
            "Accepted Paper Sizes": "From 2.56\" x 4.26\" (65mm x 108mm) to 11.88\" x 17\" (302mm x 430mm)",
            "Accepted Paper Types": "Non-Glossy Finish",
            "Accepted Paper Weights": "16 lb. Bond to 80 lb. Text (53 to 127 gsm)",
            "Additional Features": "Receiving conveyor with exit roller, exit roller positioning guide, hinged exit and feed trays for easy storage, audible (beep) error detection, paper skew control, paper weight adjustment controls, fold roller pressure control, power save feature",
            "Dimensions (L,W,H)": "21.3\" x 37.4\" x 12.7\" (541mm x 950mm x 323mm)",
            "Fold Types": "Letter Fold, Half Fold, Double Parallel Fold, Engineering Fold, Z-Fold, Gate Fold",
            "Folding Speed": "Up to 14,400 pieces/hr (single fold).",
            "Input Capacity": "Up to approx. 300 sheets (1.182\")",
            "Page Counter": "Available",
            "Paper Feed": "Automatic",
            "Power Requirements": "115V 60Hz 0.7A 77W",
            "Product Code": "FOLEPFP3100",
            "Setup": "Semi-Automatic",
            "Shipping Weight": "85 lbs. (38.6 kg.) Must Ship Via Truck Class 85",
            "Volume Rating": "Medium",
            "Warranty": "90-day warranty, does not include consumable parts, labor, or shipping."
        },
        "url": "abcoffice.com//11306576"
    },
    {
        "spec": {
            "Accepted Paper Sizes": "From 2.5\" x 5.2\" (63.5mm x 132mm) to 12\" x 18\" (305mm x 457mm)",
            "Accepted Paper Types": "N/A",
            "Accepted Paper Weights": "18# bond to 90# index",
            "Additional Features": "2-line x 20 Character LCD Display",
            "Dimensions (L,W,H)": "22.2\" x 43.2\" x 17.8\" (564mm x 1097mm x 452mm)",
            "Fold Types": "7 pre-programmed fold types: letter, z-fold, half, double-parallel, gate, engineering(AKA short z-fold) and church fold",
            "Folding Speed": "Ranges from 3,000 to 15,000 Sheets per Hour",
            "Input Capacity": "Up to 500 Sheets of 20 lb bond",
            "Page Counter": "Yes",
            "Paper Feed": "Automatic",
            "Power Requirements": "N/A",
            "Product Code": "FOLE2051",
            "Setup": "Automatic",
            "Shipping Weight": "102 lbs",
            "Volume Rating": "High",
            "Warranty": "1 Year Limited Warranty - Does not include consumable parts, labor, or shipping"
        },
        "url": "abcoffice.com//13574125"
    },
    {
        "spec": {
            "Accepted Paper Sizes": "2.56\" x 3.55\" (65 x 90mm) - 12.24\" x 17.00\" (311x 432mm)",
            "Accepted Paper Types": "Non-Glossy Finish",
            "Accepted Paper Weights": "36# - 106# (53-157 gsm)",
            "Additional Features": "\u00a0",
            "Dimensions": "39.4\"(w) x 20.4\"(d) x 24.6\"(h) (1000 x 517 x 623)",
            "Fold Types": "Single, double, Short, Accordion, Letter and Open Gate Folds",
            "Folding Speed": "Up to 14,400 sheets/hr",
            "Input Capacity": "550 Sheets",
            "Page Counter": "Available",
            "Paper Feed": "Automatic",
            "Power Requirements": "100 / 115 / 230 V, 50 / 60 Hz",
            "Product Code": "FOLEPFP3200",
            "Setup": "Automatic",
            "Shipping Weight": "84 lbs (38 kg) Must ship via truck class 85",
            "Volume Rating": "High",
            "Warranty": "90-day warranty, does not include consumable parts, labor, or shipping."
        },
        "url": "abcoffice.com//6066499"
    },
    {
        "spec": {
            "Accepted Paper Sizes": "From 3 1/2\" x 5\" (66mm x 86mm) to 8 1/2\" x 14\" (216 mm x 356 mm)",
            "Accepted Paper Types": "Non-Glossy Finish",
            "Accepted Paper Weights": "16# bond to 70# index",
            "Additional Features": "\u00a0",
            "Dimensions (L,W,H)": "15.5 x 32.5 x 13.2 (394 x 826 x 335 mm)",
            "Fold Types": "Letter, z-fold, double parallel, half, baronial, right-angle (can do custom folds)",
            "Folding Speed": "Up to 9,000 sheets/hr",
            "Input Capacity": "150 Sheets",
            "Page Counter": "N/A",
            "Paper Feed": "Automatic",
            "Power Requirements": "115V 60Hz",
            "Product Code": "FOLE1711",
            "Setup": "Automatic",
            "Shipping Weight": "47 lbs. (21.3 kg )",
            "Volume Rating": "Medium",
            "Warranty": "90-day warranty, does not include consumable parts, labor, or shipping."
        },
        "url": "abcoffice.com//2600507"
    },
    {
        "spec": {
            "Dimensions": "15.4\" x 16.5\" x 26\" (391mm x 419mm x 660mm)",
            "Feed Opening": "10 1/4\" (260mm)",
            "Model": "Cross Cut",
            "Product Code": "SHDEI278154S1",
            "Security Level": "3",
            "Sheet Capacity": "Up to\u00a018 Sheets",
            "Shipping Weight": "71 lbs. (32 kgs.)",
            "Shred Size": "5/32\" x 1 13/32\" (4mm x 36mm)",
            "Shredder Speed": "16 Feet per Minute",
            "Warranty": "Lifetime limited warranty on cutting cylinders"
        },
        "url": "abcoffice.com//10009110"
    },
    {
        "spec": {
            "Dimensions": "11.5 x 14.5 x 21.5 inches",
            "Feed Opening": "9 in",
            "Model": "Cross Cut",
            "Product Code": "SHDESHSM1913",
            "Security Level": "3",
            "Sheet Capacity": "10 - 11",
            "Shipping Weight": "29 lbs",
            "Shred Size": "5/32 x 1 in",
            "Shredder Speed": "--",
            "Warranty": "3-year parts; Lifetime on cutters"
        },
        "url": "abcoffice.com//7740113"
    },
    {
        "spec": {
            "Accepts Paper Clips / Staples": "No",
            "Auto On / Off": "Yes",
            "Auto Reverse": "No",
            "Bag Full Auto Off": "Yes",
            "Cutting Block Warranty": "",
            "Dimensions": "17.2 x 12.5 x 33.2 in.",
            "Feed Opening": "10.25 in.",
            "Motor": "115 V / 60 Hz Power: 3/4 Hp",
            "Product Code": "SHDEK260HS6",
            "Security Level": "0.8x5 mm",
            "Shipping Weight": "79 lbs.",
            "Shred Capacity": "Up to 6 Sheets",
            "Shred Size": "0.8 x 5 mm",
            "Shredder Speed": "17 ft./min.",
            "Warranty": "",
            "Waste Volume": "31 gal."
        },
        "url": "abcoffice.com//2500602"
    },
    {
        "spec": {
            "Dimensions": "15.6\"W x 12\"D x 23.6\"H (396 x 304 x 599 mm)",
            "Feed Opening": "9.2\" (2334 mm)",
            "Model": "Strip-cut.",
            "Product Code": "SHDEKPLUS2SS4",
            "Security Level": "2",
            "Sheet Capacity": "19 sheets",
            "Shipping Weight": "32 lbs. (10.89 kg)",
            "Shred Size": "paper: 1/8 in.; CDS/DVDS/credit cards: 7/8 in.",
            "Shredder Speed": "6 ft./min. (1.83 m./min.)",
            "Warranty": "Click here for warranty information"
        },
        "url": "abcoffice.com//15227650"
    },
    {
        "spec": {
            "Dimensions": "9d x 18.5w x 17h inches",
            "Feed Opening": "8.9 inches",
            "Model": "Mirco Cut",
            "Product Code": "SHDESHSM1054",
            "Security Level": "4",
            "Sheet Capacity": "4 - 6 sheets",
            "Shipping Weight": "20.5 lbs",
            "Shred Size": "5/32 x 1 3/8 in.",
            "Shredder Speed": "--",
            "Warranty": "2 year parts; lifetime"
        },
        "url": "abcoffice.com//6681342"
    },
    {
        "spec": {
            "Dimensions": "15.4\" x 16.5\" x 30.3\" (390 x 420 x 760 mm)",
            "Feed Opening": "10 1/4\" (260 mm)",
            "Model": "Cross Cut",
            "Product Code": "SHDEI279154S1",
            "Security Level": "3",
            "Sheet Capacity": "Up to 18 sheets",
            "Shred Size": "5/32\" x 1 13/32\" (4 x 36 mm)",
            "Shredder Speed": "16 ft. per minute",
            "Warranty": "Lifetime Limited Warranty on cutting cylinders",
            "Weight": "75 lbs (34kg)"
        },
        "url": "abcoffice.com//3767313"
    },
    {
        "spec": {
            "Dimensions": "34 1/4\" x 21 1/2\" x 17 1/8\"",
            "Feed Opening": "10 1/4\"",
            "Model": "Strip Cut",
            "Product Code": "SHDEH40306",
            "Security Level": "Level 2 ( P-2 )",
            "Sheet Capacity": "20 sheets (20#) / 24 sheets (16#)",
            "Shipping Weight": "137 lbs. ** Must Ship Via Truck",
            "Shred Size": "1/4\" Strip Cut",
            "Shredder Speed": "14 feet per minute",
            "Warranty": "1year limited warranty, excludes wearable parts"
        },
        "url": "abcoffice.com//13922550"
    },
    {
        "spec": {
            "Dimmensions": "12\" x 17.5\" x 16.25\"",
            "Product Code": "SHDESWI1757571",
            "Shipping Weight": "28 lbs.",
            "Warranty": "2 yr warranty w/on-site service"
        },
        "url": "abcoffice.com//8379222"
    },
    {
        "spec": {
            "Dimensions": "28\" x 17\" x 13 3/4\"",
            "Feed Opening": "9 1/2\"",
            "Model": "Strip Cut",
            "Product Code": "SHDEH40206",
            "Security Level": "Level 2 ( P-2 )",
            "Sheet Capacity": "18 sheets (20#) / 22 sheets (16#)",
            "Shipping Weight": "62 lbs.",
            "Shred Size": "1/4\" Strip Cut",
            "Shredder Speed": "20 feet per minute",
            "Warranty": "1year limited warranty, excludes wearable parts"
        },
        "url": "abcoffice.com//14555875"
    },
    {
        "spec": {
            "Dimensions": "11.25D x 14.2W x 21.5H inches",
            "Feed Opening": "8.74 inches",
            "Model": "Cross Cut",
            "Product Code": "SHDESBS14C",
            "Security Level": "3",
            "Sheet Capacity": "14 sheets",
            "Shipping Weight": "30 lbs.",
            "Shred Size": "5/32 x 1 3/8\"",
            "Shredder Speed": "--",
            "Warranty": "2 Year Limited"
        },
        "url": "abcoffice.com//10593818"
    },
    {
        "spec": {
            "Accepts Paper Clips / Staples": "No",
            "Auto On / Off": "Yes",
            "Auto Reverse": "No",
            "Bag Full Auto Off": "Yes",
            "Cutting Block Warranty": "--",
            "Dimensions": "34 1/2\" x 29\" x 20\" (876 x 736 x 508mm)",
            "Feed Opening": "12\"",
            "Motor": "--",
            "Product Code": "SHDEH41534",
            "Security Level": "6",
            "Shipping Weight": "195 lbs. *Ships Via Truck",
            "Shred Capacity": "Up to 12 sheets",
            "Shred Size": "1mm x 4.7mm",
            "Shredder Speed": "--",
            "Warranty": "1 year warranty and lifetime guarantee on the cutting cylinders",
            "Waste Volume": "38 gal."
        },
        "url": "abcoffice.com//15628936"
    },
    {
        "spec": {
            "Accepts Paper Clips / Staples": "No",
            "Auto On / Off": "Yes",
            "Auto Reverse": "Yes",
            "Bag Full Auto Off": "Yes",
            "Cutting Block Warranty": "Lifetime guarantee",
            "Dimensions": "34 1/4\" x 21 1/2\" x 17 1/8\"",
            "Feed Opening": "10 1/4\"",
            "Motor": ".87 HP",
            "Product Code": "SHDEH40334",
            "Security Level": "Level6 ( P-7 )",
            "Shipping Weight": "140 lbs.",
            "Shred Capacity": "Up to 8 sheets",
            "Shred Size": "1mm x 4.7mm",
            "Shredder Speed": "22 feet per minute",
            "Warranty": "2 year warranty",
            "Waste Volume": "23 gal"
        },
        "url": "abcoffice.com//8861005"
    },
    {
        "spec": {
            "Feed Opening": "9.2\" (234mm)",
            "Model": "Strip-Cut",
            "Product Code": "SHDEKPLUS1SS4",
            "Security Level": "2",
            "Sheet Capacity": "Up to 19",
            "Shipping Weight": "35 lbs. (15.9 kgs)",
            "Shred Size": "1/8\" (4.2mm)",
            "Shredder Speed": "5 ft./min.",
            "Warranty": "Click here for warranty information"
        },
        "url": "abcoffice.com//12787362"
    },
    {
        "spec": {
            "Dimensions": "10.5 x 14.5 x 18 inches",
            "Feed Opening": "8.8 in.",
            "Model": "Cross Cut",
            "Product Code": "SHDESHSM1902",
            "Security Level": "3",
            "Sheet Capacity": "5 - 7 sheets",
            "Shipping Weight": "15 lbs",
            "Shred Size": "5/32 x 1 in.",
            "Shredder Speed": "--",
            "Warranty": "3-year parts; Lifetime on cutters"
        },
        "url": "abcoffice.com//11277199"
    },
    {
        "spec": {
            "Accepts Paper Clips / Staples": "N/A",
            "Auto On/Off": "Yes",
            "Auto Reverse": "Yes",
            "Bag Full Auto Off": "Yes",
            "Cutting Block Warranty": "1 year",
            "Dimensions": "24\" (609.6 mm) W x 20\" (508 mm) D x 36.25\" (920.8 mm) H",
            "Feed Opening": "16\" (406.4 mm)",
            "Motor": "2HP",
            "Product Code": "SHDEFFD8500HS",
            "Security Level": "6",
            "Sheet Capacity": "4-5",
            "Shipping Weight": "244 lbs. (110.7 kg.)",
            "Shred Size": "1/32\" x 3/16\" (.79 x 4.8 mm)",
            "Shredder Warranty": "1 year",
            "Speed": "Up to 39 ft./min. (11.9 m./min.)",
            "Waste Volume": "26 gal. (98.4 l.)"
        },
        "url": "abcoffice.com//9325255"
    },
    {
        "spec": {
            "Dimmensions": "13.75\" x 18.5\" x 22\"",
            "Product Code": "SHDESWI1757573",
            "Shipping Weight": "46 lbs.",
            "Warranty": "2 yr warranty w/on-site service"
        },
        "url": "abcoffice.com//514890"
    },
    {
        "spec": {
            "Auto On / Off": "Yes",
            "Auto Reverse": "No",
            "Bag Full Auto Off": "Yes",
            "Cutting Block Warranty": "--",
            "Dimensions": "38\" x 29\" x 20\" (965 x 736 x 508mm)",
            "Feed Opening": "16\"",
            "Motor": "--",
            "Product Code": "SHDEH41634",
            "Security Level": "6",
            "Shipping Weight": "283 lbs. *Ships Via Truck",
            "Shred Capacity": "Up to 16 sheets",
            "Shred Size": "1mm x 4.7mm",
            "Shredder Speed": "--",
            "Warranty": "1 year warranty and lifetime guarantee on the cutting cylinders",
            "Waste Volume": "45 gal"
        },
        "url": "abcoffice.com//13726245"
    },
    {
        "spec": {
            "Accepts Paper Clips / Staples": "No",
            "Auto On / Off": "Yes",
            "Auto Reverse": "No",
            "Bag Full Auto Off": "Yes",
            "Cutting Block Warranty": "--",
            "Dimensions": "34 1/4\" x 21 1/2\" x 17 1/8\" (870 x 546 x 435mm)",
            "Feed Opening": "10 1/4\" (260mm)",
            "Motor": "--",
            "Product Code": "SHDEH41334",
            "Security Level": "6",
            "Shipping Weight": "140 lbs *Must Ship Via Truck",
            "Shred Capacity": "5 - 6 sheets",
            "Shred Size": ".04\" x .19\" (1mm x 4.7mm)",
            "Shredder Speed": "--",
            "Warranty": "1 year warranty and lifetime guarantee on the cutting cylinders",
            "Waste Volume": "23 gal."
        },
        "url": "abcoffice.com//1174771"
    },
    {
        "spec": {
            "Dimensions": "14.7\" W x 10.2\" D x 22.2\" H (373 x 259 x 564 mm)",
            "Feed Opening": "8.9\"",
            "Model": "Cross Cut",
            "Product Code": "SHDEFFD8202CC",
            "Security Level": "3",
            "Sheet Capacity": "18 sheets (20#), 1 CD, or 1 credit card",
            "Shipping Weight": "32 lbs. (14.5 kg.)",
            "Shred Size": "5/32\" x 1 1/8\"",
            "Shredder Speed": "Up to 10 feet per minute",
            "Warranty": "Lifetime limited warranty on cutting head, 1 year warranty on all other parts"
        },
        "url": "abcoffice.com//5918177"
    },
    {
        "spec": {
            "Accepts Paper Clips / Staples": "Yes",
            "Auto On / Off": "Yes",
            "Auto Reverse": "Yes",
            "Bag Full Auto Off": "Yes",
            "Cutting Block Warranty": "LifeTime",
            "Dimensions": "15w x 11d x 23h inches",
            "Feed Opening": "9.5 in",
            "Motor": "0.36 kW",
            "Product Code": "SHDESHSM1311",
            "Security Level": "5",
            "Shipping Weight": "31 lbs",
            "Shred Capacity": "5 - 6 sheets",
            "Shred Size": "1/16 x 5/8 inch",
            "Shredder Speed": "--",
            "Warranty": "3-year parts",
            "Waste Volume": "8.7 gal"
        },
        "url": "abcoffice.com//2979069"
    },
    {
        "spec": {
            "Accepts Paper Clips / Staples": "No",
            "Auto On / Off": "Yes",
            "Auto Reverse": "Yes",
            "Bag Full Auto Off": "Yes",
            "Cutting Block Warranty": "Lifetime guarantee",
            "Dimensions": "38\" x 29\" x 20\"",
            "Feed Opening": "16\"",
            "Motor": "2.2 HP",
            "Product Code": "SHDEH40634",
            "Security Level": "Level 6 ( P-7 )",
            "Shipping Weight": "283 lbs.",
            "Shred Capacity": "Up to 16 sheets",
            "Shred Size": "1mm x 4.7mm",
            "Shredder Speed": "27 feet per minute",
            "Warranty": "2 year warranty",
            "Waste Volume": "45 gal"
        },
        "url": "abcoffice.com//3261436"
    },
    {
        "spec": {
            "Dimensions": "10s x 13w x 12h inches",
            "Feed Opening": "8.6 in.",
            "Model": "Cross Cut",
            "Product Code": "SHDESHSM1055",
            "Security Level": "3",
            "Sheet Capacity": "12 sheets",
            "Shipping Weight": "22 lbs",
            "Shred Size": "1/8 x 3/8 in.",
            "Shredder Speed": "--",
            "Warranty": "2 year parts; lifetime"
        },
        "url": "abcoffice.com//12876728"
    },
    {
        "spec": {
            "Dimensions": "13d x 15w x 23h inches",
            "Feed Opening": "9 in.",
            "Model": "Cross Cut",
            "Product Code": "SHDESHSM1051",
            "Security Level": "3",
            "Sheet Capacity": "18 - 20 sheets",
            "Shipping Weight": "42.1 lbs",
            "Shred Size": "1/8 x 3/8 in.",
            "Shredder Speed": "--",
            "Warranty": "2 year parts; lifetime"
        },
        "url": "abcoffice.com//7134713"
    },
    {
        "spec": {
            "Dimensions": "16in x 14in x 30in",
            "Feed Opening": "10.6in",
            "Product Code": "SHDEFFD8302SC",
            "Security Level": "level 2",
            "Shipping Weight": "88 lbs.",
            "Shred Capacity": "21-23 sheets",
            "Shred Size": "5/32in",
            "Speed": "Up to 21 fpm",
            "Warranty": "Lifetime limited on cutting head/1-year on all other parts",
            "Weight": "99 lds"
        },
        "url": "abcoffice.com//3438806"
    },
    {
        "spec": {
            "Dimensions": "15.7\" x 21.3\" x 38.6\" (399mm x 541mm x 980mm)",
            "Feed Opening": "12 1/4\" (311mm)",
            "Model": "Cross Cut",
            "Product Code": "SHDEI227154S1",
            "Security Level": "3",
            "Sheet Capacity": "Up to\u00a023 Sheets",
            "Shipping Weight": "104 lbs. (47 kgs.) MUST SHIP TRUCK- CLASS 92.5",
            "Shred Size": "5/32\" x 1 13/32\" (4mm x 36mm)",
            "Shredder Speed": "680 Sheets per Minute",
            "Warranty": "Lifetime limited warranty on cutting cylinders"
        },
        "url": "abcoffice.com//15275077"
    },
    {
        "spec": {
            "Dimensions": "15\" x 12 5/8\" x 22 3/16\"",
            "Feed Opening": "9\"",
            "Model": "Cross Cut",
            "Product Code": "SHDESM1030",
            "Security Level": "3",
            "Sheet Capacity": "17 sheets",
            "Shipping Weight": "34 lbs. (15.4 kgs)",
            "Shred Size": "5/32\" x 1 3/8\"",
            "Shredder Speed": "--",
            "Warranty": "2 years parts/20 years cutting rollers"
        },
        "url": "abcoffice.com//15342226"
    },
    {
        "spec": {
            "Accepted Paper Sizes": "3\" x 5\" - 12\" x 18\"",
            "Accepted Paper Types": "Non-glossy finish",
            "Accepted Paper Weights": "52.3 - 157 gsm",
            "Additional Features": "",
            "Fold Types": "Single, double, half accordion, letter, accordion, gate, custom",
            "Folding Speed": "Up to 242 sheets per minute of 20# bond",
            "Input Capacity": "500 Sheets",
            "Paper Feed": "Automatic",
            "Power Requirements": "100V - 240V 50/60Hz",
            "Product Code": "FOLE970",
            "Setup": "Automatic",
            "Shipping Weight": "152 lbs",
            "Volume Rating": "High",
            "Warranty": "90 day limited warranty"
        },
        "url": "abcoffice.com//385546"
    },
    {
        "spec": {
            "Auto On/Off": "Yes",
            "Auto Reverse": "Yes",
            "Bag Full Auto Off": "Yes",
            "Cutting Block Warranty": "5 years",
            "Dimensions": "23.8\" x 12.5\" x 15.5\"",
            "Feed Opening": "9.5 inches wide",
            "Motor": ".67 horse power",
            "Product Code": "SHDESECB24L6",
            "Security Level": "6",
            "Sheet Capacity": "7 - 9",
            "Shipping Weight": "45 lbs. (20.4 kgs)",
            "Shred Size": "1/32\" x 3/16\"",
            "Shredder Warranty": "90 days labor, 1 year parts, 1 year cutting rollers",
            "Speed": "13 feel per minute",
            "Waste Volume": "26.4 gallons"
        },
        "url": "abcoffice.com//8240310"
    },
    {
        "spec": {
            "Dimensions": "18\" H x 13.75\" W x 8.5\" D (457mm x 349mm x 216mm)\u00a0",
            "Feed Opening": "9\"",
            "Model": "Cross Cut",
            "Product Code": "SHDEF3103201",
            "Security Level": "3",
            "Sheet Capacity": "11 Sheets",
            "Shipping Weight": "18 lbs. (8.2 kgs.)",
            "Shred Size": "5/32\" x 2\"\u00a0(4mm x 50mm)",
            "Shredder Speed": "16 feet per minute",
            "Warranty": "3 Years"
        },
        "url": "abcoffice.com//5374825"
    },
    {
        "spec": {
            "Dimensions": "15w x 10d x 17.5h in",
            "Feed Opening": "8.8 in.",
            "Model": "Mirco Cut",
            "Product Code": "SHDESHSM1058",
            "Security Level": "4",
            "Sheet Capacity": "6 sheets",
            "Shipping Weight": "16.5 lbs",
            "Shred Size": "5/32 x 1 3/8 in",
            "Shredder Speed": "--",
            "Warranty": "2 year parts; lifetime"
        },
        "url": "abcoffice.com//6038639"
    },
    {
        "spec": {
            "Dimensions": "26\" H x 16.5\" W x 13.4\" D (660 x 419 x 340 mm)",
            "Feed Opening": "9\" (229 mm)",
            "Product Code": "SHDEM253714U1",
            "Security Level": "2",
            "Sheet Capacity": "11",
            "Shred Size": "5/32\" (4 mm)",
            "Speed": "N/A",
            "Warranty": "3 years on non-wearable parts and labor and lifetime limited warranty on the cutting cylinders.",
            "Weight": "35 lbs. (16 kg)"
        },
        "url": "abcoffice.com//11689059"
    },
    {
        "spec": {
            "Dimensions": "15.4\" x 14.2\" x 23.6\" (391mm x 361mm x 599mm)",
            "Feed Opening": "9.5\" (241mm)",
            "Model": "Cross Cut",
            "Product Code": "SHDEI277164",
            "Security Level": "3",
            "Sheet Capacity": "Up to 12 Sheets",
            "Shipping Weight": "42 lbs.",
            "Shred Size": "5/32\" x 1 1/8\" (4mm x 29mm)",
            "Shredder Speed": "12 Feet per Minute",
            "Warranty": "Lifetime limited warranty on cutting cylinders"
        },
        "url": "abcoffice.com//9850773"
    },
    {
        "spec": {
            "Dimensions": "14.5\" W x 13\" D x 22\" H (368 x 330 x 559 mm)",
            "Feed Opening": "9.5\" (241 mm)",
            "Model": "Cross Cut",
            "Product Code": "SHDEK240C2T",
            "Security Level": "4",
            "Sheet Capacity": "13 + 30%",
            "Shipping Weight": "35 lbs. (15.9 kg)",
            "Shred Size": "3/32 x 5/8 Inch cross cut",
            "Shredder Speed": "7 feet per minute",
            "Warranty": "Click here for warranty information"
        },
        "url": "abcoffice.com//5325732"
    },
    {
        "spec": {
            "Dimensions": "14.5\" W x 13\" D x 22\" H (368 x 330 x 559 mm)",
            "Feed Opening": "9.5\" (241 mm)",
            "Model": "Strip Cut",
            "Product Code": "SHDEK240SS4T",
            "Security Level": "2",
            "Sheet Capacity": "23 + 30%",
            "Shipping Weight": "35 lbs. (15.9 kg)",
            "Shred Size": "1/8 Inch strip cut",
            "Shredder Speed": "22 feet per minute",
            "Warranty": "Click here for warranty information"
        },
        "url": "abcoffice.com//11409688"
    },
    {
        "spec": {
            "Dimmensions": "11.5\" x 16.25\" x 15\"",
            "Product Code": "SHDESWI1757574",
            "Shipping Weight": "23 lbs.",
            "Warranty": "1 year limited warranty"
        },
        "url": "abcoffice.com//12266988"
    },
    {
        "spec": {
            "Accepts Paper Clips / Staples": "--",
            "Auto On/Off": "--",
            "Auto Reverse": "--",
            "Bag Full Auto Off": "--",
            "Cutting Block Warranty": "--",
            "Dimensions": "18\" W x 19\" D x 26\" H",
            "Feed Opening": "9.5\"",
            "Motor": "--",
            "Product Code": "SHDEFFD8300HS",
            "Security Level": "6 (HIPAA compliant)",
            "Sheet Capacity": "7-8",
            "Shipping Weight": "189 lbs (86kg) **Must ship via truck class 92.5",
            "Shred Size": "1/32\" x 3/16\"",
            "Speed": "18 ft / min",
            "Warranty": "Lifetime limited warranty on cross-cut and strip-cut cutting heads 1-year warranty on High Security model cutting heads 1-year warranty on all other parts",
            "Waste Volume": "--"
        },
        "url": "abcoffice.com//11976813"
    },
    {
        "spec": {
            "Accepts Paper Clips / Staples": "No",
            "Auto On / Off": "Yes",
            "Auto Reverse": "No",
            "Bag Full Auto Off": "Yes",
            "Cutting Block Warranty": "--",
            "Dimensions": "36 3/4\" x 21 1/2\" x 17 1/2\" (934 x 546 x 445mm)",
            "Feed Opening": "10 1/4\" (260mm)",
            "Motor": "--",
            "Product Code": "SHDEH41434",
            "Security Level": "6",
            "Shipping Weight": "162 lbs. *Ships Via Truck",
            "Shred Capacity": "8 - 10 sheets",
            "Shred Size": ".04\" x .19\" (1mm x 4.7mm)",
            "Shredder Speed": "--",
            "Warranty": "1 year warranty and lifetime guarantee on the cutting cylinders",
            "Waste Volume": "30 gal."
        },
        "url": "abcoffice.com//16638128"
    },
    {
        "spec": {
            "Accepts Paper Clips / Staples": "No",
            "Auto On / Off": "Yes",
            "Auto Reverse": "Yes",
            "Bag Full Auto Off": "Yes",
            "Cutting Block Warranty": "Lifetime guarantee",
            "Dimensions": "36 3/4\" x 21 1/2\" x 17 1/2\"",
            "Feed Opening": "10 1/4\"",
            "Motor": "1.2 HP",
            "Product Code": "SHDEH40434",
            "Security Level": "Level 6 ( P-7 )",
            "Shipping Weight": "162 lbs. **Must Ship Via Truck",
            "Shred Capacity": "Up to 12 sheets",
            "Shred Size": "1mm x 4.7mm",
            "Shredder Speed": "22 feet per minute",
            "Warranty": "2 year warranty",
            "Waste Volume": "30 gal"
        },
        "url": "abcoffice.com//14308383"
    },
    {
        "spec": {
            "Dimmensions": "11.5\" x 16\" x 12.75\"",
            "Product Code": "SHDESWI1757572",
            "Shipping Weight": "20 lbs.",
            "Warranty": "1 year limited warranty"
        },
        "url": "abcoffice.com//16706465"
    },
    {
        "spec": {
            "Auto On / Off": "--",
            "Auto Reverse": "--",
            "Bag Full Auto Off": "--",
            "Dimensions": "18 1/2\" D x 22 1/2\" W x 36 1/2\" H (470 x 572 x 927 mm)",
            "Feed Opening": "10 1/4\" (260 mm)",
            "Motor": "--",
            "Product Code": "SHDED2604SMC",
            "Security Level": "6",
            "Sheet Capacity": "6-8",
            "Shipping Weight": "129 lbs. (58 kg)",
            "Shred Size": "1/32\" x 3/16\" (0.8mm x 5mm)",
            "Shredder Speed": "28 ft./min.",
            "Warranty": "1 year warranty on SMC cutting shafts",
            "Waste Volume": "--"
        },
        "url": "abcoffice.com//15362926"
    },
    {
        "spec": {
            "Dimmensions": "13.75\" x 18.5\" x 25\"",
            "Product Code": "SHDESWI1757576",
            "Shipping Weight": "59 lbs.",
            "Warranty": "2 yr warranty w/on-site service"
        },
        "url": "abcoffice.com//13680018"
    },
    {
        "spec": {
            "Accepted Paper Sizes": "From 3 1/2\" x 5\"(66mm x 86mm) to 8 1/2\" x 14\" (89 mm x 127 mm to 216 mm x 356 mm)",
            "Accepted Paper Types": "Non-Glossy Finish",
            "Accepted Paper Weights": "16# to 28#",
            "Additional Features": "\u00a0",
            "Dimensions (L,W,H)": "20\" x 13\" x 10\" (508mm x 330mm x 254mm)",
            "Fold Types": "Letter fold, Z fold, Double Parallel fold, Half fold",
            "Folding Speed": "Up to 4,000 pieces/hr",
            "Input Capacity": "Up to approx. 50 Sheets",
            "Page Counter": "\u00a0",
            "Paper Feed": "Automatic",
            "Power Requirements": "115V 60Hz",
            "Product Code": "FOLEP7400",
            "Setup": "Manual",
            "Shipping Weight": "23 lbs. (10.4 kg )",
            "Volume Rating": "Low",
            "Warranty": "90-day warranty, does not include consumable parts, labor, or shipping."
        },
        "url": "abcoffice.com//2081475"
    },
    {
        "spec": {
            "Accepts Paper Clips / Staples": "NO",
            "Auto On/Off": "Yes",
            "Auto Reverse": "Yes",
            "Bag Full Auto Off": "Yes",
            "Cutting Block Warranty": "5 years",
            "Dimensions": "36\"H x 23.4\"W x 20\"D (915mmH x 595mmW x 510mmD)",
            "Feed Opening": "15.8\" (400 mm)",
            "Security Level": "5",
            "Shipping Weight": "180 lbs. (81.6 kg) **Must Ship Via Truck Class 92.5",
            "Shredder Warranty": "90 days labor, 1 year parts, 1 year cutting rollers",
            "Speed": "5.3 in./s. (135 mm/s)"
        },
        "url": "abcoffice.com//13690395"
    },
    {
        "spec": {
            "Dimensions": "14 3/4\" x 22 1/4\" x 10 1/4\" (375 x 565 x 260 mm)",
            "Feed Opening": "8.9\" (226 mm)",
            "Model": "Cross-cut",
            "Product Code": "SHDESMX18CC",
            "Security Level": "3",
            "Sheet Capacity": "15 sheets",
            "Shipping Weight": "37 lbs. (16.8 kg)",
            "Shred Size": "5/32\" x 1 1/8\" (4mm x 28.6mm)",
            "Shredder Speed": "6 1/4 ft./min. (1.9 m/min.)",
            "Warranty": "1 year parts/180 days labor"
        },
        "url": "abcoffice.com//3329483"
    },
    {
        "spec": {
            "Dimensions": "8\" x 4 3/4\" x 10\" 203 mm x 121 mm x 254 mm",
            "Shipping Weight": "20 lbs. (9 kg.)",
            "Warranty": "90-day warranty, does not include consumable parts, labor, and shipping."
        },
        "url": "abcoffice.com//9213698"
    },
    {
        "spec": {
            "Accepted Paper Sizes": "3.5\" x 5\" (89mm x 127mm) up to 11\" x 17\" (280mm x 432mm)",
            "Accepted Paper Types": "Non-Glossy Finish",
            "Accepted Paper Weights": "16# Bond to 50# Index (60 gsm to 90 gsm)",
            "Additional Features": "Exit Conveyor System keeps folded papers in order.",
            "Dimensions (L,W,H)": "31.5\" x 20.5\" x 17.25\" (800mm x 520mm x 440mm)",
            "Fold Types": "Single fold, Half Accordion fold, Double Parallel fold, Z fold, Letter fold, Gate fold",
            "Folding Speed": "Up to 6,000 pieces/hr (8.5\" x 11\")",
            "Input Capacity": "Up to 500 Sheets",
            "Page Counter": "Available",
            "Paper Feed": "Automatic",
            "Power Requirements": "110V, 60 Hz",
            "Product Code": "FOLEIF172",
            "Setup": "Manual",
            "Shipping Weight": "62 lbs.",
            "Volume Rating": "Medium",
            "Warranty": "1 Year Limited"
        },
        "url": "abcoffice.com//5154096"
    },
    {
        "spec": {
            "Accepted Paper Sizes": "From 3.5\" x 5\" (89mm x 127 mm) to 10.25\" x 14\" (260mm x 356 mm)",
            "Accepted Paper Types": "Non-Glossy Finish",
            "Accepted Paper Weights": "13# to 80#",
            "Additional Features": "\u00a0",
            "Dimensions (L,W,H)": "32.9\" x 18.9\" x 18.9\" (835mm x 480mm x 480mm)",
            "Fold Types": "Single fold, Half Accordion fold, Double Parallel fold, Z fold, Letter fold, Gate fold, Cross fold",
            "Folding Speed": "6,000 pieces per hour",
            "Input Capacity": "Up to 500 Sheets",
            "Page Counter": "Available",
            "Paper Feed": "Automatic",
            "Power Requirements": "110V, 60 Hz",
            "Product Code": "FOLEIF262U1",
            "Setup": "Manual",
            "Shipping Weight": "65 lbs.",
            "Volume Rating": "Medium",
            "Warranty": "1-Year Intelli-Zone Limited Warranty"
        },
        "url": "abcoffice.com//2666327"
    },
    {
        "spec": {
            "Accepted Paper Sizes": "From 3.5\" x 5\" (89mm x 127mm) to 8.5\" x 14\" (216mm x 356mm)",
            "Accepted Paper Types": "Non-Glossy Finish",
            "Accepted Paper Weights": "16# Bond to 50# Index (60 gsm to 90 gsm)",
            "Additional Features": "\u00a0",
            "Dimensions (L,W,H)": "29.5\" x 17\" x 17\" (749mm x 432mm x 432mm)",
            "Fold Types": "Single fold, Half Accordion fold, Double Parallel fold, Z fold, Letter fold, Gate fold",
            "Folding Speed": "Up to 6,000 pieces per hour (8.5\" x 11\")",
            "Input Capacity": "Up to 500 Sheets",
            "Page Counter": "Available",
            "Paper Feed": "Automatic",
            "Power Requirements": "110V, 60 Hz",
            "Product Code": "FOLEIF102",
            "Setup": "Manual",
            "Shipping Weight": "57 lbs.",
            "Volume Rating": "Medium",
            "Warranty": "1-Year Intelli-Zone Limited Warranty"
        },
        "url": "abcoffice.com//15918864"
    },
    {
        "spec": {
            "Accepted Paper Sizes": "8.5\" x 11\" (216mm x 279mm) or A4",
            "Accepted Paper Types": "Non-Glossy Finish",
            "Accepted Paper Weights": "16# to 28#",
            "Additional Features": "\u00a0",
            "Dimensions (L,W,H)": "14\" x 21.5\" x 9.25\" (356mm x 546mm x 235mm)",
            "Fold Types": "Single fold, Letter fold, Z fold, Double Parallel fold",
            "Folding Speed": "Up to 4,000 pieces/hr",
            "Input Capacity": "Up to 50 Sheets (20 lb. Bond or 80 gsm)",
            "Page Counter": "Available",
            "Paper Feed": "Automatic",
            "Power Requirements": "110V",
            "Product Code": "FOLEP7200",
            "Setup": "Manual",
            "Shipping Weight": "20 lbs.",
            "Volume Rating": "Low",
            "Warranty": "90-day warranty, does not include consumable parts, labor, or shipping."
        },
        "url": "abcoffice.com//7785343"
    },
    {
        "spec": {
            "Accepted Paper Sizes": "From 3.5\" x 5\" (89mm x 127mm) to 12.25\" x 17\" (311mm x 432mm)",
            "Accepted Paper Types": "Non-Glossy Finish",
            "Accepted Paper Weights": "20# to 60#",
            "Additional Features": "\u00a0",
            "Dimensions (L,W,H)": "60\" x 20\" x 19\" (1524mm x 508mm x 483mm)",
            "Fold Types": "Single fold, Letter fold, Z fold, Double Parallel fold, Half Accordion fold, Gate fold (allows custom folds)",
            "Folding Speed": "Up to 12,000 pieces per hour",
            "Input Capacity": "Up to 500 Sheets 20#",
            "Page Counter": "Available",
            "Paper Feed": "Automatic",
            "Power Requirements": "120 VAC 50/60 Hz",
            "Product Code": "FOLEFD340U1",
            "Setup": "Semi-Automatic",
            "Shipping Weight": "100 lbs. (45 kg)",
            "Volume Rating": "Medium",
            "Warranty": "90-day warranty, does not include consumable parts, labor, or shipping."
        },
        "url": "abcoffice.com//99795"
    },
    {
        "spec": {
            "Accepted Paper Sizes": "From 3.5\" x 5\" (89mm x 127mm) to 8.75\" x 14\" (222mm x 356mm)",
            "Accepted Paper Types": "Non-Glossy Finish",
            "Accepted Paper Weights": "16# to 28# bond or equivalent",
            "Additional Features": "\u00a0",
            "Dimensions (L,W,H)": "24\" x 15\" x 16\" (610mm x 381mm x 406mm)",
            "Fold Types": "Single fold, Letter fold, Z fold, Double Parallel fold",
            "Folding Speed": "Up to 7,500 pieces per hour",
            "Input Capacity": "Up to approx. 167 Sheets",
            "Page Counter": "Available",
            "Paper Feed": "Automatic",
            "Power Requirements": "115V 60Hz (220V 50Hz available)",
            "Product Code": "FOLE1501",
            "Setup": "Manual",
            "Shipping Weight": "34 lbs.",
            "Volume Rating": "Low",
            "Warranty": "90 day limited - Does not include consumable parts, labor, or shipping"
        },
        "url": "abcoffice.com//3049719"
    },
    {
        "spec": {
            "Dimensions": "NA",
            "Feed Opening": "9 1/2\" (241.3 mm)",
            "Model": "Cross-cut",
            "Product Code": "SHDETSH2715CP",
            "Security Level": "3",
            "Sheet Capacity": "10 sheets",
            "Shipping Weight": "32 lbs. (14.51 kg)",
            "Shred Size": "5/32\" x 1 3/16\" (3.97 x 30.16 mm)",
            "Shredder Speed": "NA",
            "Warranty": "One year warranty."
        },
        "url": "abcoffice.com//16443814"
    },
    {
        "spec": {
            "Dimensions": "36\" H x 21.5\" W x 18.6\" D (914 x 546 x 472 mm)",
            "Feed Opening": "12\" (305 mm)",
            "Model": "Strip Cut",
            "Product Code": "SHDEG1757340",
            "Security Level": "2",
            "Sheet Capacity": "22",
            "Shipping Weight": "195 lbs. (88 kg)",
            "Shred Size": "1/4\" (6 mm)",
            "Shredder Speed": "N/A",
            "Warranty": "Limited 3-year warranty, lifetime on cutters"
        },
        "url": "abcoffice.com//1201245"
    },
    {
        "spec": {
            "Dimensions": "14 1/2\" W x 22\" H x 13\" D (368.3 x 558.8 x 330.2 mm)",
            "Feed Opening": "9 1/2\" (241.3 mm)",
            "Model": "Strip Cut",
            "Product Code": "SHDEK240SS5",
            "Security Level": "2",
            "Sheet Capacity": "29",
            "Shipping Weight": "31 lbs. (14.06 kg)",
            "Shred Size": "1/4\" (6.35 mm)",
            "Speed": "18 ft./min. (5.49 m./min.)",
            "Warranty": "Click here for warranty information"
        },
        "url": "abcoffice.com//4531951"
    },
    {
        "spec": {
            "Dimensions": "15 1/2\" W x 28 3/4\" H x 11 3/4\" D (374.65 x 723.9 x 279.4 mm)",
            "Feed Opening": "9 1/2\" (241.3 mm)",
            "Model": "Strip Cut",
            "Product Code": "SHDEDSH0049",
            "Security Level": "2",
            "Sheet Capacity": "19-22 sheets",
            "Shipping Weight": "57 lbs. (22 kg)",
            "Shred Size": "3/16\" (5 mm)",
            "Shredder Speed": "27 ft./min. (8.23 m./min.)",
            "Warranty": "One year against defective materials and workmanship."
        },
        "url": "abcoffice.com//4527838"
    },
    {
        "spec": {
            "Accepted Paper Sizes": "8 1/2\" x 11\" (216mm x 279mm) and A4",
            "Accepted Paper Types": "Non-Glossy Finish",
            "Accepted Paper Weights": "20# to 24#",
            "Additional Features": "\u00a0",
            "Dimensions (L,W,H)": "9 3/4\" x 13 3/4\" x 6 3/8\" (248 mm x 348 mm x 162 mm)",
            "Fold Types": "Letter fold",
            "Folding Speed": "Manual Feed. Speed varies with user. Up to 1800 sheets/hr.",
            "Input Capacity": "Up to 3 Sheets of 20 lb bond",
            "Page Counter": "N/A",
            "Paper Feed": "Manual",
            "Power Requirements": "120V AC",
            "Product Code": "FOLEP6200",
            "Setup": "Non-Adjustable",
            "Shipping Weight": "12 lbs. (5.4 kg.)",
            "Volume Rating": "Low",
            "Warranty": "1 Year - Does not include consumable parts, labor, or shipping"
        },
        "url": "abcoffice.com//12384382"
    },
    {
        "spec": {
            "Accepted Paper Sizes": "3\" x 5\" to 14\" x 20\"",
            "Accepted Paper Types": "Glossy Finish and Non-Glossy Finish",
            "Accepted Paper Weights": "Up to 65# Cover Stock",
            "Additional Features": "Perforating/Scoring capabilities available.",
            "Dimensions (L,W,H)": "49\" x 24.5\" x 27\"",
            "Fold Types": "6 presets - Letter fold, Z fold, Single fold, Gate fold, Double Parallel fold, Half Accordion fold",
            "Folding Speed": "Up to 35,000 pieces per hour",
            "Input Capacity": "Up to 350 sheets, 20# bond (approx. 1.6 inch pile height)",
            "Jam Detection": "No",
            "Page Counter": "5-digit counter",
            "Paper Feed": "Automatic Bottom-Feed",
            "Power Requirements": "110 VAC 60Hz, 20 amp",
            "Product Code": "FOLEFD390",
            "Setup": "Manual",
            "Shipping Weight": "310 lbs. Must Ship Via Truck",
            "Warranty": "90-day limited, does not include consumable parts, labor, or shipping."
        },
        "url": "abcoffice.com//1446249"
    },
    {
        "spec": {
            "Dimensions": "12\" x 19 1/2\" x 9 1/2\" (305 mm x 495 mm x 241 mm)",
            "Power": "115 V AC 50/60 Hz",
            "Product Code": "DOCEFD150",
            "Speed": "300 documents/minute",
            "Warranty": "90 days",
            "Weight": "40 lbs (18 kg)"
        },
        "url": "abcoffice.com//3473437"
    },
    {
        "spec": {
            "Accepted Paper Sizes": "From 3.125\" x 4\" (79mm x 102mm) to 11.75\" x 18\" (298mm x 457mm)",
            "Accepted Paper Types": "Non-Glossy Finish",
            "Accepted Paper Weights": "20# to 34#",
            "Additional Features": "\u00a0",
            "Dimensions (L,W,H)": "38\" x 18\" x 11\" (965mm x 457mm x 279mm)",
            "Fold Types": "Single fold, Letter fold, Z fold, Double Parallel fold",
            "Folding Speed": "Up to 11,000 pieces per hour",
            "Input Capacity": "Up to 250 Sheets of 20 lb bond",
            "Page Counter": "Available",
            "Paper Feed": "Automatic",
            "Power Requirements": "110 V, UL, CUL applied for",
            "Product Code": "FOLEFD320",
            "Setup": "Manual",
            "Shipping Weight": "60 lbs.",
            "Volume Rating": "Medium",
            "Warranty": "90-day warranty, does not include consumable parts, labor, or shipping."
        },
        "url": "abcoffice.com//3958150"
    },
    {
        "spec": {
            "Dimensions": "19.7\"D x 14.4\"W x 10.8\"D (500mmH x 365mmW x 273mmD)",
            "Feed Opening": "9\" (225 mm)",
            "Shipping Weight": "13 lbs. (6 kg)",
            "Shredder Speed": "60 mm/s",
            "Warranty": "Limited 1 year warranty."
        },
        "url": "abcoffice.com//2564576"
    },
    {
        "spec": {
            "Accepted Paper Sizes": "2.2\" x 2.8\" to 13.7\" x 25.5\"",
            "Accepted Paper Types": "Glossy Finish and Non-Glossy Finish",
            "Accepted Paper Weights": "From 12# to 65# Bond From 17# to 19# Cover",
            "Additional Features": "\u00a0",
            "Dimensions (L,W,H)": "52.4\" x 23.3\" x 43.2\"",
            "Fold Types": "6 presets - Letter fold, Single fold, Half Accordion fold, Double Parallel fold, Z fold, Gate fold (Supports Custom Folding)",
            "Folding Speed": "Variable; Up to 30,000 pieces per hour (8.5\" x 11\" single fold)",
            "Input Capacity": "Up to 350 sheets, 20# bond (approx. 1.6 inch pile height) Continuous Top-load Bottom-feed",
            "Jam Detection": "Yes",
            "Page Counter": "Digital Display + Batch Counter",
            "Paper Feed": "Automatic Top-Load Bottom-Feed with Suction and Pressure Pump",
            "Power Requirements": "220V, 50/60 Hz, Single Phase, 16.8 Amp",
            "Product Code": "FOLEEF35",
            "Setup": "Manual",
            "Shipping Weight": "452 lbs. Must Ship Via Truck - Class 85",
            "Warranty": "90-day limited, does not include consumable parts, labor, or shipping."
        },
        "url": "abcoffice.com//14677257"
    },
    {
        "spec": {
            "Accepted Paper Sizes": "From 5.75\" x 6\" (146mm x 152mm) to 8.5\" x 14\" (216mm x 356mm)",
            "Accepted Paper Types": "Non-Glossy Finish",
            "Accepted Paper Weights": "16# to 24# Bond or equivalent",
            "Additional Features": "\u00a0",
            "Dimensions (L,W,H)": "12\" x 13\" x 8.75\" (305mm x 330mm x 222mm)",
            "Fold Types": "Single fold, Letter fold, Z fold, Double Parallel fold",
            "Folding Speed": "Up to 8,400 pieces per hour",
            "Input Capacity": "Up to 150 sheets, 20# bond",
            "Page Counter": "Available",
            "Paper Feed": "Automatic",
            "Power Requirements": "112V",
            "Product Code": "FOLEHF200",
            "Setup": "Semi-Automatic",
            "Shipping Weight": "31 lbs.",
            "Volume Rating": "Low",
            "Warranty": "1 year limited warranty, excluding wearables"
        },
        "url": "abcoffice.com//12185340"
    },
    {
        "spec": {
            "Dimensions": "15 1/2\" W x 25\" H x 11 3/4\" D (374.65 x 723.9 x 279.4 mm)",
            "Feed Opening": "9 1/2\" (241.3 mm)",
            "Shredder Speed": "27 ft./min. (8.23 m./min.)",
            "Warranty": "One year against defective materials and workmanship."
        },
        "url": "abcoffice.com//766541"
    },
    {
        "spec": {
            "Accepted Paper Sizes": "From 2.6\" x 3.4\" (66mm x 86mm) to 11\" x 17\" (279mm x 432mm)",
            "Accepted Paper Types": "Non-Glossy Finish",
            "Accepted Paper Weights": "13# to 70#",
            "Additional Features": "\u00a0",
            "Dimensions (L,W,H)": "19.1\" x 18.3\" x 12.5\" (485mm x 465mm x 318mm)",
            "Fold Types": "Letter fold, Z fold, Double Parallel fold, Half Accordion fold",
            "Folding Speed": "Up to 11,400 pieces per hour on 8.5\" x 11\"",
            "Input Capacity": "Up to approx. 200 Sheets (.85\")",
            "Page Counter": "Digital display (Total count/reset)",
            "Paper Feed": "Automatic",
            "Power Requirements": "115V 60Hz 65W",
            "Setup": "Semi-Automatic",
            "Shipping Weight": "89 lbs. Must Ship Via Truck",
            "Volume Rating": "Medium",
            "Warranty": "90-day warranty, does not include consumable parts, labor, or shipping."
        },
        "url": "abcoffice.com//16999470"
    },
    {
        "spec": {
            "Dimensions": "8.81\" x 21.88\" x 6.37\" (224 mm x 556 mm x 162 mm)",
            "Power": "N/A",
            "Product Code": "DOCEV130",
            "Speed": "N/A",
            "Warranty": "90-day warranty, does not include consumable parts, labor, and shipping.",
            "Weight": "25 lbs. (11 kg)"
        },
        "url": "abcoffice.com//12177222"
    },
    {
        "spec": {
            "Accepted Paper Sizes": "From 4\" x 4\" (102mm x 102mm) to 12\" x 18\" (304mm x 457mm)",
            "Accepted Paper Types": "Non-Glossy Finish",
            "Accepted Paper Weights": "16# to 135#",
            "Additional Features": "\u00a0",
            "Dimensions (L,W,H)": "42\" x 17.5\" x 17\" (1067mm x 445mm x 432mm)",
            "Fold Types": "Letter fold, Single fold, Z fold, Double Parallel fold, Half Accordion fold",
            "Folding Speed": "Up to 10,300 pieces per hour",
            "Input Capacity": "50-75 sheets, 20# bond",
            "Page Counter": "Available",
            "Paper Feed": "Automatic",
            "Power Requirements": "115V, 60Hz",
            "Product Code": "FOLE1217A",
            "Setup": "Manual",
            "Shipping Weight": "65 lbs.",
            "Volume Rating": "Medium",
            "Warranty": "90 Days - Does not include consumable parts, labor, or shipping"
        },
        "url": "abcoffice.com//2731397"
    },
    {
        "spec": {
            "Accepted Paper Sizes": "From 5\" x 7\" (127mm x 178mm) to 11\" x 17\" (279mm x 432mm)",
            "Accepted Paper Types": "Non-Glossy Finish",
            "Accepted Paper Weights": "13# to 80# Varies upon paper grain and type.",
            "Additional Features": "\u00a0",
            "Dimensions (L,W,H)": "18.9\" x 24.41\" x 21.06\" (480 x 620 x 535 mm)",
            "Fold Types": "Single, Double, Accordion, Half Accordion, Letter, Brochure, Special Right-Angle Fold, and Custom Folds",
            "Folding Speed": "Up to 7,200 pieces/hr",
            "Input Capacity": "Up to 500 Sheets",
            "Page Counter": "Adjustable, 4-digit",
            "Paper Feed": "Automatic",
            "Power Requirements": "120V, 60Hz",
            "Product Code": "FOLEDF755",
            "Setup": "Semi-Automatic",
            "Shipping Weight": "71 lbs. Must Ship Via Truck",
            "Volume Rating": "High",
            "Warranty": "90 day limited warranty"
        },
        "url": "abcoffice.com//4225044"
    },
    {
        "spec": {
            "Dimensions": "17\" x 12.25\" x 32.5\" (432 x 311 x 826 mm)",
            "Feed Opening": "12\" (304 mm)",
            "Model": "Strip Cut",
            "Security Level": "2",
            "Shipping Weight": "72 lbs. (32.6 kg)",
            "Shred Speed": "22 ft./min. (6.7 m./min.)",
            "Warranty": "Click here for warranty information"
        },
        "url": "abcoffice.com//2071491"
    },
    {
        "spec": {
            "Dimensions": "34.4\" H x 15\" W x 19.2\" D (873.76 x 381 x 487.68 mm)",
            "Feed Opening": "10 1/4\" (260.35 mm)",
            "Model": "Strip Cut",
            "Product Code": "SHDER1250S2U1",
            "Security Level": "2",
            "Sheet Capacity": "25 sheets",
            "Shipping Weight": "11.5 lbs. (5.22 kg)",
            "Shred Size": "5/32\" (3.97 mm)",
            "Shredder Speed": "8 ft./min. (2.44 m./min.)",
            "Warranty": "90-day warranty, does not include consumable parts, labor, and shipping."
        },
        "url": "abcoffice.com//8327986"
    },
    {
        "spec": {
            "Accepted Paper Sizes": "From 3.5\" x 5\" (89mm x 127mm) to 12.25\" x 17\" (311mm x 432mm)",
            "Accepted Paper Types": "Non-Glossy Finish",
            "Accepted Paper Weights": "20# to 60#",
            "Additional Features": "\u00a0",
            "Dimensions (L,W,H)": "60\" x 20\" x 19\" (1524mm x 508mm x 483mm)",
            "Fold Types": "Letter fold, Z fold, Double Parallel fold, Single fold, Half Accordion fold, Gate fold (allows custom folds)",
            "Folding Speed": "Up to 12,500 pieces per hour",
            "Input Capacity": "Up to 500 Sheets 20#",
            "Page Counter": "Included",
            "Paper Feed": "Automatic",
            "Power Requirements": "120 VAC 50/60 Hz",
            "Product Code": "FOLEFD380",
            "Setup": "Automatic",
            "Shipping Weight": "77 lbs. Must Ship Truck",
            "Volume Rating": "Medium",
            "Warranty": "90-day warranty, does not include consumable parts, labor, or shipping."
        },
        "url": "abcoffice.com//13189257"
    },
    {
        "spec": {
            "Accepted Paper Sizes": "From 3.5\" x 5\" (89mm x 127mm) to 8.5\" x 14\" (216mm x 356mm)",
            "Accepted Paper Types": "Non-Glossy Finish",
            "Accepted Paper Weights": "16# Bond to 50# Index (60 gsm to 90 gsm)",
            "Additional Features": "\u00a0",
            "Dimensions (L,W,H)": "29.5\" x 17\" x 17\" (749mm x 432mm x 432mm)",
            "Fold Types": "Single fold, Half Accordion fold, Double Parallel fold, Z fold, Letter fold, Gate fold",
            "Folding Speed": "Up to 6,000 pieces per hour (8.5\" x 11\")",
            "Input Capacity": "Up to 500 Sheets",
            "Page Counter": "Available",
            "Paper Feed": "Automatic",
            "Power Requirements": "110V, 60 Hz",
            "Product Code": "FOLEIF102",
            "Setup": "Manual",
            "Shipping Weight": "57 lbs.",
            "Volume Rating": "Medium",
            "Warranty": "1-Year Intelli-Zone Limited Warranty"
        },
        "url": "abcoffice.com//12505062"
    },
    {
        "spec": {
            "Dimensions": "22\" x 14 1/2\" x 13\" (559mm x 368mm x 330mm)",
            "Feed Opening": "9 1/2\" (241.3 mm)",
            "Model": "Strip Cut",
            "Product Code": "SHDEK240SS4",
            "Security Level": "2",
            "Sheet Capacity": "Up to 23",
            "Shipping Weight": "33 lbs. (15kg)",
            "Shred Size": "1/8\" (3.18 mm)",
            "Shredder Speed": "22 ft./min. (67 m./min.)",
            "Warranty": "Click here for warranty information"
        },
        "url": "abcoffice.com//650106"
    },
    {
        "spec": {
            "Accepted Paper Sizes": "8 1/2\" x 11\" (216mm x 279mm)",
            "Accepted Paper Types": "Non-Glossy Finish",
            "Accepted Paper Weights": "16# to 24#",
            "Additional Features": "\u00a0",
            "Dimensions (L,W,H)": "14 1/4\" x 6 3/4\" x 7\" (362 mm x 171 mm x 178 mm)",
            "Fold Types": "Letter fold or Half fold",
            "Folding Speed": "Manual Feed. Up to 2,200 sheets per hour. Up to 1800 sheets/hr",
            "Input Capacity": "Up to 3 Sheets of 20 lb bond",
            "Page Counter": "N/A",
            "Paper Feed": "Manual",
            "Power Requirements": "115V AC",
            "Product Code": "FOLEP6400",
            "Setup": "Letter or Half fold",
            "Shipping Weight": "14 lbs. (6.4 kg.)",
            "Volume Rating": "Low",
            "Warranty": "90-day warranty, does not include consumable parts, labor, or shipping."
        },
        "url": "abcoffice.com//3215259"
    }
]