{
    "1052395": [
        "abcoffice.com//12478788"
    ],
    "1066681": [
        "abcoffice.com//1554908"
    ],
    "10864413": [
        "abcoffice.com//1286137"
    ],
    "10865764": [
        "abcoffice.com//12967070"
    ],
    "11045130": [
        "abcoffice.com//11374076"
    ],
    "11169832": [
        "abcoffice.com//12759941"
    ],
    "11339907": [
        "abcoffice.com//849190"
    ],
    "11348130": [
        "abcoffice.com//7111737"
    ],
    "12074123": [
        "abcoffice.com//5748348"
    ],
    "12980945": [
        "abcoffice.com//10087998"
    ],
    "13334269": [
        "abcoffice.com//3025920"
    ],
    "13408723": [
        "abcoffice.com//12644874"
    ],
    "13512247": [
        "abcoffice.com//8987438"
    ],
    "13806227": [
        "abcoffice.com//15978650"
    ],
    "14190006": [
        "abcoffice.com//14094013"
    ],
    "14782225": [
        "abcoffice.com//5438918"
    ],
    "14841627": [
        "abcoffice.com//8385956"
    ],
    "149995": [
        "abcoffice.com//11873431"
    ],
    "15480286": [
        "abcoffice.com//8213594"
    ],
    "15480331": [
        "abcoffice.com//2655446"
    ],
    "15530666": [
        "abcoffice.com//8406508"
    ],
    "1590488": [
        "abcoffice.com//6600321"
    ],
    "15928390": [
        "abcoffice.com//598188"
    ],
    "15936860": [
        "abcoffice.com//10508894"
    ],
    "16193690": [
        "abcoffice.com//8690299"
    ],
    "16288429": [
        "abcoffice.com//2835516"
    ],
    "16391740": [
        "abcoffice.com//10077153"
    ],
    "16391764": [
        "abcoffice.com//8556498"
    ],
    "173395": [
        "abcoffice.com//703480"
    ],
    "248297": [
        "abcoffice.com//3064567"
    ],
    "2577286": [
        "abcoffice.com//7741088"
    ],
    "266670": [
        "abcoffice.com//12488393"
    ],
    "2702231": [
        "abcoffice.com//11439061"
    ],
    "3230829": [
        "abcoffice.com//3046220"
    ],
    "336090": [
        "abcoffice.com//3731124"
    ],
    "3957043": [
        "abcoffice.com//9658433"
    ],
    "4019227": [
        "abcoffice.com//6242837"
    ],
    "415937": [
        "abcoffice.com//9801701"
    ],
    "423219": [
        "abcoffice.com//10170312"
    ],
    "4369378": [
        "abcoffice.com//7306294"
    ],
    "4524536": [
        "abcoffice.com//13208351"
    ],
    "519497": [
        "abcoffice.com//5086780"
    ],
    "5311149": [
        "abcoffice.com//2357070"
    ],
    "5999289": [
        "abcoffice.com//4648569"
    ],
    "6882097": [
        "abcoffice.com//14985543"
    ],
    "7744964": [
        "abcoffice.com//9813686"
    ],
    "7768065": [
        "abcoffice.com//7273349"
    ],
    "7990560": [
        "abcoffice.com//6262196"
    ],
    "8137655": [
        "abcoffice.com//14090743"
    ],
    "82623": [
        "abcoffice.com//4626810"
    ],
    "8631969": [
        "abcoffice.com//14709077"
    ]
}