[
    {
        "spec": {
            "Komplekt\u0101cija": "1 modulis",
            "Nosaukums": "Kingston 8GB DDR3 PC10600 CL9 DIMM HyperX Fury Blue",
            "Ra\u017eot\u0101js": "Kingston",
            "Standarta spriegums": "1.5 V",
            "\u012apa\u0161as atz\u012bmes": "FURY asymmetric heatspreader Unbuffered non-ECC"
        },
        "url": "1a.lv//21059946"
    },
    {
        "spec": {
            "Komplekt\u0101cija": "4 modu\u013cu komplekts",
            "Nosaukums": "Corsair Vengeance LPX 16GB 2400MHz CL14 DDR4 DIMM KIT OF 4",
            "Ra\u017eot\u0101js": "Corsair",
            "Standarta spriegums": "1.2 V",
            "\u012apa\u0161as atz\u012bmes": "Siltuma izklied\u0113t\u0101ji Non-ECC unbuffered Quad/Dual-Channel Kit"
        },
        "url": "1a.lv//27001468"
    },
    {
        "spec": {
            "Nosaukums": "ASUS Xonar U7 MKII 7.1 USB DAC SoundCard w/ Headphone Amplifier",
            "Ra\u017eot\u0101js": "Asus",
            "\u012apa\u0161as atz\u012bmes": "Ieb\u016bv\u0113ts austi\u0146u pastiprin\u0101t\u0101js Kompakts dizains"
        },
        "url": "1a.lv//18155352"
    },
    {
        "spec": {
            "Komplekt\u0101cija": "1 modulis",
            "Nosaukums": "A-Data Premier 2GB 1333MHz DDR3 SO-DIMM",
            "Ra\u017eot\u0101js": "A-Data",
            "Standarta spriegums": "1.5 V",
            "\u012apa\u0161as atz\u012bmes": "Paredz\u0113ts portat\u012bvajam datoram!"
        },
        "url": "1a.lv//20857347"
    }
]