[
    {
        "spec": {
            "Ra\u017eot\u0101js": "Namco Bandai Games",
            "Sp\u0113les tips": "Auto brauk\u0161ana (Racing)",
            "Sp\u0113les veids": "Standarta",
            "Valoda": "Ang\u013cu",
            "Vecuma ierobe\u017eojums": "3+"
        },
        "url": "1a.lv//21933661"
    },
    {
        "spec": {
            "Ra\u017eot\u0101js": "Bethesda Softworks",
            "Sp\u0113les tips": "Lomu sp\u0113les (RPG)",
            "Sp\u0113les veids": "Standarta",
            "Valoda": "Ang\u013cu",
            "Vecuma ierobe\u017eojums": "18+"
        },
        "url": "1a.lv//18613977"
    },
    {
        "spec": {
            "Ra\u017eot\u0101js": "Volition",
            "Sp\u0113les tips": "Nav inform\u0101cijas",
            "Sp\u0113les veids": "Nav inform\u0101cijas",
            "Valoda": "Ang\u013cu",
            "Vecuma ierobe\u017eojums": "18+"
        },
        "url": "1a.lv//24139988"
    }
]