[
    {
        "spec": {
            "Breedte Band": "13 mm",
            "Diameter": "34 mm",
            "Dikte Kast": "6 mm",
            "Kleur Band": "Blauw/Roze",
            "Materiaal Band": "Leer",
            "Materiaal Glas": "Mineraal\u00a0",
            "Materiaal kast": "Metaal",
            "Soort uurwerk": "Quartz Japan citizen 1L22",
            "Tijdsaanduiding": "Analoog",
            "Waterdicht": "3 ATM"
        },
        "url": "10-35.com//5139214"
    },
    {
        "spec": {
            "Breedte Band": "13 mm",
            "Diameter": "34 mm",
            "Dikte Kast": "6 mm",
            "Kleur Band": "Blauw/Roze",
            "Materiaal Band": "Leer",
            "Materiaal Glas": "Mineraal\u00a0",
            "Materiaal kast": "Metaal",
            "Soort uurwerk": "Quartz Japan citizen 1L22",
            "Tijdsaanduiding": "Analoog",
            "Waterdicht": "3 ATM"
        },
        "url": "10-35.com//16522878"
    },
    {
        "spec": {
            "Breedte Band": "13 mm",
            "Diameter": "34 mm",
            "Dikte Kast": "6 mm",
            "Kleur Band": "Blauw/Roze",
            "Materiaal Band": "Leer",
            "Materiaal Glas": "Mineraal\u00a0",
            "Materiaal kast": "Metaal",
            "Soort uurwerk": "Quartz Japan citizen 1L22",
            "Tijdsaanduiding": "Analoog",
            "Waterdicht": "3 ATM"
        },
        "url": "10-35.com//9050193"
    },
    {
        "spec": {
            "Breedte Band": "13 mm",
            "Diameter": "34 mm",
            "Dikte Kast": "6 mm",
            "Kleur Band": "Blauw/Roze",
            "Materiaal Band": "Leer",
            "Materiaal Glas": "Mineraal\u00a0",
            "Materiaal kast": "Metaal",
            "Soort uurwerk": "Quartz Japan citizen 1L22",
            "Tijdsaanduiding": "Analoog",
            "Waterdicht": "3 ATM"
        },
        "url": "10-35.com//8458295"
    }
]