[
    {
        "spec": {
            "Finding": "Adjustable, Dori",
            "Finish": "Antique, Oxidized, Silver",
            "Material": "Silver",
            "SKU": "NERKHS03482",
            "Stones": "Kemp",
            "Weight": "63.00 gms"
        },
        "url": "aatmanindia.com//12531873"
    },
    {
        "spec": {
            "Finding": "Adjustable, Dori",
            "Finish": "Antique, Oxidized, Silver",
            "Material": "Silver",
            "SKU": "NERKHS03477",
            "Weight": "77.00 gms"
        },
        "url": "aatmanindia.com//3752963"
    },
    {
        "spec": {
            "Finding": "Push back",
            "Finish": "Antique, Oxidized, Silver",
            "Material": "Silver",
            "SKU": "EARKHS03429",
            "Weight": "2.30 gms"
        },
        "url": "aatmanindia.com//15493731"
    },
    {
        "spec": {
            "Finding": "Adjustable, Dori",
            "Finish": "Antique, Oxidized, Silver",
            "Material": "Silver",
            "SKU": "NERKHS03475",
            "Stones": "Kemp",
            "Weight": "70.70 gms"
        },
        "url": "aatmanindia.com//10263506"
    },
    {
        "spec": {
            "Finding": "Adjustable, Dori",
            "Finish": "Antique, Oxidized, Silver",
            "Material": "Silver",
            "SKU": "NERKHS03481",
            "Stones": "Kemp",
            "Weight": "71.00 gms"
        },
        "url": "aatmanindia.com//10767153"
    },
    {
        "spec": {
            "Finding": "Dori",
            "Finish": "Antique, Gold",
            "Material": "Copper",
            "SKU": "NEPAFN02045",
            "Stones": "Kundan",
            "Weight": "50.00 gms"
        },
        "url": "aatmanindia.com//6535660"
    }
]