{
    "1079863": [
        "123moebel.de//25477576"
    ],
    "1128537": [
        "123moebel.de//17661804"
    ],
    "1422028": [
        "123moebel.de//22712756"
    ],
    "238293": [
        "123moebel.de//20063435"
    ],
    "334677": [
        "123moebel.de//24104346"
    ],
    "3600806": [
        "123moebel.de//25072633"
    ],
    "3613625": [
        "123moebel.de//20955575"
    ],
    "425222": [
        "123moebel.de//18316370"
    ],
    "452676": [
        "123moebel.de//23548524"
    ],
    "522057": [
        "123moebel.de//18634932"
    ],
    "560940": [
        "123moebel.de//25685876"
    ],
    "607788": [
        "123moebel.de//24800779"
    ],
    "6828010": [
        "123moebel.de//22606402"
    ],
    "6878386": [
        "123moebel.de//17758743"
    ],
    "6878956": [
        "123moebel.de//23851627"
    ],
    "697051": [
        "123moebel.de//22972464"
    ],
    "7209252": [
        "123moebel.de//24293137"
    ],
    "75448": [
        "123moebel.de//26371275"
    ],
    "816970": [
        "123moebel.de//18524273"
    ],
    "878603": [
        "123moebel.de//26516979"
    ]
}