[
    {
        "spec": {
            "Artikelnummer:": "BP-14910734",
            "Ausstattung:": "inkl. Lattenrost",
            "Breite:": "97 cm",
            "EAN:": "8712657011903",
            "Liegefl\u00e4che:": "90 x 200 cm",
            "L\u00e4nge/Tiefe:": "212 cm",
            "Material:": "Kiefer",
            "Montiert:": "Nein",
            "Serie:": "Basic Wood",
            "max. Belastbarkeit:": "100 Kg"
        },
        "url": "123moebel.de//19146476"
    },
    {
        "spec": {
            "Artikelnummer:": "ST-2906130213",
            "Ausstattung:": "inkl. Lattenrost umbaubar Leiter gerade inkl. Rutsche",
            "Breite:": "209 cm",
            "EAN:": "5707252037000",
            "Farbe:": "Wei\u00df",
            "H\u00f6he:": "113 cm",
            "Liegefl\u00e4che:": "90 x 200 cm",
            "L\u00e4nge/Tiefe:": "102 cm",
            "Material:": "Kiefer",
            "Montiert:": "Nein",
            "Nischenh\u00f6he:": "74 cm",
            "Pfostenst\u00e4rke:": "25 x 155 mm",
            "Serie:": "Steens for Kids",
            "Tiefe inkl. Leiter:": "114 cm",
            "max. Belastbarkeit:": "80 Kg",
            "max. Matratzenh\u00f6he:": "15 cm"
        },
        "url": "123moebel.de//24092663"
    },
    {
        "spec": {
            "Artikelnummer:": "ST-29061350",
            "Ausstattung:": "inkl. Lattenrost umbaubar Leiter gerade",
            "Breite:": "209 cm",
            "EAN:": "5707252026998",
            "Farbe:": "Wei\u00df",
            "H\u00f6he:": "113 cm",
            "Liegefl\u00e4che:": "90 x 200 cm",
            "L\u00e4nge/Tiefe:": "102 cm",
            "Material:": "MDF",
            "Nischenh\u00f6he:": "74 cm",
            "Pfostenst\u00e4rke:": "25 x 155 mm",
            "Serie:": "Steens for Kids",
            "Tiefe inkl. Leiter:": "114 cm",
            "max. Belastbarkeit:": "80 Kg",
            "max. Matratzenh\u00f6he:": "15 cm"
        },
        "url": "123moebel.de//20627755"
    },
    {
        "spec": {
            "Artikelnummer:": "ST-29064913",
            "Ausstattung:": "inkl. Lattenrost umbaubar",
            "Breite:": "209 cm",
            "EAN:": "5707252028008",
            "Farbe:": "Wei\u00df",
            "H\u00f6he:": "59,5 cm",
            "Liegefl\u00e4che:": "90 x 200 cm",
            "L\u00e4nge/Tiefe:": "102 cm",
            "Material:": "Kiefer",
            "Montiert:": "Nein",
            "Nischenh\u00f6he:": "20 cm",
            "Pfostenst\u00e4rke:": "25 x 155 mm",
            "Serie:": "Steens for Kids",
            "max. Belastbarkeit:": "80 Kg",
            "max. Matratzenh\u00f6he:": "15 cm"
        },
        "url": "123moebel.de//27420243"
    },
    {
        "spec": {
            "Artikelnummer:": "ST-29061319",
            "Ausstattung:": "inkl. Lattenrost umbaubar Leiter gerade",
            "Breite:": "209 cm",
            "EAN:": "5707252028084",
            "Farbe:": "Natur",
            "H\u00f6he:": "113 cm",
            "Liegefl\u00e4che:": "90 x 200 cm",
            "L\u00e4nge/Tiefe:": "102 cm",
            "Material:": "Kiefer",
            "Montiert:": "Nein",
            "Nischenh\u00f6he:": "74 cm",
            "Pfostenst\u00e4rke:": "25 x 155 mm",
            "Serie:": "Steens for Kids",
            "Tiefe inkl. Leiter:": "114 cm",
            "max. Belastbarkeit:": "80 Kg",
            "max. Matratzenh\u00f6he:": "15 cm"
        },
        "url": "123moebel.de//25275350"
    },
    {
        "spec": {
            "Artikelnummer:": "ST-29064919",
            "Ausstattung:": "inkl. Lattenrost umbaubar",
            "Breite:": "209 cm",
            "EAN:": "5707252028114",
            "Farbe:": "Natur",
            "H\u00f6he:": "59,5 cm",
            "Liegefl\u00e4che:": "90 x 200 cm",
            "L\u00e4nge/Tiefe:": "102 cm",
            "Material:": "Kiefer",
            "Montiert:": "Nein",
            "Nischenh\u00f6he:": "20 cm",
            "Pfostenst\u00e4rke:": "25 x 155 mm",
            "Serie:": "Steens for Kids",
            "max. Belastbarkeit:": "80 Kg",
            "max. Matratzenh\u00f6he:": "15 cm"
        },
        "url": "123moebel.de//25750590"
    },
    {
        "spec": {
            "Artikelnummer:": "LIV-1615",
            "Breite:": "120 cm",
            "EAN:": "0782298321615",
            "Farbe:": "Rosa",
            "H\u00f6he:": "1,8 cm",
            "L\u00e4nge/Tiefe:": "180 cm"
        },
        "url": "123moebel.de//27453085"
    },
    {
        "spec": {
            "Artikelnummer:": "ST-29061450",
            "Ausstattung:": "inkl. Lattenrost Leiter gerade umbaubar",
            "Breite:": "209 cm",
            "EAN:": "5707252029043",
            "Farbe:": "Wei\u00df",
            "H\u00f6he:": "164 cm",
            "Liegefl\u00e4che:": "90 x 200 cm",
            "L\u00e4nge/Tiefe:": "102 cm",
            "Material:": "MDF",
            "Montiert:": "Nein",
            "Nischenh\u00f6he:": "125 cm",
            "Pfostenst\u00e4rke:": "25 x 155 mm",
            "Serie:": "Steens for Kids",
            "Tiefe inkl. Leiter:": "114 cm",
            "max. Belastbarkeit:": "80 Kg",
            "max. Matratzenh\u00f6he:": "15 cm"
        },
        "url": "123moebel.de//27167895"
    },
    {
        "spec": {
            "Artikelnummer:": "ST-29061513",
            "Breite:": "209 cm",
            "EAN:": "5707252027995",
            "Farbe:": "Wei\u00df",
            "H\u00f6he:": "164 cm",
            "Liegefl\u00e4che:": "90 x 200 cm",
            "L\u00e4nge/Tiefe:": "102 cm",
            "Material:": "Kiefer",
            "Montiert:": "Nein",
            "Pfostenst\u00e4rke:": "25 x 155 mm",
            "Serie:": "Steens for Kids",
            "Tiefe inkl. Leiter:": "114 cm",
            "max. Belastbarkeit:": "\u00e1 80 Kg",
            "max. Matratzenh\u00f6he:": "15 cm"
        },
        "url": "123moebel.de//25614678"
    }
]