{
    "1113621": [
        "123moebel.de//19146476"
    ],
    "1621375": [
        "123moebel.de//27453085"
    ],
    "226971": [
        "123moebel.de//24092663"
    ],
    "238605": [
        "123moebel.de//27167895"
    ],
    "255150": [
        "123moebel.de//25750590"
    ],
    "345174": [
        "123moebel.de//25275350"
    ],
    "689643": [
        "123moebel.de//27420243"
    ],
    "704600": [
        "123moebel.de//20627755"
    ],
    "723779": [
        "123moebel.de//25614678"
    ]
}