[
    {
        "spec": {
            "Artikelnummer:": "EK-375416-EOB",
            "EAN:": "8714713038015",
            "Farbe:": "Natur",
            "H\u00f6he:": "30 cm",
            "Material:": "Eiche",
            "Montiert:": "Nein"
        },
        "url": "123moebel.de//23974245"
    },
    {
        "spec": {
            "Artikelnummer:": "DOL-6605-33-35",
            "Breite:": "90 cm",
            "H\u00f6he:": "12 cm",
            "L\u00e4nge/Tiefe:": "200 cm",
            "Serie:": "Multicolor"
        },
        "url": "123moebel.de//22853618"
    },
    {
        "spec": {
            "Artikelnummer:": "EK-370187-GOW",
            "Breite:": "50 cm",
            "EAN:": "8714713040308",
            "Farbe:": "Wei\u00df",
            "H\u00f6he:": "200 cm",
            "L\u00e4nge/Tiefe:": "35 cm",
            "Material:": "Kiefer",
            "Montiert:": "Nein",
            "Serie:": "Expand"
        },
        "url": "123moebel.de//25043349"
    },
    {
        "spec": {
            "Artikelnummer:": "L-300000-01",
            "Breite:": "55 cm",
            "EAN:": "5707770037124",
            "H\u00f6he:": "83 cm",
            "L\u00e4nge/Tiefe:": "56 cm",
            "Material:": "Buche",
            "Serie:": "Leander"
        },
        "url": "123moebel.de//20066444"
    },
    {
        "spec": {
            "Artikelnummer:": "DOL-12-95-09",
            "EAN:": "4250605724887",
            "L\u00e4nge/Tiefe:": "90 cm",
            "Serie:": "Multicolor"
        },
        "url": "123moebel.de//19692500"
    },
    {
        "spec": {
            "Artikelnummer:": "EK-370186-GOW",
            "Breite:": "80 cm",
            "EAN:": "8714713040292",
            "Farbe:": "Wei\u00df",
            "H\u00f6he:": "200 cm",
            "L\u00e4nge/Tiefe:": "35 cm",
            "Material:": "Kiefer",
            "Montiert:": "Nein",
            "Serie:": "Expand"
        },
        "url": "123moebel.de//24692744"
    }
]