{
    "ENTITY#079": [
        "www.shopmania.com//660"
    ],
    "ENTITY#085": [
        "www.shopmania.com//25"
    ],
    "ENTITY#093": [
        "www.shopmania.com//674"
    ],
    "ENTITY#094": [
        "www.shopmania.com//671"
    ],
    "ENTITY#100": [
        "www.shopmania.com//38"
    ],
    "ENTITY#116": [
        "www.shopmania.com//57"
    ],
    "ENTITY#117": [
        "www.shopmania.com//43"
    ],
    "ENTITY#120": [
        "www.shopmania.com//652"
    ],
    "ENTITY#125": [
        "www.shopmania.com//664"
    ],
    "ENTITY#128": [
        "www.shopmania.com//31"
    ],
    "ENTITY#129": [
        "www.shopmania.com//651"
    ],
    "ENTITY#130": [
        "www.shopmania.com//685"
    ],
    "ENTITY#131": [
        "www.shopmania.com//89"
    ],
    "ENTITY#132": [
        "www.shopmania.com//22"
    ],
    "ENTITY#136": [
        "www.shopmania.com//39"
    ],
    "ENTITY#146": [
        "www.shopmania.com//42"
    ],
    "ENTITY#153": [
        "www.shopmania.com//653"
    ],
    "ENTITY#154": [
        "www.shopmania.com//35"
    ],
    "ENTITY#165": [
        "www.shopmania.com//673"
    ],
    "ENTITY#166": [
        "www.shopmania.com//53"
    ],
    "ENTITY#167": [
        "www.shopmania.com//670"
    ],
    "ENTITY#168": [
        "www.shopmania.com//30"
    ],
    "ENTITY#169": [
        "www.shopmania.com//682"
    ],
    "ENTITY#170": [
        "www.shopmania.com//649"
    ],
    "ENTITY#171": [
        "www.shopmania.com//56"
    ],
    "ENTITY#172": [
        "www.shopmania.com//663"
    ],
    "ENTITY#175": [
        "www.shopmania.com//90"
    ],
    "ENTITY#176": [
        "www.shopmania.com//672"
    ],
    "ENTITY#178": [
        "www.shopmania.com//63"
    ],
    "ENTITY#179": [
        "www.shopmania.com//655"
    ],
    "ENTITY#180": [
        "www.shopmania.com//70"
    ],
    "ENTITY#181": [
        "www.shopmania.com//26"
    ],
    "ENTITY#182": [
        "www.shopmania.com//648"
    ],
    "ENTITY#183": [
        "www.shopmania.com//669"
    ],
    "ENTITY#184": [
        "www.shopmania.com//678"
    ],
    "ENTITY#185": [
        "www.shopmania.com//662"
    ],
    "ENTITY#188": [
        "www.shopmania.com//675"
    ],
    "ENTITY#190": [
        "www.shopmania.com//650"
    ],
    "ENTITY#194": [
        "www.shopmania.com//67"
    ],
    "ENTITY#195": [
        "www.shopmania.com//41"
    ]
}