{
    "ENTITY#023": [
        "www.mediashopuk.com//80"
    ],
    "ENTITY#025": [
        "www.mediashopuk.com//90"
    ],
    "ENTITY#026": [
        "www.mediashopuk.com//47"
    ],
    "ENTITY#027": [
        "www.mediashopuk.com//16"
    ],
    "ENTITY#028": [
        "www.mediashopuk.com//160"
    ],
    "ENTITY#039": [
        "www.mediashopuk.com//173"
    ],
    "ENTITY#040": [
        "www.mediashopuk.com//1"
    ],
    "ENTITY#041": [
        "www.mediashopuk.com//85"
    ],
    "ENTITY#042": [
        "www.mediashopuk.com//169"
    ],
    "ENTITY#080": [
        "www.mediashopuk.com//164"
    ],
    "ENTITY#082": [
        "www.mediashopuk.com//137"
    ],
    "ENTITY#088": [
        "www.mediashopuk.com//11"
    ],
    "ENTITY#090": [
        "www.mediashopuk.com//88"
    ],
    "ENTITY#095": [
        "www.mediashopuk.com//76"
    ],
    "ENTITY#103": [
        "www.mediashopuk.com//158"
    ],
    "ENTITY#133": [
        "www.mediashopuk.com//172"
    ],
    "ENTITY#157": [
        "www.mediashopuk.com//117"
    ],
    "ENTITY#164": [
        "www.mediashopuk.com//98"
    ],
    "ENTITY#167": [
        "www.mediashopuk.com//126"
    ],
    "ENTITY#185": [
        "www.mediashopuk.com//151"
    ],
    "ENTITY#186": [
        "www.mediashopuk.com//59"
    ],
    "ENTITY#189": [
        "www.mediashopuk.com//79"
    ],
    "ENTITY#196": [
        "www.mediashopuk.com//144"
    ],
    "ENTITY#200": [
        "www.mediashopuk.com//46"
    ]
}