[
    {
        "spec": {
            "Item Size": "2.25 x 4.25 x 4.25 inches",
            "Item Weight": "0.06 pounds",
            "Package Size": "3.2 x 2.5 x 2.5 inches",
            "Package Weight": "0.3 pounds",
            "Units in Package": "1"
        },
        "url": "4supermart.com//2068445"
    },
    {
        "spec": {
            "Item Size": "2.56 x 7.87 x 7.87 inches",
            "Item Weight": "6.9 pounds",
            "Package Size": "8.5 x 8.3 x 8.3 inches",
            "Package Weight": "6.8 pounds",
            "Units in Package": "6"
        },
        "url": "4supermart.com//3515654"
    },
    {
        "spec": {
            "Item Size": "3.94 x 10.24 x 10.24 inches",
            "Item Weight": "4 pounds",
            "Package Size": "4.6 x 4.1 x 4.1 inches",
            "Package Weight": "5.65 pounds",
            "Units in Package": "1"
        },
        "url": "4supermart.com//4118076"
    },
    {
        "spec": {
            "Item Size": "1.97 x 2.36 x 2.36 inches",
            "Item Weight": "2.43 pounds",
            "Package Size": "8.5 x 8 x 8 inches",
            "Package Weight": "6.8 pounds",
            "Units in Package": "6"
        },
        "url": "4supermart.com//17211387"
    },
    {
        "spec": {
            "Item Size": "0 x 0 x 0 inches",
            "Item Weight": "4.31 pounds",
            "Package Size": "11 x 6.3 x 6.3 inches",
            "Package Weight": "5.3 pounds",
            "Units in Package": "6"
        },
        "url": "4supermart.com//8996565"
    },
    {
        "spec": {
            "Item Size": "0 x 0 x 0 inches",
            "Item Weight": "0.75 pounds",
            "Package Size": "4.17 x 3.86 x 3.86 inches",
            "Package Weight": "1.23 pounds",
            "Units in Package": "1"
        },
        "url": "4supermart.com//11765123"
    },
    {
        "spec": {
            "Item Size": "10.5 x 6.2 x 6.2 inches",
            "Item Weight": "6.95 pounds",
            "Package Size": "10.8 x 6.1 x 6.1 inches",
            "Package Weight": "6.95 pounds",
            "Units in Package": "6"
        },
        "url": "4supermart.com//13713809"
    },
    {
        "spec": {
            "Item Size": "11.02 x 3.54 x 3.54 inches",
            "Item Weight": "1.81 pounds",
            "Package Size": "7.64 x 3.66 x 3.66 inches",
            "Package Weight": "1.81 pounds",
            "Units in Package": "1"
        },
        "url": "4supermart.com//3979146"
    },
    {
        "spec": {
            "Item Size": "1 x 1 x 1 inches",
            "Item Weight": "0.09 pounds",
            "Package Size": "3.7 x 3 x 3 inches",
            "Package Weight": "0.85 pounds",
            "Units in Package": "1"
        },
        "url": "4supermart.com//10698265"
    }
]