{
    "11264706": [
        "4supermart.com//8996565"
    ],
    "11869029": [
        "4supermart.com//11765123"
    ],
    "12630512": [
        "4supermart.com//10698265"
    ],
    "13866740": [
        "4supermart.com//4118076"
    ],
    "14282499": [
        "4supermart.com//13713809"
    ],
    "2230136": [
        "4supermart.com//3515654"
    ],
    "2230161": [
        "4supermart.com//17211387"
    ],
    "8556787": [
        "4supermart.com//3979146"
    ],
    "8807141": [
        "4supermart.com//2068445"
    ]
}