{
    "3": [
        "http:///www.cambuy.com.au/5"
    ],
    "5": [
        "http:///www.cambuy.com.au/128",
        "http:///www.cambuy.com.au/140",
        "http:///www.cambuy.com.au/26"
    ],
    "6": [
        "http:///www.cambuy.com.au/121",
        "http:///www.cambuy.com.au/53",
        "http:///www.cambuy.com.au/67",
        "http:///www.cambuy.com.au/90"
    ],
    "7": [
        "http:///www.cambuy.com.au/163"
    ],
    "9": [
        "http:///www.cambuy.com.au/106",
        "http:///www.cambuy.com.au/68"
    ],
    "13": [
        "http:///www.cambuy.com.au/116",
        "http:///www.cambuy.com.au/149"
    ],
    "16": [
        "http:///www.cambuy.com.au/152"
    ],
    "20": [
        "http:///www.cambuy.com.au/13",
        "http:///www.cambuy.com.au/61"
    ],
    "21": [
        "http:///www.cambuy.com.au/125",
        "http:///www.cambuy.com.au/64",
        "http:///www.cambuy.com.au/73"
    ],
    "22": [
        "http:///www.cambuy.com.au/21",
        "http:///www.cambuy.com.au/77",
        "http:///www.cambuy.com.au/85",
        "http:///www.cambuy.com.au/94"
    ],
    "25": [
        "http:///www.cambuy.com.au/81"
    ],
    "27": [
        "http:///www.cambuy.com.au/133",
        "http:///www.cambuy.com.au/138"
    ],
    "32": [
        "http:///www.cambuy.com.au/115"
    ],
    "34": [
        "http:///www.cambuy.com.au/144",
        "http:///www.cambuy.com.au/93"
    ],
    "36": [
        "http:///www.cambuy.com.au/29"
    ],
    "40": [
        "http:///www.cambuy.com.au/105"
    ],
    "48": [
        "http:///www.cambuy.com.au/99"
    ],
    "49": [
        "http:///www.cambuy.com.au/127",
        "http:///www.cambuy.com.au/14",
        "http:///www.cambuy.com.au/148",
        "http:///www.cambuy.com.au/60",
        "http:///www.cambuy.com.au/91"
    ],
    "51": [
        "http:///www.cambuy.com.au/16",
        "http:///www.cambuy.com.au/75",
        "http:///www.cambuy.com.au/80"
    ],
    "53": [
        "http:///www.cambuy.com.au/22"
    ],
    "54": [
        "http:///www.cambuy.com.au/100",
        "http:///www.cambuy.com.au/37",
        "http:///www.cambuy.com.au/63",
        "http:///www.cambuy.com.au/83"
    ],
    "55": [
        "http:///www.cambuy.com.au/120",
        "http:///www.cambuy.com.au/87"
    ],
    "56": [
        "http:///www.cambuy.com.au/103",
        "http:///www.cambuy.com.au/33"
    ],
    "58": [
        "http:///www.cambuy.com.au/46"
    ],
    "61": [
        "http:///www.cambuy.com.au/104",
        "http:///www.cambuy.com.au/143"
    ],
    "62": [
        "http:///www.cambuy.com.au/43",
        "http:///www.cambuy.com.au/76"
    ],
    "64": [
        "http:///www.cambuy.com.au/155",
        "http:///www.cambuy.com.au/51"
    ],
    "76": [
        "http:///www.cambuy.com.au/110",
        "http:///www.cambuy.com.au/78"
    ],
    "79": [
        "http:///www.cambuy.com.au/31"
    ],
    "82": [
        "http:///www.cambuy.com.au/8"
    ],
    "84": [
        "http:///www.cambuy.com.au/27"
    ],
    "88": [
        "http:///www.cambuy.com.au/17",
        "http:///www.cambuy.com.au/40",
        "http:///www.cambuy.com.au/59"
    ],
    "89": [
        "http:///www.cambuy.com.au/71"
    ],
    "91": [
        "http:///www.cambuy.com.au/9"
    ],
    "94": [
        "http:///www.cambuy.com.au/136"
    ],
    "95": [
        "http:///www.cambuy.com.au/118"
    ],
    "96": [
        "http:///www.cambuy.com.au/112"
    ],
    "97": [
        "http:///www.cambuy.com.au/74"
    ],
    "98": [
        "http:///www.cambuy.com.au/98"
    ],
    "99": [
        "http:///www.cambuy.com.au/109",
        "http:///www.cambuy.com.au/113",
        "http:///www.cambuy.com.au/145",
        "http:///www.cambuy.com.au/50",
        "http:///www.cambuy.com.au/96"
    ],
    "104": [
        "http:///www.cambuy.com.au/132",
        "http:///www.cambuy.com.au/142",
        "http:///www.cambuy.com.au/162"
    ],
    "106": [
        "http:///www.cambuy.com.au/111",
        "http:///www.cambuy.com.au/36",
        "http:///www.cambuy.com.au/49",
        "http:///www.cambuy.com.au/52",
        "http:///www.cambuy.com.au/54",
        "http:///www.cambuy.com.au/56",
        "http:///www.cambuy.com.au/82"
    ],
    "114": [
        "http:///www.cambuy.com.au/114"
    ],
    "163": [
        "http:///www.cambuy.com.au/101",
        "http:///www.cambuy.com.au/131",
        "http:///www.cambuy.com.au/160",
        "http:///www.cambuy.com.au/95"
    ],
    "175": [
        "http:///www.cambuy.com.au/15",
        "http:///www.cambuy.com.au/28",
        "http:///www.cambuy.com.au/30",
        "http:///www.cambuy.com.au/6"
    ],
    "184": [
        "http:///www.cambuy.com.au/158",
        "http:///www.cambuy.com.au/58",
        "http:///www.cambuy.com.au/79"
    ],
    "189": [
        "http:///www.cambuy.com.au/97"
    ],
    "211": [
        "http:///www.cambuy.com.au/102",
        "http:///www.cambuy.com.au/108",
        "http:///www.cambuy.com.au/72"
    ],
    "218": [
        "http:///www.cambuy.com.au/157"
    ],
    "240": [
        "http:///www.cambuy.com.au/0",
        "http:///www.cambuy.com.au/1",
        "http:///www.cambuy.com.au/10",
        "http:///www.cambuy.com.au/20",
        "http:///www.cambuy.com.au/7"
    ],
    "245": [
        "http:///www.cambuy.com.au/119",
        "http:///www.cambuy.com.au/38",
        "http:///www.cambuy.com.au/47",
        "http:///www.cambuy.com.au/70"
    ],
    "267": [
        "http:///www.cambuy.com.au/129",
        "http:///www.cambuy.com.au/147"
    ],
    "278": [
        "http:///www.cambuy.com.au/55"
    ],
    "290": [
        "http:///www.cambuy.com.au/139"
    ],
    "295": [
        "http:///www.cambuy.com.au/122"
    ]
}