{
    "ENTITY#19": [
        "http:///www.cambuy.com.au/111",
        "http:///www.cambuy.com.au/36",
        "http:///www.cambuy.com.au/49",
        "http:///www.cambuy.com.au/52",
        "http:///www.cambuy.com.au/54",
        "http:///www.cambuy.com.au/56",
        "http:///www.cambuy.com.au/82"
    ],
    "ENTITY#20": [
        "http:///www.cambuy.com.au/99"
    ],
    "ENTITY#29": [
        "http:///www.cambuy.com.au/29"
    ],
    "ENTITY#30": [
        "http:///www.cambuy.com.au/144",
        "http:///www.cambuy.com.au/93"
    ],
    "ENTITY#35": [
        "http:///www.cambuy.com.au/128",
        "http:///www.cambuy.com.au/140",
        "http:///www.cambuy.com.au/26"
    ],
    "ENTITY#4": [
        "http:///www.cambuy.com.au/125",
        "http:///www.cambuy.com.au/64",
        "http:///www.cambuy.com.au/73"
    ],
    "ENTITY#40": [
        "http:///www.cambuy.com.au/118"
    ],
    "ENTITY#42": [
        "http:///www.cambuy.com.au/136"
    ],
    "ENTITY#50": [
        "http:///www.cambuy.com.au/98"
    ],
    "ENTITY#6": [
        "http:///www.cambuy.com.au/127",
        "http:///www.cambuy.com.au/14",
        "http:///www.cambuy.com.au/148",
        "http:///www.cambuy.com.au/60",
        "http:///www.cambuy.com.au/91"
    ],
    "ENTITY#66": [
        "http:///www.cambuy.com.au/103"
    ],
    "ENTITY#7": [
        "http:///www.cambuy.com.au/15"
    ],
    "ENTITY#72": [
        "http:///www.cambuy.com.au/114"
    ],
    "ENTITY#76": [
        "http:///www.cambuy.com.au/104",
        "http:///www.cambuy.com.au/143"
    ],
    "ENTITY#86": [
        "http:///www.cambuy.com.au/152"
    ],
    "ENTITY#87": [
        "http:///www.cambuy.com.au/105"
    ],
    "ENTITY#90": [
        "http:///www.cambuy.com.au/5"
    ],
    "ENTITY#93": [
        "http:///www.cambuy.com.au/22"
    ],
    "ENTITY#95": [
        "http:///www.cambuy.com.au/15"
    ]
}