{
    "1": [
        "http:///www.pricedekho.com/1109",
        "http:///www.pricedekho.com/1132",
        "http:///www.pricedekho.com/975"
    ],
    "2": [
        "http:///www.pricedekho.com/1268"
    ],
    "7": [
        "http:///www.pricedekho.com/1223"
    ],
    "8": [
        "http:///www.pricedekho.com/1015",
        "http:///www.pricedekho.com/1251"
    ],
    "12": [
        "http:///www.pricedekho.com/1143"
    ],
    "14": [
        "http:///www.pricedekho.com/1092",
        "http:///www.pricedekho.com/1239"
    ],
    "15": [
        "http:///www.pricedekho.com/988"
    ],
    "16": [
        "http:///www.pricedekho.com/1006"
    ],
    "19": [
        "http:///www.pricedekho.com/1039"
    ],
    "21": [
        "http:///www.pricedekho.com/1126"
    ],
    "22": [
        "http:///www.pricedekho.com/1205"
    ],
    "23": [
        "http:///www.pricedekho.com/1041"
    ],
    "25": [
        "http:///www.pricedekho.com/1046"
    ],
    "28": [
        "http:///www.pricedekho.com/1034"
    ],
    "33": [
        "http:///www.pricedekho.com/1162"
    ],
    "35": [
        "http:///www.pricedekho.com/1229"
    ],
    "39": [
        "http:///www.pricedekho.com/1008",
        "http:///www.pricedekho.com/993"
    ],
    "40": [
        "http:///www.pricedekho.com/1255"
    ],
    "41": [
        "http:///www.pricedekho.com/1193",
        "http:///www.pricedekho.com/983"
    ],
    "43": [
        "http:///www.pricedekho.com/1033",
        "http:///www.pricedekho.com/1123",
        "http:///www.pricedekho.com/1227"
    ],
    "44": [
        "http:///www.pricedekho.com/1171"
    ],
    "46": [
        "http:///www.pricedekho.com/1159"
    ],
    "47": [
        "http:///www.pricedekho.com/960"
    ],
    "49": [
        "http:///www.pricedekho.com/1233"
    ],
    "50": [
        "http:///www.pricedekho.com/1237",
        "http:///www.pricedekho.com/766"
    ],
    "51": [
        "http:///www.pricedekho.com/742"
    ],
    "54": [
        "http:///www.pricedekho.com/771"
    ],
    "55": [
        "http:///www.pricedekho.com/1219"
    ],
    "56": [
        "http:///www.pricedekho.com/1198"
    ],
    "57": [
        "http:///www.pricedekho.com/1101",
        "http:///www.pricedekho.com/1277"
    ],
    "59": [
        "http:///www.pricedekho.com/989"
    ],
    "60": [
        "http:///www.pricedekho.com/1093"
    ],
    "61": [
        "http:///www.pricedekho.com/967"
    ],
    "64": [
        "http:///www.pricedekho.com/1087",
        "http:///www.pricedekho.com/1249"
    ],
    "73": [
        "http:///www.pricedekho.com/752"
    ],
    "75": [
        "http:///www.pricedekho.com/1016"
    ],
    "76": [
        "http:///www.pricedekho.com/990"
    ],
    "77": [
        "http:///www.pricedekho.com/750"
    ],
    "83": [
        "http:///www.pricedekho.com/1095",
        "http:///www.pricedekho.com/1107",
        "http:///www.pricedekho.com/1167"
    ],
    "85": [
        "http:///www.pricedekho.com/1073"
    ],
    "86": [
        "http:///www.pricedekho.com/1271"
    ],
    "87": [
        "http:///www.pricedekho.com/1269"
    ],
    "93": [
        "http:///www.pricedekho.com/972"
    ],
    "97": [
        "http:///www.pricedekho.com/1209"
    ],
    "99": [
        "http:///www.pricedekho.com/1080",
        "http:///www.pricedekho.com/1086",
        "http:///www.pricedekho.com/1130"
    ],
    "100": [
        "http:///www.pricedekho.com/768"
    ],
    "101": [
        "http:///www.pricedekho.com/1244"
    ],
    "102": [
        "http:///www.pricedekho.com/970"
    ],
    "103": [
        "http:///www.pricedekho.com/1125",
        "http:///www.pricedekho.com/1226",
        "http:///www.pricedekho.com/751"
    ],
    "104": [
        "http:///www.pricedekho.com/1081"
    ],
    "105": [
        "http:///www.pricedekho.com/741"
    ],
    "106": [
        "http:///www.pricedekho.com/1225"
    ],
    "107": [
        "http:///www.pricedekho.com/1196"
    ],
    "110": [
        "http:///www.pricedekho.com/1185"
    ],
    "113": [
        "http:///www.pricedekho.com/1166"
    ],
    "114": [
        "http:///www.pricedekho.com/738"
    ],
    "115": [
        "http:///www.pricedekho.com/953"
    ],
    "119": [
        "http:///www.pricedekho.com/1074",
        "http:///www.pricedekho.com/1184",
        "http:///www.pricedekho.com/998"
    ],
    "120": [
        "http:///www.pricedekho.com/1221"
    ],
    "122": [
        "http:///www.pricedekho.com/1053",
        "http:///www.pricedekho.com/1232"
    ],
    "123": [
        "http:///www.pricedekho.com/1148"
    ],
    "127": [
        "http:///www.pricedekho.com/1165"
    ],
    "130": [
        "http:///www.pricedekho.com/1230",
        "http:///www.pricedekho.com/1242"
    ],
    "136": [
        "http:///www.pricedekho.com/1000"
    ],
    "137": [
        "http:///www.pricedekho.com/1124"
    ],
    "138": [
        "http:///www.pricedekho.com/1220",
        "http:///www.pricedekho.com/760"
    ],
    "139": [
        "http:///www.pricedekho.com/978"
    ],
    "140": [
        "http:///www.pricedekho.com/1028"
    ],
    "143": [
        "http:///www.pricedekho.com/1062"
    ],
    "146": [
        "http:///www.pricedekho.com/1118"
    ],
    "151": [
        "http:///www.pricedekho.com/1206"
    ],
    "152": [
        "http:///www.pricedekho.com/770",
        "http:///www.pricedekho.com/820"
    ],
    "154": [
        "http:///www.pricedekho.com/1152"
    ],
    "156": [
        "http:///www.pricedekho.com/1238"
    ],
    "157": [
        "http:///www.pricedekho.com/1201"
    ],
    "158": [
        "http:///www.pricedekho.com/1274"
    ],
    "159": [
        "http:///www.pricedekho.com/1210"
    ],
    "161": [
        "http:///www.pricedekho.com/1214"
    ],
    "162": [
        "http:///www.pricedekho.com/1035"
    ],
    "163": [
        "http:///www.pricedekho.com/1180"
    ],
    "166": [
        "http:///www.pricedekho.com/1005",
        "http:///www.pricedekho.com/1253"
    ],
    "167": [
        "http:///www.pricedekho.com/1076"
    ],
    "168": [
        "http:///www.pricedekho.com/1110",
        "http:///www.pricedekho.com/1235",
        "http:///www.pricedekho.com/982"
    ],
    "169": [
        "http:///www.pricedekho.com/1131"
    ],
    "176": [
        "http:///www.pricedekho.com/1218"
    ],
    "177": [
        "http:///www.pricedekho.com/1002",
        "http:///www.pricedekho.com/1108"
    ],
    "178": [
        "http:///www.pricedekho.com/1153",
        "http:///www.pricedekho.com/1174"
    ],
    "179": [
        "http:///www.pricedekho.com/732"
    ],
    "182": [
        "http:///www.pricedekho.com/1038"
    ],
    "183": [
        "http:///www.pricedekho.com/963"
    ],
    "186": [
        "http:///www.pricedekho.com/1091"
    ],
    "189": [
        "http:///www.pricedekho.com/1273"
    ],
    "190": [
        "http:///www.pricedekho.com/965"
    ],
    "194": [
        "http:///www.pricedekho.com/1069"
    ],
    "195": [
        "http:///www.pricedekho.com/1010"
    ],
    "196": [
        "http:///www.pricedekho.com/1004",
        "http:///www.pricedekho.com/1096"
    ],
    "198": [
        "http:///www.pricedekho.com/1026"
    ],
    "203": [
        "http:///www.pricedekho.com/1051"
    ],
    "207": [
        "http:///www.pricedekho.com/1037"
    ],
    "209": [
        "http:///www.pricedekho.com/1145"
    ],
    "210": [
        "http:///www.pricedekho.com/1084"
    ],
    "212": [
        "http:///www.pricedekho.com/1036"
    ],
    "213": [
        "http:///www.pricedekho.com/1088"
    ],
    "217": [
        "http:///www.pricedekho.com/1032"
    ],
    "218": [
        "http:///www.pricedekho.com/1122"
    ],
    "219": [
        "http:///www.pricedekho.com/1014"
    ],
    "221": [
        "http:///www.pricedekho.com/985"
    ],
    "223": [
        "http:///www.pricedekho.com/1021",
        "http:///www.pricedekho.com/1243"
    ],
    "224": [
        "http:///www.pricedekho.com/1151",
        "http:///www.pricedekho.com/748"
    ],
    "226": [
        "http:///www.pricedekho.com/746"
    ],
    "227": [
        "http:///www.pricedekho.com/1247"
    ],
    "228": [
        "http:///www.pricedekho.com/1258"
    ],
    "229": [
        "http:///www.pricedekho.com/1066"
    ],
    "230": [
        "http:///www.pricedekho.com/1022"
    ],
    "231": [
        "http:///www.pricedekho.com/961"
    ],
    "234": [
        "http:///www.pricedekho.com/986"
    ],
    "235": [
        "http:///www.pricedekho.com/1197"
    ],
    "237": [
        "http:///www.pricedekho.com/1137"
    ],
    "238": [
        "http:///www.pricedekho.com/1144"
    ],
    "239": [
        "http:///www.pricedekho.com/731"
    ],
    "241": [
        "http:///www.pricedekho.com/1115"
    ],
    "245": [
        "http:///www.pricedekho.com/1001"
    ],
    "246": [
        "http:///www.pricedekho.com/1275"
    ],
    "247": [
        "http:///www.pricedekho.com/1105"
    ],
    "248": [
        "http:///www.pricedekho.com/737"
    ],
    "249": [
        "http:///www.pricedekho.com/1194"
    ],
    "253": [
        "http:///www.pricedekho.com/1192"
    ],
    "256": [
        "http:///www.pricedekho.com/813"
    ],
    "257": [
        "http:///www.pricedekho.com/767"
    ],
    "259": [
        "http:///www.pricedekho.com/1172"
    ],
    "262": [
        "http:///www.pricedekho.com/754"
    ],
    "264": [
        "http:///www.pricedekho.com/749"
    ],
    "266": [
        "http:///www.pricedekho.com/1168"
    ],
    "268": [
        "http:///www.pricedekho.com/1195"
    ],
    "270": [
        "http:///www.pricedekho.com/1212"
    ],
    "273": [
        "http:///www.pricedekho.com/1264"
    ],
    "276": [
        "http:///www.pricedekho.com/1204"
    ],
    "279": [
        "http:///www.pricedekho.com/991"
    ],
    "280": [
        "http:///www.pricedekho.com/1079"
    ],
    "281": [
        "http:///www.pricedekho.com/996"
    ],
    "285": [
        "http:///www.pricedekho.com/1156"
    ],
    "286": [
        "http:///www.pricedekho.com/1231"
    ],
    "288": [
        "http:///www.pricedekho.com/1211"
    ],
    "289": [
        "http:///www.pricedekho.com/1054"
    ],
    "292": [
        "http:///www.pricedekho.com/1217",
        "http:///www.pricedekho.com/743"
    ],
    "296": [
        "http:///www.pricedekho.com/1129"
    ],
    "299": [
        "http:///www.pricedekho.com/1177",
        "http:///www.pricedekho.com/1236",
        "http:///www.pricedekho.com/992"
    ],
    "301": [
        "http:///www.pricedekho.com/1011",
        "http:///www.pricedekho.com/1246"
    ],
    "303": [
        "http:///www.pricedekho.com/1070"
    ],
    "305": [
        "http:///www.pricedekho.com/1012"
    ],
    "307": [
        "http:///www.pricedekho.com/1173"
    ],
    "313": [
        "http:///www.pricedekho.com/1183"
    ],
    "317": [
        "http:///www.pricedekho.com/1085"
    ],
    "321": [
        "http:///www.pricedekho.com/1263"
    ],
    "323": [
        "http:///www.pricedekho.com/1276"
    ],
    "326": [
        "http:///www.pricedekho.com/959"
    ],
    "334": [
        "http:///www.pricedekho.com/1071"
    ],
    "336": [
        "http:///www.pricedekho.com/1056"
    ],
    "342": [
        "http:///www.pricedekho.com/1029"
    ],
    "345": [
        "http:///www.pricedekho.com/1259"
    ],
    "346": [
        "http:///www.pricedekho.com/1164"
    ],
    "347": [
        "http:///www.pricedekho.com/1181"
    ],
    "352": [
        "http:///www.pricedekho.com/724"
    ],
    "353": [
        "http:///www.pricedekho.com/745"
    ],
    "356": [
        "http:///www.pricedekho.com/1083"
    ],
    "357": [
        "http:///www.pricedekho.com/1023"
    ],
    "361": [
        "http:///www.pricedekho.com/739"
    ],
    "362": [
        "http:///www.pricedekho.com/772"
    ],
    "365": [
        "http:///www.pricedekho.com/1213"
    ],
    "368": [
        "http:///www.pricedekho.com/987"
    ],
    "370": [
        "http:///www.pricedekho.com/1050"
    ],
    "373": [
        "http:///www.pricedekho.com/1075"
    ],
    "374": [
        "http:///www.pricedekho.com/1272"
    ],
    "378": [
        "http:///www.pricedekho.com/1045"
    ],
    "381": [
        "http:///www.pricedekho.com/1020"
    ],
    "382": [
        "http:///www.pricedekho.com/1063"
    ],
    "383": [
        "http:///www.pricedekho.com/1058"
    ],
    "386": [
        "http:///www.pricedekho.com/1179"
    ],
    "390": [
        "http:///www.pricedekho.com/1078"
    ],
    "393": [
        "http:///www.pricedekho.com/1013"
    ],
    "394": [
        "http:///www.pricedekho.com/1097"
    ],
    "395": [
        "http:///www.pricedekho.com/1176"
    ],
    "397": [
        "http:///www.pricedekho.com/1256"
    ],
    "398": [
        "http:///www.pricedekho.com/1240"
    ],
    "400": [
        "http:///www.pricedekho.com/1090"
    ],
    "403": [
        "http:///www.pricedekho.com/1047"
    ],
    "404": [
        "http:///www.pricedekho.com/1031"
    ],
    "406": [
        "http:///www.pricedekho.com/1215"
    ],
    "409": [
        "http:///www.pricedekho.com/962"
    ],
    "413": [
        "http:///www.pricedekho.com/1178"
    ],
    "415": [
        "http:///www.pricedekho.com/1154",
        "http:///www.pricedekho.com/734"
    ],
    "417": [
        "http:///www.pricedekho.com/1187",
        "http:///www.pricedekho.com/968"
    ],
    "421": [
        "http:///www.pricedekho.com/973"
    ],
    "422": [
        "http:///www.pricedekho.com/1103"
    ],
    "423": [
        "http:///www.pricedekho.com/736"
    ],
    "431": [
        "http:///www.pricedekho.com/1042"
    ],
    "434": [
        "http:///www.pricedekho.com/1141"
    ],
    "435": [
        "http:///www.pricedekho.com/1127"
    ],
    "436": [
        "http:///www.pricedekho.com/976"
    ],
    "437": [
        "http:///www.pricedekho.com/964"
    ],
    "440": [
        "http:///www.pricedekho.com/1077"
    ],
    "442": [
        "http:///www.pricedekho.com/1245"
    ],
    "444": [
        "http:///www.pricedekho.com/1222"
    ],
    "446": [
        "http:///www.pricedekho.com/1133"
    ],
    "448": [
        "http:///www.pricedekho.com/966"
    ],
    "450": [
        "http:///www.pricedekho.com/999"
    ],
    "451": [
        "http:///www.pricedekho.com/997"
    ],
    "452": [
        "http:///www.pricedekho.com/994"
    ],
    "453": [
        "http:///www.pricedekho.com/984"
    ],
    "454": [
        "http:///www.pricedekho.com/979"
    ],
    "455": [
        "http:///www.pricedekho.com/977"
    ],
    "456": [
        "http:///www.pricedekho.com/971"
    ],
    "457": [
        "http:///www.pricedekho.com/969"
    ],
    "458": [
        "http:///www.pricedekho.com/958"
    ],
    "459": [
        "http:///www.pricedekho.com/762"
    ],
    "460": [
        "http:///www.pricedekho.com/761"
    ],
    "461": [
        "http:///www.pricedekho.com/759"
    ],
    "462": [
        "http:///www.pricedekho.com/755"
    ],
    "463": [
        "http:///www.pricedekho.com/747",
        "http:///www.pricedekho.com/980"
    ],
    "464": [
        "http:///www.pricedekho.com/740"
    ],
    "465": [
        "http:///www.pricedekho.com/733"
    ],
    "466": [
        "http:///www.pricedekho.com/1117",
        "http:///www.pricedekho.com/730"
    ],
    "467": [
        "http:///www.pricedekho.com/729"
    ],
    "468": [
        "http:///www.pricedekho.com/728"
    ],
    "469": [
        "http:///www.pricedekho.com/726"
    ],
    "470": [
        "http:///www.pricedekho.com/1267"
    ],
    "471": [
        "http:///www.pricedekho.com/1266"
    ],
    "472": [
        "http:///www.pricedekho.com/1262"
    ],
    "473": [
        "http:///www.pricedekho.com/1260"
    ],
    "474": [
        "http:///www.pricedekho.com/1257"
    ],
    "475": [
        "http:///www.pricedekho.com/1254"
    ],
    "476": [
        "http:///www.pricedekho.com/1252"
    ],
    "477": [
        "http:///www.pricedekho.com/1250"
    ],
    "478": [
        "http:///www.pricedekho.com/1248"
    ],
    "479": [
        "http:///www.pricedekho.com/1241"
    ],
    "480": [
        "http:///www.pricedekho.com/1234"
    ],
    "481": [
        "http:///www.pricedekho.com/1224"
    ],
    "482": [
        "http:///www.pricedekho.com/1216"
    ],
    "483": [
        "http:///www.pricedekho.com/1208"
    ],
    "484": [
        "http:///www.pricedekho.com/1207"
    ],
    "485": [
        "http:///www.pricedekho.com/1203"
    ],
    "486": [
        "http:///www.pricedekho.com/1202"
    ],
    "487": [
        "http:///www.pricedekho.com/1199"
    ],
    "488": [
        "http:///www.pricedekho.com/1191"
    ],
    "489": [
        "http:///www.pricedekho.com/1190"
    ],
    "490": [
        "http:///www.pricedekho.com/1189"
    ],
    "491": [
        "http:///www.pricedekho.com/1188"
    ],
    "492": [
        "http:///www.pricedekho.com/1186"
    ],
    "493": [
        "http:///www.pricedekho.com/1182"
    ],
    "494": [
        "http:///www.pricedekho.com/1175"
    ],
    "495": [
        "http:///www.pricedekho.com/1170"
    ],
    "496": [
        "http:///www.pricedekho.com/1163"
    ],
    "497": [
        "http:///www.pricedekho.com/1161"
    ],
    "498": [
        "http:///www.pricedekho.com/1158"
    ],
    "499": [
        "http:///www.pricedekho.com/1150"
    ],
    "500": [
        "http:///www.pricedekho.com/1146"
    ],
    "501": [
        "http:///www.pricedekho.com/1142"
    ],
    "502": [
        "http:///www.pricedekho.com/1140"
    ],
    "503": [
        "http:///www.pricedekho.com/1139"
    ],
    "504": [
        "http:///www.pricedekho.com/1138"
    ],
    "505": [
        "http:///www.pricedekho.com/1135"
    ],
    "506": [
        "http:///www.pricedekho.com/1134"
    ],
    "507": [
        "http:///www.pricedekho.com/1119"
    ],
    "508": [
        "http:///www.pricedekho.com/1111"
    ],
    "509": [
        "http:///www.pricedekho.com/1104"
    ],
    "510": [
        "http:///www.pricedekho.com/1099"
    ],
    "511": [
        "http:///www.pricedekho.com/1094"
    ],
    "512": [
        "http:///www.pricedekho.com/1089"
    ],
    "513": [
        "http:///www.pricedekho.com/1072"
    ],
    "514": [
        "http:///www.pricedekho.com/1067"
    ],
    "515": [
        "http:///www.pricedekho.com/1065"
    ],
    "516": [
        "http:///www.pricedekho.com/1064"
    ],
    "517": [
        "http:///www.pricedekho.com/1061"
    ],
    "518": [
        "http:///www.pricedekho.com/1059"
    ],
    "519": [
        "http:///www.pricedekho.com/1057"
    ],
    "520": [
        "http:///www.pricedekho.com/1052"
    ],
    "521": [
        "http:///www.pricedekho.com/1049"
    ],
    "522": [
        "http:///www.pricedekho.com/1048"
    ],
    "523": [
        "http:///www.pricedekho.com/1044"
    ],
    "524": [
        "http:///www.pricedekho.com/1040"
    ],
    "525": [
        "http:///www.pricedekho.com/1030"
    ],
    "526": [
        "http:///www.pricedekho.com/1019"
    ],
    "527": [
        "http:///www.pricedekho.com/1018"
    ],
    "528": [
        "http:///www.pricedekho.com/1009"
    ],
    "529": [
        "http:///www.pricedekho.com/1007"
    ],
    "533": [
        "http:///www.pricedekho.com/1098"
    ],
    "549": [
        "http:///www.pricedekho.com/974"
    ],
    "550": [
        "http:///www.pricedekho.com/765"
    ],
    "555": [
        "http:///www.pricedekho.com/1169"
    ],
    "561": [
        "http:///www.pricedekho.com/1068"
    ],
    "564": [
        "http:///www.pricedekho.com/758"
    ],
    "572": [
        "http:///www.pricedekho.com/1157"
    ],
    "583": [
        "http:///www.pricedekho.com/744"
    ],
    "597": [
        "http:///www.pricedekho.com/1160"
    ],
    "604": [
        "http:///www.pricedekho.com/1112"
    ],
    "626": [
        "http:///www.pricedekho.com/1228"
    ],
    "797": [
        "http:///www.pricedekho.com/981"
    ],
    "798": [
        "http:///www.pricedekho.com/1102"
    ]
}