{
    "ENTITY#13": [
        "http:///www.pricedekho.com/1054"
    ],
    "ENTITY#14": [
        "http:///www.pricedekho.com/1000",
        "http:///www.pricedekho.com/1220",
        "http:///www.pricedekho.com/760"
    ],
    "ENTITY#18": [
        "http:///www.pricedekho.com/1033",
        "http:///www.pricedekho.com/1123",
        "http:///www.pricedekho.com/1227"
    ],
    "ENTITY#21": [
        "http:///www.pricedekho.com/1238"
    ],
    "ENTITY#24": [
        "http:///www.pricedekho.com/1051"
    ],
    "ENTITY#27": [
        "http:///www.pricedekho.com/1019"
    ],
    "ENTITY#29": [
        "http:///www.pricedekho.com/1221"
    ],
    "ENTITY#34": [
        "http:///www.pricedekho.com/1196"
    ],
    "ENTITY#4": [
        "http:///www.pricedekho.com/1126"
    ],
    "ENTITY#41": [
        "http:///www.pricedekho.com/1277"
    ],
    "ENTITY#44": [
        "http:///www.pricedekho.com/1193",
        "http:///www.pricedekho.com/983"
    ],
    "ENTITY#45": [
        "http:///www.pricedekho.com/1038"
    ],
    "ENTITY#46": [
        "http:///www.pricedekho.com/1094"
    ],
    "ENTITY#48": [
        "http:///www.pricedekho.com/750"
    ],
    "ENTITY#56": [
        "http:///www.pricedekho.com/1133"
    ],
    "ENTITY#57": [
        "http:///www.pricedekho.com/1022"
    ],
    "ENTITY#59": [
        "http:///www.pricedekho.com/1093",
        "http:///www.pricedekho.com/1157"
    ],
    "ENTITY#6": [
        "http:///www.pricedekho.com/1233"
    ],
    "ENTITY#64": [
        "http:///www.pricedekho.com/1152"
    ],
    "ENTITY#66": [
        "http:///www.pricedekho.com/1198"
    ],
    "ENTITY#67": [
        "http:///www.pricedekho.com/1083"
    ],
    "ENTITY#7": [
        "http:///www.pricedekho.com/770",
        "http:///www.pricedekho.com/820"
    ],
    "ENTITY#71": [
        "http:///www.pricedekho.com/762"
    ],
    "ENTITY#72": [
        "http:///www.pricedekho.com/738"
    ],
    "ENTITY#73": [
        "http:///www.pricedekho.com/1016"
    ],
    "ENTITY#74": [
        "http:///www.pricedekho.com/1190"
    ],
    "ENTITY#75": [
        "http:///www.pricedekho.com/1230",
        "http:///www.pricedekho.com/1242"
    ],
    "ENTITY#76": [
        "http:///www.pricedekho.com/967"
    ],
    "ENTITY#77": [
        "http:///www.pricedekho.com/813"
    ],
    "ENTITY#80": [
        "http:///www.pricedekho.com/961"
    ],
    "ENTITY#81": [
        "http:///www.pricedekho.com/1088"
    ],
    "ENTITY#86": [
        "http:///www.pricedekho.com/1006"
    ],
    "ENTITY#87": [
        "http:///www.pricedekho.com/1255"
    ],
    "ENTITY#89": [
        "http:///www.pricedekho.com/988"
    ],
    "ENTITY#91": [
        "http:///www.pricedekho.com/752"
    ]
}