{
    "0": [
        "http:///www.ilgs.net/122",
        "http:///www.ilgs.net/133",
        "http:///www.ilgs.net/76"
    ],
    "2": [
        "http:///www.ilgs.net/116",
        "http:///www.ilgs.net/79",
        "http:///www.ilgs.net/83"
    ],
    "4": [
        "http:///www.ilgs.net/104",
        "http:///www.ilgs.net/43",
        "http:///www.ilgs.net/7"
    ],
    "7": [
        "http:///www.ilgs.net/105"
    ],
    "9": [
        "http:///www.ilgs.net/135",
        "http:///www.ilgs.net/45"
    ],
    "11": [
        "http:///www.ilgs.net/63"
    ],
    "13": [
        "http:///www.ilgs.net/72",
        "http:///www.ilgs.net/94"
    ],
    "15": [
        "http:///www.ilgs.net/33"
    ],
    "17": [
        "http:///www.ilgs.net/102",
        "http:///www.ilgs.net/23"
    ],
    "20": [
        "http:///www.ilgs.net/137",
        "http:///www.ilgs.net/65"
    ],
    "24": [
        "http:///www.ilgs.net/129",
        "http:///www.ilgs.net/26",
        "http:///www.ilgs.net/42"
    ],
    "27": [
        "http:///www.ilgs.net/119",
        "http:///www.ilgs.net/15"
    ],
    "28": [
        "http:///www.ilgs.net/126",
        "http:///www.ilgs.net/53"
    ],
    "29": [
        "http:///www.ilgs.net/98"
    ],
    "30": [
        "http:///www.ilgs.net/110",
        "http:///www.ilgs.net/112"
    ],
    "31": [
        "http:///www.ilgs.net/70"
    ],
    "32": [
        "http:///www.ilgs.net/128",
        "http:///www.ilgs.net/136",
        "http:///www.ilgs.net/60"
    ],
    "41": [
        "http:///www.ilgs.net/37",
        "http:///www.ilgs.net/58"
    ],
    "46": [
        "http:///www.ilgs.net/127"
    ],
    "48": [
        "http:///www.ilgs.net/48"
    ],
    "49": [
        "http:///www.ilgs.net/93"
    ],
    "51": [
        "http:///www.ilgs.net/123",
        "http:///www.ilgs.net/124",
        "http:///www.ilgs.net/141"
    ],
    "54": [
        "http:///www.ilgs.net/21",
        "http:///www.ilgs.net/54"
    ],
    "56": [
        "http:///www.ilgs.net/134",
        "http:///www.ilgs.net/47"
    ],
    "60": [
        "http:///www.ilgs.net/69"
    ],
    "72": [
        "http:///www.ilgs.net/64"
    ],
    "81": [
        "http:///www.ilgs.net/106",
        "http:///www.ilgs.net/146"
    ],
    "85": [
        "http:///www.ilgs.net/50"
    ],
    "87": [
        "http:///www.ilgs.net/125",
        "http:///www.ilgs.net/132"
    ],
    "99": [
        "http:///www.ilgs.net/3",
        "http:///www.ilgs.net/9",
        "http:///www.ilgs.net/96"
    ],
    "110": [
        "http:///www.ilgs.net/49"
    ],
    "113": [
        "http:///www.ilgs.net/2"
    ],
    "115": [
        "http:///www.ilgs.net/88"
    ],
    "118": [
        "http:///www.ilgs.net/25"
    ],
    "120": [
        "http:///www.ilgs.net/24"
    ],
    "122": [
        "http:///www.ilgs.net/11",
        "http:///www.ilgs.net/77"
    ],
    "126": [
        "http:///www.ilgs.net/143"
    ],
    "130": [
        "http:///www.ilgs.net/109",
        "http:///www.ilgs.net/86"
    ],
    "149": [
        "http:///www.ilgs.net/1",
        "http:///www.ilgs.net/117",
        "http:///www.ilgs.net/140",
        "http:///www.ilgs.net/18",
        "http:///www.ilgs.net/46",
        "http:///www.ilgs.net/67",
        "http:///www.ilgs.net/71"
    ],
    "151": [
        "http:///www.ilgs.net/5"
    ],
    "153": [
        "http:///www.ilgs.net/90"
    ],
    "186": [
        "http:///www.ilgs.net/57"
    ],
    "215": [
        "http:///www.ilgs.net/82"
    ],
    "258": [
        "http:///www.ilgs.net/142"
    ],
    "275": [
        "http:///www.ilgs.net/108"
    ],
    "449": [
        "http:///www.ilgs.net/145"
    ],
    "465": [
        "http:///www.ilgs.net/0",
        "http:///www.ilgs.net/100"
    ],
    "601": [
        "http:///www.ilgs.net/130",
        "http:///www.ilgs.net/74"
    ],
    "602": [
        "http:///www.ilgs.net/73",
        "http:///www.ilgs.net/81"
    ],
    "603": [
        "http:///www.ilgs.net/59"
    ]
}