{
    "ENTITY#11": [
        "http:///www.ilgs.net/102",
        "http:///www.ilgs.net/23"
    ],
    "ENTITY#12": [
        "http:///www.ilgs.net/98"
    ],
    "ENTITY#20": [
        "http:///www.ilgs.net/48"
    ],
    "ENTITY#29": [
        "http:///www.ilgs.net/24"
    ],
    "ENTITY#30": [
        "http:///www.ilgs.net/17"
    ],
    "ENTITY#44": [
        "http:///www.ilgs.net/37",
        "http:///www.ilgs.net/58"
    ],
    "ENTITY#59": [
        "http:///www.ilgs.net/69"
    ],
    "ENTITY#6": [
        "http:///www.ilgs.net/93"
    ],
    "ENTITY#62": [
        "http:///www.ilgs.net/25"
    ],
    "ENTITY#66": [
        "http:///www.ilgs.net/134",
        "http:///www.ilgs.net/47"
    ],
    "ENTITY#68": [
        "http:///www.ilgs.net/142"
    ],
    "ENTITY#75": [
        "http:///www.ilgs.net/109",
        "http:///www.ilgs.net/86"
    ],
    "ENTITY#83": [
        "http:///www.ilgs.net/12"
    ],
    "ENTITY#89": [
        "http:///www.ilgs.net/33"
    ],
    "ENTITY#92": [
        "http:///www.ilgs.net/104",
        "http:///www.ilgs.net/43",
        "http:///www.ilgs.net/7"
    ]
}